# This file uses centimeters as units for non-parametric coordinates.

mtllib oliver.mtl
g default
v 0.006366 1.046808 0.058921
v 0.010712 1.038423 0.048910
v 0.009858 1.046227 0.056113
v 0.009858 1.046227 0.056113
v 0.010712 1.038423 0.048910
v 0.011377 1.047418 0.054043
v 0.051580 0.970917 -0.026986
v 0.030383 0.967376 -0.009450
v 0.038814 0.976890 -0.020945
v -0.006366 1.046808 0.058921
v -0.009858 1.046227 0.056113
v -0.010712 1.038423 0.048910
v -0.009858 1.046227 0.056113
v -0.011377 1.047418 0.054043
v -0.010712 1.038423 0.048910
v -0.051580 0.970917 -0.026986
v -0.038814 0.976890 -0.020945
v -0.030383 0.967376 -0.009450
v -0.029436 1.169205 0.076548
v -0.033899 1.167238 0.071208
v -0.034212 1.166058 0.075866
v -0.066177 1.135509 0.044852
v -0.065975 1.132762 0.044756
v -0.063298 1.136583 0.048534
v -0.058238 1.141619 0.054726
v -0.059232 1.141156 0.055419
v -0.061279 1.132848 0.047437
v 0.085634 1.126324 0.024857
v 0.078666 1.134544 0.033685
v 0.082829 1.134108 0.034752
v 0.078666 1.134544 0.033685
v 0.083640 1.125119 0.027217
v 0.082829 1.134108 0.034752
v 0.079801 1.125304 0.043167
v 0.082192 1.125658 0.044590
v 0.082674 1.122512 0.041213
v 0.079801 1.125304 0.043167
v 0.082363 1.122338 0.043366
v 0.082192 1.125658 0.044590
v 0.021250 1.049740 0.044543
v 0.025687 1.053668 0.028118
v 0.018799 1.052039 0.026973
v 0.016521 1.049008 0.043437
v 0.015048 1.047657 0.055231
v 0.017778 1.059195 0.057598
v 0.012737 1.047660 0.052702
v 0.009792 1.057472 0.064283
v 0.007712 1.046570 0.060533
v 0.000000 1.057465 0.066243
v 0.006400 1.046545 0.057418
v 0.000000 1.045902 0.062540
v 0.000000 1.046110 0.058714
v 0.016521 1.049008 0.043437
v 0.016401 1.061151 0.045802
v 0.012737 1.047660 0.052702
v 0.018799 1.052039 0.026973
v 0.017318 1.063889 0.028240
v 0.017473 1.057444 0.025439
v 0.013434 1.040316 0.040073
v 0.015353 1.046750 0.023293
v 0.014346 1.050906 0.043323
v 0.011377 1.047418 0.054043
v 0.010712 1.038423 0.048910
v 0.107325 0.004722 0.088748
v 0.126857 0.003052 0.076263
v 0.089263 0.003823 0.087957
v 0.076564 0.002132 0.075504
v 0.134145 0.000551 0.057590
v 0.060853 0.000020 0.048271
v 0.134671 -0.001071 0.022937
v 0.056949 -0.000927 0.019228
v 0.126287 -0.000578 -0.004620
v 0.055652 -0.000662 -0.014402
v 0.114509 -0.000441 -0.030902
v 0.105955 -0.000592 -0.053391
v 0.046904 -0.000251 -0.036323
v 0.093000 0.000815 -0.077264
v 0.043764 0.000828 -0.056779
v 0.053581 0.003978 -0.080574
v 0.075411 0.002903 -0.087814
v 0.111204 0.946469 -0.011531
v 0.090052 0.961962 -0.026213
v 0.115699 0.957092 -0.027746
v 0.088032 0.951901 -0.010092
v 0.093473 0.924235 0.005093
v 0.109359 0.925834 0.000434
v 0.108130 0.901836 -0.001039
v 0.067559 0.958605 -0.009590
v 0.068318 0.966565 -0.028894
v 0.051580 0.970917 -0.026986
v 0.068850 0.939068 0.003545
v 0.047656 0.957912 -0.000058
v 0.030383 0.967376 -0.009450
v 0.029064 0.957804 0.005122
v 0.015452 0.963281 -0.000094
v 0.048092 0.940107 0.010181
v 0.015300 0.956957 0.006636
v 0.000000 0.959485 -0.002844
v -0.000000 0.950493 0.007756
v -0.000000 0.941157 0.013684
v 0.027466 0.940951 0.014165
v 0.026119 0.919765 0.025068
v -0.000000 0.920849 0.025801
v 0.057297 0.917424 0.019809
v 0.023999 0.893787 0.037625
v 0.000000 0.894406 0.038266
v 0.000000 0.863049 0.049132
v 0.081640 0.911417 0.012461
v 0.049525 0.890279 0.033974
v 0.024237 0.862271 0.048858
v 0.000000 0.840685 0.054433
v 0.044319 0.860553 0.045078
v 0.035036 0.836901 0.051857
v 0.000000 0.816261 0.063421
v 0.097698 0.899262 0.004094
v 0.073649 0.896166 0.021641
v 0.097952 0.884172 -0.017305
v 0.100714 0.891320 -0.022079
v 0.092010 0.888756 0.008555
v 0.103174 0.872402 -0.035596
v 0.104932 0.883513 -0.044532
v 0.095301 0.870520 -0.009816
v 0.085135 0.876861 0.015640
v 0.066373 0.881734 0.029907
v 0.105280 0.864156 -0.054299
v 0.108933 0.883891 -0.079697
v 0.101420 0.854704 -0.032651
v 0.063854 0.860701 0.035754
v 0.076458 0.867064 0.024780
v 0.090768 0.850667 0.001207
v 0.063119 0.837345 0.038389
v 0.080323 0.845118 0.018814
v 0.098101 0.845468 -0.060876
v 0.098583 0.834877 -0.032295
v 0.092502 0.816911 -0.003111
v 0.082756 0.815308 0.021783
v 0.064889 0.812905 0.042607
v 0.037928 0.811909 0.059034
v 0.000000 0.779008 0.067026
v 0.069399 0.780492 0.041732
v 0.036954 0.778874 0.061919
v 0.036773 0.739403 0.059817
v -0.000000 0.737483 0.065337
v 0.086204 0.775968 0.010130
v 0.065998 0.736502 0.039358
v 0.037547 0.695373 0.061269
v 0.000000 0.694345 0.066890
v 0.066962 0.695571 0.042081
v 0.082691 0.693012 0.022471
v 0.086638 0.736172 0.010696
v 0.086734 0.737738 -0.023573
v 0.091723 0.695278 0.000069
v 0.091197 0.695945 -0.028351
v 0.075226 0.696705 -0.051435
v 0.086199 0.774735 -0.023706
v 0.065774 0.738184 -0.045276
v 0.052778 0.696361 -0.064989
v 0.095125 0.811301 -0.030741
v 0.067839 0.771766 -0.048632
v 0.035872 0.737517 -0.058866
v 0.027737 0.695306 -0.072280
v 0.085030 0.823931 -0.065270
v 0.076859 0.804113 -0.061258
v 0.037307 0.769020 -0.061338
v 0.000000 0.735993 -0.062138
v -0.000000 0.692963 -0.074441
v 0.000000 0.768545 -0.061457
v 0.000000 0.800912 -0.072527
v 0.039255 0.801366 -0.074836
v 0.000000 0.824691 -0.079993
v 0.044707 0.829458 -0.084937
v 0.080353 0.844091 -0.079704
v 0.038872 0.851229 -0.091966
v 0.000000 0.849687 -0.087240
v 0.000000 0.874812 -0.094248
v 0.101252 0.865414 -0.071215
v 0.072268 0.859641 -0.091771
v 0.034969 0.876722 -0.098663
v 0.000000 0.902859 -0.097724
v 0.095640 0.876255 -0.085223
v 0.066344 0.880378 -0.097511
v 0.062506 0.906934 -0.099096
v 0.031519 0.904744 -0.101387
v 0.000000 0.931194 -0.095514
v 0.091547 0.888684 -0.091592
v 0.107334 0.899156 -0.090294
v 0.031181 0.933416 -0.097414
v 0.000000 0.955073 -0.090163
v 0.089375 0.909225 -0.094681
v 0.107054 0.921524 -0.091350
v 0.089218 0.929319 -0.093078
v 0.110620 0.941098 -0.083448
v 0.062242 0.933726 -0.095091
v 0.031247 0.956866 -0.090857
v 0.000000 0.976222 -0.081538
v 0.090758 0.948108 -0.084783
v 0.062244 0.958058 -0.085805
v 0.094900 0.962553 -0.069380
v 0.117607 0.954290 -0.068284
v 0.032893 0.977325 -0.080720
v 0.097654 0.966770 -0.048058
v 0.121088 0.961333 -0.048334
v 0.115699 0.957092 -0.027746
v 0.090052 0.961962 -0.026213
v 0.074275 0.977674 -0.051599
v 0.068318 0.966565 -0.028894
v 0.051580 0.970917 -0.026986
v 0.069422 0.974926 -0.069383
v 0.026952 0.995413 -0.070824
v 0.000000 0.994385 -0.073117
v 0.046795 0.988886 -0.068893
v 0.043650 0.999197 -0.052889
v 0.054856 0.987723 -0.052347
v 0.044907 0.989019 -0.035806
v 0.038814 0.976890 -0.020945
v 0.005161 1.048726 0.065086
v 0.000000 1.041679 0.066747
v -0.000000 1.048543 0.065668
v 0.007184 1.042150 0.065257
v 0.010065 1.048583 0.063506
v 0.000000 1.034128 0.060369
v 0.013606 1.043507 0.061990
v 0.014458 1.048815 0.060595
v 0.007973 1.033160 0.058088
v -0.000000 1.024649 0.060210
v 0.018299 1.046156 0.058304
v 0.018330 1.049814 0.057408
v 0.010622 1.025323 0.056863
v 0.000000 1.017036 0.055839
v 0.017748 1.035088 0.053916
v 0.022245 1.048864 0.055376
v 0.020956 1.050301 0.055820
v 0.012187 1.019024 0.052110
v -0.000000 1.013668 0.048266
v 0.020273 1.029165 0.049907
v 0.024726 1.040331 0.051620
v 0.023660 1.049969 0.054372
v 0.022624 1.050615 0.054812
v 0.010424 1.015510 0.044733
v -0.000000 1.015789 0.018762
v 0.029401 1.045206 0.051721
v 0.021847 1.024383 0.043488
v 0.019970 1.020523 0.035008
v 0.017294 1.019109 0.015787
v 0.029509 1.035181 0.045209
v 0.030654 1.030274 0.035536
v 0.027156 1.025746 0.025220
v 0.030010 1.026444 0.008054
v 0.039781 1.041530 0.039970
v 0.035985 1.032349 0.017076
v 0.039160 1.035526 -0.002726
v 0.039604 1.037104 0.029636
v 0.041660 1.049999 0.045751
v 0.050766 1.053397 0.031573
v 0.049458 1.046499 0.018185
v 0.044672 1.040579 0.005968
v 0.050999 1.050863 -0.005970
v 0.046068 1.046843 -0.014943
v 0.052919 1.062106 -0.021298
v 0.056621 1.057051 0.007618
v 0.058471 1.065980 -0.013562
v 0.055464 1.069032 -0.022377
v 0.031149 1.048920 0.053218
v 0.057471 1.063856 0.021476
v 0.061619 1.068673 -0.002061
v 0.063262 1.076333 0.007862
v 0.067659 1.066885 -0.022003
v 0.059728 1.081763 -0.037378
v 0.065640 1.077166 -0.010079
v 0.024495 1.050874 0.054896
v 0.076881 1.078376 -0.035729
v 0.069248 1.098912 -0.041739
v 0.067680 1.075043 -0.018096
v 0.072218 1.081673 -0.027242
v 0.082548 1.094771 -0.042974
v 0.078413 1.117032 -0.042109
v 0.071315 1.086243 -0.019107
v 0.077787 1.097788 -0.027799
v 0.084770 1.110816 -0.037325
v 0.083297 1.114875 -0.027303
v 0.080492 1.117892 -0.025999
v 0.077751 1.117958 -0.003681
v 0.076150 1.106024 -0.014489
v 0.068407 1.086575 -0.003166
v 0.068613 1.099954 0.002461
v 0.068709 1.112656 0.008941
v 0.062469 1.085130 0.018415
v 0.065740 1.100722 0.013272
v 0.063816 1.111421 0.018523
v 0.068807 1.126305 0.019190
v 0.056711 1.071898 0.032358
v 0.061315 1.101965 0.025467
v 0.057591 1.113340 0.032116
v 0.060253 1.120616 0.026314
v 0.060326 1.131931 0.028713
v 0.057981 1.091427 0.030579
v 0.048831 1.062736 0.043178
v 0.055430 1.101842 0.036434
v 0.050790 1.109949 0.046617
v 0.052614 1.130177 0.042799
v 0.055099 1.142050 0.039925
v 0.052159 1.080876 0.041322
v 0.041124 1.056591 0.050458
v 0.052217 1.095163 0.040834
v 0.045715 1.071679 0.049185
v 0.030373 1.052091 0.055342
v 0.037511 1.061981 0.055402
v 0.028760 1.054874 0.057683
v 0.044747 1.144575 0.052946
v 0.047345 1.157919 0.048303
v 0.034824 1.164093 0.056070
v 0.047566 1.087995 0.047246
v 0.023803 1.051575 0.057100
v 0.020956 1.050305 0.055821
v 0.020353 1.050914 0.060322
v 0.018330 1.049820 0.057408
v 0.014458 1.048821 0.060595
v 0.025500 1.056957 0.060455
v 0.015769 1.051708 0.064926
v 0.010065 1.048589 0.063500
v 0.031796 1.065023 0.059645
v 0.037214 1.073345 0.056272
v 0.026000 1.073908 0.061676
v 0.038583 1.083914 0.054385
v 0.019750 1.059286 0.063895
v 0.023818 1.066777 0.062610
v 0.016322 1.068172 0.064103
v 0.011016 1.052901 0.068192
v 0.005161 1.048752 0.065081
v 0.012724 1.060140 0.067254
v 0.004668 1.053918 0.070662
v 0.000000 1.052604 0.070973
v -0.000000 1.048550 0.065663
v 0.000000 1.058567 0.070238
v 0.005387 1.059572 0.070001
v 0.005425 1.064315 0.070399
v 0.000000 1.062029 0.070590
v -0.000000 1.065174 0.073284
v 0.012339 1.065686 0.067100
v 0.004123 1.066701 0.074358
v 0.000000 1.068082 0.080405
v 0.005498 1.069117 0.079129
v 0.000000 1.073054 0.083428
v 0.005945 1.073563 0.081671
v 0.000000 1.077020 0.084100
v 0.005706 1.077263 0.081856
v -0.000000 1.080774 0.081203
v 0.004217 1.081149 0.079043
v 0.000000 1.084657 0.077314
v 0.003545 1.084453 0.075704
v 0.000000 1.091312 0.070429
v 0.005508 1.091027 0.068822
v 0.000000 1.102861 0.067632
v 0.008762 1.079846 0.073759
v 0.009742 1.075309 0.078133
v 0.008150 1.070938 0.078437
v 0.005664 1.072280 0.070913
v 0.007387 1.102219 0.065850
v 0.000000 1.110021 0.070728
v 0.010989 1.070196 0.074902
v 0.006466 1.066690 0.070976
v 0.010289 1.066923 0.070208
v 0.014458 1.068788 0.069561
v 0.014015 1.073520 0.072866
v 0.015698 1.071854 0.068320
v 0.012787 1.077514 0.068948
v 0.015353 1.074718 0.064245
v 0.018889 1.086676 0.060654
v 0.012361 1.079273 0.065600
v 0.012716 1.088864 0.063691
v 0.011562 1.099139 0.061166
v 0.028087 1.084706 0.058170
v 0.027504 1.093110 0.054225
v 0.014526 1.096560 0.056403
v 0.038674 1.093076 0.050420
v 0.018101 1.095796 0.053998
v 0.046787 1.096842 0.044566
v 0.047234 1.100759 0.043887
v 0.045077 1.100884 0.045769
v 0.045477 1.103414 0.047292
v 0.040125 1.098314 0.049905
v 0.034703 1.097021 0.052929
v 0.043555 1.099884 0.046940
v 0.038539 1.099510 0.047277
v 0.041283 1.100713 0.044979
v 0.033293 1.098260 0.050202
v 0.043667 1.102123 0.043042
v 0.042214 1.104337 0.045931
v 0.026981 1.097014 0.054661
v 0.026425 1.098253 0.051743
v 0.043849 1.102754 0.048208
v 0.040304 1.106507 0.048923
v 0.020505 1.097788 0.053976
v 0.020190 1.098895 0.051365
v 0.017292 1.098228 0.052752
v 0.015882 1.099466 0.050025
v 0.016724 1.102155 0.051808
v 0.018134 1.100917 0.054535
v 0.019699 1.105775 0.054094
v 0.042484 1.106487 0.051783
v 0.014368 1.102312 0.058036
v 0.020496 1.104140 0.056622
v 0.024523 1.108760 0.055549
v 0.011748 1.105670 0.064675
v 0.023279 1.107666 0.061876
v 0.025223 1.107388 0.058295
v 0.029694 1.109734 0.055404
v 0.030552 1.108555 0.058329
v 0.035707 1.109085 0.053248
v 0.031062 1.109351 0.059181
v 0.037117 1.107847 0.055974
v 0.041277 1.105323 0.051853
v 0.038073 1.108585 0.056209
v 0.023215 1.108562 0.064473
v 0.042936 1.113228 0.057023
v 0.034278 1.112862 0.062753
v 0.033883 1.116497 0.064873
v 0.021829 1.112110 0.069030
v 0.044970 1.120984 0.055325
v 0.008560 1.110906 0.069700
v 0.000000 1.120802 0.071401
v 0.010812 1.122355 0.070210
v -0.000000 1.140239 0.070396
v 0.021591 1.124934 0.067465
v 0.011967 1.142121 0.069140
v 0.000000 1.155277 0.068162
v 0.013220 1.159750 0.065630
v 0.029652 1.145749 0.063285
v 0.034108 1.127976 0.060841
v 0.044958 1.129530 0.053260
v 0.052851 1.118371 0.043746
v 0.423085 0.680463 0.060257
v 0.412854 0.692152 0.054975
v 0.403924 0.684732 0.061639
v 0.414349 0.673376 0.066576
v 0.408931 0.692102 0.073132
v 0.420121 0.681407 0.077005
v 0.425909 0.665528 0.079537
v 0.429365 0.663098 0.063975
v 0.421465 0.661553 0.069981
v 0.430765 0.650780 0.080390
v 0.428417 0.648764 0.073724
v 0.433427 0.648267 0.069945
v 0.409667 0.692259 0.053351
v 0.403924 0.684732 0.061639
v 0.412854 0.692152 0.054975
v 0.402560 0.685280 0.042859
v 0.396702 0.687612 0.040177
v 0.390566 0.689163 0.042849
v 0.397690 0.693238 0.034039
v 0.383836 0.694066 0.038797
v 0.390291 0.700633 0.030986
v 0.379033 0.706542 0.028059
v 0.372352 0.700624 0.034696
v 0.364742 0.711849 0.024639
v 0.374751 0.697815 0.062821
v 0.386429 0.690401 0.066116
v 0.396601 0.685090 0.080760
v 0.408931 0.692102 0.073132
v 0.409149 0.694731 0.074049
v 0.357238 0.706646 0.030361
v 0.353250 0.717035 0.025845
v 0.342445 0.710574 0.049260
v 0.336897 0.718658 0.046437
v 0.349686 0.705705 0.051048
v 0.328936 0.716044 0.065050
v 0.328305 0.730098 0.067541
v 0.329486 0.706988 0.072809
v 0.361808 0.702161 0.060459
v 0.343230 0.700296 0.065786
v 0.345952 0.693390 0.077722
v 0.358262 0.695974 0.084431
v 0.352721 0.692409 0.099411
v 0.357384 0.700965 0.094375
v 0.365898 0.698610 0.087609
v 0.365476 0.702544 0.095673
v 0.374847 0.694018 0.093588
v 0.374635 0.699360 0.100806
v 0.382904 0.687411 0.096105
v 0.380307 0.697290 0.104569
v 0.382743 0.694641 0.105999
v 0.385896 0.686049 0.097728
v 0.397087 0.690751 0.091933
v 0.397378 0.691674 0.090788
v 0.410266 0.680294 0.096767
v 0.396601 0.685090 0.080760
v 0.397378 0.691674 0.090788
v 0.410493 0.672948 0.087387
v 0.418074 0.665734 0.101018
v 0.418804 0.679379 0.081851
v 0.409149 0.694731 0.074049
v 0.426315 0.663679 0.086683
v 0.418185 0.661933 0.090856
v 0.423879 0.650334 0.103080
v 0.429372 0.649889 0.090960
v 0.424586 0.648280 0.095044
v 0.402560 0.685280 0.042859
v 0.409667 0.692259 0.053351
v 0.416871 0.681788 0.053873
v 0.412213 0.676102 0.044699
v 0.417682 0.678181 0.053996
v 0.414128 0.672028 0.045761
v 0.421879 0.665925 0.054679
v 0.418530 0.680907 0.037324
v 0.420035 0.676227 0.038091
v 0.408242 0.693253 0.035015
v 0.396702 0.687612 0.040177
v 0.397690 0.693238 0.034039
v 0.404128 0.703260 0.034921
v 0.390291 0.700633 0.030986
v 0.418422 0.664073 0.047685
v 0.423333 0.664587 0.040832
v 0.419863 0.659904 0.048439
v 0.428148 0.652183 0.055561
v 0.425495 0.679381 0.041079
v 0.423512 0.684413 0.040600
v 0.412655 0.700072 0.041050
v 0.430310 0.667515 0.043738
v 0.424799 0.685449 0.046663
v 0.426787 0.680480 0.047842
v 0.429260 0.650398 0.045395
v 0.425350 0.650292 0.050494
v 0.431145 0.648908 0.051025
v 0.432588 0.653173 0.053978
v 0.433535 0.651967 0.046965
v 0.432253 0.658895 0.044874
v 0.433535 0.651967 0.046965
v 0.432588 0.653173 0.053978
v 0.430866 0.660801 0.053818
v 0.428148 0.652183 0.055561
v 0.421879 0.665925 0.054679
v 0.428935 0.669271 0.052876
v 0.417682 0.678181 0.053996
v 0.424599 0.679968 0.052418
v 0.416871 0.681788 0.053873
v 0.422728 0.684875 0.051714
v 0.409667 0.692259 0.053351
v 0.411089 0.700452 0.050177
v 0.407118 0.706635 0.052935
v 0.412854 0.692152 0.054975
v 0.407102 0.707787 0.046148
v 0.407805 0.707474 0.041921
v 0.403613 0.710963 0.040523
v 0.404004 0.712032 0.047874
v 0.400997 0.717651 0.051013
v 0.398146 0.713363 0.036190
v 0.388286 0.719784 0.033229
v 0.379033 0.706542 0.028059
v 0.389828 0.727264 0.045911
v 0.396743 0.720739 0.069914
v 0.369335 0.722079 0.024519
v 0.364742 0.711849 0.024639
v 0.353250 0.717035 0.025845
v 0.368968 0.734105 0.028023
v 0.377497 0.728136 0.030115
v 0.378342 0.735743 0.041965
v 0.369301 0.744162 0.038049
v 0.383708 0.732497 0.065839
v 0.370598 0.741260 0.060659
v 0.360064 0.750650 0.055613
v 0.353791 0.739681 0.078114
v 0.346702 0.748971 0.068740
v 0.334637 0.740051 0.071763
v 0.372565 0.731965 0.082542
v 0.336377 0.733765 0.080274
v 0.328305 0.730098 0.067541
v 0.385767 0.721864 0.088248
v 0.359846 0.726254 0.090889
v 0.328956 0.721159 0.081750
v 0.328936 0.716044 0.065050
v 0.329486 0.706988 0.072809
v 0.340230 0.720851 0.093146
v 0.329632 0.711985 0.087678
v 0.331626 0.699640 0.081854
v 0.330617 0.704613 0.093903
v 0.333303 0.693540 0.091060
v 0.335535 0.709440 0.099907
v 0.332832 0.697201 0.098398
v 0.337262 0.681579 0.099811
v 0.335725 0.682751 0.107776
v 0.338768 0.676691 0.102031
v 0.337723 0.699459 0.104544
v 0.344146 0.711016 0.103082
v 0.336714 0.676099 0.110357
v 0.340097 0.666983 0.105043
v 0.339761 0.686237 0.112549
v 0.338296 0.668799 0.112891
v 0.342240 0.659383 0.109474
v 0.342435 0.657797 0.116614
v 0.341436 0.677966 0.115926
v 0.350016 0.669830 0.117492
v 0.350059 0.659397 0.119168
v 0.353469 0.660674 0.113112
v 0.354228 0.670164 0.110192
v 0.349150 0.680420 0.114519
v 0.352505 0.678799 0.107469
v 0.348415 0.685650 0.112332
v 0.352185 0.682963 0.105209
v 0.352721 0.692409 0.099411
v 0.346658 0.699232 0.105301
v 0.357384 0.700965 0.094375
v 0.350128 0.712361 0.099247
v 0.359951 0.714298 0.096528
v 0.365476 0.702544 0.095673
v 0.373643 0.718506 0.097216
v 0.368784 0.711375 0.098310
v 0.374635 0.699360 0.100806
v 0.376826 0.707245 0.102409
v 0.380307 0.697290 0.104569
v 0.380590 0.714695 0.100191
v 0.385829 0.702040 0.107037
v 0.382743 0.694641 0.105999
v 0.388078 0.716857 0.094143
v 0.395064 0.712171 0.090904
v 0.393985 0.718060 0.084757
v 0.386819 0.710632 0.103285
v 0.392045 0.711985 0.098570
v 0.394201 0.704421 0.103298
v 0.401047 0.684868 0.117009
v 0.396467 0.705359 0.095804
v 0.395593 0.679648 0.114569
v 0.385896 0.686049 0.097728
v 0.397105 0.676349 0.103657
v 0.397087 0.690751 0.091933
v 0.406459 0.679648 0.100913
v 0.397087 0.677078 0.115607
v 0.399640 0.672719 0.105553
v 0.409047 0.674816 0.102817
v 0.406352 0.662375 0.109641
v 0.414863 0.666227 0.107387
v 0.415602 0.659789 0.107950
v 0.404057 0.666278 0.119821
v 0.403457 0.680258 0.118582
v 0.408337 0.657532 0.110804
v 0.417040 0.653332 0.110155
v 0.407563 0.685996 0.113828
v 0.406092 0.658871 0.119485
v 0.410253 0.684864 0.106264
v 0.397087 0.690751 0.091933
v 0.406459 0.679648 0.100913
v 0.397378 0.691674 0.090788
v 0.411987 0.680416 0.107534
v 0.409047 0.674816 0.102817
v 0.409536 0.681138 0.115269
v 0.416503 0.670739 0.113242
v 0.414863 0.666227 0.107387
v 0.409831 0.670437 0.121400
v 0.411514 0.665696 0.122194
v 0.418014 0.665890 0.114435
v 0.415602 0.659789 0.107950
v 0.413551 0.659964 0.123030
v 0.420297 0.659485 0.115258
v 0.417040 0.653332 0.110155
v 0.421977 0.651053 0.115850
v 0.417546 0.651430 0.123441
v 0.409842 0.651536 0.119757
v 0.412015 0.651900 0.113112
v 0.416610 0.647847 0.116725
v 0.417546 0.651430 0.123441
v 0.421977 0.651053 0.115850
v 0.331626 0.699640 0.081854
v 0.345952 0.693390 0.077722
v 0.329486 0.706988 0.072809
v 0.333303 0.693540 0.091060
v 0.346556 0.691105 0.088825
v 0.352721 0.692409 0.099411
v 0.337262 0.681579 0.099811
v 0.346338 0.679951 0.098731
v 0.352185 0.682963 0.105209
v 0.338768 0.676691 0.102031
v 0.346465 0.677646 0.100657
v 0.352505 0.678799 0.107469
v 0.340097 0.666983 0.105043
v 0.348729 0.667154 0.103706
v 0.354228 0.670164 0.110192
v 0.342240 0.659383 0.109474
v 0.348797 0.659229 0.109070
v 0.353469 0.660674 0.113112
v 0.347891 0.655601 0.114353
v 0.342435 0.657797 0.116614
v 0.350059 0.659397 0.119168
v 0.018583 1.121975 -0.113658
v 0.000000 1.134622 -0.130808
v -0.000000 1.106699 -0.107713
v 0.015420 1.104381 -0.104266
v 0.044958 1.120323 -0.100459
v 0.000000 1.081528 -0.088707
v 0.036617 1.100946 -0.094009
v 0.025255 1.082027 -0.084053
v 0.054020 1.098707 -0.076216
v 0.066451 1.116879 -0.080148
v 0.013690 1.065046 -0.067455
v 0.000000 1.065712 -0.069516
v -0.000000 1.046978 -0.061306
v 0.018994 1.048748 -0.057651
v 0.030212 1.064376 -0.059771
v 0.032528 1.047083 -0.045425
v 0.042259 1.081185 -0.068740
v 0.041822 1.063855 -0.047201
v 0.043521 1.044313 -0.031579
v 0.062982 1.098405 -0.057323
v 0.078413 1.117032 -0.042109
v 0.069248 1.098912 -0.041739
v 0.059728 1.081763 -0.037378
v 0.052158 1.080818 -0.053049
v 0.050158 1.063232 -0.033118
v 0.055464 1.069032 -0.022377
v 0.052919 1.062106 -0.021298
v 0.046068 1.046843 -0.014943
v 0.015452 0.963281 -0.000094
v 0.000000 0.959485 -0.002844
v 0.000000 0.979554 -0.000886
v 0.021048 0.984068 -0.006124
v 0.030383 0.967376 -0.009450
v 0.017493 1.004511 0.003430
v 0.000000 1.002318 0.008860
v 0.034275 0.989670 -0.016915
v 0.038814 0.976890 -0.020945
v 0.044907 0.989019 -0.035806
v 0.016271 1.013542 0.009131
v 0.000000 1.011030 0.012780
v -0.000000 1.015789 0.018762
v 0.017294 1.019109 0.015787
v 0.030010 1.026444 0.008054
v 0.030586 1.020793 -0.003475
v 0.039160 1.035526 -0.002726
v 0.031843 1.009305 -0.008509
v 0.040840 0.999821 -0.032210
v 0.043650 0.999197 -0.052889
v 0.040029 1.014758 -0.023935
v 0.039933 1.030906 -0.015675
v 0.046068 1.046843 -0.014943
v 0.043521 1.044313 -0.031579
v 0.038057 1.019542 -0.038219
v 0.032528 1.047083 -0.045425
v 0.037212 1.008015 -0.048778
v 0.026952 0.995413 -0.070824
v 0.030600 1.023271 -0.050603
v 0.018994 1.048748 -0.057651
v 0.022396 1.011540 -0.065019
v 0.000000 0.994385 -0.073117
v 0.000000 1.010872 -0.066621
v 0.019641 1.025925 -0.060605
v -0.000000 1.046978 -0.061306
v 0.000000 1.026893 -0.062876
v 0.328305 0.730098 0.067541
v 0.336897 0.718658 0.046437
v 0.331565 0.718149 0.044556
v 0.322591 0.731348 0.069630
v 0.334637 0.740051 0.071763
v 0.321006 0.731758 0.034663
v 0.332111 0.744195 0.074055
v 0.346702 0.748971 0.068740
v 0.316300 0.749517 0.056114
v 0.320244 0.738138 0.032845
v 0.346403 0.753867 0.070940
v 0.361075 0.754282 0.054693
v 0.360064 0.750650 0.055613
v 0.369301 0.744162 0.038049
v 0.324531 0.760003 0.060825
v 0.318204 0.752388 0.050913
v 0.335751 0.766149 0.057251
v 0.306396 0.765071 0.041446
v 0.306407 0.747690 0.021004
v 0.331029 0.764920 0.052429
v 0.372575 0.747259 0.035673
v 0.368968 0.734105 0.028023
v 0.347103 0.766409 0.041128
v 0.354873 0.761598 0.026485
v 0.343923 0.764757 0.037632
v 0.282541 0.769347 0.017921
v 0.289268 0.755347 -0.000232
v 0.317226 0.778563 0.041631
v 0.253724 0.780269 -0.003771
v 0.259106 0.773260 -0.024339
v 0.232218 0.798404 -0.013557
v 0.235814 0.789803 -0.037456
v 0.221957 0.803199 -0.044059
v 0.291845 0.784251 0.030563
v 0.258346 0.795379 0.007870
v 0.220743 0.813747 -0.021602
v 0.213441 0.811940 -0.046213
v 0.331518 0.779430 0.024641
v 0.302163 0.796052 0.026021
v 0.265427 0.809697 0.011694
v 0.239869 0.813659 -0.004395
v 0.229477 0.823404 -0.014318
v 0.225041 0.828470 -0.017226
v 0.215938 0.819799 -0.024363
v 0.209992 0.824011 -0.024968
v 0.205096 0.818233 -0.047078
v 0.247771 0.826874 -0.003228
v 0.275135 0.819998 0.008421
v 0.236838 0.837376 -0.014004
v 0.191174 0.828238 -0.042135
v 0.192490 0.829667 -0.060994
v 0.168921 0.840487 -0.040942
v 0.166687 0.842014 -0.063081
v 0.192483 0.833905 -0.023239
v 0.145898 0.853882 -0.041170
v 0.148740 0.852395 -0.065021
v 0.126886 0.866855 -0.069299
v 0.255584 0.835702 -0.006830
v 0.215880 0.832708 -0.016971
v 0.172052 0.845469 -0.019895
v 0.198559 0.843888 -0.013783
v 0.220827 0.844161 -0.017718
v 0.228576 0.843313 -0.019484
v 0.224375 0.858467 -0.027620
v 0.205310 0.856086 -0.015466
v 0.179441 0.856294 -0.009372
v 0.145672 0.861377 -0.019333
v 0.242213 0.847298 -0.019132
v 0.233739 0.852898 -0.023765
v 0.123735 0.868399 -0.043931
v 0.113403 0.876306 -0.044424
v 0.116354 0.880030 -0.079689
v 0.108933 0.883891 -0.079697
v 0.104932 0.883513 -0.044532
v 0.126007 0.875585 -0.018725
v 0.115766 0.883456 -0.018772
v 0.100714 0.891320 -0.022079
v 0.108130 0.901836 -0.001039
v 0.150901 0.877610 -0.006745
v 0.133316 0.891651 -0.006867
v 0.120579 0.902826 -0.005153
v 0.160554 0.889664 -0.009789
v 0.119547 0.921833 -0.002045
v 0.109359 0.925834 0.000434
v 0.137032 0.904729 -0.007960
v 0.188451 0.869201 -0.011879
v 0.124836 0.938148 -0.011636
v 0.111204 0.946469 -0.011531
v 0.115699 0.957092 -0.027746
v 0.127953 0.914059 -0.004562
v 0.141208 0.923639 -0.013826
v 0.133648 0.947903 -0.026868
v 0.121088 0.961333 -0.048334
v 0.155400 0.908196 -0.018328
v 0.172854 0.896269 -0.023147
v 0.196956 0.879088 -0.025867
v 0.152648 0.929789 -0.029564
v 0.138727 0.950859 -0.048199
v 0.167955 0.911384 -0.034393
v 0.134423 0.944101 -0.067262
v 0.117607 0.954290 -0.068284
v 0.156075 0.931473 -0.050336
v 0.182175 0.901463 -0.042352
v 0.210942 0.866834 -0.027947
v 0.125399 0.932443 -0.081484
v 0.110620 0.941098 -0.083448
v 0.107054 0.921524 -0.091350
v 0.201485 0.884713 -0.043227
v 0.149731 0.926409 -0.067865
v 0.170928 0.913128 -0.050673
v 0.117738 0.916410 -0.089201
v 0.107334 0.899156 -0.090294
v 0.164669 0.910531 -0.069650
v 0.180638 0.900280 -0.068037
v 0.138769 0.916839 -0.080422
v 0.120774 0.894126 -0.088222
v 0.108933 0.883891 -0.079697
v 0.116354 0.880030 -0.079689
v 0.152634 0.903258 -0.082245
v 0.129138 0.906449 -0.086951
v 0.131632 0.877465 -0.084333
v 0.126886 0.866855 -0.069299
v 0.140092 0.890531 -0.087837
v 0.170120 0.889877 -0.083397
v 0.160419 0.876363 -0.086397
v 0.153949 0.863180 -0.081574
v 0.148740 0.852395 -0.065021
v 0.179973 0.864917 -0.084443
v 0.172734 0.852759 -0.080213
v 0.204707 0.848283 -0.081562
v 0.166687 0.842014 -0.063081
v 0.189438 0.876985 -0.081059
v 0.197438 0.838438 -0.075969
v 0.192490 0.829667 -0.060994
v 0.219950 0.823076 -0.074046
v 0.205096 0.818233 -0.047078
v 0.213441 0.811940 -0.046213
v 0.197583 0.886295 -0.065105
v 0.215223 0.871608 -0.062570
v 0.211991 0.859655 -0.077583
v 0.214991 0.873028 -0.043409
v 0.230941 0.862669 -0.042150
v 0.231866 0.859051 -0.059959
v 0.233492 0.843950 -0.074730
v 0.240163 0.857618 -0.037337
v 0.242014 0.851841 -0.056759
v 0.230129 0.832986 -0.080220
v 0.249231 0.852377 -0.032880
v 0.253004 0.845272 -0.053018
v 0.246617 0.831623 -0.076625
v 0.234366 0.819030 -0.076516
v 0.266248 0.841000 -0.022617
v 0.272833 0.835306 -0.045150
v 0.287426 0.823927 -0.008002
v 0.296878 0.816760 -0.027529
v 0.313051 0.800124 0.004383
v 0.244169 0.825151 -0.080467
v 0.251303 0.819765 -0.075973
v 0.255000 0.828535 -0.071379
v 0.270893 0.820275 -0.062199
v 0.295336 0.804798 -0.043084
v 0.319580 0.788466 -0.014224
v 0.336858 0.774039 0.009131
v 0.240343 0.810544 -0.067605
v 0.221957 0.803199 -0.044059
v 0.264204 0.809149 -0.067059
v 0.252948 0.798462 -0.059209
v 0.235814 0.789803 -0.037456
v 0.288854 0.791312 -0.048682
v 0.275115 0.779848 -0.043944
v 0.259106 0.773260 -0.024339
v 0.305643 0.761466 -0.018631
v 0.289268 0.755347 -0.000232
v 0.316832 0.776209 -0.020945
v 0.322881 0.750280 0.000246
v 0.306407 0.747690 0.021004
v 0.334685 0.763506 -0.001172
v 0.337616 0.739315 0.015327
v 0.320244 0.738138 0.032845
v 0.321006 0.731758 0.034663
v 0.350214 0.751197 0.015007
v 0.341160 0.733499 0.012052
v 0.350234 0.759862 0.025077
v 0.355657 0.750146 0.013521
v 0.372097 0.735040 0.022241
v 0.350972 0.716695 0.021834
v 0.331565 0.718149 0.044556
v 0.353250 0.717035 0.025845
v 0.336897 0.718658 0.046437
v 0.000000 0.575632 0.027274
v 0.002101 0.573337 -0.007796
v 0.000000 0.574065 -0.007852
v 0.018318 0.577429 0.029942
v 0.000000 0.592891 0.050395
v 0.019036 0.597287 0.050321
v 0.044113 0.606281 0.047553
v 0.000000 0.643867 0.061552
v 0.021770 0.645522 0.058895
v 0.000000 0.694345 0.066890
v 0.037547 0.695373 0.061269
v 0.046346 0.649815 0.051800
v 0.066962 0.695571 0.042081
v 0.067607 0.650853 0.041617
v 0.082691 0.693012 0.022471
v 0.086740 0.653799 0.023637
v 0.097869 0.654831 -0.000277
v 0.091723 0.695278 0.000069
v 0.091197 0.695945 -0.028351
v 0.099855 0.655031 -0.031581
v 0.075226 0.696705 -0.051435
v 0.103598 0.620039 0.000298
v 0.091765 0.618656 0.026270
v 0.069651 0.615399 0.043614
v 0.084108 0.655391 -0.063176
v 0.052778 0.696361 -0.064989
v 0.060260 0.653488 -0.082291
v 0.027737 0.695306 -0.072280
v 0.088376 0.614682 -0.062919
v 0.105411 0.618802 -0.032120
v 0.108567 0.586574 -0.000512
v 0.095801 0.584967 0.028334
v 0.071709 0.583787 0.045358
v 0.029417 0.652097 -0.089907
v -0.000000 0.692963 -0.074441
v -0.000000 0.649607 -0.090740
v 0.043987 0.579756 0.044716
v 0.018318 0.577429 0.029942
v 0.073163 0.534875 0.046408
v 0.060632 0.608341 -0.087376
v 0.029208 0.605087 -0.095754
v -0.000000 0.600793 -0.095464
v 0.031182 0.575473 -0.077922
v -0.000000 0.574606 -0.076970
v 0.043770 0.534580 0.042729
v 0.100230 0.536294 0.026662
v 0.017536 0.562301 -0.048714
v -0.000000 0.565444 -0.048893
v 0.002101 0.573337 -0.007796
v 0.000000 0.574065 -0.007852
v 0.041698 0.564224 -0.064099
v 0.063738 0.574492 -0.072497
v 0.016708 0.529644 0.023365
v 0.002101 0.573337 -0.007796
v 0.004985 0.527265 -0.010918
v 0.023515 0.461548 0.014208
v 0.012712 0.462196 -0.016844
v 0.044833 0.461533 0.031949
v 0.029324 0.413493 0.004670
v 0.024623 0.412792 -0.021376
v 0.090121 0.581841 -0.057680
v 0.070917 0.462177 0.035296
v 0.047236 0.415703 0.021346
v 0.034473 0.377576 -0.002710
v 0.030626 0.380412 -0.024192
v 0.095788 0.464757 0.020892
v 0.071566 0.417224 0.024196
v 0.050030 0.378255 0.012688
v 0.038571 0.354853 -0.009255
v 0.033860 0.357510 -0.026700
v 0.036926 0.337272 -0.031645
v 0.070499 0.379941 0.016748
v 0.072367 0.356461 0.013469
v 0.054872 0.353724 0.008700
v 0.043992 0.333233 -0.014897
v 0.042898 0.316888 -0.037946
v 0.091996 0.417652 0.012748
v 0.061782 0.328792 0.006856
v 0.108117 0.467117 -0.007186
v 0.089182 0.380078 0.007175
v 0.110574 0.537039 -0.002080
v 0.108563 0.585470 -0.032103
v 0.108963 0.535986 -0.032546
v 0.102775 0.417336 -0.010061
v 0.086646 0.536309 -0.060085
v 0.103343 0.467579 -0.036561
v 0.054712 0.534781 -0.066367
v 0.041698 0.564224 -0.064099
v 0.084364 0.468020 -0.058580
v 0.099160 0.417190 -0.037923
v 0.098416 0.380857 -0.012259
v 0.019611 0.530382 -0.049651
v 0.017536 0.562301 -0.048714
v 0.054742 0.465412 -0.065354
v 0.004985 0.527265 -0.010918
v 0.002101 0.573337 -0.007796
v 0.012712 0.462196 -0.016844
v 0.026784 0.462823 -0.052746
v 0.081198 0.416236 -0.057013
v 0.032300 0.415764 -0.047601
v 0.024623 0.412792 -0.021376
v 0.055286 0.416590 -0.062183
v 0.036782 0.384021 -0.046689
v 0.030626 0.380412 -0.024192
v 0.054892 0.384758 -0.059288
v 0.039307 0.361942 -0.047690
v 0.033860 0.357510 -0.026700
v 0.080199 0.384395 -0.056337
v 0.043535 0.344531 -0.047825
v 0.036926 0.337272 -0.031645
v 0.042898 0.316888 -0.037946
v 0.057093 0.364105 -0.057770
v 0.098437 0.381977 -0.037787
v 0.047750 0.322249 -0.055007
v 0.038481 0.283818 -0.047312
v 0.058986 0.349884 -0.058386
v 0.060419 0.330248 -0.065867
v 0.097487 0.362058 -0.041418
v 0.097113 0.358433 -0.014061
v 0.096833 0.348206 -0.045640
v 0.079520 0.364551 -0.056628
v 0.078839 0.352080 -0.059418
v 0.079502 0.333806 -0.066019
v 0.089108 0.357964 0.005321
v 0.097193 0.338752 -0.017174
v 0.089660 0.332406 0.003415
v 0.076146 0.328098 0.010467
v 0.089482 0.313295 -0.005245
v 0.099517 0.321494 -0.026542
v 0.077232 0.308547 0.000524
v 0.061464 0.310582 -0.003814
v 0.075428 0.280484 -0.007686
v 0.046922 0.312776 -0.019597
v 0.050005 0.280319 -0.021418
v 0.038481 0.283818 -0.047312
v 0.048053 0.232791 -0.028812
v 0.033393 0.235339 -0.054696
v 0.098294 0.330234 -0.051387
v 0.102493 0.297797 -0.061490
v 0.095537 0.282982 -0.017233
v 0.073263 0.234106 -0.015092
v 0.049722 0.199351 -0.032641
v 0.039286 0.201770 -0.062167
v 0.051147 0.152353 -0.059955
v 0.082606 0.299161 -0.079056
v 0.104787 0.290922 -0.037183
v 0.094666 0.237288 -0.023262
v 0.072803 0.200463 -0.019704
v 0.107044 0.252685 -0.070819
v 0.108528 0.245401 -0.043805
v 0.063456 0.296204 -0.078938
v 0.092968 0.202442 -0.027245
v 0.087085 0.249939 -0.088491
v 0.103866 0.203950 -0.046120
v 0.102566 0.203604 -0.067958
v 0.045649 0.288888 -0.069732
v 0.062140 0.241561 -0.089388
v 0.041493 0.236830 -0.078664
v 0.033393 0.235339 -0.054696
v 0.039286 0.201770 -0.062167
v 0.056981 0.202273 -0.083509
v 0.051147 0.152353 -0.059955
v 0.081471 0.201942 -0.083705
v 0.063921 0.152829 -0.073657
v 0.049747 0.151276 -0.060701
v 0.094355 0.154518 -0.063847
v 0.080224 0.154006 -0.074393
v 0.063657 0.152099 -0.076169
v 0.097632 0.154326 -0.046380
v 0.063932 0.095074 -0.074974
v 0.052954 0.095999 -0.059187
v 0.080551 0.095033 -0.075164
v 0.080758 0.153138 -0.077196
v 0.095413 0.153412 -0.064347
v 0.093852 0.094285 -0.062027
v 0.098979 0.153278 -0.046189
v 0.098167 0.094696 -0.045744
v 0.090416 0.096175 -0.028341
v 0.090290 0.153965 -0.030857
v 0.092394 0.152249 -0.028658
v 0.073157 0.153770 -0.023600
v 0.072741 0.152377 -0.019054
v 0.071961 0.096274 -0.021114
v 0.052523 0.151797 -0.034010
v 0.056856 0.096690 -0.036121
v 0.055157 0.153420 -0.035354
v 0.049747 0.151276 -0.060701
v 0.052954 0.095999 -0.059187
v 0.052954 0.095999 -0.059187
v 0.056856 0.096690 -0.036121
v 0.051703 0.066984 -0.034700
v 0.049337 0.066585 -0.058184
v 0.048473 0.036934 -0.034753
v 0.061020 0.066537 -0.077645
v 0.063932 0.095074 -0.074974
v 0.046877 0.036329 -0.058029
v 0.046904 -0.000251 -0.036323
v 0.043764 0.000828 -0.056779
v 0.053581 0.003978 -0.080574
v 0.057662 0.036138 -0.079935
v 0.075411 0.002903 -0.087814
v 0.080171 0.035801 -0.084818
v 0.093000 0.000815 -0.077264
v 0.080915 0.065690 -0.079546
v 0.080551 0.095033 -0.075164
v 0.097100 0.035580 -0.071942
v 0.105955 -0.000592 -0.053391
v 0.096661 0.064972 -0.065673
v 0.093852 0.094285 -0.062027
v 0.098167 0.094696 -0.045744
v 0.109984 0.034396 -0.049706
v 0.106222 0.065249 -0.042753
v 0.118580 0.016186 -0.028443
v 0.114509 -0.000441 -0.030902
v 0.126287 -0.000578 -0.004620
v 0.098311 0.072304 -0.023378
v 0.090416 0.096175 -0.028341
v 0.116649 0.042467 -0.024966
v 0.129197 0.014425 0.000684
v 0.134671 -0.001071 0.022937
v 0.125589 0.031671 0.003494
v 0.133333 0.013322 0.027848
v 0.134145 0.000551 0.057590
v 0.132258 0.013375 0.056022
v 0.126857 0.003052 0.076263
v 0.083859 0.075183 -0.013081
v 0.071961 0.096274 -0.021114
v 0.109499 0.057268 -0.007982
v 0.127376 0.030861 0.030778
v 0.089828 0.061730 0.002435
v 0.116516 0.044692 0.009603
v 0.063642 0.069400 -0.017080
v 0.056856 0.096690 -0.036121
v 0.051703 0.066984 -0.034700
v 0.064708 0.055258 -0.003350
v 0.048473 0.036934 -0.034753
v 0.056190 0.022672 -0.012058
v 0.046904 -0.000251 -0.036323
v 0.055652 -0.000662 -0.014402
v 0.068826 0.043613 0.019077
v 0.057087 0.017301 0.016458
v 0.056949 -0.000927 0.019228
v 0.092938 0.050855 0.022473
v 0.066850 0.030674 0.043540
v 0.061476 0.014620 0.046530
v 0.060853 0.000020 0.048271
v 0.100038 0.040476 0.044031
v 0.082057 0.029688 0.071582
v 0.076521 0.012968 0.074801
v 0.076564 0.002132 0.075504
v 0.126316 0.029392 0.054396
v 0.103657 0.035591 0.062714
v 0.091879 0.026802 0.084943
v 0.088457 0.011680 0.088224
v 0.089263 0.003823 0.087957
v 0.107325 0.004722 0.088748
v 0.120765 0.027054 0.073244
v 0.106386 0.026253 0.084588
v 0.107837 0.013494 0.088853
v 0.125969 0.013925 0.077152
v -0.000000 1.165823 0.069003
v 0.013220 1.159750 0.065630
v 0.000000 1.155277 0.068162
v 0.019222 1.178512 0.070391
v -0.000000 1.186422 0.052965
v 0.034824 1.164093 0.056070
v 0.016740 1.196723 0.057069
v -0.000000 1.202059 0.034774
v 0.037113 1.185861 0.069249
v 0.047345 1.157919 0.048303
v 0.016459 1.208512 0.037085
v -0.000000 1.212382 0.006117
v 0.034154 1.202274 0.055772
v 0.056358 1.174037 0.053601
v 0.068945 1.151110 0.043814
v 0.013813 1.221080 0.000830
v 0.000000 1.220247 -0.027023
v 0.038773 1.211206 0.039083
v 0.056768 1.190157 0.046908
v 0.011984 1.226218 -0.029058
v 0.000000 1.223628 -0.052495
v 0.029630 1.225104 -0.006247
v 0.018865 1.223399 -0.052942
v 0.000000 1.216154 -0.077290
v 0.073506 1.173257 0.037014
v 0.067377 1.192379 0.006876
v 0.056709 1.202423 0.029126
v 0.028796 1.226661 -0.035805
v 0.046728 1.219838 -0.013867
v 0.043562 1.217472 -0.050153
v 0.023253 1.214892 -0.072570
v 0.063832 1.203828 -0.027527
v 0.028169 1.201770 -0.087185
v 0.000000 1.202746 -0.093488
v 0.053149 1.205245 -0.059610
v 0.024697 1.183314 -0.103416
v -0.000000 1.185265 -0.107050
v 0.073640 1.190830 -0.039702
v 0.043974 1.187789 -0.092138
v 0.016232 1.166201 -0.116764
v 0.000000 1.169569 -0.117841
v 0.000000 1.153016 -0.125059
v 0.019343 1.141723 -0.124645
v 0.000000 1.134622 -0.130808
v 0.018583 1.121975 -0.113658
v 0.040992 1.156044 -0.116722
v 0.027266 1.130782 -0.116050
v 0.044958 1.120323 -0.100459
v 0.045545 1.143612 -0.116088
v 0.056078 1.169155 -0.098651
v 0.063310 1.191182 -0.069420
v 0.068165 1.154133 -0.097922
v 0.071282 1.173368 -0.081567
v 0.039942 1.128393 -0.115688
v 0.061662 1.137350 -0.101754
v 0.083027 1.144124 -0.081010
v 0.066451 1.116879 -0.080148
v 0.085335 1.172630 -0.055888
v 0.088760 1.159287 -0.067240
v 0.076392 1.130247 -0.072755
v 0.078413 1.117032 -0.042109
v 0.084488 1.137151 -0.058672
v 0.094984 1.152456 -0.038802
v 0.093487 1.166683 -0.026470
v 0.092847 1.147812 -0.007411
v 0.086367 1.135678 -0.038782
v 0.082285 1.179785 -0.009722
v 0.087622 1.168306 0.008216
v 0.084985 1.158901 0.021668
v 0.081196 1.144111 0.019861
v 0.072829 1.138855 0.030135
v 0.081578 1.128006 -0.029154
v 0.080492 1.117892 -0.025999
v 0.084861 1.136857 -0.011432
v 0.079612 1.132593 0.013048
v 0.068807 1.126305 0.019190
v 0.080277 1.125912 -0.005076
v 0.077751 1.117958 -0.003681
v 0.068709 1.112656 0.008941
v 0.047345 1.157919 0.048303
v 0.068945 1.151110 0.043814
v 0.055099 1.142050 0.039925
v 0.072829 1.138855 0.030135
v 0.060326 1.131931 0.028713
v 0.068807 1.126305 0.019190
v 0.043667 1.102123 0.043042
v 0.029638 1.103074 0.039350
v 0.042214 1.104337 0.045931
v 0.040304 1.106507 0.048923
v 0.035707 1.109085 0.053248
v 0.029694 1.109734 0.055404
v 0.024523 1.108760 0.055549
v 0.019699 1.105775 0.054094
v 0.016724 1.102155 0.051808
v 0.015882 1.099466 0.050025
v 0.015882 1.099466 0.050025
v 0.029638 1.103074 0.039350
v 0.020190 1.098895 0.051365
v 0.026425 1.098253 0.051743
v 0.033293 1.098260 0.050202
v 0.038539 1.099510 0.047277
v 0.041283 1.100713 0.044979
v 0.043667 1.102123 0.043042
v 0.005161 1.048726 0.065086
v -0.000000 1.048543 0.065668
v -0.000000 1.033348 0.051392
v 0.009524 1.035258 0.047755
v 0.010065 1.048583 0.063506
v 0.014458 1.048815 0.060595
v -0.000000 1.038821 0.012760
v 0.019495 1.037554 0.042093
v 0.018330 1.049814 0.057408
v 0.020956 1.050301 0.055820
v 0.022624 1.050615 0.054812
v 0.016408 1.040855 0.017854
v 0.026125 1.041296 0.034567
v 0.028115 1.050251 0.044450
v 0.028993 1.056812 0.041534
v 0.026628 1.043770 0.023283
v 0.028305 1.059069 0.025148
v 0.016758 1.065258 0.019863
v 0.021919 1.059238 0.050284
v -0.000000 1.068858 0.014680
v 0.028993 1.056812 0.041534
v 0.011544 1.062189 0.056114
v 0.000000 1.061572 0.060332
v 0.022624 1.050615 0.054812
v 0.028115 1.050251 0.044450
v 0.020956 1.050305 0.055821
v 0.018330 1.049820 0.057408
v 0.014458 1.048821 0.060595
v 0.010065 1.048589 0.063500
v 0.005161 1.048752 0.065081
v -0.000000 1.048550 0.065663
v -0.021250 1.049740 0.044543
v -0.018799 1.052039 0.026973
v -0.025688 1.053668 0.028118
v -0.016521 1.049008 0.043437
v -0.015048 1.047657 0.055231
v -0.017778 1.059195 0.057598
v -0.012737 1.047660 0.052702
v -0.009792 1.057472 0.064283
v -0.007712 1.046570 0.060533
v 0.000000 1.057465 0.066243
v -0.006400 1.046545 0.057418
v 0.000000 1.045902 0.062540
v 0.000000 1.046110 0.058714
v -0.016521 1.049008 0.043437
v -0.012737 1.047660 0.052702
v -0.016401 1.061151 0.045802
v -0.018799 1.052039 0.026973
v -0.017318 1.063889 0.028239
v -0.017473 1.057444 0.025439
v -0.015353 1.046750 0.023293
v -0.013434 1.040316 0.040073
v -0.014346 1.050906 0.043323
v -0.011377 1.047418 0.054043
v -0.010712 1.038423 0.048910
v -0.107325 0.004722 0.088748
v -0.089263 0.003823 0.087957
v -0.126857 0.003052 0.076263
v -0.076564 0.002132 0.075504
v -0.134145 0.000551 0.057590
v -0.060853 0.000020 0.048272
v -0.134671 -0.001071 0.022937
v -0.056949 -0.000927 0.019228
v -0.126287 -0.000578 -0.004620
v -0.055652 -0.000663 -0.014402
v -0.114509 -0.000441 -0.030902
v -0.105955 -0.000592 -0.053391
v -0.046904 -0.000251 -0.036323
v -0.093000 0.000815 -0.077264
v -0.043764 0.000828 -0.056779
v -0.053581 0.003978 -0.080574
v -0.075411 0.002903 -0.087814
v -0.090052 0.961962 -0.026213
v -0.111204 0.946469 -0.011531
v -0.115699 0.957092 -0.027746
v -0.088032 0.951901 -0.010092
v -0.067559 0.958605 -0.009590
v -0.068318 0.966565 -0.028894
v -0.051580 0.970917 -0.026986
v -0.093473 0.924235 0.005093
v -0.109359 0.925834 0.000434
v -0.108130 0.901836 -0.001039
v -0.047656 0.957912 -0.000058
v -0.030383 0.967376 -0.009450
v -0.068850 0.939068 0.003545
v -0.029064 0.957804 0.005122
v -0.015452 0.963281 -0.000094
v -0.048092 0.940107 0.010181
v -0.015300 0.956957 0.006636
v 0.000000 0.959485 -0.002844
v -0.000000 0.950493 0.007756
v -0.000000 0.941157 0.013684
v -0.027466 0.940951 0.014165
v -0.026119 0.919765 0.025068
v -0.000000 0.920849 0.025801
v -0.057297 0.917424 0.019809
v -0.023999 0.893787 0.037625
v 0.000000 0.894406 0.038266
v 0.000000 0.863049 0.049132
v -0.081640 0.911417 0.012461
v -0.049525 0.890279 0.033974
v -0.024237 0.862271 0.048858
v 0.000000 0.840685 0.054433
v -0.044319 0.860553 0.045078
v -0.035036 0.836901 0.051857
v 0.000000 0.816261 0.063421
v -0.097698 0.899262 0.004094
v -0.073649 0.896166 0.021641
v -0.097952 0.884172 -0.017305
v -0.100714 0.891320 -0.022079
v -0.092010 0.888756 0.008555
v -0.103174 0.872402 -0.035596
v -0.104932 0.883513 -0.044532
v -0.095301 0.870520 -0.009816
v -0.085135 0.876861 0.015640
v -0.066373 0.881734 0.029907
v -0.105280 0.864156 -0.054299
v -0.108933 0.883891 -0.079697
v -0.101420 0.854704 -0.032651
v -0.063854 0.860701 0.035754
v -0.076458 0.867064 0.024780
v -0.090768 0.850667 0.001207
v -0.063119 0.837345 0.038389
v -0.080323 0.845118 0.018814
v -0.098101 0.845468 -0.060876
v -0.098583 0.834877 -0.032295
v -0.092502 0.816911 -0.003111
v -0.082756 0.815308 0.021783
v -0.064889 0.812905 0.042607
v -0.037928 0.811909 0.059034
v 0.000000 0.779008 0.067026
v -0.069399 0.780492 0.041732
v -0.036954 0.778874 0.061919
v -0.036773 0.739403 0.059817
v -0.000000 0.737483 0.065337
v -0.086204 0.775968 0.010130
v -0.065998 0.736502 0.039358
v -0.037547 0.695373 0.061269
v 0.000000 0.694345 0.066890
v -0.066962 0.695571 0.042081
v -0.082691 0.693012 0.022471
v -0.086638 0.736172 0.010696
v -0.086734 0.737738 -0.023573
v -0.091723 0.695278 0.000068
v -0.091197 0.695945 -0.028351
v -0.075226 0.696705 -0.051435
v -0.086199 0.774735 -0.023706
v -0.065774 0.738184 -0.045276
v -0.052778 0.696361 -0.064989
v -0.095125 0.811301 -0.030741
v -0.067839 0.771766 -0.048632
v -0.035872 0.737517 -0.058866
v -0.027737 0.695306 -0.072280
v -0.085030 0.823931 -0.065270
v -0.076859 0.804113 -0.061258
v -0.037307 0.769020 -0.061338
v 0.000000 0.735993 -0.062138
v -0.000000 0.692963 -0.074441
v 0.000000 0.768545 -0.061457
v 0.000000 0.800912 -0.072527
v -0.039255 0.801366 -0.074836
v 0.000000 0.824691 -0.079993
v -0.044707 0.829458 -0.084937
v -0.080353 0.844091 -0.079704
v -0.038872 0.851229 -0.091966
v 0.000000 0.849687 -0.087240
v 0.000000 0.874812 -0.094248
v -0.072268 0.859641 -0.091771
v -0.101252 0.865414 -0.071215
v -0.034969 0.876722 -0.098663
v 0.000000 0.902859 -0.097724
v -0.095640 0.876255 -0.085223
v -0.066344 0.880378 -0.097511
v -0.062506 0.906934 -0.099096
v -0.031519 0.904744 -0.101387
v 0.000000 0.931194 -0.095514
v -0.091547 0.888684 -0.091592
v -0.107334 0.899156 -0.090294
v -0.031181 0.933416 -0.097414
v 0.000000 0.955073 -0.090163
v -0.089375 0.909225 -0.094681
v -0.107054 0.921524 -0.091350
v -0.089218 0.929319 -0.093078
v -0.110620 0.941098 -0.083448
v -0.031247 0.956866 -0.090857
v 0.000000 0.976222 -0.081538
v -0.062242 0.933726 -0.095091
v -0.090758 0.948108 -0.084783
v -0.062244 0.958058 -0.085805
v -0.094900 0.962553 -0.069380
v -0.117607 0.954290 -0.068284
v -0.032893 0.977325 -0.080720
v -0.097654 0.966770 -0.048058
v -0.121088 0.961333 -0.048334
v -0.115699 0.957092 -0.027746
v -0.090052 0.961962 -0.026213
v -0.074275 0.977674 -0.051599
v -0.068318 0.966565 -0.028894
v -0.051580 0.970917 -0.026986
v -0.069422 0.974926 -0.069383
v -0.026952 0.995413 -0.070824
v 0.000000 0.994385 -0.073117
v -0.046795 0.988886 -0.068893
v -0.043650 0.999197 -0.052889
v -0.054856 0.987723 -0.052347
v -0.044907 0.989019 -0.035806
v -0.038814 0.976890 -0.020945
v -0.005161 1.048726 0.065086
v -0.000000 1.048543 0.065668
v 0.000000 1.041679 0.066747
v -0.007184 1.042150 0.065258
v -0.010065 1.048583 0.063506
v 0.000000 1.034128 0.060369
v -0.013606 1.043507 0.061990
v -0.014458 1.048815 0.060595
v -0.007973 1.033160 0.058088
v -0.000000 1.024649 0.060210
v -0.018299 1.046156 0.058304
v -0.018330 1.049814 0.057408
v -0.010622 1.025323 0.056863
v 0.000000 1.017036 0.055839
v -0.017748 1.035088 0.053917
v -0.022245 1.048864 0.055376
v -0.020956 1.050301 0.055820
v -0.012187 1.019024 0.052110
v -0.000000 1.013668 0.048266
v -0.020273 1.029165 0.049907
v -0.024726 1.040331 0.051620
v -0.023660 1.049969 0.054372
v -0.022624 1.050615 0.054812
v -0.010424 1.015510 0.044733
v -0.000000 1.015789 0.018762
v -0.021847 1.024383 0.043488
v -0.019970 1.020523 0.035008
v -0.017294 1.019109 0.015787
v -0.029509 1.035181 0.045210
v -0.029401 1.045206 0.051721
v -0.027156 1.025746 0.025220
v -0.030010 1.026444 0.008054
v -0.030654 1.030274 0.035536
v -0.035985 1.032349 0.017076
v -0.039160 1.035526 -0.002726
v -0.039781 1.041530 0.039970
v -0.039604 1.037104 0.029636
v -0.031149 1.048920 0.053218
v -0.041660 1.049999 0.045751
v -0.050766 1.053397 0.031573
v -0.049458 1.046499 0.018184
v -0.044672 1.040579 0.005968
v -0.050999 1.050863 -0.005970
v -0.046068 1.046843 -0.014943
v -0.052919 1.062106 -0.021298
v -0.056621 1.057051 0.007618
v -0.058471 1.065980 -0.013562
v -0.055464 1.069032 -0.022377
v -0.057471 1.063856 0.021476
v -0.061619 1.068673 -0.002061
v -0.063262 1.076333 0.007862
v -0.067659 1.066885 -0.022003
v -0.059728 1.081763 -0.037378
v -0.065640 1.077166 -0.010079
v -0.076881 1.078376 -0.035729
v -0.069248 1.098912 -0.041739
v -0.067680 1.075043 -0.018096
v -0.072218 1.081673 -0.027242
v -0.082548 1.094771 -0.042974
v -0.078413 1.117032 -0.042109
v -0.071315 1.086243 -0.019107
v -0.077787 1.097788 -0.027799
v -0.068407 1.086575 -0.003166
v -0.084770 1.110816 -0.037325
v -0.083297 1.114875 -0.027303
v -0.080492 1.117892 -0.025999
v -0.077751 1.117958 -0.003681
v -0.076150 1.106024 -0.014489
v -0.068613 1.099954 0.002461
v -0.068709 1.112656 0.008941
v -0.062469 1.085130 0.018415
v -0.065740 1.100722 0.013272
v -0.063816 1.111421 0.018523
v -0.068807 1.126305 0.019190
v -0.056711 1.071898 0.032358
v -0.061315 1.101965 0.025466
v -0.057591 1.113340 0.032116
v -0.060253 1.120616 0.026314
v -0.060326 1.131931 0.028713
v -0.057981 1.091427 0.030579
v -0.048831 1.062736 0.043178
v -0.052614 1.130177 0.042799
v -0.055099 1.142050 0.039924
v -0.055430 1.101842 0.036434
v -0.050790 1.109949 0.046617
v -0.052159 1.080876 0.041322
v -0.041124 1.056591 0.050458
v -0.052217 1.095163 0.040834
v -0.045715 1.071679 0.049185
v -0.044747 1.144575 0.052946
v -0.047345 1.157919 0.048303
v -0.034823 1.164093 0.056070
v -0.047234 1.100759 0.043887
v -0.047566 1.087995 0.047246
v -0.029652 1.145749 0.063285
v -0.013220 1.159750 0.065630
v -0.046787 1.096842 0.044566
v -0.045077 1.100884 0.045769
v -0.045477 1.103414 0.047292
v -0.011967 1.142121 0.069140
v 0.000000 1.155277 0.068162
v -0.000000 1.140239 0.070396
v -0.010812 1.122355 0.070210
v 0.000000 1.120802 0.071401
v -0.021591 1.124934 0.067465
v -0.008560 1.110906 0.069700
v 0.000000 1.110021 0.070728
v -0.034108 1.127976 0.060841
v -0.021829 1.112110 0.069030
v -0.007387 1.102219 0.065850
v 0.000000 1.102861 0.067632
v -0.005509 1.091027 0.068822
v 0.000000 1.091312 0.070429
v -0.011748 1.105670 0.064675
v -0.033883 1.116497 0.064873
v -0.044958 1.129530 0.053260
v -0.044970 1.120984 0.055325
v -0.003545 1.084453 0.075704
v 0.000000 1.084657 0.077314
v -0.004217 1.081149 0.079043
v -0.000000 1.080774 0.081203
v -0.008761 1.079846 0.073759
v -0.005706 1.077263 0.081856
v 0.000000 1.077020 0.084100
v -0.005945 1.073563 0.081671
v 0.000000 1.073054 0.083428
v -0.052851 1.118371 0.043746
v -0.042936 1.113228 0.057023
v -0.009742 1.075309 0.078133
v -0.005498 1.069117 0.079129
v 0.000000 1.068082 0.080405
v -0.042484 1.106487 0.051783
v -0.008150 1.070938 0.078437
v -0.004123 1.066701 0.074358
v -0.000000 1.065174 0.073284
v -0.005425 1.064315 0.070399
v 0.000000 1.062029 0.070590
v -0.005664 1.072280 0.070913
v -0.043849 1.102754 0.048208
v -0.010989 1.070196 0.074902
v -0.006466 1.066690 0.070976
v -0.010289 1.066923 0.070208
v -0.005387 1.059572 0.070001
v 0.000000 1.058567 0.070238
v -0.004668 1.053918 0.070662
v 0.000000 1.052604 0.070973
v -0.005161 1.048752 0.065081
v -0.000000 1.048550 0.065663
v -0.011016 1.052901 0.068192
v -0.010065 1.048589 0.063500
v -0.012724 1.060140 0.067254
v -0.015769 1.051708 0.064926
v -0.014458 1.048821 0.060595
v -0.012339 1.065686 0.067101
v -0.016322 1.068172 0.064103
v -0.014458 1.068788 0.069561
v -0.019750 1.059286 0.063895
v -0.020353 1.050914 0.060323
v -0.018330 1.049820 0.057408
v -0.020956 1.050305 0.055821
v -0.014015 1.073520 0.072867
v -0.023803 1.051575 0.057100
v -0.025500 1.056957 0.060455
v -0.015698 1.071854 0.068320
v -0.012787 1.077514 0.068948
v -0.024496 1.050874 0.054896
v -0.015353 1.074718 0.064245
v -0.026000 1.073908 0.061676
v -0.018889 1.086676 0.060654
v -0.012361 1.079273 0.065600
v -0.028760 1.054874 0.057683
v -0.030373 1.052091 0.055342
v -0.037511 1.061981 0.055401
v -0.012716 1.088864 0.063691
v -0.031796 1.065023 0.059645
v -0.037214 1.073345 0.056272
v -0.011562 1.099139 0.061166
v -0.023818 1.066777 0.062610
v -0.038583 1.083914 0.054385
v -0.014526 1.096560 0.056403
v -0.014368 1.102312 0.058036
v -0.028087 1.084706 0.058170
v -0.027504 1.093110 0.054225
v -0.038674 1.093076 0.050420
v -0.018101 1.095796 0.053998
v -0.040125 1.098314 0.049905
v -0.034703 1.097021 0.052929
v -0.043555 1.099884 0.046940
v -0.038539 1.099510 0.047277
v -0.041283 1.100713 0.044979
v -0.043667 1.102123 0.043042
v -0.042214 1.104337 0.045931
v -0.033293 1.098260 0.050202
v -0.040304 1.106507 0.048923
v -0.026981 1.097014 0.054661
v -0.026425 1.098253 0.051743
v -0.041277 1.105323 0.051853
v -0.035707 1.109085 0.053248
v -0.020505 1.097788 0.053976
v -0.020190 1.098895 0.051365
v -0.017292 1.098228 0.052752
v -0.015882 1.099466 0.050025
v -0.016724 1.102155 0.051808
v -0.018134 1.100917 0.054535
v -0.019699 1.105775 0.054094
v -0.020496 1.104140 0.056622
v -0.024523 1.108760 0.055549
v -0.023279 1.107666 0.061876
v -0.025223 1.107388 0.058295
v -0.029694 1.109734 0.055405
v -0.023215 1.108562 0.064473
v -0.030552 1.108555 0.058329
v -0.031062 1.109351 0.059181
v -0.034278 1.112862 0.062753
v -0.037116 1.107847 0.055974
v -0.038073 1.108585 0.056209
v -0.403924 0.684732 0.061639
v -0.412854 0.692152 0.054975
v -0.423085 0.680463 0.060257
v -0.414349 0.673376 0.066576
v -0.408931 0.692102 0.073132
v -0.420121 0.681407 0.077005
v -0.425909 0.665528 0.079537
v -0.429365 0.663098 0.063975
v -0.421465 0.661553 0.069981
v -0.430765 0.650780 0.080390
v -0.428417 0.648764 0.073724
v -0.433427 0.648267 0.069945
v -0.409667 0.692259 0.053351
v -0.412854 0.692152 0.054975
v -0.403924 0.684732 0.061639
v -0.402560 0.685280 0.042859
v -0.396702 0.687612 0.040177
v -0.390566 0.689163 0.042849
v -0.397690 0.693238 0.034039
v -0.383836 0.694066 0.038797
v -0.390291 0.700633 0.030986
v -0.379033 0.706542 0.028059
v -0.372352 0.700624 0.034696
v -0.364742 0.711849 0.024639
v -0.374751 0.697815 0.062821
v -0.386429 0.690401 0.066116
v -0.396601 0.685090 0.080760
v -0.408931 0.692102 0.073132
v -0.409149 0.694731 0.074049
v -0.357238 0.706646 0.030361
v -0.353250 0.717035 0.025845
v -0.342445 0.710574 0.049260
v -0.336897 0.718658 0.046437
v -0.349686 0.705705 0.051048
v -0.328936 0.716044 0.065050
v -0.328305 0.730098 0.067541
v -0.329486 0.706988 0.072809
v -0.361808 0.702161 0.060459
v -0.343230 0.700296 0.065786
v -0.345952 0.693390 0.077722
v -0.358262 0.695974 0.084431
v -0.352721 0.692409 0.099411
v -0.357384 0.700965 0.094375
v -0.365898 0.698610 0.087609
v -0.365476 0.702544 0.095673
v -0.374847 0.694018 0.093588
v -0.374635 0.699360 0.100806
v -0.382904 0.687411 0.096105
v -0.380307 0.697290 0.104569
v -0.382743 0.694641 0.105999
v -0.385896 0.686049 0.097728
v -0.397087 0.690751 0.091933
v -0.397378 0.691674 0.090788
v -0.396601 0.685090 0.080760
v -0.410266 0.680294 0.096767
v -0.397378 0.691674 0.090788
v -0.410493 0.672948 0.087387
v -0.418074 0.665734 0.101018
v -0.418804 0.679379 0.081851
v -0.409149 0.694731 0.074049
v -0.426315 0.663679 0.086683
v -0.418185 0.661933 0.090856
v -0.423879 0.650334 0.103080
v -0.429372 0.649889 0.090960
v -0.424586 0.648280 0.095044
v -0.416871 0.681788 0.053873
v -0.409667 0.692259 0.053351
v -0.402560 0.685280 0.042859
v -0.412213 0.676102 0.044699
v -0.417682 0.678181 0.053996
v -0.414128 0.672028 0.045761
v -0.421879 0.665925 0.054679
v -0.418530 0.680907 0.037324
v -0.420035 0.676227 0.038091
v -0.408242 0.693253 0.035015
v -0.396702 0.687612 0.040177
v -0.397690 0.693238 0.034039
v -0.404128 0.703260 0.034921
v -0.390291 0.700633 0.030986
v -0.418422 0.664073 0.047685
v -0.423333 0.664587 0.040832
v -0.419863 0.659904 0.048439
v -0.428148 0.652183 0.055561
v -0.425495 0.679381 0.041079
v -0.423512 0.684413 0.040600
v -0.412655 0.700072 0.041050
v -0.430310 0.667515 0.043738
v -0.424799 0.685449 0.046663
v -0.426787 0.680480 0.047842
v -0.425350 0.650292 0.050494
v -0.429260 0.650398 0.045395
v -0.431145 0.648908 0.051025
v -0.432588 0.653173 0.053978
v -0.433535 0.651967 0.046965
v -0.432253 0.658895 0.044874
v -0.433535 0.651967 0.046965
v -0.432588 0.653173 0.053978
v -0.430866 0.660801 0.053818
v -0.428148 0.652183 0.055561
v -0.421879 0.665925 0.054679
v -0.428935 0.669271 0.052876
v -0.417682 0.678181 0.053996
v -0.424599 0.679968 0.052418
v -0.416871 0.681788 0.053873
v -0.422728 0.684875 0.051714
v -0.409667 0.692259 0.053351
v -0.411089 0.700452 0.050177
v -0.407118 0.706635 0.052935
v -0.412854 0.692152 0.054975
v -0.407102 0.707787 0.046148
v -0.407805 0.707474 0.041921
v -0.403613 0.710963 0.040523
v -0.404004 0.712032 0.047874
v -0.400997 0.717651 0.051013
v -0.398146 0.713363 0.036190
v -0.388286 0.719784 0.033229
v -0.379033 0.706542 0.028059
v -0.389828 0.727264 0.045911
v -0.396743 0.720739 0.069914
v -0.369335 0.722079 0.024519
v -0.364742 0.711849 0.024639
v -0.353250 0.717035 0.025845
v -0.368968 0.734105 0.028023
v -0.377497 0.728136 0.030115
v -0.378342 0.735743 0.041965
v -0.369301 0.744162 0.038049
v -0.383708 0.732497 0.065839
v -0.370598 0.741260 0.060659
v -0.360064 0.750650 0.055613
v -0.353791 0.739681 0.078114
v -0.346702 0.748971 0.068740
v -0.334637 0.740051 0.071763
v -0.372565 0.731965 0.082542
v -0.336377 0.733765 0.080274
v -0.328305 0.730098 0.067541
v -0.385767 0.721864 0.088248
v -0.359846 0.726254 0.090889
v -0.328956 0.721159 0.081750
v -0.328936 0.716044 0.065050
v -0.329486 0.706988 0.072809
v -0.340230 0.720851 0.093146
v -0.329632 0.711985 0.087678
v -0.331626 0.699640 0.081854
v -0.330617 0.704613 0.093903
v -0.333303 0.693540 0.091060
v -0.335535 0.709440 0.099907
v -0.332832 0.697201 0.098398
v -0.337262 0.681579 0.099811
v -0.335725 0.682751 0.107776
v -0.338768 0.676691 0.102031
v -0.337723 0.699459 0.104544
v -0.344146 0.711016 0.103082
v -0.336714 0.676099 0.110357
v -0.340097 0.666983 0.105043
v -0.339761 0.686237 0.112549
v -0.338296 0.668799 0.112891
v -0.342240 0.659383 0.109474
v -0.342435 0.657797 0.116614
v -0.341436 0.677966 0.115926
v -0.350016 0.669830 0.117492
v -0.350059 0.659397 0.119168
v -0.353469 0.660674 0.113112
v -0.354228 0.670164 0.110192
v -0.349150 0.680420 0.114519
v -0.352505 0.678799 0.107469
v -0.348415 0.685650 0.112332
v -0.352185 0.682963 0.105209
v -0.352721 0.692409 0.099411
v -0.346658 0.699232 0.105301
v -0.357384 0.700965 0.094375
v -0.350128 0.712361 0.099247
v -0.359951 0.714298 0.096528
v -0.365476 0.702544 0.095673
v -0.373643 0.718506 0.097216
v -0.368784 0.711375 0.098310
v -0.374635 0.699360 0.100806
v -0.376826 0.707245 0.102409
v -0.380307 0.697290 0.104569
v -0.380590 0.714695 0.100191
v -0.385829 0.702040 0.107037
v -0.382743 0.694641 0.105999
v -0.388078 0.716857 0.094143
v -0.395064 0.712171 0.090904
v -0.393985 0.718060 0.084757
v -0.386819 0.710632 0.103285
v -0.392045 0.711985 0.098570
v -0.394201 0.704421 0.103298
v -0.401047 0.684868 0.117009
v -0.396467 0.705359 0.095804
v -0.395593 0.679648 0.114569
v -0.385896 0.686049 0.097728
v -0.397105 0.676349 0.103657
v -0.397087 0.690751 0.091933
v -0.406459 0.679648 0.100913
v -0.397087 0.677078 0.115607
v -0.399640 0.672719 0.105553
v -0.409047 0.674816 0.102817
v -0.406352 0.662375 0.109641
v -0.414863 0.666227 0.107387
v -0.415602 0.659789 0.107950
v -0.404057 0.666278 0.119821
v -0.403457 0.680258 0.118582
v -0.407563 0.685996 0.113828
v -0.408337 0.657532 0.110804
v -0.417040 0.653332 0.110155
v -0.406092 0.658871 0.119485
v -0.410253 0.684864 0.106264
v -0.397087 0.690751 0.091933
v -0.406459 0.679648 0.100913
v -0.397378 0.691674 0.090788
v -0.411987 0.680416 0.107534
v -0.409047 0.674816 0.102817
v -0.409536 0.681138 0.115269
v -0.416503 0.670739 0.113242
v -0.414863 0.666227 0.107387
v -0.409831 0.670437 0.121400
v -0.411514 0.665696 0.122194
v -0.418014 0.665890 0.114435
v -0.415602 0.659789 0.107950
v -0.413551 0.659964 0.123030
v -0.420297 0.659485 0.115258
v -0.417040 0.653332 0.110155
v -0.421977 0.651053 0.115850
v -0.417546 0.651430 0.123441
v -0.409842 0.651536 0.119757
v -0.412015 0.651900 0.113112
v -0.416610 0.647847 0.116725
v -0.417546 0.651430 0.123441
v -0.421977 0.651053 0.115850
v -0.331626 0.699640 0.081854
v -0.329486 0.706988 0.072809
v -0.345952 0.693390 0.077722
v -0.333303 0.693540 0.091060
v -0.346556 0.691105 0.088825
v -0.352721 0.692409 0.099411
v -0.337262 0.681579 0.099811
v -0.346338 0.679951 0.098731
v -0.352185 0.682963 0.105209
v -0.338768 0.676691 0.102031
v -0.346465 0.677646 0.100657
v -0.352505 0.678799 0.107469
v -0.340097 0.666983 0.105043
v -0.348729 0.667154 0.103706
v -0.354228 0.670164 0.110192
v -0.342240 0.659383 0.109474
v -0.348797 0.659229 0.109070
v -0.353469 0.660674 0.113112
v -0.347891 0.655601 0.114353
v -0.342435 0.657797 0.116614
v -0.350059 0.659397 0.119168
v -0.018583 1.121975 -0.113658
v -0.000000 1.106699 -0.107713
v 0.000000 1.134622 -0.130808
v -0.015420 1.104381 -0.104266
v -0.044958 1.120323 -0.100459
v 0.000000 1.081528 -0.088707
v -0.036617 1.100946 -0.094009
v -0.025255 1.082027 -0.084053
v -0.054020 1.098707 -0.076216
v -0.066451 1.116879 -0.080148
v -0.013690 1.065046 -0.067455
v 0.000000 1.065712 -0.069516
v -0.000000 1.046978 -0.061306
v -0.018994 1.048748 -0.057651
v -0.030212 1.064376 -0.059771
v -0.032528 1.047083 -0.045425
v -0.042260 1.081185 -0.068740
v -0.041822 1.063855 -0.047201
v -0.043521 1.044313 -0.031579
v -0.062983 1.098405 -0.057323
v -0.078413 1.117032 -0.042109
v -0.069248 1.098912 -0.041739
v -0.059728 1.081763 -0.037378
v -0.052158 1.080818 -0.053049
v -0.050158 1.063232 -0.033118
v -0.055464 1.069032 -0.022377
v -0.052919 1.062106 -0.021298
v -0.046068 1.046843 -0.014943
v 0.000000 0.979554 -0.000886
v 0.000000 0.959485 -0.002844
v -0.015452 0.963281 -0.000094
v -0.021048 0.984068 -0.006124
v -0.030383 0.967376 -0.009450
v -0.017493 1.004511 0.003430
v 0.000000 1.002318 0.008860
v -0.034275 0.989670 -0.016915
v -0.038814 0.976890 -0.020945
v -0.044907 0.989019 -0.035806
v -0.031843 1.009305 -0.008509
v -0.016270 1.013542 0.009131
v 0.000000 1.011030 0.012780
v -0.000000 1.015789 0.018762
v -0.017294 1.019109 0.015787
v -0.030010 1.026444 0.008054
v -0.030586 1.020793 -0.003475
v -0.039160 1.035526 -0.002726
v -0.040840 0.999821 -0.032210
v -0.043650 0.999197 -0.052889
v -0.040029 1.014758 -0.023935
v -0.039933 1.030906 -0.015675
v -0.046068 1.046843 -0.014943
v -0.043521 1.044313 -0.031579
v -0.038057 1.019542 -0.038219
v -0.032528 1.047083 -0.045425
v -0.037212 1.008015 -0.048778
v -0.026952 0.995413 -0.070824
v -0.030600 1.023271 -0.050603
v -0.018994 1.048748 -0.057651
v -0.022396 1.011540 -0.065019
v 0.000000 0.994385 -0.073117
v 0.000000 1.010872 -0.066621
v -0.019641 1.025925 -0.060605
v -0.000000 1.046978 -0.061306
v 0.000000 1.026893 -0.062876
v -0.331565 0.718149 0.044556
v -0.336897 0.718658 0.046437
v -0.328305 0.730098 0.067541
v -0.322591 0.731348 0.069630
v -0.321006 0.731758 0.034663
v -0.334637 0.740051 0.071763
v -0.316300 0.749517 0.056114
v -0.320244 0.738138 0.032845
v -0.332111 0.744195 0.074055
v -0.346702 0.748971 0.068740
v -0.318204 0.752388 0.050913
v -0.324531 0.760003 0.060825
v -0.346403 0.753867 0.070940
v -0.361075 0.754282 0.054693
v -0.360064 0.750650 0.055613
v -0.369301 0.744162 0.038049
v -0.306396 0.765071 0.041446
v -0.306407 0.747690 0.021004
v -0.335751 0.766149 0.057251
v -0.331029 0.764920 0.052429
v -0.372575 0.747259 0.035673
v -0.368968 0.734105 0.028023
v -0.347103 0.766409 0.041128
v -0.354873 0.761598 0.026485
v -0.343923 0.764757 0.037632
v -0.282541 0.769347 0.017921
v -0.289268 0.755347 -0.000232
v -0.317226 0.778563 0.041631
v -0.253724 0.780269 -0.003771
v -0.259106 0.773260 -0.024339
v -0.232218 0.798404 -0.013557
v -0.235814 0.789803 -0.037456
v -0.221957 0.803199 -0.044059
v -0.291845 0.784251 0.030563
v -0.258346 0.795379 0.007870
v -0.220743 0.813747 -0.021602
v -0.213441 0.811940 -0.046213
v -0.331518 0.779430 0.024641
v -0.302163 0.796052 0.026021
v -0.265427 0.809697 0.011694
v -0.239869 0.813659 -0.004395
v -0.229477 0.823404 -0.014318
v -0.225041 0.828470 -0.017226
v -0.215938 0.819799 -0.024363
v -0.209992 0.824011 -0.024968
v -0.205096 0.818233 -0.047078
v -0.247771 0.826874 -0.003228
v -0.275135 0.819998 0.008421
v -0.236838 0.837376 -0.014004
v -0.191174 0.828238 -0.042135
v -0.192490 0.829667 -0.060994
v -0.168921 0.840487 -0.040942
v -0.166687 0.842014 -0.063081
v -0.192483 0.833905 -0.023239
v -0.145898 0.853882 -0.041170
v -0.148740 0.852395 -0.065021
v -0.126886 0.866855 -0.069299
v -0.255584 0.835702 -0.006830
v -0.215880 0.832708 -0.016971
v -0.172052 0.845469 -0.019895
v -0.198559 0.843888 -0.013783
v -0.220827 0.844161 -0.017718
v -0.228576 0.843313 -0.019484
v -0.224375 0.858467 -0.027620
v -0.205310 0.856086 -0.015466
v -0.179441 0.856294 -0.009372
v -0.145672 0.861377 -0.019333
v -0.242213 0.847298 -0.019132
v -0.233739 0.852898 -0.023765
v -0.123735 0.868399 -0.043931
v -0.113403 0.876306 -0.044424
v -0.116354 0.880030 -0.079689
v -0.108933 0.883891 -0.079697
v -0.104932 0.883513 -0.044532
v -0.126007 0.875585 -0.018725
v -0.115766 0.883456 -0.018772
v -0.100714 0.891320 -0.022079
v -0.108130 0.901836 -0.001039
v -0.150901 0.877610 -0.006745
v -0.133316 0.891651 -0.006867
v -0.120579 0.902826 -0.005153
v -0.160554 0.889664 -0.009789
v -0.119547 0.921833 -0.002045
v -0.109359 0.925834 0.000434
v -0.137032 0.904729 -0.007960
v -0.188451 0.869201 -0.011879
v -0.124836 0.938148 -0.011636
v -0.111204 0.946469 -0.011531
v -0.115699 0.957092 -0.027746
v -0.127953 0.914059 -0.004562
v -0.141208 0.923639 -0.013826
v -0.133648 0.947903 -0.026868
v -0.121088 0.961333 -0.048334
v -0.155400 0.908196 -0.018328
v -0.172854 0.896269 -0.023147
v -0.152648 0.929789 -0.029564
v -0.138727 0.950859 -0.048199
v -0.167955 0.911384 -0.034393
v -0.196956 0.879088 -0.025867
v -0.134423 0.944101 -0.067262
v -0.117607 0.954290 -0.068284
v -0.156075 0.931473 -0.050336
v -0.182175 0.901463 -0.042352
v -0.210942 0.866834 -0.027947
v -0.125399 0.932443 -0.081484
v -0.110620 0.941098 -0.083448
v -0.107054 0.921524 -0.091350
v -0.201485 0.884713 -0.043227
v -0.149731 0.926409 -0.067865
v -0.170928 0.913128 -0.050673
v -0.117738 0.916410 -0.089201
v -0.107334 0.899156 -0.090294
v -0.164669 0.910531 -0.069650
v -0.180638 0.900280 -0.068037
v -0.138769 0.916839 -0.080422
v -0.120774 0.894126 -0.088222
v -0.108933 0.883891 -0.079697
v -0.116354 0.880030 -0.079689
v -0.152634 0.903258 -0.082245
v -0.129138 0.906449 -0.086951
v -0.131632 0.877465 -0.084333
v -0.126886 0.866855 -0.069299
v -0.140092 0.890531 -0.087837
v -0.170120 0.889877 -0.083397
v -0.160419 0.876363 -0.086397
v -0.153949 0.863180 -0.081574
v -0.148740 0.852395 -0.065021
v -0.179973 0.864917 -0.084443
v -0.172734 0.852759 -0.080213
v -0.204707 0.848283 -0.081562
v -0.166687 0.842014 -0.063081
v -0.189438 0.876985 -0.081059
v -0.197438 0.838438 -0.075969
v -0.192490 0.829667 -0.060994
v -0.219950 0.823076 -0.074046
v -0.205096 0.818233 -0.047078
v -0.213441 0.811940 -0.046213
v -0.197583 0.886295 -0.065105
v -0.215223 0.871608 -0.062570
v -0.211991 0.859655 -0.077583
v -0.214991 0.873028 -0.043409
v -0.230941 0.862669 -0.042150
v -0.231866 0.859051 -0.059959
v -0.233492 0.843950 -0.074730
v -0.240163 0.857618 -0.037337
v -0.242014 0.851841 -0.056759
v -0.230129 0.832986 -0.080220
v -0.249231 0.852377 -0.032880
v -0.253004 0.845272 -0.053018
v -0.246617 0.831623 -0.076625
v -0.234366 0.819030 -0.076516
v -0.266248 0.841000 -0.022617
v -0.272833 0.835306 -0.045150
v -0.287426 0.823927 -0.008002
v -0.296878 0.816760 -0.027529
v -0.313051 0.800124 0.004383
v -0.244169 0.825151 -0.080467
v -0.251303 0.819765 -0.075973
v -0.255000 0.828535 -0.071379
v -0.270893 0.820275 -0.062199
v -0.295336 0.804798 -0.043084
v -0.319580 0.788466 -0.014224
v -0.336858 0.774039 0.009131
v -0.240343 0.810544 -0.067605
v -0.221957 0.803199 -0.044059
v -0.264204 0.809149 -0.067059
v -0.252948 0.798462 -0.059209
v -0.235814 0.789803 -0.037456
v -0.288854 0.791312 -0.048682
v -0.275115 0.779848 -0.043944
v -0.259106 0.773260 -0.024339
v -0.305643 0.761466 -0.018631
v -0.289268 0.755347 -0.000232
v -0.316832 0.776209 -0.020945
v -0.322881 0.750280 0.000246
v -0.306407 0.747690 0.021004
v -0.334685 0.763506 -0.001172
v -0.337616 0.739315 0.015327
v -0.320244 0.738138 0.032845
v -0.321006 0.731758 0.034663
v -0.350214 0.751197 0.015007
v -0.341160 0.733499 0.012052
v -0.350234 0.759862 0.025077
v -0.355657 0.750146 0.013521
v -0.372097 0.735040 0.022241
v -0.350972 0.716695 0.021834
v -0.331565 0.718149 0.044556
v -0.353250 0.717035 0.025845
v -0.336897 0.718658 0.046437
v 0.000000 0.575632 0.027274
v 0.000000 0.574065 -0.007852
v -0.002101 0.573337 -0.007796
v -0.018318 0.577429 0.029942
v 0.000000 0.592891 0.050395
v -0.019036 0.597287 0.050321
v -0.044113 0.606281 0.047553
v 0.000000 0.643867 0.061552
v -0.021770 0.645522 0.058895
v 0.000000 0.694345 0.066890
v -0.037547 0.695373 0.061269
v -0.046346 0.649815 0.051799
v -0.066962 0.695571 0.042081
v -0.067607 0.650853 0.041617
v -0.082691 0.693012 0.022471
v -0.086740 0.653799 0.023637
v -0.097869 0.654831 -0.000277
v -0.091723 0.695278 0.000068
v -0.091197 0.695945 -0.028351
v -0.099855 0.655031 -0.031581
v -0.075226 0.696705 -0.051435
v -0.103598 0.620039 0.000298
v -0.091765 0.618656 0.026270
v -0.069651 0.615399 0.043614
v -0.084108 0.655391 -0.063176
v -0.052778 0.696361 -0.064989
v -0.060260 0.653488 -0.082291
v -0.027737 0.695306 -0.072280
v -0.088376 0.614682 -0.062919
v -0.105411 0.618802 -0.032120
v -0.108567 0.586574 -0.000512
v -0.095801 0.584967 0.028334
v -0.071709 0.583787 0.045358
v -0.029417 0.652097 -0.089907
v -0.000000 0.692963 -0.074441
v -0.000000 0.649607 -0.090740
v -0.043987 0.579756 0.044716
v -0.018318 0.577429 0.029942
v -0.073163 0.534875 0.046408
v -0.060632 0.608341 -0.087376
v -0.029208 0.605087 -0.095754
v -0.000000 0.600793 -0.095464
v -0.031182 0.575473 -0.077922
v -0.000000 0.574606 -0.076970
v -0.043770 0.534580 0.042729
v -0.100230 0.536294 0.026662
v -0.017536 0.562301 -0.048714
v -0.000000 0.565444 -0.048893
v -0.002101 0.573337 -0.007796
v 0.000000 0.574065 -0.007852
v -0.041698 0.564224 -0.064099
v -0.063738 0.574492 -0.072497
v -0.016708 0.529644 0.023365
v -0.002101 0.573337 -0.007796
v -0.004985 0.527265 -0.010919
v -0.023515 0.461548 0.014208
v -0.012712 0.462196 -0.016844
v -0.044833 0.461533 0.031949
v -0.029324 0.413493 0.004670
v -0.024623 0.412792 -0.021376
v -0.090121 0.581841 -0.057680
v -0.070917 0.462177 0.035296
v -0.047236 0.415703 0.021346
v -0.034473 0.377576 -0.002710
v -0.030626 0.380412 -0.024192
v -0.095788 0.464757 0.020892
v -0.071566 0.417224 0.024196
v -0.050030 0.378255 0.012688
v -0.038571 0.354853 -0.009255
v -0.033860 0.357510 -0.026700
v -0.036926 0.337272 -0.031645
v -0.070499 0.379941 0.016748
v -0.072367 0.356461 0.013469
v -0.054872 0.353724 0.008700
v -0.043992 0.333233 -0.014897
v -0.042898 0.316888 -0.037946
v -0.091996 0.417652 0.012748
v -0.061782 0.328792 0.006856
v -0.108117 0.467117 -0.007186
v -0.089182 0.380078 0.007175
v -0.110574 0.537039 -0.002080
v -0.108563 0.585470 -0.032103
v -0.108963 0.535986 -0.032547
v -0.102775 0.417336 -0.010061
v -0.086646 0.536308 -0.060085
v -0.103343 0.467579 -0.036561
v -0.054712 0.534780 -0.066367
v -0.041698 0.564224 -0.064099
v -0.084364 0.468020 -0.058580
v -0.099160 0.417190 -0.037923
v -0.098416 0.380857 -0.012259
v -0.019611 0.530382 -0.049651
v -0.017536 0.562301 -0.048714
v -0.054742 0.465412 -0.065354
v -0.004985 0.527265 -0.010919
v -0.002101 0.573337 -0.007796
v -0.012712 0.462196 -0.016844
v -0.026784 0.462823 -0.052746
v -0.081198 0.416236 -0.057013
v -0.032300 0.415764 -0.047601
v -0.024623 0.412792 -0.021376
v -0.055286 0.416590 -0.062183
v -0.036782 0.384021 -0.046689
v -0.030626 0.380412 -0.024192
v -0.054892 0.384758 -0.059288
v -0.039307 0.361942 -0.047690
v -0.033860 0.357510 -0.026700
v -0.080199 0.384395 -0.056337
v -0.057093 0.364105 -0.057770
v -0.043535 0.344531 -0.047825
v -0.036926 0.337272 -0.031645
v -0.042898 0.316888 -0.037946
v -0.098437 0.381977 -0.037787
v -0.058986 0.349884 -0.058386
v -0.047750 0.322249 -0.055007
v -0.038481 0.283818 -0.047312
v -0.060419 0.330248 -0.065867
v -0.097487 0.362058 -0.041418
v -0.097113 0.358433 -0.014061
v -0.096833 0.348206 -0.045640
v -0.079520 0.364551 -0.056628
v -0.078839 0.352080 -0.059418
v -0.079502 0.333806 -0.066019
v -0.089108 0.357964 0.005321
v -0.097193 0.338752 -0.017174
v -0.089660 0.332406 0.003415
v -0.076146 0.328098 0.010468
v -0.089482 0.313295 -0.005245
v -0.099517 0.321494 -0.026542
v -0.077232 0.308547 0.000524
v -0.061464 0.310582 -0.003814
v -0.075428 0.280484 -0.007686
v -0.046922 0.312776 -0.019597
v -0.050005 0.280319 -0.021418
v -0.038481 0.283818 -0.047312
v -0.048053 0.232791 -0.028812
v -0.033393 0.235339 -0.054696
v -0.098294 0.330234 -0.051387
v -0.102493 0.297797 -0.061490
v -0.095537 0.282982 -0.017233
v -0.073263 0.234106 -0.015092
v -0.049722 0.199351 -0.032641
v -0.039286 0.201770 -0.062167
v -0.051147 0.152353 -0.059955
v -0.082606 0.299161 -0.079056
v -0.104787 0.290922 -0.037183
v -0.094666 0.237288 -0.023262
v -0.072803 0.200463 -0.019704
v -0.107044 0.252685 -0.070819
v -0.108528 0.245401 -0.043805
v -0.063456 0.296204 -0.078938
v -0.092968 0.202442 -0.027245
v -0.103866 0.203950 -0.046120
v -0.087085 0.249939 -0.088490
v -0.102566 0.203604 -0.067958
v -0.045649 0.288888 -0.069731
v -0.062140 0.241561 -0.089388
v -0.041493 0.236830 -0.078664
v -0.033393 0.235339 -0.054696
v -0.039286 0.201770 -0.062167
v -0.056981 0.202273 -0.083509
v -0.051147 0.152353 -0.059955
v -0.081471 0.201942 -0.083705
v -0.063921 0.152829 -0.073657
v -0.049747 0.151276 -0.060701
v -0.094355 0.154518 -0.063846
v -0.080224 0.154006 -0.074393
v -0.063657 0.152099 -0.076169
v -0.097632 0.154326 -0.046380
v -0.063932 0.095074 -0.074974
v -0.052954 0.095999 -0.059187
v -0.080551 0.095033 -0.075164
v -0.080758 0.153138 -0.077196
v -0.095413 0.153412 -0.064346
v -0.093852 0.094285 -0.062027
v -0.098979 0.153278 -0.046189
v -0.098167 0.094696 -0.045744
v -0.090416 0.096175 -0.028341
v -0.090290 0.153965 -0.030857
v -0.092394 0.152249 -0.028658
v -0.073157 0.153770 -0.023600
v -0.072741 0.152377 -0.019054
v -0.071961 0.096274 -0.021113
v -0.052523 0.151797 -0.034009
v -0.056856 0.096690 -0.036120
v -0.055157 0.153420 -0.035354
v -0.049747 0.151276 -0.060701
v -0.052954 0.095999 -0.059187
v -0.051703 0.066984 -0.034700
v -0.056856 0.096690 -0.036120
v -0.052954 0.095999 -0.059187
v -0.049337 0.066585 -0.058184
v -0.048473 0.036934 -0.034753
v -0.061020 0.066537 -0.077645
v -0.063932 0.095074 -0.074974
v -0.046877 0.036329 -0.058029
v -0.046904 -0.000251 -0.036323
v -0.043764 0.000828 -0.056779
v -0.053581 0.003978 -0.080574
v -0.057662 0.036138 -0.079935
v -0.075411 0.002903 -0.087814
v -0.080171 0.035801 -0.084818
v -0.093000 0.000815 -0.077264
v -0.080915 0.065690 -0.079546
v -0.080551 0.095033 -0.075164
v -0.097100 0.035580 -0.071942
v -0.105955 -0.000592 -0.053391
v -0.096661 0.064972 -0.065673
v -0.093852 0.094285 -0.062027
v -0.098167 0.094696 -0.045744
v -0.109984 0.034396 -0.049706
v -0.106222 0.065249 -0.042753
v -0.118580 0.016186 -0.028443
v -0.114509 -0.000441 -0.030902
v -0.126287 -0.000578 -0.004620
v -0.098311 0.072304 -0.023378
v -0.090416 0.096175 -0.028341
v -0.116649 0.042467 -0.024966
v -0.129197 0.014425 0.000684
v -0.134671 -0.001071 0.022937
v -0.125589 0.031671 0.003494
v -0.133333 0.013322 0.027848
v -0.134145 0.000551 0.057590
v -0.132258 0.013375 0.056022
v -0.126857 0.003052 0.076263
v -0.083859 0.075183 -0.013081
v -0.071961 0.096274 -0.021113
v -0.109499 0.057268 -0.007982
v -0.127376 0.030861 0.030778
v -0.089828 0.061730 0.002435
v -0.116516 0.044692 0.009603
v -0.063642 0.069400 -0.017079
v -0.056856 0.096690 -0.036120
v -0.051703 0.066984 -0.034700
v -0.064708 0.055258 -0.003350
v -0.048473 0.036934 -0.034753
v -0.056190 0.022672 -0.012058
v -0.046904 -0.000251 -0.036323
v -0.055652 -0.000663 -0.014402
v -0.068826 0.043613 0.019077
v -0.057087 0.017301 0.016459
v -0.056949 -0.000927 0.019228
v -0.092938 0.050855 0.022473
v -0.066850 0.030674 0.043540
v -0.061476 0.014620 0.046530
v -0.060853 0.000020 0.048272
v -0.100038 0.040476 0.044031
v -0.082057 0.029688 0.071582
v -0.076521 0.012968 0.074801
v -0.076564 0.002132 0.075504
v -0.126316 0.029392 0.054396
v -0.103657 0.035591 0.062714
v -0.091879 0.026802 0.084943
v -0.088457 0.011680 0.088224
v -0.089263 0.003823 0.087957
v -0.107325 0.004722 0.088748
v -0.120765 0.027054 0.073244
v -0.106386 0.026253 0.084588
v -0.107837 0.013494 0.088853
v -0.125969 0.013925 0.077152
v -0.013220 1.159750 0.065630
v -0.000000 1.165823 0.069003
v 0.000000 1.155277 0.068162
v -0.019222 1.178512 0.070391
v -0.034823 1.164093 0.056070
v -0.000000 1.186422 0.052965
v -0.037113 1.185861 0.069249
v -0.047345 1.157919 0.048303
v -0.016740 1.196723 0.057069
v -0.000000 1.202059 0.034774
v -0.016459 1.208512 0.037085
v -0.000000 1.212382 0.006117
v -0.056358 1.174037 0.053601
v -0.068945 1.151110 0.043814
v -0.034154 1.202274 0.055773
v -0.013813 1.221080 0.000830
v 0.000000 1.220247 -0.027023
v -0.056768 1.190157 0.046908
v -0.038773 1.211206 0.039083
v -0.011984 1.226218 -0.029058
v 0.000000 1.223628 -0.052495
v -0.029630 1.225104 -0.006247
v -0.018866 1.223399 -0.052941
v 0.000000 1.216154 -0.077290
v -0.073506 1.173257 0.037014
v -0.067378 1.192379 0.006876
v -0.056709 1.202423 0.029126
v -0.028796 1.226661 -0.035805
v -0.046728 1.219838 -0.013867
v -0.043562 1.217472 -0.050153
v -0.023253 1.214892 -0.072570
v -0.063832 1.203828 -0.027527
v -0.028169 1.201770 -0.087186
v 0.000000 1.202746 -0.093488
v -0.053149 1.205245 -0.059610
v -0.024697 1.183314 -0.103416
v -0.000000 1.185265 -0.107050
v -0.073640 1.190830 -0.039702
v -0.043974 1.187789 -0.092138
v -0.016232 1.166201 -0.116764
v 0.000000 1.169569 -0.117841
v 0.000000 1.153016 -0.125059
v -0.019343 1.141723 -0.124645
v 0.000000 1.134622 -0.130808
v -0.018583 1.121975 -0.113658
v -0.040992 1.156044 -0.116722
v -0.027266 1.130782 -0.116050
v -0.044958 1.120323 -0.100459
v -0.045545 1.143612 -0.116088
v -0.056078 1.169155 -0.098651
v -0.063310 1.191182 -0.069420
v -0.068165 1.154133 -0.097922
v -0.071282 1.173368 -0.081567
v -0.039942 1.128393 -0.115688
v -0.061662 1.137350 -0.101755
v -0.083027 1.144124 -0.081010
v -0.066451 1.116879 -0.080148
v -0.085335 1.172630 -0.055888
v -0.088760 1.159287 -0.067239
v -0.076392 1.130247 -0.072755
v -0.078413 1.117032 -0.042109
v -0.084488 1.137151 -0.058672
v -0.094984 1.152456 -0.038802
v -0.093487 1.166683 -0.026470
v -0.092847 1.147812 -0.007410
v -0.086367 1.135678 -0.038782
v -0.082285 1.179785 -0.009722
v -0.087622 1.168306 0.008216
v -0.084985 1.158901 0.021668
v -0.081196 1.144111 0.019861
v -0.072829 1.138855 0.030135
v -0.081578 1.128006 -0.029154
v -0.080492 1.117892 -0.025999
v -0.084861 1.136857 -0.011432
v -0.079612 1.132593 0.013048
v -0.068807 1.126305 0.019190
v -0.080277 1.125912 -0.005076
v -0.077751 1.117958 -0.003681
v -0.068709 1.112656 0.008941
v -0.047345 1.157919 0.048303
v -0.055099 1.142050 0.039924
v -0.068945 1.151110 0.043814
v -0.072829 1.138855 0.030135
v -0.060326 1.131931 0.028713
v -0.068807 1.126305 0.019190
v -0.043667 1.102123 0.043042
v -0.042214 1.104337 0.045931
v -0.029638 1.103074 0.039350
v -0.040304 1.106507 0.048923
v -0.035707 1.109085 0.053248
v -0.029694 1.109734 0.055405
v -0.024523 1.108760 0.055549
v -0.019699 1.105775 0.054094
v -0.016724 1.102155 0.051808
v -0.015882 1.099466 0.050025
v -0.015882 1.099466 0.050025
v -0.020190 1.098895 0.051365
v -0.029638 1.103074 0.039350
v -0.026425 1.098253 0.051743
v -0.033293 1.098260 0.050202
v -0.038539 1.099510 0.047277
v -0.041283 1.100713 0.044979
v -0.043667 1.102123 0.043042
v -0.005161 1.048726 0.065086
v -0.000000 1.033348 0.051392
v -0.000000 1.048543 0.065668
v -0.009524 1.035258 0.047755
v -0.010065 1.048583 0.063506
v -0.014458 1.048815 0.060595
v -0.000000 1.038821 0.012760
v -0.019495 1.037554 0.042093
v -0.018330 1.049814 0.057408
v -0.020956 1.050301 0.055820
v -0.022624 1.050615 0.054812
v -0.016408 1.040855 0.017854
v -0.026125 1.041296 0.034567
v -0.028115 1.050251 0.044450
v -0.028993 1.056812 0.041534
v -0.026628 1.043770 0.023283
v -0.028305 1.059069 0.025148
v -0.016759 1.065258 0.019863
v -0.021919 1.059238 0.050284
v -0.000000 1.068858 0.014680
v -0.028993 1.056812 0.041534
v -0.011544 1.062189 0.056114
v 0.000000 1.061572 0.060332
v -0.022624 1.050615 0.054812
v -0.028115 1.050251 0.044450
v -0.020956 1.050305 0.055821
v -0.018330 1.049820 0.057408
v -0.014458 1.048821 0.060595
v -0.010065 1.048589 0.063500
v -0.005161 1.048752 0.065081
v -0.000000 1.048550 0.065663
v 0.024396 1.171582 0.077488
v 0.023864 1.162489 0.061088
v 0.018856 1.162728 0.063590
v 0.035653 1.176256 0.075852
v 0.029721 1.175859 0.079756
v 0.037230 1.176923 0.082556
v 0.042657 1.173981 0.083089
v 0.040438 1.174819 0.071230
v 0.030174 1.165305 0.058937
v 0.040781 1.175181 0.061197
v 0.040781 1.175181 0.061197
v 0.052070 1.177667 0.036393
v 0.030929 1.185558 0.036930
v 0.055620 1.171554 0.059069
v 0.051380 1.167658 0.061615
v 0.063577 1.167271 0.033697
v 0.061135 1.153243 0.063491
v 0.066055 1.156547 0.051576
v 0.072776 1.134867 0.050725
v 0.068109 1.138200 0.065490
v 0.073521 1.129496 0.058753
v 0.069768 1.156576 0.033133
v 0.077641 1.125139 0.053064
v 0.072746 1.143001 0.040791
v 0.074099 1.145166 0.031392
v 0.078666 1.134544 0.033685
v 0.081391 1.136722 0.024225
v 0.079801 1.125304 0.043167
v 0.081400 1.122365 0.046859
v 0.082363 1.122338 0.043366
v 0.082674 1.122512 0.041213
v 0.083640 1.125119 0.027217
v 0.085634 1.126324 0.024857
v 0.086564 1.127090 0.020232
v 0.085692 1.128468 0.014093
v 0.040781 1.175181 0.061197
v 0.030929 1.185558 0.036930
v 0.015545 1.178938 0.041785
v 0.030174 1.165305 0.058937
v 0.040781 1.175181 0.061197
v 0.040438 1.174819 0.071230
v 0.051380 1.167658 0.061615
v 0.047973 1.170084 0.071990
v 0.042657 1.173981 0.083089
v 0.051653 1.158005 0.078948
v 0.053695 1.160423 0.069709
v 0.061135 1.153243 0.063491
v 0.056453 1.146645 0.076087
v 0.063121 1.142133 0.065176
v 0.059290 1.139476 0.072759
v 0.068109 1.138200 0.065490
v 0.061436 1.132584 0.068371
v 0.064964 1.129912 0.062151
v 0.062614 1.128647 0.065179
v 0.067046 1.129596 0.061663
v 0.063717 1.123553 0.061563
v 0.065108 1.124489 0.059909
v 0.066452 1.124480 0.059147
v 0.064462 1.118956 0.056140
v 0.065435 1.118822 0.055316
v 0.085692 1.128468 0.014093
v 0.084482 1.139180 0.022505
v 0.081391 1.136722 0.024225
v 0.081978 1.148937 0.028062
v 0.074099 1.145166 0.031392
v 0.078411 1.159133 0.033750
v 0.069768 1.156576 0.033133
v 0.063577 1.167271 0.033697
v 0.070695 1.172484 0.039415
v 0.052070 1.177667 0.036393
v 0.057717 1.186965 0.041714
v 0.050444 1.194660 0.041832
v 0.030929 1.185558 0.036930
v 0.034711 1.201494 0.042279
v 0.024107 1.203720 0.046216
v 0.013887 1.200011 0.050276
v 0.015545 1.178938 0.041785
v 0.003064 1.189412 0.049483
v -0.003542 1.179434 0.052042
v 0.084482 1.139180 0.022505
v 0.085692 1.128468 0.014093
v 0.086564 1.127090 0.020232
v 0.085634 1.137257 0.027899
v 0.085634 1.126324 0.024857
v 0.081978 1.148937 0.028062
v 0.082829 1.134108 0.034752
v 0.083569 1.146612 0.037602
v 0.078411 1.159133 0.033750
v 0.077507 1.159902 0.055244
v 0.070695 1.172484 0.039415
v 0.081285 1.138161 0.043817
v 0.076830 1.151170 0.056551
v 0.070782 1.168962 0.059400
v 0.065867 1.151805 0.071979
v 0.063085 1.182015 0.054013
v 0.057717 1.186965 0.041714
v 0.052604 1.191702 0.056544
v 0.050444 1.194660 0.041832
v 0.061889 1.176281 0.067006
v 0.057828 1.161521 0.077814
v 0.038678 1.201541 0.049682
v 0.034711 1.201494 0.042279
v 0.028679 1.203786 0.052945
v 0.024107 1.203720 0.046216
v 0.013887 1.200011 0.050276
v 0.031947 1.200197 0.062198
v 0.015809 1.197468 0.061003
v 0.005192 1.189488 0.065217
v 0.003064 1.189412 0.049483
v -0.003542 1.179434 0.052042
v -0.005727 1.174097 0.068624
v 0.023160 1.192840 0.072346
v 0.041064 1.193206 0.071665
v 0.041033 1.198539 0.062488
v 0.008168 1.180610 0.076549
v 0.050585 1.185998 0.071674
v 0.051988 1.171853 0.079742
v 0.045126 1.179827 0.081614
v 0.030414 1.181018 0.082770
v 0.001992 1.167453 0.076527
v -0.004974 1.167908 0.071195
v -0.002100 1.157116 0.067640
v 0.013321 1.165739 0.078576
v 0.006327 1.157486 0.066898
v 0.018856 1.162728 0.063590
v 0.024396 1.171582 0.077488
v 0.020176 1.174102 0.081472
v 0.029721 1.175859 0.079756
v 0.037230 1.176923 0.082556
v 0.037313 1.181339 0.083808
v 0.042657 1.173981 0.083089
v 0.051653 1.158005 0.078948
v 0.061330 1.149359 0.075840
v 0.056453 1.146645 0.076087
v 0.064126 1.140825 0.072841
v 0.059290 1.139476 0.072759
v 0.061436 1.132584 0.068371
v 0.067804 1.144859 0.069327
v 0.063995 1.131457 0.068546
v 0.062614 1.128647 0.065179
v 0.068209 1.146378 0.068427
v 0.068130 1.138558 0.067047
v 0.064027 1.127766 0.065834
v 0.063717 1.123553 0.061563
v 0.068109 1.138200 0.065490
v 0.067623 1.129515 0.063018
v 0.066774 1.124172 0.059965
v 0.064462 1.118956 0.056140
v 0.065435 1.118822 0.055316
v 0.066452 1.124480 0.059147
v 0.067046 1.129596 0.061663
v 0.069337 1.139317 0.065486
v 0.073521 1.129496 0.058753
v 0.073549 1.141701 0.062592
v 0.078413 1.132907 0.055039
v 0.077641 1.125139 0.053064
v 0.082192 1.125658 0.044590
v 0.081400 1.122365 0.046859
v 0.082363 1.122338 0.043366
v 0.082674 1.122512 0.041213
v 0.083640 1.125119 0.027217
v -0.060966 1.142839 0.058774
v -0.055905 1.148515 0.066510
v -0.059232 1.141156 0.055419
v -0.064766 1.137565 0.049815
v -0.063795 1.136700 0.049980
v -0.065975 1.132762 0.044756
v -0.066177 1.135509 0.044852
v -0.064766 1.137565 0.049815
v -0.065975 1.132762 0.044756
v -0.065839 1.141915 0.048111
v -0.060966 1.142839 0.058774
v -0.064388 1.153466 0.057699
v -0.063970 1.156418 0.052958
v -0.057848 1.170315 0.064804
v -0.055905 1.148515 0.066510
v -0.059176 1.159700 0.067557
v -0.058611 1.172814 0.058697
v -0.057963 1.171313 0.055053
v -0.051367 1.181508 0.054919
v -0.052430 1.181629 0.060983
v -0.051186 1.182774 0.058466
v -0.049408 1.181558 0.066616
v -0.054669 1.183472 0.060166
v -0.054705 1.187145 0.060012
v -0.057370 1.184787 0.056024
v -0.057330 1.186321 0.055746
v -0.057892 1.185483 0.054314
v -0.055904 1.185099 0.054015
v -0.050510 1.187325 0.057774
v -0.046268 1.190156 0.063075
v -0.046140 1.188629 0.059889
v -0.049410 1.188203 0.067499
v -0.045463 1.173643 0.077034
v -0.042875 1.180216 0.074517
v -0.041425 1.188423 0.074448
v -0.052000 1.166432 0.073916
v -0.050788 1.158044 0.074951
v -0.032589 1.177022 0.081164
v -0.042701 1.167351 0.079493
v -0.034005 1.172843 0.081817
v -0.024315 1.173813 0.080670
v -0.028446 1.184556 0.081266
v -0.037856 1.191703 0.071278
v -0.041262 1.161916 0.078671
v -0.034841 1.168110 0.079887
v -0.044023 1.193638 0.063841
v -0.047084 1.193863 0.059972
v -0.045972 1.195217 0.060451
v -0.047756 1.197095 0.057118
v -0.034212 1.166058 0.075866
v -0.038883 1.159130 0.075428
v -0.029436 1.169205 0.076548
v -0.041786 1.152144 0.074203
v -0.053125 1.146860 0.068908
v -0.043826 1.142178 0.068014
v -0.055298 1.139233 0.061357
v -0.046646 1.135941 0.061785
v -0.059232 1.141156 0.055419
v -0.053724 1.133427 0.054779
v -0.061279 1.132848 0.047437
v -0.022673 1.165489 0.069475
v -0.033899 1.167238 0.071208
v -0.025650 1.163661 0.060384
v -0.018607 1.161551 0.063410
v -0.013967 1.164576 0.071354
v -0.008918 1.158266 0.064327
v -0.008118 1.165753 0.075334
v -0.002100 1.157116 0.067640
v -0.004974 1.167908 0.071195
v -0.020622 1.179573 0.082311
v -0.005727 1.174097 0.068624
v -0.017741 1.187132 0.072465
v -0.025466 1.190945 0.072899
v -0.013924 1.188740 0.065150
v -0.003542 1.179434 0.052042
v -0.014245 1.188111 0.055067
v -0.022592 1.191369 0.055806
v -0.020808 1.193083 0.065390
v -0.028749 1.194882 0.066737
v -0.033141 1.192792 0.058311
v -0.035515 1.194198 0.065845
v -0.038386 1.192977 0.060570
v -0.040352 1.194250 0.061692
v -0.042641 1.194075 0.057900
v -0.044824 1.196025 0.059163
v -0.045522 1.195709 0.057124
v -0.046913 1.197363 0.057433
v -0.047681 1.197634 0.056152
v -0.047931 1.197019 0.056484
v -0.045522 1.195709 0.057124
v -0.047681 1.197634 0.056152
v -0.047931 1.197019 0.056484
v -0.047094 1.193328 0.057918
v -0.042641 1.194075 0.057900
v -0.047756 1.197095 0.057118
v -0.046140 1.188629 0.059889
v -0.047084 1.193863 0.059972
v -0.046268 1.190156 0.063075
v -0.046140 1.188629 0.059889
v -0.050510 1.187325 0.057774
v -0.048224 1.184991 0.058910
v -0.051186 1.182774 0.058466
v -0.054135 1.183806 0.056123
v -0.055904 1.185099 0.054015
v -0.054669 1.183472 0.060166
v -0.052430 1.181629 0.060983
v -0.057370 1.184787 0.056024
v -0.057892 1.185483 0.054314
v -0.048224 1.184991 0.058910
v -0.040837 1.189702 0.057540
v -0.046140 1.188629 0.059889
v -0.042641 1.194075 0.057900
v -0.038386 1.192977 0.060570
v -0.033141 1.192792 0.058311
v -0.051367 1.181508 0.054919
v -0.040837 1.189702 0.057540
v -0.048224 1.184991 0.058910
v -0.051186 1.182774 0.058466
v -0.047286 1.165483 0.064841
v -0.041786 1.152144 0.074203
v -0.038883 1.159130 0.075428
v -0.051314 1.152933 0.063791
v -0.057963 1.171313 0.055053
v -0.043826 1.142178 0.068014
v -0.063970 1.156418 0.052958
v -0.058238 1.141619 0.054726
v -0.065839 1.141915 0.048111
v -0.046646 1.135941 0.061785
v -0.053724 1.133427 0.054779
v -0.061279 1.132848 0.047437
v -0.040837 1.189702 0.057540
v -0.035826 1.169192 0.058485
v -0.033141 1.192792 0.058311
v -0.051367 1.181508 0.054919
v -0.048183 1.171232 0.058168
v -0.057963 1.171313 0.055053
v -0.033899 1.167238 0.071208
v -0.025650 1.163661 0.060384
v -0.035826 1.169192 0.058485
v -0.047286 1.165483 0.064841
v -0.048183 1.171232 0.058168
v -0.057963 1.171313 0.055053
v -0.038883 1.159130 0.075428
v -0.034212 1.166058 0.075866
v -0.065839 1.141915 0.048111
v -0.066177 1.135509 0.044852
v -0.063298 1.136583 0.048534
v -0.058238 1.141619 0.054726
v -0.058238 1.141619 0.054726
v -0.063795 1.136700 0.049980
v -0.059232 1.141156 0.055419
v -0.063298 1.136583 0.048534
v -0.065975 1.132762 0.044756
v -0.435361 0.661189 0.069485
v -0.437886 0.650409 0.071537
v -0.433427 0.648267 0.069945
v -0.429365 0.663098 0.063975
v -0.435536 0.651779 0.079692
v -0.433852 0.666459 0.069173
v -0.431730 0.662704 0.078878
v -0.429387 0.680033 0.065166
v -0.423085 0.680463 0.060257
v -0.427714 0.684264 0.064363
v -0.429175 0.681323 0.070918
v -0.414221 0.702440 0.059477
v -0.430860 0.667704 0.077468
v -0.427270 0.686327 0.070116
v -0.430765 0.650780 0.080390
v -0.425909 0.665528 0.079537
v -0.434701 0.647744 0.076545
v -0.437886 0.650409 0.071537
v -0.428417 0.648764 0.073724
v -0.433427 0.648267 0.069945
v -0.425322 0.681276 0.075741
v -0.420121 0.681407 0.077005
v -0.423906 0.685246 0.074940
v -0.408931 0.692102 0.073132
v -0.411579 0.703117 0.069050
v -0.405106 0.710315 0.072126
v -0.409149 0.694731 0.074049
v -0.410239 0.709184 0.060607
v -0.408720 0.709497 0.065555
v -0.405750 0.714350 0.057666
v -0.403215 0.714860 0.066206
v -0.399082 0.717749 0.076464
v -0.401341 0.712355 0.086382
v -0.404941 0.712763 0.080595
v -0.403011 0.706336 0.089043
v -0.408938 0.705961 0.079136
v -0.415725 0.686135 0.097571
v -0.410266 0.680294 0.096767
v -0.420908 0.687885 0.092866
v -0.422524 0.685969 0.085511
v -0.418804 0.679379 0.081851
v -0.417419 0.681940 0.098627
v -0.418074 0.665734 0.101018
v -0.424123 0.681401 0.085942
v -0.426315 0.663679 0.086683
v -0.423196 0.683337 0.093446
v -0.424774 0.668090 0.101165
v -0.429329 0.667114 0.090704
v -0.426579 0.664354 0.101742
v -0.423879 0.650334 0.103080
v -0.430760 0.663284 0.091714
v -0.429372 0.649889 0.090960
v -0.434655 0.649125 0.095791
v -0.431450 0.650256 0.103828
v -0.429387 0.645451 0.099398
v -0.424586 0.648280 0.095044
v -0.434655 0.649125 0.095791
v -0.429372 0.649889 0.090960
v -0.007585 1.046400 0.060820
v -0.006366 1.046808 0.058921
v 0.000000 1.046514 0.059650
v -0.000000 1.046098 0.062289
v 0.000000 1.034409 0.058789
v -0.011400 1.034490 0.055720
v -0.010871 1.045866 0.057853
v -0.009858 1.046227 0.056113
v -0.017571 1.035710 0.050981
v -0.011377 1.047418 0.054043
v -0.013499 1.048361 0.057344
v -0.015020 1.048254 0.053322
v -0.019572 1.051424 0.044311
v -0.021854 1.040642 0.040775
v -0.014346 1.050906 0.043323
v -0.023834 1.058269 0.026018
v -0.017473 1.057444 0.025439
v 0.435361 0.661189 0.069485
v 0.433427 0.648267 0.069945
v 0.437886 0.650409 0.071537
v 0.429365 0.663098 0.063975
v 0.435536 0.651779 0.079692
v 0.433852 0.666459 0.069173
v 0.431730 0.662704 0.078878
v 0.429387 0.680033 0.065166
v 0.423085 0.680463 0.060257
v 0.427714 0.684264 0.064363
v 0.429175 0.681323 0.070918
v 0.414221 0.702440 0.059477
v 0.430860 0.667704 0.077468
v 0.427270 0.686327 0.070116
v 0.430765 0.650780 0.080390
v 0.425909 0.665528 0.079537
v 0.434701 0.647744 0.076545
v 0.437886 0.650409 0.071537
v 0.428417 0.648764 0.073724
v 0.433427 0.648267 0.069945
v 0.425322 0.681276 0.075741
v 0.420121 0.681407 0.077005
v 0.423906 0.685246 0.074940
v 0.408931 0.692102 0.073132
v 0.411579 0.703117 0.069050
v 0.405106 0.710315 0.072126
v 0.409149 0.694731 0.074049
v 0.410239 0.709184 0.060607
v 0.408720 0.709497 0.065555
v 0.405750 0.714350 0.057666
v 0.403215 0.714860 0.066206
v 0.399082 0.717749 0.076464
v 0.401341 0.712355 0.086382
v 0.404941 0.712763 0.080595
v 0.403011 0.706336 0.089043
v 0.408938 0.705961 0.079136
v 0.415725 0.686135 0.097571
v 0.410266 0.680294 0.096767
v 0.420908 0.687885 0.092866
v 0.422524 0.685969 0.085511
v 0.418804 0.679379 0.081851
v 0.417419 0.681940 0.098627
v 0.418074 0.665734 0.101018
v 0.424123 0.681401 0.085942
v 0.426315 0.663679 0.086683
v 0.423196 0.683337 0.093446
v 0.424774 0.668090 0.101165
v 0.429329 0.667114 0.090704
v 0.426579 0.664354 0.101742
v 0.423879 0.650334 0.103080
v 0.430760 0.663284 0.091714
v 0.429372 0.649889 0.090960
v 0.434655 0.649125 0.095791
v 0.431450 0.650256 0.103828
v 0.429387 0.645451 0.099398
v 0.424586 0.648280 0.095044
v 0.434655 0.649125 0.095791
v 0.429372 0.649889 0.090960
v -0.043500 1.104788 0.047654
v -0.043580 1.098136 0.043129
v -0.046345 1.105605 0.039944
v -0.043752 1.112263 0.044691
v -0.042022 1.098505 0.047082
v -0.035189 1.092080 0.046961
v -0.042176 1.111079 0.048472
v -0.035502 1.117537 0.049775
v -0.036923 1.107723 0.053782
v -0.033218 1.111306 0.054505
v -0.023545 1.117568 0.050823
v -0.036838 1.100745 0.053011
v -0.037657 1.104232 0.053328
v -0.029973 1.104047 0.055844
v -0.026584 1.111323 0.055087
v -0.034627 1.097952 0.052892
v -0.022791 1.107760 0.055020
v -0.031464 1.096407 0.052996
v -0.027972 1.096416 0.053301
v -0.023234 1.092111 0.048007
v -0.024847 1.097977 0.053749
v -0.015955 1.098110 0.049946
v -0.013587 1.097847 0.046207
v -0.022706 1.100782 0.054248
v -0.021972 1.104271 0.054703
v -0.014386 1.104787 0.050885
v -0.010132 1.105641 0.043623
v -0.013768 1.112597 0.047838
v -0.016119 1.111467 0.051423
v 0.007585 1.046400 0.060820
v -0.000000 1.046098 0.062289
v 0.000000 1.046514 0.059650
v 0.000000 1.034409 0.058789
v 0.006366 1.046808 0.058921
v 0.011400 1.034490 0.055720
v 0.010871 1.045866 0.057853
v 0.009858 1.046227 0.056113
v 0.017571 1.035710 0.050981
v 0.011377 1.047418 0.054043
v 0.013499 1.048361 0.057344
v 0.015020 1.048254 0.053323
v 0.019572 1.051424 0.044311
v 0.021854 1.040642 0.040775
v 0.014346 1.050906 0.043323
v 0.023834 1.058269 0.026018
v 0.017473 1.057444 0.025439
v 0.043500 1.104788 0.047654
v 0.046345 1.105605 0.039944
v 0.043580 1.098136 0.043129
v 0.043752 1.112263 0.044691
v 0.042022 1.098505 0.047082
v 0.035189 1.092080 0.046961
v 0.042176 1.111079 0.048472
v 0.035502 1.117537 0.049775
v 0.036923 1.107723 0.053782
v 0.033218 1.111306 0.054504
v 0.023545 1.117568 0.050823
v 0.036838 1.100745 0.053011
v 0.037657 1.104232 0.053328
v 0.029973 1.104047 0.055844
v 0.026584 1.111323 0.055087
v 0.034627 1.097952 0.052892
v 0.022791 1.107760 0.055020
v 0.031464 1.096407 0.052996
v 0.027972 1.096416 0.053301
v 0.023234 1.092111 0.048007
v 0.024847 1.097977 0.053749
v 0.015955 1.098110 0.049946
v 0.013587 1.097847 0.046207
v 0.022706 1.100782 0.054248
v 0.021972 1.104271 0.054703
v 0.014386 1.104787 0.050885
v 0.010132 1.105641 0.043623
v 0.013768 1.112597 0.047838
v 0.016119 1.111467 0.051423
vt 1.720703 0.004875
vt 1.733398 0.004875
vt 1.735352 0.004875
vt 1.735352 0.004875
vt 1.733398 0.004875
vt 1.745117 0.004875
vt 0.775879 0.569336
vt 0.777832 0.622559
vt 0.800293 0.572754
vt 1.720703 0.004875
vt 1.735352 0.004875
vt 1.733398 0.004875
vt 1.735352 0.004875
vt 1.745117 0.004875
vt 1.733398 0.004875
vt 1.775391 0.569336
vt 1.799805 0.572754
vt 1.778320 0.622559
vt 0.460449 0.774902
vt 0.456787 0.791016
vt 0.467285 0.788086
vt 0.397949 0.755371
vt 0.401611 0.760254
vt 0.401367 0.750977
vt 0.401367 0.739258
vt 0.403320 0.759277
vt 0.406494 0.753906
vt 0.420166 0.806641
vt 0.425049 0.810547
vt 0.423096 0.810547
vt 0.425049 0.810547
vt 0.419678 0.812012
vt 0.423096 0.810547
vt 0.423584 0.816406
vt 0.422363 0.816895
vt 0.421875 0.816406
vt 0.423584 0.816406
vt 0.422363 0.817871
vt 0.422363 0.816895
vt 1.627930 0.016205
vt 1.599609 0.016205
vt 1.599609 0.004875
vt 1.627930 0.004875
vt 1.652344 0.016205
vt 1.652344 0.055267
vt 1.652344 0.004875
vt 1.675781 0.055267
vt 1.675781 0.016205
vt 1.693359 0.055267
vt 1.675781 0.004875
vt 1.693359 0.016205
vt 1.693359 0.004875
vt 1.627930 0.016205
vt 1.627930 0.055267
vt 1.652344 0.016205
vt 1.599609 0.016205
vt 1.599609 0.055267
vt 1.786133 0.016205
vt 1.769531 0.055267
vt 1.786133 0.055267
vt 1.766602 0.016205
vt 1.756836 0.035400
vt 1.746094 0.055267
vt 0.824219 0.446045
vt 0.808105 0.446777
vt 0.830078 0.458740
vt 0.830078 0.470459
vt 0.800293 0.458740
vt 0.829590 0.493652
vt 0.793945 0.477295
vt 0.822754 0.511230
vt 0.788574 0.494629
vt 0.813965 0.528809
vt 0.785156 0.513184
vt 0.782227 0.527832
vt 0.808594 0.544434
vt 0.779785 0.542480
vt 0.804199 0.561035
vt 0.793457 0.567383
vt 0.779785 0.557617
vt 0.767578 0.585938
vt 0.742676 0.657715
vt 0.766113 0.661621
vt 0.732422 0.600098
vt 0.741699 0.530762
vt 0.771484 0.544434
vt 0.776855 0.501465
vt 0.702148 0.608398
vt 0.704102 0.650391
vt 0.678711 0.643066
vt 0.701172 0.553711
vt 0.667969 0.593262
vt 0.646484 0.633301
vt 0.638672 0.592773
vt 0.619141 0.622070
vt 0.667969 0.549805
vt 0.618652 0.593262
vt 0.594238 0.612793
vt 0.594238 0.579590
vt 0.594238 0.550781
vt 0.636719 0.549316
vt 0.633789 0.496094
vt 0.594238 0.506348
vt 0.682129 0.493408
vt 0.628418 0.430664
vt 0.594238 0.440430
vt 0.594238 0.344971
vt 0.722656 0.490723
vt 0.668945 0.424561
vt 0.628418 0.354736
vt 0.594238 0.277832
vt 0.660156 0.356445
vt 0.646484 0.299072
vt 0.594238 0.229736
vt 0.753418 0.479004
vt 0.708984 0.447998
vt 0.775879 0.442871
vt 0.784668 0.472656
vt 0.742188 0.443604
vt 0.792969 0.409912
vt 0.804199 0.435547
vt 0.763672 0.402100
vt 0.731445 0.408447
vt 0.696777 0.409912
vt 0.817383 0.392822
vt 0.830566 0.438721
vt 0.795410 0.368408
vt 0.693359 0.361572
vt 0.716309 0.379883
vt 0.750488 0.348389
vt 0.692383 0.308594
vt 0.726562 0.328857
vt 0.836426 0.354492
vt 0.803223 0.322998
vt 0.770508 0.273438
vt 0.733398 0.262695
vt 0.695801 0.251709
vt 0.651855 0.240234
vt 0.594238 0.167603
vt 0.708496 0.183350
vt 0.651855 0.175537
vt 0.654785 0.122375
vt 0.594238 0.119385
vt 0.762207 0.182861
vt 0.710938 0.121643
vt 0.655273 0.063477
vt 0.594238 0.063477
vt 0.708008 0.063477
vt 0.744629 0.063477
vt 0.764648 0.123169
vt 0.823242 0.124878
vt 0.780273 0.063477
vt 0.815918 0.063477
vt 0.866211 0.063477
vt 0.814453 0.181763
vt 0.868652 0.125366
vt 0.909668 0.063599
vt 0.807617 0.267090
vt 0.865234 0.170044
vt 0.925293 0.123657
vt 0.947754 0.063660
vt 0.857422 0.303955
vt 0.860352 0.252686
vt 0.921875 0.168213
vt 0.987793 0.119385
vt 0.987793 0.063477
vt 0.987793 0.167603
vt 0.987793 0.229736
vt 0.915527 0.225586
vt 0.987793 0.244629
vt 0.925293 0.296875
vt 0.872070 0.345947
vt 0.933105 0.336914
vt 0.987793 0.310791
vt 0.987793 0.372559
vt 0.838379 0.394775
vt 0.886230 0.372070
vt 0.939941 0.389648
vt 0.987793 0.438721
vt 0.854004 0.414551
vt 0.895996 0.408936
vt 0.902344 0.460205
vt 0.945312 0.447998
vt 0.987793 0.502441
vt 0.860352 0.435547
vt 0.838867 0.462646
vt 0.943848 0.507324
vt 0.987793 0.552246
vt 0.864746 0.472900
vt 0.835449 0.500488
vt 0.860840 0.510742
vt 0.824707 0.533691
vt 0.899414 0.513672
vt 0.941895 0.555664
vt 0.987793 0.594238
vt 0.853027 0.549805
vt 0.895508 0.564941
vt 0.841309 0.589844
vt 0.805176 0.578125
vt 0.942383 0.600586
vt 0.826660 0.629395
vt 0.793945 0.616699
vt 0.783691 0.666016
vt 0.816895 0.676270
vt 0.867676 0.639160
vt 0.853516 0.687500
vt 0.879883 0.694336
vt 0.882324 0.610352
vt 0.954102 0.640625
vt 0.987793 0.642578
vt 0.923340 0.632324
vt 0.931641 0.669922
vt 0.905273 0.655273
vt 0.910645 0.701172
vt 0.900879 0.726562
vt 0.307129 0.974121
vt 0.335449 0.996094
vt 0.307129 0.996094
vt 0.328369 0.965820
vt 0.307129 0.957520
vt 0.365967 0.995117
vt 0.322510 0.945801
vt 0.307129 0.942871
vt 0.359131 0.947266
vt 0.387695 0.995117
vt 0.317383 0.927734
vt 0.307129 0.926758
vt 0.374268 0.938965
vt 0.404785 0.995117
vt 0.349854 0.918457
vt 0.315918 0.913086
vt 0.307129 0.916992
vt 0.395020 0.932617
vt 0.424072 0.995117
vt 0.363525 0.904785
vt 0.337891 0.894043
vt 0.313232 0.907715
vt 0.306885 0.910645
vt 0.417480 0.935059
vt 0.443359 0.995117
vt 0.323486 0.881348
vt 0.380615 0.890137
vt 0.401367 0.880371
vt 0.427002 0.878906
vt 0.348145 0.871582
vt 0.366211 0.850586
vt 0.390625 0.841309
vt 0.410156 0.802734
vt 0.329590 0.835449
vt 0.379395 0.801758
vt 0.382080 0.730469
vt 0.352783 0.815918
vt 0.306641 0.837402
vt 0.301758 0.793457
vt 0.329102 0.769531
vt 0.357422 0.748047
vt 0.307617 0.710938
vt 0.324219 0.698242
vt 0.278320 0.663086
vt 0.285400 0.729980
vt 0.252441 0.670898
vt 0.255371 0.641602
vt 0.310791 0.879883
vt 0.269287 0.749023
vt 0.239502 0.696777
vt 0.212769 0.712402
vt 0.229492 0.646484
vt 0.199951 0.601074
vt 0.207153 0.671875
vt 0.304199 0.902832
vt 0.190186 0.616699
vt 0.134277 0.600098
vt 0.206787 0.653320
vt 0.172852 0.634766
vt 0.133179 0.616699
vt 0.022964 0.597656
vt 0.165527 0.663086
vt 0.092407 0.639648
vt 0.056305 0.614746
vt 0.028946 0.635742
vt 0.003248 0.642578
vt 0.029617 0.672852
vt 0.087463 0.666992
vt 0.173706 0.689941
vt 0.123169 0.692383
vt 0.054565 0.682617
vt 0.182739 0.729980
vt 0.127563 0.716309
vt 0.095703 0.712891
vt 0.024002 0.686523
vt 0.242798 0.773926
vt 0.129639 0.729980
vt 0.092529 0.751465
vt 0.074463 0.731934
vt 0.050842 0.736816
vt 0.159790 0.747070
vt 0.270996 0.816406
vt 0.127686 0.764648
vt 0.105103 0.807129
vt 0.057800 0.794434
vt 0.029160 0.784180
vt 0.216797 0.793945
vt 0.284668 0.844238
vt 0.150391 0.786133
vt 0.249634 0.831543
vt 0.298340 0.885254
vt 0.270996 0.864258
vt 0.286377 0.893066
vt 0.025482 0.842773
vt 0.004196 0.829102
vt 0.004196 0.893066
vt 0.180786 0.822754
vt 0.294434 0.912109
vt 0.306885 0.916992
vt 0.292480 0.925293
vt 0.307129 0.926758
vt 0.307129 0.942871
vt 0.274658 0.907227
vt 0.286865 0.942383
vt 0.307129 0.957520
vt 0.262207 0.886230
vt 0.233643 0.867188
vt 0.234863 0.903809
vt 0.194580 0.861816
vt 0.265381 0.921875
vt 0.250732 0.909668
vt 0.238770 0.924316
vt 0.284180 0.958008
vt 0.307129 0.974121
vt 0.261230 0.942871
vt 0.284424 0.979492
vt 0.291016 0.996094
vt 0.307129 0.996094
vt 0.267090 0.996094
vt 0.265381 0.975098
vt 0.251953 0.970215
vt 0.256104 0.996094
vt 0.245483 0.996094
vt 0.246216 0.941895
vt 0.244263 0.980469
vt 0.230591 0.996094
vt 0.230591 0.982422
vt 0.217285 0.996094
vt 0.217163 0.982422
vt 0.206421 0.996094
vt 0.207031 0.982422
vt 0.192627 0.996094
vt 0.193115 0.982422
vt 0.180054 0.996094
vt 0.179199 0.976562
vt 0.158569 0.996094
vt 0.160156 0.972168
vt 0.122559 0.996094
vt 0.195190 0.959961
vt 0.212036 0.967285
vt 0.224121 0.972168
vt 0.235962 0.959961
vt 0.123474 0.964844
vt 0.097229 0.996094
vt 0.226929 0.958984
vt 0.245361 0.963867
vt 0.241577 0.951172
vt 0.233521 0.941406
vt 0.217773 0.949219
vt 0.224121 0.935547
vt 0.202515 0.940918
vt 0.213501 0.923340
vt 0.178711 0.922852
vt 0.194580 0.934570
vt 0.166748 0.940430
vt 0.132935 0.942383
vt 0.191650 0.895508
vt 0.157104 0.884766
vt 0.136597 0.929199
vt 0.157959 0.843750
vt 0.146484 0.912109
vt 0.147705 0.808105
vt 0.127441 0.800293
vt 0.133179 0.813477
vt 0.120911 0.811523
vt 0.141479 0.833496
vt 0.140869 0.859375
vt 0.139771 0.820312
vt 0.136108 0.837402
vt 0.135376 0.826660
vt 0.135742 0.859375
vt 0.134399 0.819824
vt 0.132324 0.827637
vt 0.139648 0.885254
vt 0.135376 0.881348
vt 0.128784 0.822266
vt 0.130615 0.834473
vt 0.139404 0.904297
vt 0.135376 0.897949
vt 0.139893 0.912109
vt 0.135498 0.905273
vt 0.132202 0.907715
vt 0.132568 0.915039
vt 0.129883 0.905273
vt 0.115967 0.826660
vt 0.118958 0.930176
vt 0.127686 0.912598
vt 0.128906 0.895508
vt 0.109070 0.946777
vt 0.111023 0.907227
vt 0.120483 0.901367
vt 0.128662 0.878906
vt 0.120117 0.881836
vt 0.129395 0.855957
vt 0.111450 0.883301
vt 0.121887 0.854980
vt 0.124695 0.830566
vt 0.114014 0.854492
vt 0.103577 0.914062
vt 0.098511 0.846191
vt 0.096741 0.879395
vt 0.084778 0.883789
vt 0.087891 0.922363
vt 0.076965 0.836914
vt 0.092041 0.965820
vt 0.057800 0.996094
vt 0.057800 0.960938
vt 0.025482 0.996094
vt 0.057800 0.921387
vt 0.025482 0.957520
vt 0.004196 0.996094
vt 0.004196 0.954590
vt 0.025482 0.902344
vt 0.057800 0.875977
vt 0.057800 0.837891
vt 0.083496 0.791016
vt 0.780273 0.978027
vt 0.743652 0.978027
vt 0.743652 0.986328
vt 0.780273 0.986328
vt 0.743652 0.994629
vt 0.780273 0.994629
vt 0.815918 0.994629
vt 0.815918 0.978027
vt 0.815918 0.986328
vt 0.849609 0.994629
vt 0.849609 0.986328
vt 0.849609 0.978027
vt 0.991699 0.755859
vt 0.967773 0.747559
vt 0.972656 0.755371
vt 0.994629 0.749023
vt 0.994629 0.740723
vt 0.976562 0.734375
vt 0.995605 0.732422
vt 0.979004 0.720703
vt 0.995605 0.720703
vt 0.997070 0.708008
vt 0.981934 0.705566
vt 0.998047 0.687500
vt 0.955078 0.717285
vt 0.953125 0.733398
vt 0.946777 0.745605
vt 0.966309 0.755371
vt 0.948730 0.754883
vt 0.984375 0.686035
vt 0.997070 0.659180
vt 0.970703 0.672363
vt 0.979492 0.650391
vt 0.966797 0.682129
vt 0.952148 0.655273
vt 0.957520 0.645020
vt 0.944824 0.664062
vt 0.956543 0.701660
vt 0.943359 0.686523
vt 0.930176 0.687988
vt 0.933105 0.705078
vt 0.918457 0.703125
vt 0.912109 0.714844
vt 0.931152 0.713867
vt 0.908691 0.724609
vt 0.928711 0.727539
vt 0.905762 0.734375
vt 0.927246 0.737793
vt 0.903809 0.741211
vt 0.900879 0.749512
vt 0.920410 0.748535
vt 0.919922 0.754395
vt 0.943359 0.754883
vt 0.965820 0.975098
vt 0.979004 0.995117
vt 0.965820 0.995117
vt 0.979004 0.975098
vt 0.965820 0.952637
vt 0.995605 0.975098
vt 0.995605 0.995117
vt 0.995605 0.952637
vt 0.979004 0.952637
vt 0.965820 0.936523
vt 0.995605 0.936523
vt 0.979004 0.936523
vt 0.856934 0.976562
vt 0.853027 0.996582
vt 0.876465 0.996582
vt 0.883301 0.974609
vt 0.885742 0.996582
vt 0.887695 0.975586
vt 0.915527 0.996582
vt 0.887207 0.960449
vt 0.892578 0.961914
vt 0.857422 0.953613
vt 0.853027 0.975586
vt 0.839355 0.974121
vt 0.844727 0.952148
vt 0.826172 0.973633
vt 0.916992 0.981445
vt 0.918457 0.967773
vt 0.922852 0.981934
vt 0.944336 0.996582
vt 0.895996 0.954102
vt 0.890137 0.952148
vt 0.862305 0.943848
vt 0.919922 0.959961
vt 0.892578 0.942871
vt 0.898926 0.944824
vt 0.944336 0.971191
vt 0.939453 0.982422
vt 0.947266 0.982422
vt 0.956055 0.996582
vt 0.957520 0.974609
vt 0.928711 0.959961
vt 0.958008 0.962402
vt 0.960449 0.942871
vt 0.932129 0.939941
vt 0.953125 0.934082
vt 0.927246 0.930664
vt 0.923340 0.939453
vt 0.905273 0.926758
vt 0.902832 0.935547
vt 0.898926 0.925293
vt 0.896484 0.934082
vt 0.881836 0.919434
vt 0.869141 0.930176
vt 0.856934 0.915527
vt 0.883301 0.918457
vt 0.856934 0.928223
vt 0.854004 0.938477
vt 0.842773 0.938477
vt 0.847168 0.921387
vt 0.834961 0.908203
vt 0.829590 0.945312
vt 0.806641 0.941406
vt 0.804688 0.973145
vt 0.809082 0.909180
vt 0.837402 0.876465
vt 0.770996 0.949219
vt 0.772949 0.973145
vt 0.744629 0.972168
vt 0.743652 0.943359
vt 0.770996 0.932129
vt 0.770508 0.906738
vt 0.743652 0.908203
vt 0.809570 0.877930
vt 0.769531 0.875000
vt 0.743164 0.881348
vt 0.769531 0.847656
vt 0.742676 0.858398
vt 0.742676 0.842285
vt 0.811523 0.848633
vt 0.770020 0.825195
vt 0.742676 0.823730
vt 0.837402 0.844238
vt 0.812012 0.826660
vt 0.763184 0.810547
vt 0.741211 0.798828
vt 0.748535 0.786133
vt 0.795410 0.805176
vt 0.776367 0.790039
vt 0.756348 0.773438
vt 0.783691 0.770020
vt 0.770020 0.750977
vt 0.799316 0.775879
vt 0.789062 0.756836
vt 0.781738 0.729004
vt 0.797363 0.734863
vt 0.786133 0.717773
vt 0.804688 0.761719
vt 0.809082 0.784668
vt 0.801270 0.724609
vt 0.791992 0.704102
vt 0.812500 0.739746
vt 0.807617 0.709473
vt 0.799316 0.684082
vt 0.812500 0.687988
vt 0.815430 0.729004
vt 0.834473 0.716309
vt 0.840820 0.696777
vt 0.855957 0.701660
vt 0.851562 0.718750
vt 0.831055 0.731445
vt 0.848145 0.732910
vt 0.827637 0.743164
vt 0.845215 0.746582
vt 0.841309 0.767578
vt 0.820801 0.765625
vt 0.842285 0.779785
vt 0.814453 0.794922
vt 0.824707 0.804199
vt 0.850586 0.783691
vt 0.837402 0.818359
vt 0.839355 0.804199
vt 0.860352 0.787109
vt 0.856934 0.802246
vt 0.869629 0.789551
vt 0.852051 0.814941
vt 0.871582 0.801270
vt 0.873535 0.791016
vt 0.853027 0.831055
vt 0.861328 0.840820
vt 0.856445 0.854492
vt 0.861816 0.813965
vt 0.862793 0.824219
vt 0.873535 0.812012
vt 0.915039 0.798828
vt 0.872070 0.825684
vt 0.915039 0.789551
vt 0.877930 0.775391
vt 0.915039 0.775391
vt 0.880371 0.760254
vt 0.915039 0.760254
vt 0.922852 0.789551
vt 0.922852 0.775391
vt 0.922852 0.760254
vt 0.950684 0.775391
vt 0.950684 0.760254
vt 0.962402 0.760254
vt 0.950684 0.789551
vt 0.922852 0.798828
vt 0.962402 0.775391
vt 0.976074 0.760254
vt 0.915039 0.811035
vt 0.962402 0.789551
vt 0.915039 0.821289
vt 0.888672 0.834961
vt 0.915039 0.834473
vt 0.890137 0.837891
vt 0.922852 0.821289
vt 0.922852 0.833984
vt 0.922852 0.811035
vt 0.948242 0.821289
vt 0.950684 0.833496
vt 0.948242 0.798828
vt 0.954102 0.798828
vt 0.954102 0.821289
vt 0.967285 0.832520
vt 0.967773 0.798828
vt 0.968750 0.821289
vt 0.974609 0.832031
vt 0.989258 0.821289
vt 0.989258 0.798828
vt 0.977539 0.789551
vt 0.976074 0.775391
vt 0.985840 0.775391
vt 0.995117 0.789551
vt 0.995605 0.760254
vt 0.861328 0.706055
vt 0.880859 0.708496
vt 0.858887 0.692383
vt 0.859375 0.717773
vt 0.878418 0.722168
vt 0.896484 0.733398
vt 0.856934 0.731934
vt 0.873047 0.738281
vt 0.889160 0.746094
vt 0.854980 0.739746
vt 0.870117 0.745117
vt 0.883789 0.752441
vt 0.851562 0.750977
vt 0.866211 0.755371
vt 0.876953 0.759277
vt 0.847168 0.763672
vt 0.861816 0.765137
vt 0.873047 0.772949
vt 0.859375 0.772461
vt 0.845703 0.777344
vt 0.869141 0.784180
vt 0.460205 0.890137
vt 0.440674 0.890137
vt 0.440918 0.923340
vt 0.467773 0.923340
vt 0.498047 0.890625
vt 0.447266 0.947754
vt 0.501953 0.923340
vt 0.488770 0.947266
vt 0.538574 0.923340
vt 0.539062 0.890625
vt 0.483398 0.970703
vt 0.447754 0.970703
vt 0.451416 0.992188
vt 0.492432 0.992188
vt 0.513184 0.970703
vt 0.531738 0.992188
vt 0.522461 0.947266
vt 0.541992 0.970703
vt 0.566895 0.992188
vt 0.570801 0.923340
vt 0.599609 0.890625
vt 0.596191 0.923340
vt 0.576660 0.946777
vt 0.550293 0.947266
vt 0.569824 0.970703
vt 0.598145 0.946777
vt 0.597168 0.970703
vt 0.595703 0.992188
vt 0.736816 0.969727
vt 0.736816 0.993164
vt 0.704102 0.993164
vt 0.704102 0.960449
vt 0.736816 0.948730
vt 0.680664 0.960449
vt 0.680664 0.993164
vt 0.704102 0.926758
vt 0.736816 0.926758
vt 0.736816 0.895508
vt 0.647949 0.960449
vt 0.648438 0.993164
vt 0.608398 0.993164
vt 0.608398 0.960449
vt 0.608398 0.926758
vt 0.646484 0.926758
vt 0.608398 0.895508
vt 0.680664 0.926758
vt 0.704102 0.895508
vt 0.736816 0.859863
vt 0.680664 0.895508
vt 0.645996 0.895508
vt 0.608398 0.869141
vt 0.643555 0.869141
vt 0.680664 0.869141
vt 0.642578 0.843750
vt 0.704102 0.859863
vt 0.736816 0.819336
vt 0.680664 0.843750
vt 0.639648 0.819336
vt 0.704102 0.819336
vt 0.736816 0.787598
vt 0.704102 0.787598
vt 0.680664 0.819336
vt 0.641113 0.787598
vt 0.680664 0.787598
vt 0.387695 0.003206
vt 0.349365 0.003206
vt 0.349365 0.011650
vt 0.387695 0.011650
vt 0.416992 0.003206
vt 0.349365 0.045502
vt 0.416992 0.011650
vt 0.439453 0.003206
vt 0.387695 0.045502
vt 0.349121 0.058075
vt 0.439453 0.011650
vt 0.466553 0.011650
vt 0.466553 0.003206
vt 0.495850 0.003206
vt 0.416992 0.045502
vt 0.387695 0.058075
vt 0.439453 0.045502
vt 0.394531 0.092773
vt 0.348877 0.092773
vt 0.428223 0.058075
vt 0.495850 0.011650
vt 0.520020 0.003206
vt 0.466553 0.045502
vt 0.495850 0.045502
vt 0.466553 0.058075
vt 0.378174 0.133789
vt 0.348877 0.133789
vt 0.425293 0.092773
vt 0.360352 0.195923
vt 0.338379 0.195923
vt 0.357910 0.234253
vt 0.331543 0.234253
vt 0.326416 0.259766
vt 0.407227 0.133789
vt 0.386230 0.195923
vt 0.354736 0.259766
vt 0.322998 0.275146
vt 0.462402 0.092773
vt 0.430420 0.133789
vt 0.409424 0.195923
vt 0.386230 0.234253
vt 0.386230 0.259766
vt 0.386230 0.275146
vt 0.352539 0.275635
vt 0.350586 0.289795
vt 0.319824 0.289551
vt 0.409424 0.234253
vt 0.426758 0.195923
vt 0.409424 0.259766
vt 0.333496 0.315674
vt 0.310791 0.315674
vt 0.327881 0.349854
vt 0.302490 0.349854
vt 0.360840 0.315674
vt 0.320801 0.380859
vt 0.297852 0.381104
vt 0.292480 0.413574
vt 0.426758 0.234253
vt 0.386230 0.289551
vt 0.357666 0.350098
vt 0.382324 0.315674
vt 0.402588 0.289551
vt 0.409424 0.275146
vt 0.426758 0.289551
vt 0.403320 0.315674
vt 0.381592 0.349854
vt 0.350586 0.381104
vt 0.426758 0.259766
vt 0.426758 0.275146
vt 0.312988 0.414307
vt 0.307373 0.435547
vt 0.289062 0.435059
vt 0.286621 0.447266
vt 0.301270 0.452881
vt 0.339600 0.415527
vt 0.331543 0.436279
vt 0.321777 0.460938
vt 0.346680 0.471680
vt 0.376221 0.381104
vt 0.366455 0.417480
vt 0.359863 0.446045
vt 0.399658 0.381104
vt 0.387939 0.463867
vt 0.379639 0.482178
vt 0.389648 0.423096
vt 0.402588 0.349854
vt 0.413574 0.465820
vt 0.409424 0.487549
vt 0.442383 0.487549
vt 0.390381 0.448975
vt 0.414795 0.443604
vt 0.440918 0.465820
vt 0.471436 0.487549
vt 0.416016 0.411621
vt 0.424561 0.381104
vt 0.428467 0.349854
vt 0.441650 0.435303
vt 0.470215 0.465820
vt 0.443359 0.402100
vt 0.499512 0.465820
vt 0.501465 0.487549
vt 0.470459 0.432861
vt 0.455078 0.381104
vt 0.428955 0.315674
vt 0.527832 0.465820
vt 0.528809 0.487549
vt 0.556641 0.487549
vt 0.455078 0.349854
vt 0.497314 0.435547
vt 0.469482 0.400391
vt 0.555176 0.465820
vt 0.578613 0.487549
vt 0.497314 0.404541
vt 0.491455 0.381104
vt 0.524414 0.440430
vt 0.574219 0.451172
vt 0.587891 0.487549
vt 0.587891 0.457275
vt 0.524902 0.412842
vt 0.552246 0.442383
vt 0.570801 0.418213
vt 0.588379 0.420410
vt 0.548828 0.417480
vt 0.520996 0.381104
vt 0.544434 0.381104
vt 0.563965 0.381104
vt 0.588379 0.382080
vt 0.537598 0.349854
vt 0.557617 0.349854
vt 0.533691 0.315674
vt 0.585449 0.349854
vt 0.515137 0.349854
vt 0.554688 0.315674
vt 0.585449 0.315674
vt 0.547363 0.289551
vt 0.585449 0.289551
vt 0.585449 0.275146
vt 0.486328 0.349854
vt 0.483398 0.315674
vt 0.512207 0.315674
vt 0.454590 0.315674
vt 0.452148 0.289551
vt 0.480713 0.289551
vt 0.511230 0.289551
vt 0.452148 0.275146
vt 0.480713 0.275146
vt 0.524902 0.289551
vt 0.452148 0.259766
vt 0.480713 0.259766
vt 0.511230 0.275146
vt 0.547363 0.275146
vt 0.452148 0.234253
vt 0.480713 0.234253
vt 0.452148 0.195923
vt 0.480713 0.195923
vt 0.464111 0.133789
vt 0.524902 0.275146
vt 0.524902 0.259766
vt 0.511230 0.259766
vt 0.511230 0.234253
vt 0.511230 0.195923
vt 0.497559 0.133789
vt 0.491699 0.092773
vt 0.547363 0.259766
vt 0.585449 0.259766
vt 0.524902 0.234253
vt 0.547363 0.234253
vt 0.585449 0.234253
vt 0.524902 0.195923
vt 0.547363 0.195923
vt 0.585449 0.195923
vt 0.547363 0.133789
vt 0.585449 0.133789
vt 0.519531 0.133789
vt 0.546387 0.092773
vt 0.585449 0.092773
vt 0.517578 0.092773
vt 0.550781 0.058075
vt 0.586914 0.058075
vt 0.587402 0.045502
vt 0.520020 0.058075
vt 0.550781 0.045502
vt 0.495850 0.058075
vt 0.520020 0.045502
vt 0.520020 0.011650
vt 0.550781 0.011650
vt 0.587402 0.011650
vt 0.550781 0.003206
vt 0.587402 0.003206
vt 0.338379 0.091980
vt 0.338379 0.105469
vt 0.338379 0.094849
vt 0.308594 0.093933
vt 0.338379 0.080688
vt 0.308594 0.072021
vt 0.278809 0.072021
vt 0.338379 0.050629
vt 0.308594 0.039612
vt 0.338379 0.003948
vt 0.296143 0.003948
vt 0.278809 0.039612
vt 0.249512 0.003948
vt 0.249512 0.036285
vt 0.214111 0.003948
vt 0.214111 0.036285
vt 0.177734 0.036285
vt 0.177734 0.003948
vt 0.145020 0.003948
vt 0.145020 0.036285
vt 0.108154 0.003948
vt 0.177734 0.068726
vt 0.214111 0.068726
vt 0.249512 0.068726
vt 0.108154 0.036285
vt 0.075867 0.003948
vt 0.076111 0.036285
vt 0.036865 0.003948
vt 0.108154 0.068726
vt 0.145020 0.068726
vt 0.177734 0.093933
vt 0.214111 0.093933
vt 0.249512 0.093933
vt 0.036865 0.036285
vt 0.004826 0.003948
vt 0.004826 0.034637
vt 0.278809 0.093933
vt 0.308594 0.093933
vt 0.249512 0.135376
vt 0.076111 0.068726
vt 0.036865 0.067688
vt 0.004826 0.067810
vt 0.032349 0.095825
vt 0.004826 0.094055
vt 0.278809 0.135376
vt 0.214111 0.135376
vt 0.027740 0.116516
vt 0.004826 0.117188
vt 0.005291 0.129517
vt 0.004826 0.117615
vt 0.058563 0.107544
vt 0.076111 0.098267
vt 0.308594 0.135376
vt 0.338379 0.105469
vt 0.338379 0.129883
vt 0.301514 0.200806
vt 0.323975 0.200806
vt 0.272217 0.200806
vt 0.290039 0.256348
vt 0.312744 0.256348
vt 0.108154 0.093933
vt 0.235352 0.200806
vt 0.257080 0.256348
vt 0.280273 0.294678
vt 0.301758 0.298828
vt 0.197388 0.200806
vt 0.217651 0.256348
vt 0.241211 0.290283
vt 0.273926 0.317139
vt 0.297119 0.320801
vt 0.292725 0.345947
vt 0.207153 0.285156
vt 0.202515 0.307861
vt 0.229736 0.314453
vt 0.263428 0.342529
vt 0.288818 0.367920
vt 0.175415 0.256348
vt 0.219849 0.336426
vt 0.166138 0.200806
vt 0.171631 0.284424
vt 0.177734 0.135376
vt 0.145020 0.093933
vt 0.145020 0.135376
vt 0.146240 0.256348
vt 0.108154 0.135376
vt 0.134888 0.200806
vt 0.072021 0.135376
vt 0.058563 0.107544
vt 0.101807 0.200806
vt 0.115906 0.256348
vt 0.140747 0.287109
vt 0.039215 0.140503
vt 0.027740 0.116516
vt 0.067810 0.200806
vt 0.004826 0.134888
vt 0.005291 0.129517
vt 0.006100 0.200806
vt 0.033752 0.200806
vt 0.088196 0.256348
vt 0.033752 0.256348
vt 0.006100 0.256348
vt 0.061005 0.256348
vt 0.033752 0.286133
vt 0.006100 0.287842
vt 0.057098 0.286377
vt 0.033752 0.309570
vt 0.006100 0.312500
vt 0.084290 0.287598
vt 0.033752 0.327148
vt 0.006100 0.330078
vt 0.006100 0.351807
vt 0.057404 0.311279
vt 0.112671 0.289062
vt 0.033752 0.351807
vt 0.006100 0.396240
vt 0.058105 0.327393
vt 0.060486 0.351807
vt 0.110718 0.313721
vt 0.143677 0.311279
vt 0.107178 0.329834
vt 0.084106 0.312988
vt 0.082397 0.328125
vt 0.083008 0.351807
vt 0.171143 0.305908
vt 0.145752 0.332520
vt 0.180054 0.330811
vt 0.199829 0.337402
vt 0.183594 0.351807
vt 0.139038 0.351807
vt 0.203125 0.355957
vt 0.220947 0.357422
vt 0.206421 0.396240
vt 0.255859 0.364014
vt 0.233643 0.396240
vt 0.283936 0.396240
vt 0.233643 0.447266
vt 0.277588 0.447266
vt 0.103088 0.351807
vt 0.115784 0.396240
vt 0.172485 0.396240
vt 0.205933 0.447266
vt 0.233643 0.487793
vt 0.273193 0.488281
vt 0.268555 0.520996
vt 0.087097 0.396240
vt 0.139038 0.396240
vt 0.172485 0.447266
vt 0.196411 0.487793
vt 0.114319 0.447266
vt 0.139038 0.447266
vt 0.060608 0.396240
vt 0.165894 0.487793
vt 0.083679 0.447266
vt 0.139038 0.487793
vt 0.106201 0.487793
vt 0.029556 0.396240
vt 0.058411 0.447266
vt 0.029556 0.447266
vt 0.006100 0.447266
vt 0.006100 0.487793
vt 0.033752 0.487793
vt 0.005707 0.520508
vt 0.068726 0.487793
vt 0.035553 0.520508
vt 0.005707 0.531738
vt 0.106323 0.520508
vt 0.068298 0.520508
vt 0.035553 0.531738
vt 0.139038 0.520508
vt 0.035553 0.591309
vt 0.005707 0.591309
vt 0.068298 0.591309
vt 0.068298 0.531738
vt 0.106323 0.531738
vt 0.106323 0.591309
vt 0.139038 0.531738
vt 0.139038 0.591309
vt 0.165894 0.591309
vt 0.165894 0.520508
vt 0.165894 0.532227
vt 0.196411 0.520508
vt 0.196411 0.531738
vt 0.196411 0.591309
vt 0.227173 0.531738
vt 0.227173 0.591309
vt 0.227173 0.520508
vt 0.266113 0.532227
vt 0.254395 0.591309
vt 0.731934 0.779785
vt 0.743652 0.782227
vt 0.762695 0.748535
vt 0.747559 0.744141
vt 0.775879 0.719238
vt 0.730469 0.738770
vt 0.716309 0.778320
vt 0.758789 0.711914
vt 0.791504 0.681152
vt 0.772461 0.675293
vt 0.750000 0.669922
vt 0.739746 0.704102
vt 0.727051 0.665527
vt 0.719727 0.698242
vt 0.705078 0.659668
vt 0.711914 0.734375
vt 0.701660 0.777832
vt 0.699707 0.692871
vt 0.684570 0.653320
vt 0.693359 0.729492
vt 0.684570 0.776367
vt 0.665527 0.775391
vt 0.678223 0.687500
vt 0.672852 0.726562
vt 0.659180 0.664551
vt 0.663574 0.645996
vt 0.639648 0.639648
vt 0.650879 0.731934
vt 0.648438 0.774414
vt 0.652344 0.686035
vt 0.635254 0.655273
vt 0.613770 0.632324
vt 0.626953 0.671875
vt 0.609375 0.645996
vt 0.587402 0.625977
vt 0.584961 0.637207
vt 0.562012 0.626953
vt 0.631348 0.744141
vt 0.628906 0.788086
vt 0.634766 0.706543
vt 0.602051 0.662598
vt 0.617188 0.722168
vt 0.617676 0.687012
vt 0.617188 0.767090
vt 0.618652 0.807129
vt 0.604492 0.795898
vt 0.598633 0.748047
vt 0.586426 0.809570
vt 0.573242 0.775879
vt 0.568359 0.826660
vt 0.555664 0.792480
vt 0.579590 0.729492
vt 0.559570 0.742676
vt 0.543457 0.750000
vt 0.602051 0.705566
vt 0.563477 0.707520
vt 0.548340 0.716309
vt 0.533691 0.719727
vt 0.585449 0.687012
vt 0.552734 0.686523
vt 0.534668 0.684082
vt 0.521973 0.686035
vt 0.583496 0.652832
vt 0.568359 0.670898
vt 0.548340 0.667480
vt 0.534668 0.664062
vt 0.522949 0.658691
vt 0.538574 0.641602
vt 0.564941 0.651855
vt 0.554688 0.659180
vt 0.545410 0.648926
vt 0.563477 0.639160
vt 0.254883 0.628418
vt 0.245605 0.601562
vt 0.230713 0.608887
vt 0.283691 0.625977
vt 0.304443 0.672852
vt 0.265381 0.591309
vt 0.319824 0.657715
vt 0.351562 0.704590
vt 0.304443 0.621582
vt 0.270020 0.569336
vt 0.351807 0.682129
vt 0.412109 0.707520
vt 0.332764 0.642578
vt 0.302979 0.587402
vt 0.276367 0.543945
vt 0.415039 0.691895
vt 0.481934 0.700684
vt 0.355957 0.652344
vt 0.331299 0.607422
vt 0.471191 0.688965
vt 0.503418 0.676270
vt 0.418945 0.669434
vt 0.489990 0.659668
vt 0.525391 0.648438
vt 0.324951 0.573730
vt 0.383301 0.600098
vt 0.364014 0.621582
vt 0.466553 0.668945
vt 0.428223 0.641602
vt 0.466797 0.642090
vt 0.504883 0.637207
vt 0.434082 0.610352
vt 0.518066 0.614258
vt 0.546387 0.627441
vt 0.472168 0.614258
vt 0.550293 0.595215
vt 0.579590 0.612305
vt 0.437256 0.589844
vt 0.513184 0.592285
vt 0.565430 0.570312
vt 0.581055 0.584473
vt 0.583496 0.545898
vt 0.562500 0.535645
vt 0.585938 0.501465
vt 0.564453 0.498291
vt 0.536621 0.555176
vt 0.552246 0.516113
vt 0.525391 0.494629
vt 0.530762 0.537598
vt 0.509277 0.565430
vt 0.476562 0.589355
vt 0.500000 0.543945
vt 0.482178 0.565430
vt 0.536621 0.516113
vt 0.508301 0.526367
vt 0.475098 0.530273
vt 0.482910 0.494629
vt 0.446777 0.560059
vt 0.454590 0.543945
vt 0.463379 0.509766
vt 0.421387 0.493652
vt 0.441895 0.520508
vt 0.415039 0.535156
vt 0.407227 0.552734
vt 0.365479 0.534668
vt 0.406250 0.518555
vt 0.396240 0.575195
vt 0.363037 0.560547
vt 0.333496 0.549316
vt 0.316895 0.526855
vt 0.282227 0.518555
vt 0.394775 0.505371
vt 0.384766 0.492920
vt 0.358887 0.517090
vt 0.315430 0.509277
vt 0.287354 0.491699
vt 0.342285 0.498779
vt 0.333496 0.479248
vt 0.290527 0.464355
vt 0.004196 0.829102
vt 0.004196 0.756836
vt 0.029160 0.784180
vt 0.004196 0.697266
vt 0.050842 0.736816
vt 0.024002 0.686523
vt 0.010559 0.668945
vt 0.010025 0.675781
vt 0.013130 0.669434
vt 0.015457 0.671387
vt 0.017776 0.674805
vt 0.017868 0.678711
vt 0.016281 0.681641
vt 0.013184 0.683594
vt 0.009796 0.684570
vt 0.007336 0.684082
vt 0.007336 0.684082
vt 0.010025 0.675781
vt 0.005295 0.681641
vt 0.003971 0.678223
vt 0.004322 0.674316
vt 0.006306 0.670898
vt 0.008369 0.669434
vt 0.010559 0.668945
vt 1.797852 0.051849
vt 1.795898 0.050873
vt 1.796875 0.030045
vt 1.801758 0.040070
vt 1.800781 0.052979
vt 1.803711 0.052856
vt 1.794922 0.008354
vt 1.804688 0.042084
vt 1.805664 0.050537
vt 1.807617 0.049927
vt 1.808594 0.049561
vt 1.803711 0.018646
vt 1.809570 0.035309
vt 1.811523 0.044495
vt 1.812500 0.034027
vt 1.807617 0.024933
vt 1.813477 0.026718
vt 1.819336 0.021179
vt 1.817383 0.037872
vt 1.825195 0.008827
vt 1.812500 0.034027
vt 1.824219 0.039459
vt 1.828125 0.039398
vt 1.813477 0.049530
vt 1.811523 0.044495
vt 1.814453 0.049683
vt 1.816406 0.049896
vt 1.820312 0.050659
vt 1.823242 0.050995
vt 1.825195 0.050873
vt 1.828125 0.051056
vt 1.627930 0.016205
vt 1.599609 0.004875
vt 1.599609 0.016205
vt 1.627930 0.004875
vt 1.652344 0.016205
vt 1.652344 0.055267
vt 1.652344 0.004875
vt 1.675781 0.055267
vt 1.675781 0.016205
vt 1.693359 0.055267
vt 1.675781 0.004875
vt 1.693359 0.016205
vt 1.693359 0.004875
vt 1.627930 0.016205
vt 1.652344 0.016205
vt 1.627930 0.055267
vt 1.599609 0.016205
vt 1.599609 0.055267
vt 1.786133 0.016205
vt 1.786133 0.055267
vt 1.769531 0.055267
vt 1.766602 0.016205
vt 1.756836 0.035400
vt 1.746094 0.055267
vt 1.824219 0.446045
vt 1.830078 0.458740
vt 1.808594 0.446777
vt 1.830078 0.470459
vt 1.800781 0.458740
vt 1.830078 0.493652
vt 1.793945 0.477295
vt 1.823242 0.511230
vt 1.789062 0.494629
vt 1.814453 0.528809
vt 1.785156 0.513184
vt 1.782227 0.527832
vt 1.808594 0.544434
vt 1.779297 0.542480
vt 1.803711 0.561035
vt 1.792969 0.567383
vt 1.780273 0.557617
vt 1.742188 0.657715
vt 1.767578 0.585938
vt 1.766602 0.661621
vt 1.732422 0.600098
vt 1.702148 0.608398
vt 1.704102 0.650391
vt 1.678711 0.643066
vt 1.742188 0.530762
vt 1.771484 0.544434
vt 1.776367 0.501465
vt 1.667969 0.593262
vt 1.646484 0.633301
vt 1.701172 0.553711
vt 1.638672 0.592773
vt 1.619141 0.622070
vt 1.667969 0.549805
vt 1.618164 0.593262
vt 1.593750 0.612793
vt 1.593750 0.579590
vt 1.593750 0.550781
vt 1.636719 0.549316
vt 1.633789 0.496094
vt 1.594727 0.506348
vt 1.682617 0.493408
vt 1.628906 0.430664
vt 1.593750 0.440430
vt 1.593750 0.344971
vt 1.722656 0.490723
vt 1.668945 0.424561
vt 1.628906 0.354736
vt 1.593750 0.277832
vt 1.660156 0.356445
vt 1.646484 0.299072
vt 1.593750 0.229736
vt 1.752930 0.479004
vt 1.708984 0.447998
vt 1.775391 0.442871
vt 1.785156 0.472656
vt 1.742188 0.443604
vt 1.792969 0.409912
vt 1.803711 0.435547
vt 1.763672 0.402100
vt 1.731445 0.408447
vt 1.697266 0.409912
vt 1.817383 0.392822
vt 1.831055 0.438721
vt 1.794922 0.368408
vt 1.693359 0.361572
vt 1.716797 0.379883
vt 1.750000 0.348389
vt 1.692383 0.308594
vt 1.726562 0.328857
vt 1.835938 0.354492
vt 1.802734 0.322998
vt 1.770508 0.273438
vt 1.733398 0.262695
vt 1.695312 0.251709
vt 1.652344 0.240234
vt 1.593750 0.167603
vt 1.708984 0.183350
vt 1.651367 0.175537
vt 1.655273 0.122375
vt 1.593750 0.119385
vt 1.762695 0.182861
vt 1.710938 0.121643
vt 1.655273 0.063477
vt 1.593750 0.063477
vt 1.708008 0.063477
vt 1.744141 0.063477
vt 1.764648 0.123169
vt 1.823242 0.124878
vt 1.780273 0.063477
vt 1.816406 0.063477
vt 1.866211 0.063477
vt 1.814453 0.181763
vt 1.868164 0.125366
vt 1.909180 0.063599
vt 1.807617 0.267090
vt 1.865234 0.170044
vt 1.924805 0.123657
vt 1.947266 0.063660
vt 1.857422 0.303955
vt 1.860352 0.252686
vt 1.921875 0.168213
vt 1.988281 0.119385
vt 1.988281 0.063477
vt 1.988281 0.167603
vt 1.988281 0.229736
vt 1.916016 0.225586
vt 1.988281 0.244629
vt 1.925781 0.296875
vt 1.872070 0.345947
vt 1.933594 0.336914
vt 1.988281 0.310791
vt 1.988281 0.372559
vt 1.885742 0.372070
vt 1.838867 0.394775
vt 1.940430 0.389648
vt 1.988281 0.438721
vt 1.853516 0.414551
vt 1.896484 0.408936
vt 1.902344 0.460205
vt 1.945312 0.447998
vt 1.988281 0.502441
vt 1.860352 0.435547
vt 1.838867 0.462646
vt 1.944336 0.507324
vt 1.988281 0.552246
vt 1.864258 0.472900
vt 1.834961 0.500488
vt 1.861328 0.510742
vt 1.824219 0.533691
vt 1.942383 0.555664
vt 1.988281 0.594238
vt 1.899414 0.513672
vt 1.852539 0.549805
vt 1.895508 0.564941
vt 1.841797 0.589844
vt 1.805664 0.578125
vt 1.942383 0.600586
vt 1.826172 0.629395
vt 1.793945 0.616699
vt 1.784180 0.666016
vt 1.817383 0.676270
vt 1.867188 0.639160
vt 1.853516 0.687500
vt 1.879883 0.694336
vt 1.881836 0.610352
vt 1.954102 0.640625
vt 1.988281 0.642578
vt 1.923828 0.632324
vt 1.931641 0.669922
vt 1.905273 0.655273
vt 1.910156 0.701172
vt 1.900391 0.726562
vt 1.307617 0.974121
vt 1.307617 0.996094
vt 1.334961 0.996094
vt 1.328125 0.965820
vt 1.307617 0.957520
vt 1.366211 0.995117
vt 1.322266 0.945801
vt 1.307617 0.942871
vt 1.359375 0.947266
vt 1.387695 0.995117
vt 1.317383 0.927734
vt 1.307617 0.926758
vt 1.374023 0.938965
vt 1.405273 0.995117
vt 1.349609 0.918457
vt 1.316406 0.913086
vt 1.307617 0.916992
vt 1.395508 0.932617
vt 1.423828 0.995117
vt 1.363281 0.904785
vt 1.337891 0.894043
vt 1.313477 0.907715
vt 1.306641 0.910645
vt 1.416992 0.935059
vt 1.443359 0.995117
vt 1.380859 0.890137
vt 1.401367 0.880371
vt 1.426758 0.878906
vt 1.348633 0.871582
vt 1.323242 0.881348
vt 1.390625 0.841309
vt 1.410156 0.802734
vt 1.366211 0.850586
vt 1.379883 0.801758
vt 1.381836 0.730469
vt 1.329102 0.835449
vt 1.352539 0.815918
vt 1.310547 0.879883
vt 1.306641 0.837402
vt 1.301758 0.793457
vt 1.329102 0.769531
vt 1.357422 0.748047
vt 1.307617 0.710938
vt 1.324219 0.698242
vt 1.278320 0.663086
vt 1.285156 0.729980
vt 1.252930 0.670898
vt 1.254883 0.641602
vt 1.269531 0.749023
vt 1.239258 0.696777
vt 1.212891 0.712402
vt 1.229492 0.646484
vt 1.200195 0.601074
vt 1.207031 0.671875
vt 1.190430 0.616699
vt 1.133789 0.600098
vt 1.207031 0.653320
vt 1.172852 0.634766
vt 1.132812 0.616699
vt 1.023438 0.597656
vt 1.165039 0.663086
vt 1.092773 0.639648
vt 1.173828 0.689941
vt 1.056641 0.614746
vt 1.029297 0.635742
vt 1.002930 0.642578
vt 1.029297 0.672852
vt 1.087891 0.666992
vt 1.123047 0.692383
vt 1.054688 0.682617
vt 1.182617 0.729980
vt 1.127930 0.716309
vt 1.095703 0.712891
vt 1.024414 0.686523
vt 1.243164 0.773926
vt 1.129883 0.729980
vt 1.092773 0.751465
vt 1.074219 0.731934
vt 1.050781 0.736816
vt 1.160156 0.747070
vt 1.271484 0.816406
vt 1.057617 0.794434
vt 1.029297 0.784180
vt 1.127930 0.764648
vt 1.105469 0.807129
vt 1.216797 0.793945
vt 1.285156 0.844238
vt 1.150391 0.786133
vt 1.250000 0.831543
vt 1.025391 0.842773
vt 1.003906 0.829102
vt 1.003906 0.893066
vt 1.126953 0.800293
vt 1.180664 0.822754
vt 1.025391 0.902344
vt 1.003906 0.954590
vt 1.147461 0.808105
vt 1.132812 0.813477
vt 1.121094 0.811523
vt 1.025391 0.957520
vt 1.003906 0.996094
vt 1.025391 0.996094
vt 1.057617 0.960938
vt 1.057617 0.996094
vt 1.057617 0.921387
vt 1.091797 0.965820
vt 1.097656 0.996094
vt 1.057617 0.875977
vt 1.087891 0.922363
vt 1.123047 0.964844
vt 1.122070 0.996094
vt 1.160156 0.972168
vt 1.158203 0.996094
vt 1.109375 0.946777
vt 1.084961 0.883789
vt 1.057617 0.837891
vt 1.077148 0.836914
vt 1.178711 0.976562
vt 1.179688 0.996094
vt 1.193359 0.982422
vt 1.192383 0.996094
vt 1.195312 0.959961
vt 1.207031 0.982422
vt 1.206055 0.996094
vt 1.216797 0.982422
vt 1.216797 0.996094
vt 1.083984 0.791016
vt 1.098633 0.846191
vt 1.211914 0.967285
vt 1.230469 0.982422
vt 1.230469 0.996094
vt 1.116211 0.826660
vt 1.223633 0.972168
vt 1.244141 0.980469
vt 1.245117 0.996094
vt 1.251953 0.970215
vt 1.255859 0.996094
vt 1.236328 0.959961
vt 1.128906 0.822266
vt 1.226562 0.958984
vt 1.245117 0.963867
vt 1.241211 0.951172
vt 1.265625 0.975098
vt 1.267578 0.996094
vt 1.284180 0.979492
vt 1.291016 0.996094
vt 1.307617 0.974121
vt 1.307617 0.996094
vt 1.284180 0.958008
vt 1.307617 0.957520
vt 1.261719 0.942871
vt 1.287109 0.942383
vt 1.307617 0.942871
vt 1.246094 0.941895
vt 1.239258 0.924316
vt 1.233398 0.941406
vt 1.265625 0.921875
vt 1.292969 0.925293
vt 1.307617 0.926758
vt 1.306641 0.916992
vt 1.217773 0.949219
vt 1.293945 0.912109
vt 1.274414 0.907227
vt 1.224609 0.935547
vt 1.202148 0.940918
vt 1.304688 0.902832
vt 1.213867 0.923340
vt 1.234375 0.903809
vt 1.178711 0.922852
vt 1.194336 0.934570
vt 1.286133 0.893066
vt 1.298828 0.885254
vt 1.270508 0.864258
vt 1.166992 0.940430
vt 1.262695 0.886230
vt 1.233398 0.867188
vt 1.132812 0.942383
vt 1.250977 0.909668
vt 1.194336 0.861816
vt 1.136719 0.929199
vt 1.119141 0.930176
vt 1.191406 0.895508
vt 1.157227 0.884766
vt 1.158203 0.843750
vt 1.146484 0.912109
vt 1.141602 0.833496
vt 1.140625 0.859375
vt 1.139648 0.820312
vt 1.135742 0.837402
vt 1.135742 0.826660
vt 1.134766 0.819824
vt 1.132812 0.827637
vt 1.135742 0.859375
vt 1.130859 0.834473
vt 1.139648 0.885254
vt 1.135742 0.881348
vt 1.125000 0.830566
vt 1.128906 0.855957
vt 1.139648 0.904297
vt 1.135742 0.897949
vt 1.139648 0.912109
vt 1.135742 0.905273
vt 1.131836 0.907715
vt 1.132812 0.915039
vt 1.129883 0.905273
vt 1.127930 0.912598
vt 1.128906 0.895508
vt 1.111328 0.907227
vt 1.120117 0.901367
vt 1.128906 0.878906
vt 1.103516 0.914062
vt 1.120117 0.881836
vt 1.111328 0.883301
vt 1.096680 0.879395
vt 1.122070 0.854980
vt 1.114258 0.854492
vt 1.744141 0.986328
vt 1.744141 0.978027
vt 1.780273 0.978027
vt 1.780273 0.986328
vt 1.744141 0.994629
vt 1.780273 0.994629
vt 1.815430 0.994629
vt 1.815430 0.978027
vt 1.815430 0.986328
vt 1.849609 0.994629
vt 1.849609 0.986328
vt 1.849609 0.978027
vt 1.992188 0.755859
vt 1.972656 0.755371
vt 1.967773 0.747559
vt 1.994141 0.749023
vt 1.994141 0.740723
vt 1.976562 0.734375
vt 1.995117 0.732422
vt 1.978516 0.720703
vt 1.995117 0.720703
vt 1.997070 0.708008
vt 1.982422 0.705566
vt 1.998047 0.687500
vt 1.955078 0.717285
vt 1.953125 0.733398
vt 1.947266 0.745605
vt 1.966797 0.755371
vt 1.948242 0.754883
vt 1.984375 0.686035
vt 1.997070 0.659180
vt 1.970703 0.672363
vt 1.979492 0.650391
vt 1.966797 0.682129
vt 1.952148 0.655273
vt 1.958008 0.645020
vt 1.944336 0.664062
vt 1.956055 0.701660
vt 1.943359 0.686523
vt 1.929688 0.687988
vt 1.933594 0.705078
vt 1.918945 0.703125
vt 1.912109 0.714844
vt 1.931641 0.713867
vt 1.909180 0.724609
vt 1.928711 0.727539
vt 1.905273 0.734375
vt 1.926758 0.737793
vt 1.903320 0.741211
vt 1.900391 0.749512
vt 1.920898 0.748535
vt 1.919922 0.754395
vt 1.943359 0.754883
vt 1.978516 0.995117
vt 1.965820 0.975098
vt 1.965820 0.995117
vt 1.978516 0.975098
vt 1.965820 0.952637
vt 1.995117 0.975098
vt 1.995117 0.995117
vt 1.995117 0.952637
vt 1.978516 0.952637
vt 1.965820 0.936523
vt 1.995117 0.936523
vt 1.978516 0.936523
vt 1.876953 0.996582
vt 1.853516 0.996582
vt 1.857422 0.976562
vt 1.882812 0.974609
vt 1.885742 0.996582
vt 1.887695 0.975586
vt 1.916016 0.996582
vt 1.887695 0.960449
vt 1.892578 0.961914
vt 1.857422 0.953613
vt 1.852539 0.975586
vt 1.839844 0.974121
vt 1.844727 0.952148
vt 1.826172 0.973633
vt 1.916992 0.981445
vt 1.918945 0.967773
vt 1.922852 0.981934
vt 1.944336 0.996582
vt 1.895508 0.954102
vt 1.890625 0.952148
vt 1.862305 0.943848
vt 1.919922 0.959961
vt 1.892578 0.942871
vt 1.899414 0.944824
vt 1.939453 0.982422
vt 1.944336 0.971191
vt 1.947266 0.982422
vt 1.956055 0.996582
vt 1.958008 0.974609
vt 1.928711 0.959961
vt 1.958008 0.962402
vt 1.959961 0.942871
vt 1.931641 0.939941
vt 1.953125 0.934082
vt 1.927734 0.930664
vt 1.923828 0.939453
vt 1.905273 0.926758
vt 1.902344 0.935547
vt 1.898438 0.925293
vt 1.896484 0.934082
vt 1.881836 0.919434
vt 1.869141 0.930176
vt 1.856445 0.915527
vt 1.882812 0.918457
vt 1.856445 0.928223
vt 1.853516 0.938477
vt 1.842773 0.938477
vt 1.847656 0.921387
vt 1.834961 0.908203
vt 1.829102 0.945312
vt 1.806641 0.941406
vt 1.804688 0.973145
vt 1.808594 0.909180
vt 1.836914 0.876465
vt 1.771484 0.949219
vt 1.773438 0.973145
vt 1.745117 0.972168
vt 1.744141 0.943359
vt 1.770508 0.932129
vt 1.770508 0.906738
vt 1.743164 0.908203
vt 1.809570 0.877930
vt 1.769531 0.875000
vt 1.743164 0.881348
vt 1.769531 0.847656
vt 1.743164 0.858398
vt 1.743164 0.842285
vt 1.811523 0.848633
vt 1.770508 0.825195
vt 1.743164 0.823730
vt 1.836914 0.844238
vt 1.812500 0.826660
vt 1.763672 0.810547
vt 1.741211 0.798828
vt 1.749023 0.786133
vt 1.794922 0.805176
vt 1.776367 0.790039
vt 1.756836 0.773438
vt 1.783203 0.770020
vt 1.770508 0.750977
vt 1.798828 0.775879
vt 1.789062 0.756836
vt 1.781250 0.729004
vt 1.797852 0.734863
vt 1.786133 0.717773
vt 1.804688 0.761719
vt 1.808594 0.784668
vt 1.800781 0.724609
vt 1.791992 0.704102
vt 1.812500 0.739746
vt 1.807617 0.709473
vt 1.798828 0.684082
vt 1.812500 0.687988
vt 1.815430 0.729004
vt 1.833984 0.716309
vt 1.840820 0.696777
vt 1.855469 0.701660
vt 1.851562 0.718750
vt 1.831055 0.731445
vt 1.847656 0.732910
vt 1.828125 0.743164
vt 1.844727 0.746582
vt 1.841797 0.767578
vt 1.821289 0.765625
vt 1.841797 0.779785
vt 1.814453 0.794922
vt 1.825195 0.804199
vt 1.850586 0.783691
vt 1.836914 0.818359
vt 1.838867 0.804199
vt 1.860352 0.787109
vt 1.856445 0.802246
vt 1.869141 0.789551
vt 1.851562 0.814941
vt 1.871094 0.801270
vt 1.873047 0.791016
vt 1.853516 0.831055
vt 1.861328 0.840820
vt 1.856445 0.854492
vt 1.862305 0.813965
vt 1.863281 0.824219
vt 1.874023 0.812012
vt 1.915039 0.798828
vt 1.872070 0.825684
vt 1.915039 0.789551
vt 1.877930 0.775391
vt 1.915039 0.775391
vt 1.879883 0.760254
vt 1.915039 0.760254
vt 1.922852 0.789551
vt 1.922852 0.775391
vt 1.922852 0.760254
vt 1.951172 0.775391
vt 1.951172 0.760254
vt 1.961914 0.760254
vt 1.951172 0.789551
vt 1.922852 0.798828
vt 1.915039 0.811035
vt 1.961914 0.775391
vt 1.975586 0.760254
vt 1.961914 0.789551
vt 1.915039 0.821289
vt 1.888672 0.834961
vt 1.915039 0.834473
vt 1.889648 0.837891
vt 1.922852 0.821289
vt 1.922852 0.833984
vt 1.922852 0.811035
vt 1.948242 0.821289
vt 1.951172 0.833496
vt 1.948242 0.798828
vt 1.954102 0.798828
vt 1.954102 0.821289
vt 1.967773 0.832520
vt 1.967773 0.798828
vt 1.968750 0.821289
vt 1.974609 0.832031
vt 1.989258 0.821289
vt 1.989258 0.798828
vt 1.977539 0.789551
vt 1.975586 0.775391
vt 1.986328 0.775391
vt 1.995117 0.789551
vt 1.996094 0.760254
vt 1.861328 0.706055
vt 1.859375 0.692383
vt 1.880859 0.708496
vt 1.859375 0.717773
vt 1.878906 0.722168
vt 1.896484 0.733398
vt 1.857422 0.731934
vt 1.873047 0.738281
vt 1.888672 0.746094
vt 1.854492 0.739746
vt 1.870117 0.745117
vt 1.883789 0.752441
vt 1.851562 0.750977
vt 1.866211 0.755371
vt 1.876953 0.759277
vt 1.847656 0.763672
vt 1.861328 0.765137
vt 1.873047 0.772949
vt 1.859375 0.772461
vt 1.845703 0.777344
vt 1.869141 0.784180
vt 1.459961 0.890137
vt 1.441406 0.923340
vt 1.440430 0.890137
vt 1.467773 0.923340
vt 1.498047 0.890625
vt 1.447266 0.947754
vt 1.501953 0.923340
vt 1.488281 0.947266
vt 1.539062 0.923340
vt 1.539062 0.890625
vt 1.483398 0.970703
vt 1.448242 0.970703
vt 1.451172 0.992188
vt 1.492188 0.992188
vt 1.513672 0.970703
vt 1.531250 0.992188
vt 1.522461 0.947266
vt 1.541992 0.970703
vt 1.566406 0.992188
vt 1.571289 0.923340
vt 1.599609 0.890625
vt 1.595703 0.923340
vt 1.577148 0.946777
vt 1.550781 0.947266
vt 1.569336 0.970703
vt 1.598633 0.946777
vt 1.596680 0.970703
vt 1.595703 0.992188
vt 1.704102 0.993164
vt 1.736328 0.993164
vt 1.736328 0.969727
vt 1.704102 0.960449
vt 1.736328 0.948730
vt 1.680664 0.960449
vt 1.680664 0.993164
vt 1.704102 0.926758
vt 1.736328 0.926758
vt 1.736328 0.895508
vt 1.680664 0.926758
vt 1.648438 0.960449
vt 1.648438 0.993164
vt 1.608398 0.993164
vt 1.608398 0.960449
vt 1.608398 0.926758
vt 1.646484 0.926758
vt 1.608398 0.895508
vt 1.704102 0.895508
vt 1.736328 0.859863
vt 1.680664 0.895508
vt 1.645508 0.895508
vt 1.608398 0.869141
vt 1.643555 0.869141
vt 1.680664 0.869141
vt 1.642578 0.843750
vt 1.704102 0.859863
vt 1.736328 0.819336
vt 1.680664 0.843750
vt 1.639648 0.819336
vt 1.704102 0.819336
vt 1.736328 0.787598
vt 1.704102 0.787598
vt 1.680664 0.819336
vt 1.640625 0.787598
vt 1.680664 0.787598
vt 1.349609 0.011650
vt 1.349609 0.003206
vt 1.387695 0.003206
vt 1.387695 0.011650
vt 1.349609 0.045502
vt 1.416992 0.003206
vt 1.387695 0.045502
vt 1.348633 0.058075
vt 1.416992 0.011650
vt 1.439453 0.003206
vt 1.387695 0.058075
vt 1.416992 0.045502
vt 1.439453 0.011650
vt 1.466797 0.011650
vt 1.466797 0.003206
vt 1.496094 0.003206
vt 1.394531 0.092773
vt 1.348633 0.092773
vt 1.439453 0.045502
vt 1.427734 0.058075
vt 1.496094 0.011650
vt 1.519531 0.003206
vt 1.466797 0.045502
vt 1.496094 0.045502
vt 1.466797 0.058075
vt 1.377930 0.133789
vt 1.348633 0.133789
vt 1.425781 0.092773
vt 1.360352 0.195923
vt 1.338867 0.195923
vt 1.357422 0.234253
vt 1.332031 0.234253
vt 1.326172 0.259766
vt 1.407227 0.133789
vt 1.385742 0.195923
vt 1.354492 0.259766
vt 1.323242 0.275146
vt 1.462891 0.092773
vt 1.430664 0.133789
vt 1.409180 0.195923
vt 1.385742 0.234253
vt 1.385742 0.259766
vt 1.385742 0.275146
vt 1.352539 0.275635
vt 1.350586 0.289795
vt 1.319336 0.289551
vt 1.409180 0.234253
vt 1.426758 0.195923
vt 1.409180 0.259766
vt 1.333984 0.315674
vt 1.310547 0.315674
vt 1.328125 0.349854
vt 1.302734 0.349854
vt 1.360352 0.315674
vt 1.321289 0.380859
vt 1.297852 0.381104
vt 1.292969 0.413574
vt 1.426758 0.234253
vt 1.385742 0.289551
vt 1.357422 0.350098
vt 1.382812 0.315674
vt 1.402344 0.289551
vt 1.409180 0.275146
vt 1.426758 0.289551
vt 1.403320 0.315674
vt 1.381836 0.349854
vt 1.350586 0.381104
vt 1.426758 0.259766
vt 1.426758 0.275146
vt 1.313477 0.414307
vt 1.307617 0.435547
vt 1.289062 0.435059
vt 1.287109 0.447266
vt 1.301758 0.452881
vt 1.339844 0.415527
vt 1.332031 0.436279
vt 1.321289 0.460938
vt 1.346680 0.471680
vt 1.375977 0.381104
vt 1.366211 0.417480
vt 1.359375 0.446045
vt 1.399414 0.381104
vt 1.387695 0.463867
vt 1.379883 0.482178
vt 1.389648 0.423096
vt 1.402344 0.349854
vt 1.414062 0.465820
vt 1.409180 0.487549
vt 1.442383 0.487549
vt 1.390625 0.448975
vt 1.415039 0.443604
vt 1.441406 0.465820
vt 1.471680 0.487549
vt 1.416016 0.411621
vt 1.424805 0.381104
vt 1.441406 0.435303
vt 1.470703 0.465820
vt 1.443359 0.402100
vt 1.428711 0.349854
vt 1.500000 0.465820
vt 1.501953 0.487549
vt 1.470703 0.432861
vt 1.455078 0.381104
vt 1.428711 0.315674
vt 1.527344 0.465820
vt 1.528320 0.487549
vt 1.556641 0.487549
vt 1.455078 0.349854
vt 1.497070 0.435547
vt 1.469727 0.400391
vt 1.555664 0.465820
vt 1.579102 0.487549
vt 1.497070 0.404541
vt 1.491211 0.381104
vt 1.524414 0.440430
vt 1.574219 0.451172
vt 1.587891 0.487549
vt 1.587891 0.457275
vt 1.525391 0.412842
vt 1.551758 0.442383
vt 1.570312 0.418213
vt 1.588867 0.420410
vt 1.548828 0.417480
vt 1.521484 0.381104
vt 1.543945 0.381104
vt 1.563477 0.381104
vt 1.587891 0.382080
vt 1.537109 0.349854
vt 1.557617 0.349854
vt 1.533203 0.315674
vt 1.584961 0.349854
vt 1.515625 0.349854
vt 1.554688 0.315674
vt 1.584961 0.315674
vt 1.547852 0.289551
vt 1.584961 0.289551
vt 1.584961 0.275146
vt 1.486328 0.349854
vt 1.483398 0.315674
vt 1.511719 0.315674
vt 1.455078 0.315674
vt 1.452148 0.289551
vt 1.480469 0.289551
vt 1.510742 0.289551
vt 1.452148 0.275146
vt 1.480469 0.275146
vt 1.525391 0.289551
vt 1.452148 0.259766
vt 1.480469 0.259766
vt 1.510742 0.275146
vt 1.547852 0.275146
vt 1.452148 0.234253
vt 1.480469 0.234253
vt 1.452148 0.195923
vt 1.480469 0.195923
vt 1.463867 0.133789
vt 1.525391 0.275146
vt 1.525391 0.259766
vt 1.510742 0.259766
vt 1.510742 0.234253
vt 1.510742 0.195923
vt 1.497070 0.133789
vt 1.492188 0.092773
vt 1.547852 0.259766
vt 1.584961 0.259766
vt 1.525391 0.234253
vt 1.547852 0.234253
vt 1.584961 0.234253
vt 1.525391 0.195923
vt 1.547852 0.195923
vt 1.584961 0.195923
vt 1.547852 0.133789
vt 1.584961 0.133789
vt 1.519531 0.133789
vt 1.546875 0.092773
vt 1.584961 0.092773
vt 1.517578 0.092773
vt 1.550781 0.058075
vt 1.586914 0.058075
vt 1.587891 0.045502
vt 1.519531 0.058075
vt 1.550781 0.045502
vt 1.496094 0.058075
vt 1.519531 0.045502
vt 1.519531 0.011650
vt 1.550781 0.011650
vt 1.587891 0.011650
vt 1.550781 0.003206
vt 1.587891 0.003206
vt 1.337891 0.091980
vt 1.337891 0.094849
vt 1.337891 0.105469
vt 1.308594 0.093933
vt 1.337891 0.080688
vt 1.308594 0.072021
vt 1.279297 0.072021
vt 1.337891 0.050629
vt 1.308594 0.039612
vt 1.337891 0.003948
vt 1.295898 0.003948
vt 1.279297 0.039612
vt 1.250000 0.003948
vt 1.250000 0.036285
vt 1.213867 0.003948
vt 1.213867 0.036285
vt 1.177734 0.036285
vt 1.177734 0.003948
vt 1.144531 0.003948
vt 1.144531 0.036285
vt 1.108398 0.003948
vt 1.177734 0.068726
vt 1.213867 0.068726
vt 1.250000 0.068726
vt 1.108398 0.036285
vt 1.076172 0.003948
vt 1.076172 0.036285
vt 1.037109 0.003948
vt 1.108398 0.068726
vt 1.144531 0.068726
vt 1.177734 0.093933
vt 1.213867 0.093933
vt 1.250000 0.093933
vt 1.037109 0.036285
vt 1.004883 0.003948
vt 1.004883 0.034637
vt 1.279297 0.093933
vt 1.308594 0.093933
vt 1.250000 0.135376
vt 1.076172 0.068726
vt 1.037109 0.067688
vt 1.004883 0.067810
vt 1.032227 0.095825
vt 1.004883 0.094055
vt 1.279297 0.135376
vt 1.213867 0.135376
vt 1.027344 0.116516
vt 1.004883 0.117188
vt 1.004883 0.129517
vt 1.004883 0.117615
vt 1.058594 0.107544
vt 1.076172 0.098267
vt 1.308594 0.135376
vt 1.337891 0.105469
vt 1.337891 0.129883
vt 1.301758 0.200806
vt 1.324219 0.200806
vt 1.272461 0.200806
vt 1.290039 0.256348
vt 1.312500 0.256348
vt 1.108398 0.093933
vt 1.235352 0.200806
vt 1.256836 0.256348
vt 1.280273 0.294678
vt 1.301758 0.298828
vt 1.197266 0.200806
vt 1.217773 0.256348
vt 1.241211 0.290283
vt 1.273438 0.317139
vt 1.296875 0.320801
vt 1.292969 0.345947
vt 1.207031 0.285156
vt 1.202148 0.307861
vt 1.229492 0.314453
vt 1.263672 0.342529
vt 1.289062 0.367920
vt 1.175781 0.256348
vt 1.219727 0.336426
vt 1.166016 0.200806
vt 1.171875 0.284424
vt 1.177734 0.135376
vt 1.144531 0.093933
vt 1.144531 0.135376
vt 1.146484 0.256348
vt 1.108398 0.135376
vt 1.134766 0.200806
vt 1.072266 0.135376
vt 1.058594 0.107544
vt 1.101562 0.200806
vt 1.116211 0.256348
vt 1.140625 0.287109
vt 1.039062 0.140503
vt 1.027344 0.116516
vt 1.067383 0.200806
vt 1.004883 0.134888
vt 1.004883 0.129517
vt 1.005859 0.200806
vt 1.034180 0.200806
vt 1.087891 0.256348
vt 1.034180 0.256348
vt 1.005859 0.256348
vt 1.060547 0.256348
vt 1.034180 0.286133
vt 1.005859 0.287842
vt 1.056641 0.286377
vt 1.034180 0.309570
vt 1.005859 0.312500
vt 1.083984 0.287598
vt 1.057617 0.311279
vt 1.034180 0.327148
vt 1.005859 0.330078
vt 1.005859 0.351807
vt 1.112305 0.289062
vt 1.057617 0.327393
vt 1.034180 0.351807
vt 1.005859 0.396240
vt 1.060547 0.351807
vt 1.110352 0.313721
vt 1.143555 0.311279
vt 1.107422 0.329834
vt 1.083984 0.312988
vt 1.082031 0.328125
vt 1.083008 0.351807
vt 1.170898 0.305908
vt 1.145508 0.332520
vt 1.179688 0.330811
vt 1.200195 0.337402
vt 1.183594 0.351807
vt 1.138672 0.351807
vt 1.203125 0.355957
vt 1.220703 0.357422
vt 1.206055 0.396240
vt 1.255859 0.364014
vt 1.233398 0.396240
vt 1.284180 0.396240
vt 1.233398 0.447266
vt 1.277344 0.447266
vt 1.103516 0.351807
vt 1.116211 0.396240
vt 1.172852 0.396240
vt 1.206055 0.447266
vt 1.233398 0.487793
vt 1.273438 0.488281
vt 1.268555 0.520996
vt 1.086914 0.396240
vt 1.138672 0.396240
vt 1.172852 0.447266
vt 1.196289 0.487793
vt 1.114258 0.447266
vt 1.138672 0.447266
vt 1.060547 0.396240
vt 1.166016 0.487793
vt 1.138672 0.487793
vt 1.083984 0.447266
vt 1.106445 0.487793
vt 1.029297 0.396240
vt 1.058594 0.447266
vt 1.029297 0.447266
vt 1.005859 0.447266
vt 1.005859 0.487793
vt 1.034180 0.487793
vt 1.005859 0.520508
vt 1.068359 0.487793
vt 1.035156 0.520508
vt 1.005859 0.531738
vt 1.106445 0.520508
vt 1.068359 0.520508
vt 1.035156 0.531738
vt 1.138672 0.520508
vt 1.035156 0.591309
vt 1.005859 0.591309
vt 1.068359 0.591309
vt 1.068359 0.531738
vt 1.106445 0.531738
vt 1.106445 0.591309
vt 1.138672 0.531738
vt 1.138672 0.591309
vt 1.166016 0.591309
vt 1.166016 0.520508
vt 1.166016 0.532227
vt 1.196289 0.520508
vt 1.196289 0.531738
vt 1.196289 0.591309
vt 1.227539 0.531738
vt 1.227539 0.591309
vt 1.227539 0.520508
vt 1.266602 0.532227
vt 1.254883 0.591309
vt 1.762695 0.748535
vt 1.743164 0.782227
vt 1.731445 0.779785
vt 1.748047 0.744141
vt 1.775391 0.719238
vt 1.730469 0.738770
vt 1.716797 0.778320
vt 1.758789 0.711914
vt 1.791992 0.681152
vt 1.772461 0.675293
vt 1.750000 0.669922
vt 1.740234 0.704102
vt 1.726562 0.665527
vt 1.719727 0.698242
vt 1.705078 0.659668
vt 1.711914 0.734375
vt 1.702148 0.777832
vt 1.699219 0.692871
vt 1.684570 0.653320
vt 1.693359 0.729492
vt 1.684570 0.776367
vt 1.666016 0.775391
vt 1.678711 0.687500
vt 1.672852 0.726562
vt 1.659180 0.664551
vt 1.664062 0.645996
vt 1.639648 0.639648
vt 1.650391 0.731934
vt 1.648438 0.774414
vt 1.652344 0.686035
vt 1.635742 0.655273
vt 1.614258 0.632324
vt 1.626953 0.671875
vt 1.609375 0.645996
vt 1.586914 0.625977
vt 1.584961 0.637207
vt 1.561523 0.626953
vt 1.631836 0.744141
vt 1.628906 0.788086
vt 1.634766 0.706543
vt 1.602539 0.662598
vt 1.617188 0.722168
vt 1.618164 0.687012
vt 1.617188 0.767090
vt 1.618164 0.807129
vt 1.604492 0.795898
vt 1.598633 0.748047
vt 1.585938 0.809570
vt 1.573242 0.775879
vt 1.568359 0.826660
vt 1.555664 0.792480
vt 1.580078 0.729492
vt 1.559570 0.742676
vt 1.542969 0.750000
vt 1.601562 0.705566
vt 1.563477 0.707520
vt 1.548828 0.716309
vt 1.533203 0.719727
vt 1.584961 0.687012
vt 1.552734 0.686523
vt 1.535156 0.684082
vt 1.521484 0.686035
vt 1.583008 0.652832
vt 1.568359 0.670898
vt 1.547852 0.667480
vt 1.534180 0.664062
vt 1.523438 0.658691
vt 1.539062 0.641602
vt 1.565430 0.651855
vt 1.554688 0.659180
vt 1.545898 0.648926
vt 1.563477 0.639160
vt 1.245117 0.601562
vt 1.254883 0.628418
vt 1.230469 0.608887
vt 1.283203 0.625977
vt 1.265625 0.591309
vt 1.304688 0.672852
vt 1.304688 0.621582
vt 1.270508 0.569336
vt 1.319336 0.657715
vt 1.351562 0.704590
vt 1.351562 0.682129
vt 1.412109 0.707520
vt 1.302734 0.587402
vt 1.276367 0.543945
vt 1.333008 0.642578
vt 1.415039 0.691895
vt 1.482422 0.700684
vt 1.331055 0.607422
vt 1.355469 0.652344
vt 1.471680 0.688965
vt 1.503906 0.676270
vt 1.418945 0.669434
vt 1.490234 0.659668
vt 1.525391 0.648438
vt 1.325195 0.573730
vt 1.383789 0.600098
vt 1.364258 0.621582
vt 1.466797 0.668945
vt 1.428711 0.641602
vt 1.466797 0.642090
vt 1.504883 0.637207
vt 1.434570 0.610352
vt 1.518555 0.614258
vt 1.545898 0.627441
vt 1.471680 0.614258
vt 1.549805 0.595215
vt 1.580078 0.612305
vt 1.437500 0.589844
vt 1.513672 0.592285
vt 1.565430 0.570312
vt 1.581055 0.584473
vt 1.583008 0.545898
vt 1.562500 0.535645
vt 1.585938 0.501465
vt 1.564453 0.498291
vt 1.537109 0.555176
vt 1.552734 0.516113
vt 1.525391 0.494629
vt 1.530273 0.537598
vt 1.508789 0.565430
vt 1.476562 0.589355
vt 1.500000 0.543945
vt 1.482422 0.565430
vt 1.537109 0.516113
vt 1.508789 0.526367
vt 1.475586 0.530273
vt 1.483398 0.494629
vt 1.446289 0.560059
vt 1.455078 0.543945
vt 1.462891 0.509766
vt 1.420898 0.493652
vt 1.442383 0.520508
vt 1.415039 0.535156
vt 1.407227 0.552734
vt 1.365234 0.534668
vt 1.406250 0.518555
vt 1.396484 0.575195
vt 1.363281 0.560547
vt 1.333008 0.549316
vt 1.317383 0.526855
vt 1.282227 0.518555
vt 1.394531 0.505371
vt 1.384766 0.492920
vt 1.359375 0.517090
vt 1.315430 0.509277
vt 1.287109 0.491699
vt 1.342773 0.498779
vt 1.333984 0.479248
vt 1.290039 0.464355
vt 1.003906 0.829102
vt 1.029297 0.784180
vt 1.003906 0.756836
vt 1.003906 0.697266
vt 1.050781 0.736816
vt 1.024414 0.686523
vt 1.010742 0.668945
vt 1.012695 0.669434
vt 1.009766 0.675781
vt 1.015625 0.671387
vt 1.017578 0.674805
vt 1.017578 0.678711
vt 1.016602 0.681641
vt 1.012695 0.683594
vt 1.009766 0.684570
vt 1.007812 0.684082
vt 1.007812 0.684082
vt 1.004883 0.681641
vt 1.009766 0.675781
vt 1.003906 0.678223
vt 1.003906 0.674316
vt 1.005859 0.670898
vt 1.008789 0.669434
vt 1.010742 0.668945
vt 1.797852 0.051849
vt 1.796875 0.030045
vt 1.795898 0.050873
vt 1.801758 0.040070
vt 1.800781 0.052979
vt 1.803711 0.052856
vt 1.794922 0.008354
vt 1.804688 0.042084
vt 1.805664 0.050537
vt 1.807617 0.049927
vt 1.808594 0.049561
vt 1.803711 0.018646
vt 1.809570 0.035309
vt 1.811523 0.044495
vt 1.812500 0.034027
vt 1.807617 0.024933
vt 1.813477 0.026718
vt 1.819336 0.021179
vt 1.817383 0.037872
vt 1.825195 0.008827
vt 1.812500 0.034027
vt 1.824219 0.039459
vt 1.828125 0.039398
vt 1.813477 0.049530
vt 1.811523 0.044495
vt 1.814453 0.049683
vt 1.816406 0.049896
vt 1.820312 0.050659
vt 1.823242 0.050995
vt 1.825195 0.050873
vt 1.828125 0.051056
vt 0.603027 0.804688
vt 0.613770 0.817383
vt 0.616211 0.811523
vt 0.592285 0.820312
vt 0.592285 0.811523
vt 0.584473 0.817871
vt 0.578613 0.825195
vt 0.593750 0.825195
vt 0.610840 0.822266
vt 0.608887 0.827148
vt 0.451904 0.815918
vt 0.447021 0.805176
vt 0.456787 0.805176
vt 0.445801 0.814941
vt 0.446533 0.817383
vt 0.440186 0.805664
vt 0.439453 0.819336
vt 0.437988 0.813965
vt 0.429199 0.817383
vt 0.433350 0.822754
vt 0.428467 0.821289
vt 0.435059 0.807129
vt 0.425537 0.820312
vt 0.430420 0.812012
vt 0.429688 0.808105
vt 0.425049 0.810547
vt 0.424561 0.806152
vt 0.423584 0.816406
vt 0.423096 0.818359
vt 0.422363 0.817871
vt 0.421875 0.816406
vt 0.419678 0.812012
vt 0.420166 0.806641
vt 0.419922 0.804688
vt 0.420410 0.802246
vt 0.451904 0.815918
vt 0.456787 0.805176
vt 0.467773 0.812988
vt 0.457520 0.818359
vt 0.608887 0.862793
vt 0.617676 0.864258
vt 0.611328 0.852051
vt 0.619629 0.856934
vt 0.628418 0.864258
vt 0.627930 0.847656
vt 0.619629 0.846680
vt 0.615234 0.836914
vt 0.628418 0.836914
vt 0.620117 0.828125
vt 0.627930 0.829590
vt 0.618164 0.823242
vt 0.627441 0.822754
vt 0.623535 0.817383
vt 0.626953 0.818359
vt 0.622070 0.816406
vt 0.627441 0.812988
vt 0.625488 0.812500
vt 0.624512 0.811523
vt 0.627441 0.806641
vt 0.626465 0.806152
vt 0.420410 0.802246
vt 0.425049 0.804688
vt 0.424561 0.806152
vt 0.429199 0.804199
vt 0.429688 0.808105
vt 0.433594 0.803223
vt 0.435059 0.807129
vt 0.440186 0.805664
vt 0.439453 0.801270
vt 0.447021 0.805176
vt 0.447021 0.800293
vt 0.450684 0.798340
vt 0.456787 0.805176
vt 0.457764 0.797852
vt 0.462402 0.797852
vt 0.466553 0.799805
vt 0.467773 0.812988
vt 0.469971 0.805176
vt 0.472412 0.810059
vt 0.591309 0.885742
vt 0.604004 0.885742
vt 0.604492 0.881348
vt 0.590820 0.879883
vt 0.604004 0.875488
vt 0.579102 0.885742
vt 0.590332 0.871582
vt 0.577637 0.875488
vt 0.565918 0.885742
vt 0.557129 0.864746
vt 0.547852 0.885742
vt 0.582031 0.865234
vt 0.563477 0.859375
vt 0.545898 0.863770
vt 0.553711 0.842773
vt 0.531738 0.873047
vt 0.525879 0.885742
vt 0.516113 0.872070
vt 0.514160 0.885742
vt 0.533691 0.858398
vt 0.539551 0.839844
vt 0.496094 0.878418
vt 0.491455 0.885742
vt 0.482910 0.878418
vt 0.481201 0.885742
vt 0.467773 0.885742
vt 0.482666 0.868164
vt 0.467529 0.874512
vt 0.454346 0.869629
vt 0.450439 0.885742
vt 0.438477 0.884766
vt 0.435791 0.866699
vt 0.469727 0.857910
vt 0.504883 0.855957
vt 0.501465 0.865723
vt 0.452637 0.855469
vt 0.517090 0.855469
vt 0.526855 0.841797
vt 0.515625 0.842285
vt 0.471680 0.839844
vt 0.440918 0.847656
vt 0.432373 0.852539
vt 0.425537 0.833008
vt 0.449707 0.839844
vt 0.437744 0.827148
vt 0.448975 0.821777
vt 0.460205 0.828613
vt 0.459229 0.838867
vt 0.470459 0.829102
vt 0.508789 0.831543
vt 0.507324 0.838867
vt 0.520508 0.832031
vt 0.540527 0.832520
vt 0.551758 0.836426
vt 0.551758 0.831055
vt 0.562988 0.835449
vt 0.562012 0.830566
vt 0.576172 0.828125
vt 0.562500 0.841797
vt 0.578613 0.831543
vt 0.585449 0.828613
vt 0.562012 0.843750
vt 0.572266 0.840332
vt 0.585938 0.831055
vt 0.596680 0.829102
vt 0.578613 0.842285
vt 0.588379 0.836914
vt 0.598145 0.834473
vt 0.608398 0.829590
vt 0.609863 0.835449
vt 0.599121 0.838379
vt 0.590332 0.839844
vt 0.573730 0.843750
vt 0.586426 0.844727
vt 0.571289 0.848633
vt 0.585938 0.852051
vt 0.595703 0.846680
vt 0.600586 0.854492
vt 0.604004 0.849121
vt 0.606445 0.852539
vt 0.605957 0.856445
vt 0.604492 0.873535
vt 0.532715 0.807129
vt 0.517578 0.799316
vt 0.534668 0.813965
vt 0.549316 0.812500
vt 0.548340 0.814453
vt 0.562500 0.825195
vt 0.558594 0.812500
vt 0.549316 0.812500
vt 0.562500 0.825195
vt 0.554199 0.802246
vt 0.532715 0.807129
vt 0.535156 0.789551
vt 0.546875 0.782227
vt 0.519043 0.764648
vt 0.517578 0.799316
vt 0.518066 0.781738
vt 0.527344 0.758789
vt 0.537109 0.757812
vt 0.533691 0.740234
vt 0.520020 0.744629
vt 0.528320 0.737793
vt 0.509277 0.746582
vt 0.521484 0.738281
vt 0.520020 0.729004
vt 0.530762 0.733887
vt 0.528320 0.728027
vt 0.532715 0.727051
vt 0.527344 0.718262
vt 0.519043 0.717773
vt 0.505371 0.724121
vt 0.510254 0.716797
vt 0.505859 0.734375
vt 0.492676 0.762695
vt 0.491699 0.751465
vt 0.489746 0.737793
vt 0.501465 0.775879
vt 0.499512 0.789551
vt 0.473145 0.757324
vt 0.484863 0.775391
vt 0.474121 0.764160
vt 0.455078 0.760254
vt 0.467529 0.746094
vt 0.486084 0.728516
vt 0.482666 0.784668
vt 0.471680 0.774902
vt 0.499268 0.718750
vt 0.508789 0.715820
vt 0.503906 0.713379
vt 0.516602 0.710938
vt 0.467285 0.788086
vt 0.472168 0.798340
vt 0.460449 0.774902
vt 0.480225 0.813477
vt 0.510254 0.807129
vt 0.485840 0.825195
vt 0.522461 0.814453
vt 0.504883 0.827148
vt 0.534668 0.813965
vt 0.522949 0.827148
vt 0.535645 0.826660
vt 0.438477 0.781738
vt 0.456787 0.791016
vt 0.426025 0.797852
vt 0.419678 0.787598
vt 0.432373 0.768555
vt 0.413818 0.773438
vt 0.427002 0.756348
vt 0.406738 0.761230
vt 0.413818 0.745117
vt 0.451904 0.750000
vt 0.413086 0.729980
vt 0.448242 0.731934
vt 0.464844 0.729980
vt 0.439941 0.721191
vt 0.410156 0.710938
vt 0.444092 0.708008
vt 0.459717 0.706543
vt 0.456055 0.718750
vt 0.473145 0.720215
vt 0.479980 0.704102
vt 0.483887 0.717285
vt 0.489990 0.701660
vt 0.493652 0.712402
vt 0.498291 0.699219
vt 0.502930 0.709961
vt 0.504883 0.697754
vt 0.508301 0.708496
vt 0.511719 0.697266
vt 0.518066 0.701660
vt 1.855469 0.004677
vt 1.845703 0.004688
vt 1.846680 0.006447
vt 1.855469 0.011856
vt 1.866211 0.004345
vt 1.846680 0.008186
vt 1.866211 0.019073
vt 1.852539 0.017212
vt 1.860352 0.027100
vt 1.835938 0.004742
vt 1.835938 0.015991
vt 1.840820 0.012566
vt 1.843750 0.020615
vt 1.838867 0.027298
vt 1.834961 0.031555
vt 1.846680 0.028870
vt 1.848633 0.022903
vt 1.838867 0.034851
vt 1.834961 0.036133
vt 1.838867 0.052094
vt 1.835938 0.045471
vt 1.836914 0.050537
vt 1.833008 0.047546
vt 1.833008 0.043335
vt 1.834961 0.038757
vt 1.841797 0.053345
vt 1.835938 0.045471
vt 1.838867 0.052094
vt 1.839844 0.054474
vt 0.392334 0.710449
vt 0.407471 0.717773
vt 0.406250 0.710938
vt 0.399414 0.725098
vt 0.380371 0.712891
vt 0.409912 0.727539
vt 0.389648 0.733887
vt 0.401367 0.739258
vt 0.394531 0.746582
vt 0.411133 0.736816
vt 0.410400 0.745117
vt 0.406494 0.753906
vt 1.835938 0.045471
vt 1.851562 0.040314
vt 1.834961 0.038757
vt 1.841797 0.053345
vt 1.849609 0.050903
vt 1.847656 0.059082
vt 1.861328 0.038910
vt 1.854492 0.030548
vt 1.851562 0.040314
vt 1.856445 0.050659
vt 1.849609 0.050903
vt 1.847656 0.059082
vt 1.867188 0.045105
vt 1.865234 0.038300
vt 0.394531 0.746582
vt 0.397949 0.755371
vt 0.401367 0.750977
vt 0.401367 0.739258
vt 0.540039 0.826660
vt 0.548340 0.814453
vt 0.534668 0.813965
vt 0.549805 0.826172
vt 0.562500 0.825195
vt 1.954102 0.919434
vt 1.984375 0.921387
vt 1.974609 0.930664
vt 1.946289 0.929688
vt 1.983398 0.900391
vt 1.947266 0.919434
vt 1.956055 0.899902
vt 1.916992 0.914551
vt 1.912109 0.924805
vt 1.911133 0.912598
vt 1.918945 0.905762
vt 1.875000 0.905273
vt 1.948242 0.899414
vt 1.913086 0.904297
vt 1.975586 0.886719
vt 1.948242 0.888184
vt 1.986328 0.889648
vt 1.995117 0.899902
vt 1.983398 0.877441
vt 1.997070 0.883789
vt 1.920898 0.896973
vt 1.918945 0.885742
vt 1.914062 0.895996
vt 1.887695 0.882812
vt 1.879883 0.891602
vt 1.858398 0.878906
vt 1.888672 0.879883
vt 1.865234 0.899902
vt 1.868164 0.892090
vt 1.855469 0.901855
vt 1.858398 0.886719
vt 1.856445 0.869141
vt 1.871094 0.856934
vt 1.872070 0.865723
vt 1.884766 0.851074
vt 1.884766 0.870605
vt 1.916016 0.851074
vt 1.917969 0.837891
vt 1.915039 0.860840
vt 1.915039 0.870605
vt 1.917969 0.881348
vt 1.923828 0.851074
vt 1.949219 0.837891
vt 1.922852 0.870605
vt 1.947266 0.882324
vt 1.922852 0.861328
vt 1.949219 0.851074
vt 1.948242 0.870605
vt 1.957031 0.851074
vt 1.970703 0.837891
vt 1.956055 0.870605
vt 1.970703 0.882324
vt 1.984375 0.870605
vt 1.985352 0.851074
vt 1.986328 0.838379
vt 1.986328 0.826660
vt 1.998047 0.847656
vt 1.999023 0.831055
vt 1.721680 0.016205
vt 1.720703 0.004875
vt 1.699219 0.004875
vt 1.699219 0.016205
vt 1.699219 0.055267
vt 1.720703 0.055267
vt 1.734375 0.016205
vt 1.735352 0.004875
vt 1.746094 0.055267
vt 1.745117 0.004875
vt 1.745117 0.016205
vt 1.750977 0.016205
vt 1.766602 0.016205
vt 1.769531 0.055267
vt 1.767578 0.004875
vt 1.786133 0.016205
vt 1.786133 0.004875
vt 0.954590 0.919434
vt 0.974609 0.930664
vt 0.984375 0.921387
vt 0.946777 0.929688
vt 0.983887 0.900391
vt 0.946777 0.919434
vt 0.956055 0.899902
vt 0.917480 0.914551
vt 0.912109 0.924805
vt 0.911621 0.912598
vt 0.918945 0.905762
vt 0.875488 0.905273
vt 0.948730 0.899414
vt 0.913086 0.904297
vt 0.976074 0.886719
vt 0.948730 0.888184
vt 0.986816 0.889648
vt 0.995117 0.899902
vt 0.982910 0.877441
vt 0.997559 0.883789
vt 0.920410 0.896973
vt 0.918945 0.885742
vt 0.914551 0.895996
vt 0.888184 0.882812
vt 0.879883 0.891602
vt 0.858887 0.878906
vt 0.888184 0.879883
vt 0.865234 0.899902
vt 0.868164 0.892090
vt 0.854980 0.901855
vt 0.857910 0.886719
vt 0.856934 0.869141
vt 0.871582 0.856934
vt 0.872559 0.865723
vt 0.884277 0.851074
vt 0.884277 0.870605
vt 0.915527 0.851074
vt 0.918457 0.837891
vt 0.915039 0.860840
vt 0.915039 0.870605
vt 0.917969 0.881348
vt 0.923340 0.851074
vt 0.949707 0.837891
vt 0.923340 0.870605
vt 0.946777 0.882324
vt 0.922852 0.861328
vt 0.948730 0.851074
vt 0.948242 0.870605
vt 0.957031 0.851074
vt 0.970215 0.837891
vt 0.955566 0.870605
vt 0.971191 0.882324
vt 0.984375 0.870605
vt 0.985352 0.851074
vt 0.986328 0.838379
vt 0.985840 0.826660
vt 0.998047 0.847656
vt 0.999023 0.831055
vt 1.981445 0.029984
vt 1.980469 0.013199
vt 1.994141 0.029175
vt 1.983398 0.046448
vt 1.974609 0.015564
vt 1.949219 0.001976
vt 1.977539 0.044800
vt 1.953125 0.059937
vt 1.965820 0.041901
vt 1.948242 0.052979
vt 1.909180 0.060242
vt 1.964844 0.020782
vt 1.968750 0.031311
vt 1.931641 0.031830
vt 1.916016 0.053619
vt 1.954102 0.012390
vt 1.897461 0.043030
vt 1.939453 0.007710
vt 1.921875 0.007851
vt 1.908203 0.002703
vt 1.907227 0.012688
vt 1.885742 0.016983
vt 1.879883 0.014748
vt 1.896484 0.021393
vt 1.893555 0.032227
vt 1.880859 0.030869
vt 1.866211 0.030136
vt 1.878906 0.046844
vt 1.885742 0.045227
vt 1.721680 0.016205
vt 1.699219 0.016205
vt 1.699219 0.004875
vt 1.699219 0.055267
vt 1.720703 0.004875
vt 1.720703 0.055267
vt 1.734375 0.016205
vt 1.735352 0.004875
vt 1.746094 0.055267
vt 1.745117 0.004875
vt 1.745117 0.016205
vt 1.750977 0.016205
vt 1.766602 0.016205
vt 1.769531 0.055267
vt 1.767578 0.004875
vt 1.786133 0.016205
vt 1.786133 0.004875
vt 0.980957 0.029984
vt 0.993652 0.029175
vt 0.979980 0.013199
vt 0.983887 0.046448
vt 0.974609 0.015564
vt 0.949219 0.001976
vt 0.977539 0.044800
vt 0.953125 0.059937
vt 0.965820 0.041901
vt 0.948242 0.052979
vt 0.909180 0.060242
vt 0.964844 0.020782
vt 0.969238 0.031311
vt 0.931152 0.031830
vt 0.916016 0.053619
vt 0.954102 0.012390
vt 0.897461 0.043030
vt 0.938965 0.007710
vt 0.922363 0.007851
vt 0.908203 0.002703
vt 0.907227 0.012688
vt 0.885742 0.016983
vt 0.879883 0.014748
vt 0.896973 0.021393
vt 0.893555 0.032227
vt 0.880371 0.030869
vt 0.866699 0.030136
vt 0.878906 0.046844
vt 0.885254 0.045227
vn -0.450527 0.578390 -0.680067
vn -0.450527 0.578390 -0.680067
vn -0.450527 0.578390 -0.680067
vn -0.842672 0.312467 -0.438484
vn -0.842672 0.312467 -0.438484
vn -0.842672 0.312467 -0.438484
vn 0.539788 0.409975 0.735221
vn 0.539788 0.409975 0.735221
vn 0.539788 0.409975 0.735221
vn 0.450510 0.578401 -0.680068
vn 0.450510 0.578401 -0.680068
vn 0.450510 0.578401 -0.680068
vn 0.842669 0.312473 -0.438486
vn 0.842669 0.312473 -0.438486
vn 0.842669 0.312473 -0.438486
vn -0.539788 0.409975 0.735221
vn -0.539788 0.409975 0.735221
vn -0.539788 0.409975 0.735221
vn 0.558991 -0.811967 -0.168046
vn 0.558991 -0.811967 -0.168046
vn 0.558991 -0.811967 -0.168046
vn 0.774092 0.078926 -0.628134
vn 0.774092 0.078926 -0.628134
vn 0.774092 0.078926 -0.628134
vn -0.623303 0.616190 -0.481460
vn -0.623303 0.616190 -0.481460
vn -0.623303 0.616190 -0.481460
vn -0.227363 -0.795673 0.561436
vn -0.227363 -0.795673 0.561436
vn -0.227363 -0.795673 0.561436
vn 0.253683 0.634783 -0.729860
vn 0.253683 0.634783 -0.729860
vn 0.253683 0.634783 -0.729860
vn -0.270846 -0.723278 0.635226
vn -0.270846 -0.723278 0.635226
vn -0.270846 -0.723278 0.635226
vn 0.446306 0.329616 -0.831964
vn 0.446306 0.329616 -0.831964
vn 0.446306 0.329616 -0.831964
vn 0.244137 -0.956585 -0.159193
vn 0.252291 -0.954326 -0.160037
vn 0.503486 -0.860358 0.079287
vn 0.178538 -0.975621 -0.127621
vn 0.706400 -0.493195 0.507698
vn 0.746507 -0.298615 0.594606
vn 0.103193 -0.990661 -0.089117
vn 0.432173 -0.345785 0.832862
vn 0.384460 -0.518609 0.763699
vn 0.211893 -0.331796 0.919246
vn 0.105978 -0.993509 -0.041325
vn 0.258017 -0.473836 0.841966
vn 0.056840 -0.996912 -0.054187
vn -0.927097 0.062786 -0.369526
vn -0.986073 -0.015628 -0.165580
vn -0.974563 0.033510 -0.221596
vn -0.993323 -0.066199 -0.094486
vn -0.990747 -0.116346 -0.069891
vn -0.978946 0.201128 -0.034820
vn -0.976864 0.157331 -0.144856
vn -0.982624 0.171870 -0.070078
vn -0.978044 0.133374 -0.160127
vn -0.958189 0.172112 -0.228584
vn -0.946078 0.210432 -0.246281
vn 0.017906 -0.992252 0.122943
vn 0.016834 -0.990191 0.138704
vn 0.040279 -0.980160 0.194072
vn 0.000803 -0.996127 0.087926
vn 0.003031 -0.997796 0.066291
vn -0.002336 -0.998800 0.048913
vn -0.000238 -0.999808 0.019583
vn -0.000662 -0.999956 0.009372
vn 0.000465 -0.999921 -0.012531
vn -0.001052 -0.999963 -0.008598
vn 0.003325 -0.999993 -0.001556
vn -0.008539 -0.999702 -0.022866
vn -0.014767 -0.999428 -0.030421
vn -0.029505 -0.997378 -0.066074
vn -0.033787 -0.996176 -0.080570
vn -0.066415 -0.986223 -0.151504
vn -0.073578 -0.994531 -0.074131
vn 0.185774 0.797544 0.573943
vn 0.208407 0.835430 0.508550
vn 0.191172 0.649205 0.736197
vn 0.226987 0.641431 0.732832
vn 0.263398 0.327587 0.907363
vn 0.250613 0.241521 0.937476
vn 0.494155 -0.350460 0.795606
vn 0.244378 0.756974 0.606028
vn 0.204853 0.902016 0.380003
vn 0.224454 0.874273 0.430426
vn 0.278219 0.483772 0.829795
vn 0.248458 0.709598 0.659347
vn 0.190247 0.848019 0.494641
vn 0.150779 0.630699 0.761239
vn -0.046213 0.775426 0.629745
vn 0.233531 0.463583 0.854724
vn -0.061235 0.550910 0.832315
vn -0.270947 0.726828 0.631117
vn -0.211710 0.630537 0.746727
vn -0.005590 0.472142 0.881505
vn 0.085173 0.448375 0.889778
vn 0.110567 0.441623 0.890362
vn 0.042390 0.468320 0.882542
vn 0.265874 0.416035 0.869612
vn 0.107516 0.375084 0.920735
vn 0.034377 0.374515 0.926583
vn 0.023118 0.292063 0.956120
vn 0.397017 0.283046 0.873076
vn 0.252739 0.344640 0.904072
vn 0.105765 0.264101 0.958678
vn 0.085586 0.270900 0.958795
vn 0.317772 0.217235 0.922946
vn 0.263881 0.225850 0.937741
vn 0.124301 0.192298 0.973432
vn 0.623856 -0.210361 0.752697
vn 0.473265 0.257433 0.842466
vn 0.947025 -0.196932 0.253697
vn 0.965950 -0.231875 0.114781
vn 0.804545 -0.087942 0.587344
vn 0.975769 -0.046141 0.213882
vn 0.990077 -0.032413 0.136734
vn 0.948609 -0.054588 0.311706
vn 0.792347 -0.036461 0.608980
vn 0.466582 0.212566 0.858555
vn 0.979380 -0.201898 0.007173
vn 0.798752 -0.377732 -0.468311
vn 0.976620 -0.131818 0.169817
vn 0.541005 0.119777 0.832447
vn 0.721881 -0.000750 0.692017
vn 0.926634 -0.026788 0.375008
vn 0.585440 0.129645 0.800283
vn 0.817499 0.048825 0.573857
vn 0.858889 -0.387267 -0.335163
vn 0.988144 -0.153441 0.005274
vn 0.971345 -0.061060 0.229699
vn 0.864800 0.045610 0.500040
vn 0.612324 0.126476 0.780425
vn 0.319703 0.161203 0.933704
vn 0.137412 0.017602 0.990358
vn 0.726802 -0.038432 0.685771
vn 0.338414 0.003974 0.940989
vn 0.363123 -0.012434 0.931658
vn 0.148571 -0.000077 0.988902
vn 0.958455 -0.059049 0.279066
vn 0.703540 -0.000517 0.710656
vn 0.351338 0.045091 0.935162
vn 0.147006 0.035585 0.988495
vn 0.653919 0.065549 0.753719
vn 0.850419 0.053670 0.523361
vn 0.945388 0.056838 0.320953
vn 0.946186 0.085410 -0.312150
vn 0.986827 0.079331 0.140995
vn 0.941802 0.135740 -0.307546
vn 0.657381 0.218400 -0.721216
vn 0.958510 -0.138184 -0.249326
vn 0.571438 0.103311 -0.814116
vn 0.378922 0.257168 -0.888978
vn 0.954344 -0.241122 -0.176316
vn 0.585832 -0.268196 -0.764769
vn 0.227646 0.138295 -0.963873
vn 0.134398 0.270052 -0.953420
vn 0.654462 -0.406260 -0.637678
vn 0.579751 -0.396562 -0.711777
vn 0.188285 -0.244000 -0.951322
vn 0.077926 0.172883 -0.981855
vn 0.051600 0.274537 -0.960191
vn 0.028511 -0.181320 -0.983011
vn -0.034319 -0.330769 -0.943088
vn 0.137968 -0.377088 -0.915844
vn -0.074605 -0.303768 -0.949821
vn 0.114851 -0.362777 -0.924771
vn 0.470248 -0.422899 -0.774611
vn -0.021744 -0.281527 -0.959307
vn -0.105469 -0.272253 -0.956428
vn -0.111905 -0.198653 -0.973660
vn 0.737024 -0.436617 -0.515908
vn 0.300353 -0.317217 -0.899534
vn -0.027887 -0.177216 -0.983777
vn -0.117143 -0.026522 -0.992761
vn 0.488871 -0.402321 -0.774044
vn 0.154552 -0.133275 -0.978954
vn 0.106107 0.034554 -0.993754
vn -0.018333 0.012286 -0.999756
vn -0.087027 0.154912 -0.984088
vn 0.277721 -0.214951 -0.936305
vn 0.266108 -0.227900 -0.936615
vn 0.002278 0.195250 -0.980751
vn -0.051263 0.304837 -0.951024
vn 0.168313 -0.027351 -0.985354
vn 0.201848 0.150205 -0.967830
vn 0.149961 0.247919 -0.957104
vn 0.251807 0.530010 -0.809742
vn 0.106744 0.247438 -0.963006
vn 0.043226 0.355804 -0.933561
vn 0.002932 0.424860 -0.905254
vn 0.218237 0.528866 -0.820167
vn 0.204839 0.487198 -0.848928
vn 0.342387 0.791466 -0.506313
vn 0.281340 0.821314 -0.496278
vn 0.118163 0.490839 -0.863200
vn 0.329574 0.943289 0.039849
vn 0.224599 0.971792 -0.071942
vn 0.208040 0.941838 0.263934
vn 0.228238 0.910345 0.345223
vn 0.391453 0.908527 0.146091
vn 0.196099 0.859517 0.471991
vn 0.476623 0.689371 0.545526
vn 0.363459 0.725473 -0.584455
vn 0.129558 0.558532 -0.819303
vn 0.061008 0.419852 -0.905540
vn 0.389260 0.682876 -0.618189
vn 0.589511 0.790388 -0.166622
vn 0.574248 0.797923 0.183188
vn 0.710487 0.536584 0.455286
vn 0.551918 0.520760 0.651302
vn 0.105395 0.154384 0.982373
vn 0.199682 -0.382624 0.902068
vn 0.212445 0.116395 0.970216
vn 0.324184 -0.379046 0.866735
vn 0.424773 0.091034 0.900711
vn 0.221679 -0.381530 0.897381
vn 0.537850 -0.330401 0.775598
vn 0.562823 0.136116 0.815293
vn 0.346484 -0.302231 0.888035
vn 0.298299 -0.275159 0.913950
vn 0.623910 -0.184127 0.759495
vn 0.537993 0.195121 0.820056
vn 0.442607 -0.287262 0.849458
vn 0.298168 -0.708412 0.639725
vn 0.521164 -0.321222 0.790698
vn 0.537436 -0.116748 0.835184
vn 0.485147 0.170681 0.857613
vn 0.513180 -0.674190 0.531144
vn 0.192905 -0.978353 0.074925
vn 0.644078 -0.400908 0.651487
vn 0.511515 -0.356431 0.781863
vn 0.313071 -0.166040 0.935103
vn 0.332360 -0.784798 0.523095
vn 0.321368 -0.946954 0.001317
vn 0.235746 -0.970944 -0.041123
vn 0.484245 -0.457378 0.745863
vn 0.674187 -0.656255 0.338823
vn 0.447516 -0.894275 0.001407
vn 0.351731 -0.935345 0.037609
vn 0.639226 -0.522501 0.564254
vn 0.674529 -0.700187 0.233983
vn 0.606188 -0.793329 0.056252
vn 0.636366 -0.770685 0.032905
vn 0.713397 -0.562086 0.418478
vn 0.686317 -0.725418 0.052315
vn 0.734688 -0.674785 -0.069995
vn 0.731565 -0.662317 0.161705
vn 0.710306 -0.454040 0.537878
vn 0.855611 -0.432739 0.284020
vn 0.813584 -0.573112 0.098101
vn 0.756751 -0.652807 -0.034223
vn 0.821443 -0.550411 -0.149262
vn 0.807871 -0.556234 -0.194804
vn 0.814367 -0.493448 -0.305474
vn 0.886507 -0.462478 0.014814
vn 0.778499 -0.616260 -0.119009
vn 0.019171 -0.806227 -0.591296
vn 0.433134 -0.473954 0.766657
vn 0.930116 -0.315318 0.188303
vn 0.907270 -0.420220 -0.016651
vn 0.948459 -0.263820 0.175568
vn 0.298557 -0.891141 -0.341660
vn -0.029607 -0.537765 -0.842575
vn 0.896568 -0.416662 0.150192
vn 0.171528 -0.683245 0.709756
vn 0.482102 -0.637249 -0.601242
vn -0.077681 -0.167837 -0.982749
vn 0.860363 -0.324237 0.393251
vn 0.874022 -0.213654 0.436392
vn 0.695944 -0.319754 -0.642977
vn 0.438325 0.269175 -0.857564
vn 0.927239 -0.295729 0.229724
vn 0.910716 -0.261543 0.319673
vn 0.989711 0.046493 -0.135316
vn 0.979580 -0.030277 0.198763
vn 0.735907 0.676874 0.016798
vn 0.892477 -0.318746 0.319195
vn 0.911983 -0.308838 0.270011
vn 0.944641 -0.241414 0.222200
vn 0.921169 -0.204872 0.330872
vn 0.874722 -0.220791 0.431408
vn 0.949733 -0.126184 0.286504
vn 0.947208 -0.095089 0.306194
vn 0.887103 -0.117968 0.446242
vn 0.761363 -0.245700 0.599966
vn 0.915944 -0.160300 0.367900
vn 0.915383 -0.028126 0.401601
vn 0.902706 -0.007955 0.430184
vn 0.834106 -0.132357 0.535490
vn 0.851723 -0.073281 0.518843
vn 0.904239 -0.042613 0.424895
vn 0.832048 -0.244266 0.498027
vn 0.856951 -0.060106 0.511882
vn 0.814081 -0.174774 0.553829
vn 0.850719 -0.003069 0.525612
vn 0.817117 -0.010799 0.576371
vn 0.844445 -0.033138 0.534617
vn 0.669695 -0.306924 0.676244
vn 0.801257 0.053759 0.595901
vn 0.730306 -0.059723 0.680505
vn 0.399790 -0.440743 0.803687
vn 0.600525 -0.193921 0.775735
vn 0.425095 -0.409145 0.807400
vn 0.661316 0.077052 0.746140
vn 0.665466 0.126474 0.735635
vn 0.469554 0.207763 0.858111
vn 0.666420 0.110143 0.737396
vn 0.488357 -0.705157 0.514063
vn 0.313255 -0.932950 0.177415
vn 0.525904 -0.568177 0.632930
vn 0.314651 -0.939647 0.134381
vn 0.331921 -0.849903 0.409260
vn 0.423988 -0.287915 0.858685
vn 0.500290 -0.413253 0.760876
vn 0.241050 -0.765422 0.596678
vn 0.450371 -0.091209 0.888171
vn 0.548568 0.043073 0.834996
vn 0.330323 0.142030 0.933121
vn 0.492117 0.188790 0.849811
vn 0.435033 -0.081753 0.896696
vn 0.296672 -0.016519 0.954836
vn 0.425375 0.015592 0.904883
vn 0.369576 -0.339837 0.864826
vn 0.161890 -0.740265 0.652533
vn 0.429586 0.027869 0.902596
vn 0.224147 -0.328108 0.917662
vn 0.147811 -0.466764 0.871942
vn 0.099161 -0.790928 0.603821
vn 0.038991 0.043678 0.998285
vn 0.249768 0.000755 0.968305
vn 0.336063 -0.293321 0.895000
vn 0.166953 -0.329347 0.929332
vn 0.241536 -0.811750 0.531716
vn 0.559951 -0.227099 0.796794
vn 0.643567 -0.686624 0.338186
vn 0.279370 -0.717982 0.637538
vn 0.536481 -0.736981 0.411155
vn 0.292556 -0.354635 0.888057
vn 0.466878 -0.266044 0.843353
vn 0.317698 0.249886 0.914672
vn 0.557740 0.399406 0.727599
vn 0.287704 0.632648 0.719015
vn 0.531544 0.633471 0.562294
vn 0.322253 0.683084 0.655401
vn 0.518131 0.582420 0.626360
vn 0.281056 0.435581 0.855147
vn 0.560878 0.316940 0.764830
vn 0.234677 -0.057283 0.970384
vn 0.769295 0.481957 0.419408
vn 0.774865 0.299210 0.556829
vn 0.541520 -0.775979 0.323440
vn 0.289224 -0.825363 0.484897
vn 0.451715 -0.120488 0.883989
vn 0.144622 -0.224124 0.963770
vn 0.207869 -0.779715 0.590622
vn 0.534131 -0.079830 0.841624
vn 0.126928 -0.702400 0.700374
vn 0.716419 -0.526640 0.457597
vn 0.853840 0.213336 0.474811
vn 0.963873 0.144451 0.223792
vn 0.788083 0.552189 0.272053
vn 0.449388 0.190435 0.872803
vn 0.352737 0.354420 0.866004
vn 0.712393 0.280581 0.643250
vn 0.596322 0.255859 0.760879
vn 0.781551 0.026684 0.623270
vn 0.328880 0.314513 0.890460
vn 0.253934 0.356373 0.899175
vn 0.732840 0.269518 0.624744
vn 0.430011 0.242162 0.869740
vn 0.266931 0.529365 0.805307
vn 0.559157 0.204201 0.803520
vn 0.657341 -0.253120 0.709812
vn 0.200068 -0.168383 0.965205
vn 0.601901 -0.430951 0.672307
vn 0.485660 0.273279 0.830333
vn 0.306181 0.202183 0.930256
vn 0.442067 0.427091 0.788777
vn -0.011598 0.907906 0.419014
vn -0.081363 0.888471 0.451664
vn 0.051695 0.919106 0.390604
vn -0.879196 0.043944 0.474429
vn -0.742645 -0.665949 0.070642
vn 0.073915 0.391397 0.917249
vn 0.077059 0.922774 0.377558
vn -0.284312 -0.844308 0.454215
vn -0.656202 -0.750993 -0.073546
vn -0.023666 0.455887 0.889723
vn 0.032216 0.919271 0.392304
vn 0.784017 0.365407 0.501793
vn 0.822322 0.539811 -0.179975
vn 0.850798 -0.144251 -0.505307
vn 0.825343 -0.471559 0.310550
vn 0.694560 -0.470432 -0.544316
vn 0.564912 -0.503545 0.653695
vn 0.524761 -0.614560 0.589018
vn 0.524151 -0.834427 0.170287
vn 0.415599 -0.756516 -0.504936
vn 0.328519 -0.643627 0.691245
vn 0.302851 -0.875723 0.376020
vn 0.398192 -0.916989 -0.023952
vn -0.025917 -0.925759 -0.377225
vn 0.022669 -0.997853 -0.061439
vn -0.393778 -0.894341 -0.212351
vn 0.289892 -0.813013 0.504948
vn -0.221292 -0.968560 0.113676
vn -0.324643 -0.910078 0.257615
vn 0.392080 -0.624332 0.675635
vn 0.322325 -0.754234 0.572047
vn 0.672744 -0.230095 0.703187
vn 0.387275 -0.581864 0.715159
vn 0.459953 0.084533 0.883910
vn 0.251053 -0.213997 0.944022
vn 0.715876 0.095927 0.691606
vn 0.125222 -0.255050 0.958785
vn 0.109552 0.006598 0.993959
vn 0.146269 0.026145 0.988899
vn 0.091399 0.087492 0.991963
vn 0.316772 0.088648 0.944350
vn 0.208409 0.110900 0.971734
vn 0.109697 0.172537 0.978876
vn 0.264204 0.208999 0.941550
vn 0.429526 0.133433 0.893142
vn 0.515195 0.104007 0.850739
vn 0.693902 0.076593 0.715984
vn 0.885634 0.011611 0.464240
vn -0.666691 -0.711525 -0.221934
vn -0.177947 -0.530326 -0.828908
vn -0.262157 -0.443740 -0.856953
vn -0.799835 -0.583526 -0.140573
vn -0.673975 -0.410118 0.614460
vn -0.708555 -0.312391 0.632741
vn -0.811743 -0.249475 0.528048
vn -0.447020 -0.427355 -0.785838
vn -0.848949 -0.510807 -0.135503
vn -0.843567 -0.294000 0.449398
vn -0.831310 -0.495554 -0.251696
vn -0.569037 -0.436404 -0.696956
vn 0.252783 -0.796978 -0.548568
vn -0.027460 -0.999603 -0.006306
vn 0.675303 -0.714922 -0.181254
vn 0.043190 -0.998546 -0.032255
vn -0.343140 -0.921418 -0.182329
vn -0.402743 -0.905169 -0.135896
vn -0.298530 -0.673197 -0.676525
vn -0.435112 -0.852055 -0.290998
vn -0.223849 -0.646964 -0.728923
vn -0.120144 -0.686718 -0.716927
vn -0.299150 -0.905750 -0.300209
vn -0.140157 -0.639991 -0.755492
vn -0.400133 -0.908541 -0.120191
vn -0.418676 -0.905664 -0.066952
vn -0.203193 -0.979123 -0.005545
vn 0.616014 -0.708298 0.344733
vn 0.620088 -0.303536 0.723435
vn -0.453661 -0.776232 -0.437784
vn -0.648561 -0.520374 -0.555500
vn -0.606729 -0.687636 -0.398794
vn -0.749477 -0.496302 -0.438142
vn -0.322243 -0.918023 -0.231072
vn -0.855884 -0.259699 -0.447235
vn -0.920473 0.027799 -0.389816
vn -0.627127 -0.647476 -0.432998
vn -0.181298 -0.967022 -0.178881
vn -0.273022 -0.878938 -0.391059
vn 0.144536 -0.896910 -0.417927
vn 0.202558 -0.974919 -0.092210
vn 0.567435 -0.823300 0.013960
vn 0.663618 -0.645106 0.378746
vn -0.212517 -0.972753 0.092679
vn -0.345685 -0.829968 0.437784
vn -0.497503 -0.866792 0.034106
vn -0.571046 -0.652117 0.498647
vn -0.563535 -0.818371 -0.112680
vn -0.636569 -0.591425 0.494972
vn -0.748752 -0.540919 0.383114
vn -0.080766 -0.974786 0.208013
vn 0.555585 -0.751175 0.356456
vn 0.972924 -0.220476 0.069351
vn -0.701581 -0.569493 0.428325
vn -0.505161 -0.759003 -0.410764
vn -0.775496 -0.506109 0.377437
vn -0.652642 -0.674860 -0.344416
vn -0.897029 -0.403564 0.180211
vn -0.155564 -0.487745 -0.859014
vn -0.084291 -0.493081 -0.865891
vn -0.326992 -0.396769 -0.857701
vn -0.771361 -0.520192 -0.366609
vn -0.921628 -0.382322 0.066566
vn -0.440474 -0.416002 -0.795566
vn -0.810069 -0.482143 -0.333657
vn -0.649155 -0.407778 0.642117
vn -0.619228 -0.392097 0.680306
vn -0.567218 -0.748958 -0.342528
vn -0.752892 -0.655634 -0.057419
vn -0.816047 -0.225493 0.532185
vn -0.908381 -0.413323 -0.063309
vn -0.797661 -0.286220 0.530862
vn -0.072836 -0.249204 -0.965708
vn -0.140286 -0.237290 -0.961256
vn 0.175796 -0.090321 -0.980274
vn 0.048002 -0.725981 -0.686037
vn 0.177390 -0.307577 -0.934842
vn 0.383372 0.222278 -0.896448
vn 0.305533 0.119190 -0.944692
vn -0.898548 -0.437054 -0.039954
vn -0.214018 -0.333834 -0.918015
vn -0.884552 -0.462851 -0.057763
vn -0.607460 -0.497469 0.619288
vn 0.762575 0.183680 -0.620275
vn 0.682866 0.396210 -0.613769
vn 0.743755 0.545375 -0.386516
vn 0.873822 0.135099 -0.467101
vn 0.824058 0.565176 0.038800
vn 0.941462 0.331248 0.062642
vn -0.232671 -0.570573 -0.787598
vn -0.756924 -0.652771 0.030935
vn 0.318369 -0.928183 0.192658
vn 0.645362 -0.570286 0.508215
vn 0.689974 -0.712011 -0.130291
vn 0.805649 0.033064 -0.591469
vn 0.927164 0.059929 -0.369832
vn 0.863668 0.201152 0.462186
vn 0.704532 0.225385 0.672931
vn 0.225431 0.124338 0.966292
vn 0.184816 0.131666 0.973913
vn 0.744259 0.234001 0.625558
vn 0.194214 0.110204 0.974749
vn 0.500118 0.250928 0.828805
vn 0.232159 0.193090 0.953320
vn 0.562935 0.439035 0.700252
vn 0.542677 0.351305 0.762946
vn 0.755209 0.510902 0.410657
vn 0.859383 0.415807 -0.297600
vn 0.612044 0.212872 -0.761635
vn 0.819923 0.569187 0.061263
vn 0.724545 0.579539 -0.373054
vn 0.661346 0.627502 -0.410929
vn 0.846196 0.529658 -0.058432
vn 0.694609 0.709332 -0.119862
vn 0.531011 0.468853 -0.705836
vn 0.521207 0.386487 -0.760901
vn 0.353314 0.068275 -0.933010
vn 0.650244 0.740646 -0.169194
vn 0.638823 0.755779 0.143885
vn 0.147492 0.142061 -0.978808
vn 0.065458 -0.041065 -0.997010
vn -0.130089 0.157353 -0.978937
vn 0.406200 0.478137 -0.778708
vn 0.552876 0.495796 -0.669712
vn 0.646469 0.740945 -0.181873
vn 0.700540 0.701328 -0.131844
vn 0.567727 0.807115 0.162023
vn 0.499634 0.833044 0.237493
vn 0.530158 0.784298 0.322194
vn 0.108788 0.781742 0.614039
vn 0.134558 0.752794 0.644356
vn -0.441362 0.623472 0.645354
vn 0.309132 0.821137 0.479761
vn -0.402603 0.644781 0.649745
vn -0.947347 0.231378 0.221353
vn 0.437232 0.779725 0.448171
vn -0.006265 0.652243 0.757984
vn -0.899150 0.255696 0.355174
vn -0.998752 -0.047407 0.015743
vn -0.994850 -0.094440 0.036816
vn -0.295219 0.615092 0.731100
vn -0.938216 0.162066 0.305754
vn -0.979497 -0.197927 0.037569
vn -0.966908 -0.018498 0.254456
vn -0.966014 -0.253722 0.049413
vn -0.620598 0.425126 0.658882
vn -0.942885 -0.052181 0.329006
vn -0.951615 -0.291779 -0.096410
vn -0.969321 -0.043592 0.241902
vn -0.943437 -0.248588 -0.219388
vn -0.500703 0.297692 0.812820
vn 0.125990 0.433491 0.892307
vn -0.976190 -0.094966 0.195023
vn -0.943487 -0.280404 -0.176652
vn -0.383807 0.370739 0.845721
vn -0.777022 -0.128708 0.616174
vn -0.929613 -0.358892 -0.083763
vn -0.626079 0.017402 0.779565
vn -0.348373 0.114635 0.930320
vn 0.253507 0.142336 0.956805
vn 0.142280 0.157551 0.977207
vn 0.860901 0.084687 0.501674
vn 0.864206 0.177510 0.470785
vn 0.539909 0.333353 0.772900
vn 0.889128 0.282553 0.360022
vn 0.486806 0.415354 0.768440
vn 0.894403 0.214749 0.392335
vn 0.755514 0.231583 0.612836
vn 0.469160 0.386886 0.793857
vn 0.410898 0.000516 0.911681
vn 0.214647 0.348365 0.912452
vn 0.016529 0.198497 0.979962
vn -0.315748 -0.119451 0.941294
vn 0.067622 0.632954 0.771230
vn -0.291818 0.075102 0.953521
vn -0.516128 -0.042030 0.855480
vn -0.359211 0.204011 0.910685
vn -0.473358 0.031704 0.880300
vn 0.006502 0.633846 0.773432
vn -0.129953 0.371688 0.919217
vn -0.694377 -0.207607 0.689013
vn 0.391701 0.779445 0.488913
vn 0.634474 0.479565 0.606185
vn 0.506576 0.784282 0.358166
vn 0.121287 0.554169 0.823520
vn 0.613432 0.632790 0.472523
vn 0.506733 0.628858 0.589712
vn -0.070913 0.414657 0.907210
vn 0.922779 0.371544 -0.102149
vn -0.740200 -0.335089 0.582941
vn -0.643530 -0.738103 -0.202664
vn -0.443721 -0.776034 -0.448200
vn -0.092913 -0.628664 -0.772107
vn -0.040843 -0.587338 -0.808310
vn -0.823457 -0.348784 0.447515
vn -0.645034 -0.615571 -0.452772
vn -0.120039 -0.453904 -0.882928
vn -0.652382 -0.534223 -0.537590
vn -0.077239 -0.370915 -0.925449
vn -0.231942 -0.254110 -0.938952
vn -0.810598 -0.331241 0.482918
vn -0.094028 0.258258 0.961489
vn -0.668268 -0.480006 -0.568342
vn -0.112726 -0.607302 -0.786433
vn 0.589895 0.639797 0.492629
vn -0.856954 -0.326407 0.398860
vn 0.868031 0.440414 -0.229255
vn 0.795028 0.183892 -0.578026
vn 0.754130 0.119088 -0.645837
vn -0.136779 0.198386 0.970533
vn 0.923943 0.300815 -0.236304
vn 0.809318 0.139359 -0.570599
vn 0.687585 0.467941 0.555210
vn 0.919597 0.372290 0.125464
vn 0.867375 0.223519 -0.444634
vn 0.308350 0.297045 0.903706
vn 0.289405 0.216505 0.932400
vn 0.927415 0.326104 0.183187
vn 0.863962 0.087499 -0.495897
vn 0.253239 0.178094 0.950869
vn 0.950471 0.286686 0.120066
vn 0.808759 0.057232 -0.585349
vn 0.975735 0.200622 0.087705
vn 0.449802 0.179337 0.874938
vn -0.676152 -0.582892 0.450616
vn -0.496597 -0.705100 -0.506188
vn 0.029760 -0.998875 -0.036915
vn 0.047138 -0.883973 0.465156
vn 0.477746 -0.854899 -0.202252
vn -0.463409 -0.738257 -0.490131
vn -0.330724 -0.870534 -0.364406
vn -0.463211 -0.754997 -0.464128
vn -0.323383 -0.769072 -0.551319
vn 0.161147 -0.858931 -0.486076
vn 0.791901 -0.422770 -0.440635
vn -0.218291 -0.609075 -0.762480
vn 0.360417 -0.593253 -0.719827
vn 0.763391 -0.343863 -0.546802
vn -0.145065 -0.370272 -0.917527
vn 0.387065 -0.289301 -0.875492
vn 0.759057 -0.094582 -0.644117
vn -0.130247 -0.403342 -0.905732
vn 0.401893 -0.332456 -0.853203
vn 0.773443 -0.172072 -0.610064
vn -0.156488 -0.691647 -0.705078
vn 0.380956 -0.596732 -0.706246
vn 0.725400 -0.499765 -0.473319
vn 0.153661 -0.988046 0.012385
vn -0.318946 -0.937269 0.140713
vn 0.423837 -0.794220 0.435404
vn 0.166142 -0.586650 -0.792615
vn 0.267338 -0.614150 -0.742530
vn 0.293312 -0.552868 -0.779939
vn 0.218935 -0.546797 -0.808134
vn 0.475203 -0.481401 -0.736502
vn 0.131535 -0.674143 -0.726794
vn 0.443047 -0.528637 -0.724053
vn 0.298403 -0.667510 -0.682192
vn 0.627825 -0.568659 -0.531472
vn 0.700018 -0.529447 -0.479229
vn 0.200648 -0.642641 -0.739427
vn 0.084955 -0.633393 -0.769153
vn 0.178268 -0.435428 -0.882396
vn 0.380084 -0.455487 -0.805026
vn 0.475255 -0.604891 -0.638936
vn 0.628701 -0.448597 -0.635213
vn 0.564384 -0.629978 -0.533478
vn 0.679025 -0.513905 -0.524239
vn 0.829129 -0.404618 -0.385783
vn 0.798487 -0.514953 -0.311837
vn 0.838733 -0.469498 -0.275859
vn 0.821906 -0.474596 -0.315008
vn 0.798015 -0.512804 -0.316550
vn 0.726749 -0.562479 -0.394276
vn 0.831226 -0.428656 -0.354002
vn 0.870414 -0.456973 -0.183178
vn 0.906468 -0.382962 -0.177920
vn 0.898478 -0.433132 -0.071655
vn 0.199635 -0.136306 0.970344
vn -0.151496 -0.095982 0.983787
vn 0.189303 0.100050 0.976808
vn 0.470705 -0.082317 0.878442
vn 0.581541 0.124612 0.803916
vn 0.498577 -0.329583 0.801746
vn 0.307614 -0.388905 0.868405
vn 0.795765 -0.022616 0.605183
vn 0.819267 0.113794 0.562007
vn 0.913196 0.229143 0.336997
vn 0.517826 -0.556159 0.650033
vn 0.262573 -0.573178 0.776223
vn 0.251030 -0.758705 0.601125
vn 0.453427 -0.716776 0.529751
vn 0.722024 -0.601832 0.341290
vn 0.804958 -0.379228 0.456322
vn 0.864477 -0.449417 0.225177
vn 0.788846 -0.161451 0.593006
vn 0.973788 0.115476 0.195965
vn 0.729292 0.614285 -0.301309
vn 0.978038 -0.095343 0.185339
vn 0.943005 -0.252536 0.216719
vn 0.933259 -0.359201 -0.001357
vn 0.933130 -0.116261 -0.340224
vn 0.943222 0.019621 -0.331582
vn 0.747035 0.054272 -0.662566
vn 0.825018 0.397971 -0.401204
vn 0.347863 0.431615 -0.832286
vn 0.774582 0.163868 -0.610877
vn 0.438330 0.124321 -0.890175
vn 0.382233 0.370674 -0.846462
vn 0.060301 0.360626 -0.930759
vn 0.073278 0.319663 -0.944693
vn 0.379482 0.200049 -0.903313
vn 0.151382 0.108522 -0.982500
vn 0.120648 0.143154 -0.982319
vn -0.701427 -0.702458 0.120633
vn -0.074440 -0.889089 0.451641
vn 0.038687 -0.802875 0.594891
vn -0.874418 -0.313891 0.369953
vn 0.263432 -0.351871 0.898215
vn -0.905057 -0.425052 0.014195
vn -0.395223 0.319424 0.861259
vn 0.589964 -0.285334 0.755333
vn -0.966792 -0.034433 0.253236
vn -0.864425 -0.425801 0.267327
vn 0.259012 0.652120 0.712497
vn 0.601663 0.746495 0.284160
vn 0.787320 -0.063789 0.613236
vn 0.760202 -0.380711 0.526453
vn -0.530503 0.594156 0.604603
vn -0.884169 -0.012188 0.467009
vn 0.159000 0.886278 0.435005
vn -0.643450 -0.223645 0.732090
vn -0.670927 -0.597963 0.438518
vn -0.054485 0.833674 0.549562
vn 0.783159 0.610254 -0.119381
vn 0.723904 -0.632547 0.275404
vn 0.425818 0.896619 0.121465
vn 0.593359 0.774942 -0.217693
vn 0.473477 0.859401 0.193003
vn -0.642738 -0.523545 0.559275
vn -0.606308 -0.741772 0.286644
vn 0.120859 0.672826 0.729862
vn -0.658281 -0.646268 0.386010
vn -0.613191 -0.779867 0.125718
vn -0.741074 -0.516467 0.429035
vn -0.670900 -0.724158 0.159655
vn -0.757012 -0.623013 0.196945
vn -0.481653 0.132797 0.866242
vn -0.604615 -0.165425 0.779150
vn -0.796940 -0.389048 0.462091
vn -0.673272 -0.678921 0.292868
vn 0.598277 0.760556 0.252229
vn 0.237477 0.746607 0.621436
vn -0.385730 0.269327 0.882426
vn -0.607826 0.031272 0.793455
vn -0.593184 0.082515 0.800827
vn -0.332222 -0.031474 0.942676
vn -0.657952 -0.513422 0.550906
vn -0.426765 -0.734938 0.527008
vn -0.554049 -0.804041 0.215753
vn -0.389312 0.380864 0.838677
vn 0.174022 0.721490 0.670200
vn -0.366311 0.406192 0.837152
vn -0.498343 -0.858400 0.121673
vn -0.494538 -0.866422 -0.068885
vn -0.476132 -0.870950 0.121428
vn -0.468595 -0.883320 -0.012831
vn -0.373334 -0.778289 0.504864
vn -0.528084 -0.837890 0.138088
vn -0.528226 -0.849045 -0.010006
vn -0.633247 -0.770947 -0.068114
vn 0.118191 0.765173 0.632883
vn -0.078454 -0.332433 0.939858
vn -0.398283 -0.753698 0.522791
vn -0.028357 -0.340026 0.939989
vn 0.281735 0.237603 0.929608
vn -0.052146 0.379947 0.923537
vn 0.386626 0.688103 0.614032
vn 0.369368 0.294028 0.881541
vn -0.067685 -0.288061 0.955217
vn -0.453699 -0.706053 0.543734
vn 0.123380 0.773884 0.621193
vn 0.137813 0.732897 0.666236
vn -0.574105 -0.809876 0.120430
vn -0.640198 -0.764976 0.070410
vn -0.613378 -0.778419 -0.133531
vn -0.503131 -0.855801 -0.120263
vn -0.614751 -0.783942 0.086699
vn -0.498973 -0.674195 0.544506
vn -0.451539 -0.726076 0.518581
vn -0.492937 -0.791239 0.361876
vn 0.082979 -0.508097 0.857293
vn -0.131052 -0.244296 0.960804
vn -0.153461 -0.250497 0.955877
vn 0.127728 -0.359858 0.924223
vn 0.318960 0.333843 0.887025
vn 0.343980 0.167635 0.923892
vn 0.285862 0.231872 0.929795
vn 0.309724 0.157705 0.937657
vn 0.361113 0.331236 0.871711
vn 0.424216 0.521544 0.740292
vn 0.373365 0.602757 0.705183
vn 0.404723 0.798731 0.445227
vn 0.353061 0.043572 0.934585
vn 0.547970 0.384557 0.742863
vn 0.542817 0.708094 0.451610
vn 0.499674 0.865272 -0.040380
vn 0.541087 0.432670 0.721125
vn 0.532763 0.595616 0.601170
vn 0.560677 0.617911 0.551205
vn 0.710155 0.570252 0.412909
vn 0.637708 0.768027 -0.058850
vn 0.699819 0.589211 0.403836
vn 0.544763 0.634864 -0.547888
vn 0.465116 0.699959 -0.541963
vn 0.751312 0.651870 -0.102936
vn 0.659360 0.725445 0.197419
vn 0.518392 0.646216 0.560066
vn 0.420074 0.419861 -0.804522
vn 0.377227 0.461955 -0.802681
vn 0.266867 0.181607 -0.946468
vn 0.652385 0.743334 0.147809
vn 0.584071 0.562826 -0.584883
vn 0.726799 0.682925 -0.073331
vn 0.274482 0.135475 -0.952001
vn 0.074259 -0.221681 -0.972288
vn 0.542410 0.632329 -0.553129
vn 0.591570 0.695958 -0.407047
vn 0.399661 0.389270 -0.829904
vn -0.025915 -0.219520 -0.975264
vn -0.157539 -0.518031 -0.840729
vn -0.304167 -0.545466 -0.780993
vn 0.310366 0.392578 -0.865769
vn 0.215180 0.161943 -0.963054
vn -0.236059 -0.502081 -0.831980
vn -0.356131 -0.713821 -0.603018
vn 0.087422 0.016870 -0.996029
vn 0.299558 0.381087 -0.874664
vn 0.034476 -0.071540 -0.996842
vn -0.256913 -0.569746 -0.780631
vn -0.361690 -0.725499 -0.585518
vn 0.062828 -0.075616 -0.995156
vn -0.244752 -0.579059 -0.777681
vn 0.056683 -0.111324 -0.992166
vn -0.340597 -0.741580 -0.577972
vn 0.405346 0.388173 -0.827657
vn -0.284748 -0.620173 -0.730961
vn -0.372700 -0.789657 -0.487377
vn -0.322970 -0.700325 -0.636581
vn -0.428955 -0.818025 -0.383188
vn -0.471260 -0.735384 -0.486954
vn 0.634614 0.699493 -0.328595
vn 0.603601 0.705852 -0.370727
vn 0.440660 0.431905 -0.786942
vn 0.589638 0.789329 0.171135
vn 0.525938 0.844956 0.097150
vn 0.591196 0.702917 -0.395467
vn 0.442650 0.531952 -0.721864
vn 0.464353 0.882294 0.077024
vn 0.576653 0.719072 -0.387823
vn 0.013621 -0.017083 -0.999761
vn 0.470237 0.877376 0.095333
vn 0.555967 0.735339 -0.387528
vn 0.495455 0.545780 -0.675758
vn -0.268935 -0.702771 -0.658625
vn 0.500616 0.843714 0.193730
vn 0.643375 0.698928 -0.312361
vn 0.537362 0.800206 0.266293
vn 0.739350 0.642982 -0.199839
vn 0.640209 0.750408 0.164380
vn 0.155401 -0.129415 -0.979338
vn 0.283395 -0.398322 -0.872369
vn 0.611719 0.491450 -0.619901
vn 0.651959 0.356079 -0.669446
vn 0.746676 0.267834 -0.608884
vn 0.825231 0.451340 -0.339539
vn 0.806367 0.551238 -0.214264
vn -0.283603 -0.745618 -0.603012
vn -0.435811 -0.689246 -0.578800
vn 0.309088 -0.386602 -0.868909
vn -0.180195 -0.726847 -0.662739
vn -0.331959 -0.762836 -0.554874
vn 0.451199 -0.349471 -0.821151
vn -0.053234 -0.769521 -0.636400
vn -0.219624 -0.855649 -0.468647
vn 0.111864 -0.783051 -0.611816
vn -0.154884 -0.906510 -0.392748
vn 0.651879 -0.221038 -0.725394
vn 0.075981 -0.823631 -0.562014
vn -0.221179 -0.929987 -0.293606
vn 0.697502 -0.133884 -0.703965
vn -0.183989 -0.628320 -0.755885
vn -0.422648 -0.774203 -0.471145
vn -0.586793 -0.619267 -0.521712
vn 0.554903 0.073093 -0.828698
vn -0.196740 -0.442631 -0.874855
vn 0.673572 0.699433 -0.238945
vn 0.491729 0.220935 -0.842253
vn 0.680315 -0.071290 -0.729444
vn -0.114743 -0.679466 -0.724679
vn -0.466156 -0.814211 -0.346063
vn 0.378141 -0.915545 -0.137064
vn 0.052607 -0.992617 0.109291
vn -0.328139 -0.943691 0.042090
vn -0.030092 -0.997530 0.063464
vn 0.049415 -0.954088 0.295424
vn 0.135404 -0.863044 0.486643
vn 0.077993 -0.451752 0.888728
vn 0.180776 -0.404769 0.896371
vn 0.131177 -0.141062 0.981272
vn 0.121816 -0.146651 0.981659
vn 0.196186 -0.132381 0.971590
vn 0.146139 -0.096083 0.984587
vn 0.338368 -0.090970 0.936607
vn 0.389790 -0.094265 0.916067
vn 0.638773 -0.029937 0.768812
vn 0.542705 0.030826 0.839358
vn 0.835352 0.076652 0.544345
vn 0.799922 0.126807 0.586554
vn 0.962970 0.159140 0.217633
vn 0.974721 0.146691 0.168528
vn 0.939859 0.202852 -0.274803
vn 0.953226 0.194345 -0.231495
vn 0.694736 0.302659 -0.652487
vn 0.962195 0.148704 0.228185
vn 0.782638 0.132372 0.608239
vn 0.386152 0.080767 0.918893
vn 0.754887 0.218871 -0.618257
vn 0.386387 0.383200 -0.838965
vn 0.428939 0.240291 -0.870788
vn 0.139671 0.386304 -0.911735
vn 0.761993 0.039332 -0.646390
vn 0.959773 0.128931 -0.249426
vn 0.975876 0.080802 0.202824
vn 0.774128 0.078784 0.628108
vn 0.326387 0.032558 0.944675
vn 0.124764 0.244927 -0.961480
vn 0.024267 0.369089 -0.929077
vn 0.000004 0.225945 -0.974140
vn -0.273591 -0.046915 0.960701
vn -0.738145 -0.048721 0.672881
vn 0.272210 -0.080484 0.958866
vn 0.436978 -0.083705 -0.895569
vn 0.144167 -0.143728 -0.979060
vn 0.001557 -0.206443 -0.978457
vn 0.066135 -0.651388 -0.755858
vn -0.016329 -0.767838 -0.640435
vn -0.356766 -0.109052 0.927807
vn 0.788586 -0.037003 0.613810
vn -0.125734 -0.969576 -0.210031
vn -0.176592 -0.984095 -0.019309
vn -0.224502 -0.954793 0.194857
vn -0.325828 -0.925235 0.194362
vn -0.087818 -0.804271 -0.587738
vn 0.292164 -0.249173 -0.923338
vn -0.797535 -0.113733 0.592455
vn -0.927495 -0.045455 0.371061
vn -0.937576 -0.116783 0.327587
vn -0.825557 -0.173404 0.537017
vn -0.937942 -0.163747 0.305698
vn -0.391765 -0.183652 0.901550
vn -0.855311 -0.222833 0.467748
vn -0.959893 -0.218762 0.175354
vn 0.703924 -0.056985 -0.707986
vn 0.208468 -0.183036 0.960749
vn -0.406780 -0.227711 0.884691
vn -0.864418 -0.237692 0.443040
vn -0.967954 -0.194001 0.159464
vn 0.752932 -0.138032 0.643459
vn 0.205182 -0.212260 0.955430
vn -0.465861 -0.233832 0.853403
vn -0.841055 -0.285470 0.459493
vn -0.956294 -0.179354 0.230940
vn -0.908724 -0.306572 0.283255
vn 0.148099 -0.178666 0.972700
vn 0.112424 -0.120447 0.986333
vn -0.545959 -0.248412 0.800138
vn -0.831764 -0.294984 0.470269
vn -0.950445 -0.113990 0.289240
vn 0.742174 -0.161595 0.650434
vn -0.568509 -0.293192 0.768659
vn 0.987784 -0.091469 0.126159
vn 0.720458 -0.122977 0.682508
vn 0.988128 -0.016124 0.152788
vn 0.953290 0.037528 -0.299716
vn 0.929280 -0.022036 -0.368719
vn 0.984934 -0.113413 0.130544
vn 0.548156 -0.047188 -0.835044
vn 0.903401 -0.061162 -0.424411
vn -0.134471 -0.064658 -0.988806
vn -0.410572 -0.073969 -0.908823
vn 0.500508 -0.037593 -0.864915
vn 0.907987 -0.066513 -0.413685
vn 0.981212 -0.083529 0.173913
vn -0.751500 -0.054120 -0.657510
vn -0.847678 -0.032746 -0.529499
vn -0.113917 -0.029653 -0.993048
vn -0.933124 -0.063025 -0.353989
vn -0.938174 -0.035398 -0.344348
vn -0.927965 -0.108946 -0.356386
vn -0.748542 -0.082079 -0.657987
vn 0.477712 -0.058793 -0.876547
vn -0.799226 -0.155997 -0.580433
vn -0.939000 -0.178973 -0.293679
vn -0.169732 -0.093057 -0.981087
vn -0.818969 -0.109820 -0.563231
vn -0.951159 -0.130824 -0.279611
vn -0.212292 -0.072697 -0.974499
vn -0.808060 -0.123640 -0.575980
vn -0.945753 -0.116444 -0.303302
vn 0.442891 -0.014517 -0.896458
vn -0.814061 -0.049924 -0.578630
vn -0.907144 -0.090268 -0.411026
vn -0.959560 0.071475 -0.272278
vn -0.216234 -0.033275 -0.975774
vn 0.934714 -0.007476 -0.355321
vn -0.846468 0.153998 -0.509682
vn -0.950568 0.148218 -0.272857
vn -0.342815 0.161349 -0.925443
vn -0.392173 0.284699 -0.874727
vn 0.931661 0.024322 -0.362515
vn 0.983098 -0.049827 0.176171
vn 0.922025 0.143419 -0.359586
vn 0.381671 0.076154 -0.921156
vn 0.323514 0.257053 -0.910638
vn 0.330823 0.346281 -0.877864
vn 0.740125 -0.058262 0.669941
vn 0.981916 -0.005446 0.189237
vn 0.779648 -0.121314 0.614355
vn 0.146871 -0.246702 0.957897
vn 0.781302 -0.156624 0.604182
vn 0.979256 0.062450 0.192766
vn 0.110655 -0.355784 0.927994
vn -0.567535 -0.291197 0.770135
vn -0.063872 -0.211082 0.975379
vn -0.885891 -0.155256 0.437141
vn -0.742878 -0.104668 0.661193
vn -0.904656 -0.003977 0.426124
vn -0.719759 -0.078361 0.689787
vn -0.888414 -0.063405 0.454643
vn 0.893006 0.223021 -0.390900
vn 0.875933 0.216088 -0.431333
vn 0.735694 -0.085654 0.671876
vn -0.117729 -0.141914 0.982853
vn -0.785522 -0.157686 0.598407
vn -0.925622 -0.218107 0.309280
vn -0.965906 -0.122707 0.227968
vn 0.369493 0.276735 -0.887069
vn 0.982820 0.083115 0.164794
vn 0.659203 -0.126968 0.741168
vn -0.116160 -0.109803 0.987142
vn 0.888525 0.041991 -0.456903
vn 0.976906 -0.047082 0.208416
vn -0.293977 0.254672 -0.921260
vn 0.656051 -0.111371 0.746454
vn 0.368265 0.058032 -0.927908
vn 0.967386 -0.128911 0.218050
vn 0.855491 -0.156062 -0.493740
vn -0.780212 0.206123 -0.590578
vn -0.210529 0.052828 -0.976159
vn -0.764488 0.037202 -0.643564
vn -0.946862 0.057758 -0.316410
vn -0.785855 -0.203730 -0.583889
vn -0.415274 -0.206726 -0.885896
vn -0.730080 -0.191918 -0.655859
vn 0.326419 -0.169284 -0.929943
vn -0.411333 -0.174124 -0.894699
vn -0.759019 -0.004607 -0.651052
vn 0.842987 -0.138240 -0.519867
vn 0.309189 -0.119385 -0.943477
vn -0.451637 0.004420 -0.892191
vn 0.986164 -0.079591 0.145417
vn -0.480095 -0.041654 -0.876227
vn -0.821084 -0.063177 -0.567301
vn 0.399562 -0.036934 -0.915962
vn 0.355480 0.003967 -0.934675
vn 0.864856 -0.016979 -0.501733
vn 0.863711 -0.034480 -0.502807
vn 0.997108 -0.007999 0.075583
vn 0.995626 -0.013109 0.092500
vn 0.699669 -0.024608 0.714043
vn 0.675101 -0.010904 0.737644
vn 0.726549 0.018041 0.686878
vn -0.132724 0.029870 0.990703
vn -0.137551 0.033617 0.989924
vn -0.215870 -0.061374 0.974491
vn -0.881752 -0.023861 0.471110
vn -0.900175 -0.075062 0.429012
vn -0.854773 -0.054513 0.516131
vn -0.991234 -0.057433 0.118980
vn -0.984372 -0.052508 0.168089
vn -0.985749 0.126511 0.110880
vn -0.971436 0.176112 0.159050
vn -0.970141 0.144331 -0.194923
vn -0.972492 0.108691 -0.206024
vn -0.995286 0.063783 0.073054
vn -0.547944 0.133918 -0.825726
vn -0.481709 0.147403 -0.863845
vn -0.979726 0.078803 -0.184194
vn -0.990287 0.070400 0.119895
vn -0.989620 0.082619 -0.117583
vn -0.716563 0.081571 -0.692736
vn -0.614235 0.112903 -0.781005
vn 0.095220 0.050566 -0.994171
vn 0.220679 0.105831 -0.969588
vn 0.749273 -0.006952 -0.662225
vn 0.329073 0.152960 -0.931834
vn 0.396840 0.154107 -0.904859
vn 0.772089 0.057409 -0.632917
vn 0.888660 -0.055771 -0.455162
vn 0.814542 0.166328 -0.555748
vn 0.853775 0.144051 -0.500317
vn 0.966732 0.254626 -0.024382
vn 0.906884 0.060173 -0.417061
vn 0.944793 0.291767 -0.149122
vn 0.936983 -0.000741 -0.349374
vn 0.911566 -0.167663 -0.375415
vn 0.937077 -0.087704 -0.337927
vn 0.784117 0.512689 0.349729
vn 0.665956 0.424132 0.613689
vn 0.938756 0.288124 -0.189001
vn 0.957742 0.109565 -0.265942
vn 0.991445 0.077341 -0.105148
vn 0.924805 0.351535 -0.145464
vn 0.975966 0.215042 -0.035311
vn 0.977069 0.149072 0.152031
vn 0.952768 0.263448 0.151090
vn 0.817420 0.046961 0.574125
vn 0.097573 0.571745 0.814609
vn -0.299258 0.386124 0.872556
vn 0.705920 0.689636 0.161490
vn 0.718716 0.684532 0.121914
vn 0.052983 0.841073 0.538320
vn 0.591889 0.770726 0.235900
vn -0.618192 0.381384 0.687303
vn -0.739236 0.251944 0.624543
vn -0.872617 0.146834 0.465810
vn -0.779693 0.403660 0.478684
vn -0.920346 0.085039 0.381747
vn -0.958480 0.117083 0.260013
vn -0.937228 0.010704 0.348553
vn -0.979495 0.001325 0.201464
vn -0.707080 0.620223 0.339648
vn -0.969524 0.222219 0.103155
vn -0.995529 0.024983 0.091090
vn 0.033083 0.899507 0.435651
vn -0.647452 0.689895 0.323807
vn -0.923007 0.219015 0.316371
vn -0.945811 0.072350 0.316555
vn 0.054875 0.950277 0.306532
vn -0.503053 0.775154 0.382195
vn -0.813476 0.228544 0.534812
vn -0.827004 0.023285 0.561714
vn 0.642719 0.749195 0.160063
vn 0.104287 0.957392 0.269304
vn -0.274003 0.682021 0.678063
vn -0.431929 0.161292 0.887368
vn -0.388787 -0.071019 0.918586
vn 0.294135 -0.028087 0.955351
vn 0.557924 0.710748 0.428438
vn 0.248380 0.717069 0.651245
vn 0.294068 0.186081 0.937496
vn 0.767676 0.257871 0.586665
vn 0.212813 -0.077677 0.974000
vn 0.295996 -0.301045 0.906509
vn -0.204902 0.265995 0.941946
vn -0.064090 0.141813 0.987817
vn -0.484363 0.575160 0.659230
vn 0.303911 -0.478996 0.823530
vn -0.346179 0.667421 0.659324
vn -0.420817 0.808587 0.411218
vn 0.336305 0.177670 0.924842
vn 0.209751 -0.426590 0.879787
vn -0.253469 0.888679 0.382105
vn -0.425783 0.859274 0.283474
vn 0.207274 0.755029 0.622068
vn 0.556230 -0.080864 0.827085
vn 0.681037 -0.106491 0.724464
vn -0.263012 0.925621 0.272121
vn -0.430130 0.887981 0.162721
vn 0.275890 0.897884 0.343059
vn 0.706908 0.520218 0.479223
vn -0.194432 0.979014 0.061063
vn -0.048063 0.982412 -0.180437
vn 0.160606 0.964357 0.210290
vn 0.117802 0.954648 -0.273443
vn 0.128557 0.850367 -0.510245
vn 0.796996 0.410598 0.442952
vn 0.759109 0.633074 0.151563
vn 0.685603 0.692092 0.225736
vn 0.227362 0.968449 -0.102041
vn 0.564559 0.820171 0.092697
vn 0.508680 0.818757 -0.266236
vn 0.285784 0.826483 -0.485029
vn 0.740449 0.672104 -0.003346
vn 0.327973 0.705422 -0.628341
vn 0.173761 0.684785 -0.707727
vn 0.587197 0.719287 -0.371249
vn 0.248605 0.576648 -0.778250
vn 0.163947 0.582971 -0.795780
vn 0.748892 0.654767 -0.102183
vn 0.440395 0.624902 -0.644632
vn 0.180251 0.454180 -0.872485
vn 0.158378 0.489093 -0.857732
vn 0.190027 0.327902 -0.925403
vn 0.281457 -0.015101 -0.959455
vn 0.330595 -0.084665 -0.939968
vn 0.364152 -0.495551 -0.788557
vn 0.354421 0.387585 -0.850978
vn 0.251948 -0.499871 -0.828644
vn 0.555294 -0.571101 -0.604559
vn 0.492977 -0.056306 -0.868219
vn 0.487392 0.512456 -0.706992
vn 0.627224 0.664128 -0.406847
vn 0.688895 0.201099 -0.696407
vn 0.675179 0.514081 -0.529013
vn 0.305615 -0.554994 -0.773680
vn 0.668754 -0.420079 -0.613435
vn 0.834556 -0.193591 -0.515790
vn 0.690270 -0.428256 -0.583202
vn 0.811333 0.540383 -0.222991
vn 0.920804 0.167609 -0.352175
vn 0.836900 -0.493225 -0.237334
vn 0.899594 -0.409003 -0.153125
vn 0.901278 -0.379273 -0.209406
vn 0.987170 -0.114575 -0.111211
vn 0.915400 0.398723 0.055348
vn 0.967641 -0.184957 0.171644
vn 0.895537 -0.443457 -0.036871
vn 0.793160 0.600804 0.099659
vn 0.886515 0.428883 0.173637
vn 0.903577 -0.017417 0.428072
vn 0.864955 -0.320626 0.386073
vn 0.776322 -0.391559 0.493970
vn 0.942357 -0.331345 0.046631
vn 0.991395 -0.130860 -0.003309
vn 0.853225 -0.508979 0.113787
vn 0.827335 -0.481207 0.289751
vn 0.710216 -0.558969 0.427957
vn 0.926747 -0.328439 0.182394
vn 0.904062 -0.268346 0.332660
vn 0.825959 -0.342300 0.447909
vn 0.161041 -0.574633 0.802410
vn 0.159353 -0.584956 0.795257
vn 0.043634 -0.449699 0.892114
vn 0.274081 -0.670730 0.689203
vn 0.286820 -0.660491 0.693892
vn 0.300312 -0.679768 0.669125
vn -0.186226 -0.835906 0.516315
vn 0.144075 -0.878309 0.455869
vn -0.195945 -0.823447 0.532485
vn -0.124083 -0.882017 0.454588
vn -0.018161 -0.914756 0.403598
vn 0.113049 -0.917884 0.380408
vn 0.295918 -0.868233 0.398252
vn 0.446593 -0.777100 0.443475
vn 0.544239 -0.661949 0.515391
vn 0.592981 -0.565699 0.573026
vn 0.040104 0.933557 0.356180
vn 0.037118 0.917886 0.395104
vn 0.018414 0.939787 0.341264
vn 0.077121 0.922273 0.378767
vn 0.050932 0.919153 0.390595
vn -0.008646 0.908370 0.418077
vn -0.058108 0.872055 0.485947
vn -0.079426 0.849959 0.520827
vn -0.259824 0.941102 -0.216375
vn -0.105926 0.680885 -0.724690
vn -0.207614 0.710090 -0.672807
vn -0.272830 0.951753 -0.140460
vn -0.277017 0.738246 -0.615024
vn -0.476896 0.678039 -0.559316
vn -0.307543 0.600634 0.738008
vn -0.434531 0.889089 -0.143888
vn -0.560403 0.625270 -0.543126
vn -0.471242 0.670795 -0.572683
vn -0.664870 0.601684 -0.442634
vn -0.344260 0.628563 0.697420
vn -0.751164 0.659931 -0.015648
vn -0.861954 0.449781 -0.233951
vn -0.989942 0.135832 0.039562
vn -0.813039 0.344158 0.469599
vn -0.785149 -0.506009 0.357066
vn -0.397044 -0.785094 0.475377
vn -0.483916 -0.822192 -0.299709
vn -0.317573 -0.758799 0.568658
vn -0.598305 -0.764430 -0.240162
vn -0.203344 -0.924756 -0.321681
vn -0.092097 -0.909710 -0.404903
vn -0.737469 -0.321779 -0.593800
vn -0.881442 -0.088282 -0.463968
vn -0.398854 -0.451684 -0.798059
vn -0.505885 -0.389461 -0.769676
vn -0.517936 -0.371447 -0.770564
vn -0.373566 -0.411005 -0.831579
vn -0.230559 -0.418146 -0.878633
vn -0.089216 -0.377391 -0.921746
vn -0.252290 -0.954325 -0.160044
vn -0.244135 -0.956584 -0.159200
vn -0.503484 -0.860359 0.079282
vn -0.178534 -0.975622 -0.127624
vn -0.706402 -0.493197 0.507694
vn -0.746506 -0.298625 0.594603
vn -0.103191 -0.990661 -0.089118
vn -0.432175 -0.345791 0.832859
vn -0.384466 -0.518605 0.763698
vn -0.211894 -0.331798 0.919245
vn -0.105976 -0.993509 -0.041344
vn -0.258018 -0.473835 0.841967
vn -0.056841 -0.996912 -0.054187
vn 0.986073 -0.015628 -0.165580
vn 0.927096 0.062785 -0.369529
vn 0.974563 0.033509 -0.221597
vn 0.993323 -0.066199 -0.094486
vn 0.990747 -0.116345 -0.069890
vn 0.976865 0.157330 -0.144855
vn 0.978946 0.201128 -0.034817
vn 0.982624 0.171870 -0.070075
vn 0.978045 0.133371 -0.160126
vn 0.958190 0.172110 -0.228583
vn 0.946077 0.210436 -0.246284
vn -0.016834 -0.990191 0.138704
vn -0.017906 -0.992252 0.122943
vn -0.040279 -0.980160 0.194072
vn -0.000803 -0.996127 0.087926
vn -0.003031 -0.997796 0.066291
vn 0.002336 -0.998800 0.048913
vn 0.000238 -0.999808 0.019583
vn 0.000662 -0.999956 0.009372
vn -0.000465 -0.999921 -0.012531
vn 0.001052 -0.999963 -0.008598
vn -0.003325 -0.999993 -0.001556
vn 0.008539 -0.999702 -0.022866
vn 0.014767 -0.999428 -0.030421
vn 0.029505 -0.997378 -0.066074
vn 0.033787 -0.996176 -0.080570
vn 0.066415 -0.986223 -0.151504
vn 0.073578 -0.994531 -0.074131
vn -0.185774 0.797544 0.573943
vn -0.191172 0.649205 0.736197
vn -0.208407 0.835431 0.508549
vn -0.226987 0.641431 0.732832
vn -0.244378 0.756974 0.606028
vn -0.204853 0.902017 0.380001
vn -0.224454 0.874273 0.430426
vn -0.263398 0.327587 0.907363
vn -0.250613 0.241521 0.937476
vn -0.494155 -0.350461 0.795605
vn -0.248458 0.709598 0.659348
vn -0.190247 0.848019 0.494642
vn -0.278218 0.483771 0.829795
vn -0.150779 0.630698 0.761240
vn 0.046213 0.775426 0.629745
vn -0.233531 0.463583 0.854724
vn 0.061235 0.550909 0.832316
vn 0.270947 0.726828 0.631118
vn 0.211710 0.630537 0.746727
vn 0.005590 0.472143 0.881504
vn -0.085173 0.448375 0.889778
vn -0.110567 0.441624 0.890362
vn -0.042390 0.468320 0.882542
vn -0.265874 0.416035 0.869613
vn -0.107516 0.375083 0.920735
vn -0.034377 0.374514 0.926584
vn -0.023118 0.292063 0.956120
vn -0.397017 0.283046 0.873077
vn -0.252738 0.344640 0.904072
vn -0.105765 0.264100 0.958679
vn -0.085586 0.270900 0.958795
vn -0.317772 0.217235 0.922946
vn -0.263881 0.225850 0.937741
vn -0.124301 0.192298 0.973432
vn -0.623856 -0.210361 0.752697
vn -0.473265 0.257432 0.842466
vn -0.947025 -0.196932 0.253697
vn -0.965950 -0.231875 0.114781
vn -0.804545 -0.087942 0.587344
vn -0.975769 -0.046141 0.213882
vn -0.990077 -0.032412 0.136734
vn -0.948609 -0.054587 0.311707
vn -0.792347 -0.036461 0.608980
vn -0.466582 0.212566 0.858555
vn -0.979380 -0.201897 0.007173
vn -0.798752 -0.377732 -0.468311
vn -0.976620 -0.131818 0.169817
vn -0.541005 0.119777 0.832447
vn -0.721881 -0.000750 0.692017
vn -0.926634 -0.026788 0.375008
vn -0.585440 0.129645 0.800283
vn -0.817499 0.048825 0.573856
vn -0.858889 -0.387266 -0.335163
vn -0.988144 -0.153441 0.005273
vn -0.971345 -0.061060 0.229699
vn -0.864801 0.045610 0.500039
vn -0.612323 0.126476 0.780426
vn -0.319703 0.161203 0.933704
vn -0.137412 0.017602 0.990358
vn -0.726802 -0.038432 0.685771
vn -0.338415 0.003974 0.940989
vn -0.363124 -0.012434 0.931658
vn -0.148571 -0.000077 0.988902
vn -0.958455 -0.059049 0.279066
vn -0.703540 -0.000517 0.710656
vn -0.351338 0.045091 0.935162
vn -0.147006 0.035585 0.988495
vn -0.653920 0.065549 0.753719
vn -0.850419 0.053670 0.523361
vn -0.945388 0.056838 0.320953
vn -0.946186 0.085410 -0.312150
vn -0.986827 0.079331 0.140995
vn -0.941802 0.135740 -0.307546
vn -0.657381 0.218400 -0.721216
vn -0.958510 -0.138184 -0.249326
vn -0.571438 0.103311 -0.814116
vn -0.378922 0.257169 -0.888978
vn -0.954344 -0.241122 -0.176316
vn -0.585832 -0.268196 -0.764769
vn -0.227646 0.138295 -0.963873
vn -0.134398 0.270052 -0.953420
vn -0.654462 -0.406261 -0.637677
vn -0.579751 -0.396562 -0.711777
vn -0.188285 -0.244000 -0.951322
vn -0.077926 0.172883 -0.981855
vn -0.051600 0.274537 -0.960191
vn -0.028511 -0.181320 -0.983011
vn 0.034319 -0.330769 -0.943087
vn -0.137968 -0.377088 -0.915844
vn 0.074605 -0.303768 -0.949821
vn -0.114851 -0.362777 -0.924771
vn -0.470248 -0.422900 -0.774611
vn 0.021744 -0.281527 -0.959307
vn 0.105469 -0.272253 -0.956428
vn 0.111905 -0.198653 -0.973660
vn -0.300354 -0.317217 -0.899534
vn -0.737024 -0.436617 -0.515908
vn 0.027887 -0.177216 -0.983777
vn 0.117143 -0.026522 -0.992761
vn -0.488871 -0.402321 -0.774044
vn -0.154552 -0.133275 -0.978954
vn -0.106107 0.034554 -0.993754
vn 0.018333 0.012286 -0.999756
vn 0.087027 0.154912 -0.984088
vn -0.277721 -0.214950 -0.936305
vn -0.266108 -0.227900 -0.936615
vn -0.002278 0.195250 -0.980751
vn 0.051263 0.304837 -0.951024
vn -0.168313 -0.027351 -0.985354
vn -0.201847 0.150205 -0.967831
vn -0.149961 0.247919 -0.957104
vn -0.251807 0.530009 -0.809743
vn -0.043226 0.355804 -0.933561
vn -0.002932 0.424860 -0.905254
vn -0.106744 0.247438 -0.963006
vn -0.218237 0.528866 -0.820167
vn -0.204839 0.487198 -0.848928
vn -0.342388 0.791466 -0.506312
vn -0.281340 0.821314 -0.496278
vn -0.118163 0.490839 -0.863200
vn -0.329574 0.943289 0.039848
vn -0.224599 0.971792 -0.071942
vn -0.208040 0.941838 0.263934
vn -0.228238 0.910346 0.345222
vn -0.391453 0.908527 0.146091
vn -0.196099 0.859518 0.471989
vn -0.476623 0.689371 0.545525
vn -0.363459 0.725473 -0.584454
vn -0.129558 0.558532 -0.819303
vn -0.061008 0.419852 -0.905540
vn -0.389260 0.682876 -0.618189
vn -0.589511 0.790388 -0.166622
vn -0.574248 0.797923 0.183188
vn -0.710487 0.536584 0.455286
vn -0.551919 0.520761 0.651301
vn -0.199676 -0.382624 0.902069
vn -0.105390 0.154375 0.982375
vn -0.212428 0.116396 0.970220
vn -0.324180 -0.379045 0.866736
vn -0.424778 0.091027 0.900710
vn -0.221672 -0.381533 0.897382
vn -0.537852 -0.330393 0.775600
vn -0.562835 0.136116 0.815285
vn -0.346477 -0.302229 0.888038
vn -0.298297 -0.275164 0.913950
vn -0.623906 -0.184121 0.759501
vn -0.537978 0.195102 0.820070
vn -0.442605 -0.287266 0.849458
vn -0.298171 -0.708424 0.639711
vn -0.521166 -0.321221 0.790698
vn -0.537429 -0.116749 0.835189
vn -0.485131 0.170751 0.857609
vn -0.513180 -0.674192 0.531141
vn -0.192906 -0.978353 0.074923
vn -0.644079 -0.400913 0.651484
vn -0.511515 -0.356430 0.781863
vn -0.313113 -0.165974 0.935101
vn -0.332361 -0.784793 0.523103
vn -0.321368 -0.946954 0.001319
vn -0.235746 -0.970944 -0.041122
vn -0.674187 -0.656256 0.338822
vn -0.447516 -0.894275 0.001407
vn -0.351730 -0.935346 0.037608
vn -0.639226 -0.522502 0.564253
vn -0.484246 -0.457371 0.745867
vn -0.606187 -0.793330 0.056252
vn -0.636366 -0.770686 0.032902
vn -0.674529 -0.700188 0.233983
vn -0.686317 -0.725419 0.052313
vn -0.734688 -0.674785 -0.069996
vn -0.713396 -0.562085 0.418482
vn -0.731565 -0.662317 0.161708
vn -0.433134 -0.473937 0.766668
vn -0.710307 -0.454040 0.537877
vn -0.855611 -0.432739 0.284021
vn -0.813584 -0.573112 0.098101
vn -0.756750 -0.652807 -0.034226
vn -0.821443 -0.550411 -0.149260
vn -0.807872 -0.556233 -0.194800
vn -0.814367 -0.493448 -0.305475
vn -0.886507 -0.462478 0.014814
vn -0.778498 -0.616260 -0.119010
vn -0.019166 -0.806226 -0.591298
vn -0.930117 -0.315317 0.188302
vn -0.907269 -0.420220 -0.016650
vn -0.948459 -0.263820 0.175569
vn -0.298554 -0.891142 -0.341660
vn 0.029604 -0.537764 -0.842575
vn -0.896569 -0.416662 0.150191
vn -0.482103 -0.637248 -0.601241
vn 0.077684 -0.167836 -0.982749
vn -0.860363 -0.324238 0.393251
vn -0.874021 -0.213658 0.436393
vn -0.695941 -0.319755 -0.642979
vn -0.438322 0.269180 -0.857564
vn -0.927238 -0.295730 0.229725
vn -0.910716 -0.261544 0.319673
vn -0.944641 -0.241414 0.222199
vn -0.989711 0.046495 -0.135317
vn -0.979580 -0.030276 0.198765
vn -0.735907 0.676874 0.016799
vn -0.892477 -0.318746 0.319197
vn -0.911982 -0.308838 0.270013
vn -0.921169 -0.204872 0.330870
vn -0.874722 -0.220790 0.431408
vn -0.949733 -0.126183 0.286504
vn -0.947208 -0.095088 0.306194
vn -0.887103 -0.117970 0.446241
vn -0.761364 -0.245702 0.599963
vn -0.915944 -0.160300 0.367899
vn -0.915383 -0.028125 0.401600
vn -0.902707 -0.007956 0.430182
vn -0.834106 -0.132358 0.535489
vn -0.851725 -0.073282 0.518840
vn -0.904239 -0.042610 0.424896
vn -0.832046 -0.244266 0.498030
vn -0.850719 -0.003069 0.525611
vn -0.817119 -0.010797 0.576368
vn -0.856951 -0.060106 0.511882
vn -0.814082 -0.174775 0.553827
vn -0.844445 -0.033136 0.534617
vn -0.669691 -0.306925 0.676248
vn -0.801259 0.053758 0.595897
vn -0.730304 -0.059724 0.680506
vn -0.661315 0.077052 0.746141
vn -0.665466 0.126476 0.735635
vn -0.469551 0.207763 0.858112
vn -0.657343 -0.253123 0.709809
vn -0.666426 0.110144 0.737390
vn -0.429524 0.133433 0.893143
vn -0.264205 0.209001 0.941549
vn -0.559167 0.204207 0.803513
vn -0.200076 -0.168375 0.965205
vn -0.601902 -0.430949 0.672307
vn -0.208410 0.110902 0.971734
vn -0.109701 0.172537 0.978875
vn -0.091400 0.087494 0.991963
vn -0.146269 0.026146 0.988899
vn -0.109547 0.006598 0.993960
vn -0.316773 0.088648 0.944350
vn -0.125220 -0.255048 0.958786
vn -0.144621 -0.224129 0.963769
vn -0.515197 0.104005 0.850738
vn -0.251054 -0.213993 0.944023
vn -0.451709 -0.120487 0.883992
vn -0.234692 -0.057280 0.970381
vn -0.560877 0.316942 0.764830
vn -0.281055 0.435581 0.855147
vn -0.328514 -0.643627 0.691247
vn -0.459954 0.084535 0.883909
vn -0.693902 0.076591 0.715985
vn -0.715875 0.095926 0.691607
vn -0.518131 0.582424 0.626357
vn -0.322250 0.683090 0.655395
vn -0.531543 0.633472 0.562295
vn -0.287694 0.632649 0.719018
vn -0.769295 0.481958 0.419407
vn -0.557732 0.399392 0.727613
vn -0.317695 0.249885 0.914674
vn -0.466878 -0.266043 0.843354
vn -0.292559 -0.354640 0.888054
vn -0.885635 0.011609 0.464238
vn -0.672745 -0.230098 0.703185
vn -0.774866 0.299210 0.556827
vn -0.536480 -0.736980 0.411156
vn -0.279361 -0.717982 0.637541
vn -0.564910 -0.503538 0.653702
vn -0.541521 -0.775982 0.323430
vn -0.643569 -0.686623 0.338183
vn -0.241539 -0.811746 0.531721
vn -0.336056 -0.293316 0.895004
vn -0.166949 -0.329342 0.929334
vn -0.289230 -0.825361 0.484897
vn 0.284303 -0.844313 0.454210
vn -0.207859 -0.779712 0.590630
vn -0.534132 -0.079836 0.841623
vn -0.126929 -0.702392 0.700382
vn -0.249767 0.000753 0.968306
vn -0.038990 0.043673 0.998285
vn -0.224146 -0.328105 0.917663
vn -0.147814 -0.466758 0.871945
vn -0.161894 -0.740263 0.652534
vn -0.099158 -0.790926 0.603824
vn -0.369577 -0.339839 0.864825
vn -0.241052 -0.765425 0.596673
vn -0.429587 0.027866 0.902595
vn -0.500287 -0.413256 0.760876
vn -0.331916 -0.849902 0.409265
vn -0.559953 -0.227103 0.796792
vn -0.425378 0.015590 0.904882
vn -0.716420 -0.526638 0.457597
vn -0.435031 -0.081749 0.896697
vn -0.525900 -0.568181 0.632929
vn -0.314646 -0.939643 0.134422
vn -0.313252 -0.932949 0.177424
vn -0.853837 0.213333 0.474818
vn -0.488365 -0.705167 0.514041
vn -0.423993 -0.287914 0.858683
vn -0.963873 0.144451 0.223793
vn -0.788081 0.552193 0.272051
vn -0.171559 -0.683248 0.709746
vn -0.449391 0.190436 0.872801
vn -0.330320 0.142026 0.933122
vn -0.352738 0.354421 0.866003
vn -0.712394 0.280583 0.643248
vn -0.425098 -0.409148 0.807397
vn -0.399785 -0.440736 0.803694
vn -0.600525 -0.193924 0.775734
vn -0.596326 0.255857 0.760876
vn -0.450374 -0.091209 0.888169
vn -0.548566 0.043068 0.834997
vn -0.781553 0.026685 0.623268
vn -0.296670 -0.016517 0.954837
vn -0.492116 0.188789 0.849812
vn -0.732842 0.269518 0.624742
vn -0.524765 -0.614562 0.589012
vn -0.328878 0.314519 0.890459
vn -0.253933 0.356377 0.899174
vn -0.430007 0.242163 0.869742
vn -0.266931 0.529361 0.805310
vn -0.485662 0.273292 0.830328
vn -0.306174 0.202174 0.930260
vn -0.442062 0.427110 0.788770
vn 0.011602 0.907911 0.419003
vn 0.081369 0.888466 0.451673
vn 0.879173 0.043938 0.474473
vn 0.742643 -0.665951 0.070647
vn -0.051689 0.919104 0.390611
vn 0.656201 -0.750994 -0.073546
vn -0.073907 0.391391 0.917252
vn -0.077059 0.922772 0.377563
vn 0.324648 -0.910075 0.257618
vn 0.393782 -0.894339 -0.212351
vn 0.023654 0.455897 0.889718
vn -0.032218 0.919280 0.392284
vn -0.784006 0.365421 0.501798
vn -0.822305 0.539837 -0.179974
vn -0.850784 -0.144235 -0.505334
vn -0.825340 -0.471568 0.310543
vn -0.694567 -0.470444 -0.544297
vn -0.524143 -0.834430 0.170297
vn -0.415597 -0.756514 -0.504941
vn -0.302853 -0.875722 0.376021
vn -0.398197 -0.916988 -0.023942
vn 0.025921 -0.925754 -0.377238
vn -0.322326 -0.754228 0.572054
vn -0.022662 -0.997853 -0.061455
vn -0.289886 -0.813012 0.504953
vn -0.387278 -0.581858 0.715163
vn 0.221288 -0.968560 0.113681
vn -0.392086 -0.624330 0.675633
vn 0.262157 -0.443739 -0.856953
vn 0.177947 -0.530326 -0.828908
vn 0.666691 -0.711525 -0.221934
vn 0.799835 -0.583526 -0.140574
vn 0.673975 -0.410118 0.614460
vn 0.708554 -0.312391 0.632742
vn 0.811743 -0.249477 0.528048
vn 0.447019 -0.427354 -0.785839
vn 0.848950 -0.510806 -0.135504
vn 0.843567 -0.294000 0.449397
vn 0.831309 -0.495555 -0.251695
vn 0.569035 -0.436408 -0.696956
vn 0.027460 -0.999603 -0.006306
vn -0.252782 -0.796972 -0.548577
vn -0.675303 -0.714921 -0.181256
vn -0.043191 -0.998546 -0.032256
vn 0.343138 -0.921418 -0.182332
vn 0.402743 -0.905169 -0.135896
vn 0.298529 -0.673198 -0.676524
vn 0.435113 -0.852055 -0.290998
vn 0.223848 -0.646963 -0.728925
vn 0.120145 -0.686719 -0.716925
vn 0.299151 -0.905751 -0.300208
vn 0.140157 -0.639991 -0.755492
vn 0.400133 -0.908542 -0.120190
vn 0.418676 -0.905664 -0.066951
vn 0.203193 -0.979123 -0.005544
vn -0.616014 -0.708298 0.344733
vn -0.620088 -0.303536 0.723435
vn 0.453661 -0.776233 -0.437784
vn 0.648560 -0.520374 -0.555501
vn 0.606729 -0.687636 -0.398794
vn 0.749477 -0.496303 -0.438141
vn 0.322243 -0.918023 -0.231069
vn 0.855884 -0.259698 -0.447236
vn 0.920473 0.027799 -0.389816
vn 0.627127 -0.647476 -0.432998
vn 0.181298 -0.967023 -0.178880
vn 0.273022 -0.878938 -0.391058
vn -0.144536 -0.896909 -0.417928
vn -0.202558 -0.974919 -0.092210
vn -0.567434 -0.823301 0.013957
vn -0.663617 -0.645108 0.378746
vn 0.212516 -0.972753 0.092679
vn 0.345684 -0.829968 0.437785
vn 0.497502 -0.866792 0.034106
vn 0.571047 -0.652117 0.498647
vn 0.563535 -0.818371 -0.112679
vn 0.636569 -0.591424 0.494972
vn 0.748754 -0.540916 0.383115
vn 0.080767 -0.974785 0.208016
vn -0.555583 -0.751177 0.356457
vn -0.972924 -0.220476 0.069351
vn 0.701580 -0.569493 0.428326
vn 0.775497 -0.506109 0.377437
vn 0.505161 -0.759003 -0.410763
vn 0.652642 -0.674860 -0.344416
vn 0.897028 -0.403564 0.180211
vn 0.155564 -0.487745 -0.859014
vn 0.084291 -0.493081 -0.865891
vn 0.326992 -0.396769 -0.857701
vn 0.771361 -0.520192 -0.366609
vn 0.921628 -0.382323 0.066567
vn 0.440474 -0.416002 -0.795566
vn 0.810068 -0.482143 -0.333658
vn 0.567217 -0.748960 -0.342527
vn 0.619228 -0.392097 0.680306
vn 0.649156 -0.407779 0.642116
vn 0.752892 -0.655635 -0.057420
vn 0.816047 -0.225494 0.532184
vn 0.908381 -0.413323 -0.063307
vn 0.797661 -0.286219 0.530863
vn 0.072839 -0.249206 -0.965707
vn 0.140287 -0.237290 -0.961256
vn -0.175795 -0.090323 -0.980274
vn -0.048002 -0.725985 -0.686033
vn -0.177389 -0.307578 -0.934842
vn -0.383372 0.222278 -0.896448
vn -0.305532 0.119190 -0.944692
vn 0.898549 -0.437051 -0.039952
vn 0.214018 -0.333835 -0.918014
vn 0.884553 -0.462850 -0.057762
vn 0.607462 -0.497468 0.619286
vn -0.762574 0.183680 -0.620276
vn -0.682866 0.396210 -0.613768
vn -0.743756 0.545375 -0.386515
vn -0.873822 0.135098 -0.467101
vn -0.824058 0.565176 0.038802
vn -0.941462 0.331248 0.062643
vn 0.756924 -0.652770 0.030933
vn 0.232671 -0.570575 -0.787597
vn -0.318371 -0.928184 0.192653
vn -0.645363 -0.570287 0.508212
vn -0.689974 -0.712011 -0.130290
vn -0.805649 0.033063 -0.591469
vn -0.927164 0.059925 -0.369832
vn -0.863668 0.201151 0.462186
vn -0.704532 0.225385 0.672931
vn -0.225431 0.124338 0.966292
vn -0.184816 0.131665 0.973913
vn -0.744258 0.234000 0.625558
vn -0.194214 0.110204 0.974749
vn -0.500117 0.250926 0.828806
vn -0.232156 0.193088 0.953321
vn -0.562934 0.439034 0.700253
vn -0.542675 0.351305 0.762947
vn -0.755208 0.510901 0.410658
vn -0.859383 0.415807 -0.297600
vn -0.612044 0.212872 -0.761635
vn -0.819923 0.569186 0.061263
vn -0.724545 0.579539 -0.373055
vn -0.661345 0.627502 -0.410930
vn -0.846196 0.529658 -0.058432
vn -0.694609 0.709332 -0.119862
vn -0.531011 0.468854 -0.705836
vn -0.521207 0.386487 -0.760901
vn -0.353314 0.068275 -0.933010
vn -0.650244 0.740646 -0.169193
vn -0.638823 0.755780 0.143885
vn -0.147492 0.142060 -0.978808
vn -0.065458 -0.041065 -0.997010
vn 0.130089 0.157352 -0.978937
vn -0.406201 0.478137 -0.778708
vn -0.552876 0.495795 -0.669712
vn -0.646469 0.740945 -0.181872
vn -0.700540 0.701328 -0.131844
vn -0.567727 0.807115 0.162023
vn -0.499634 0.833044 0.237493
vn -0.530157 0.784298 0.322194
vn -0.108789 0.781743 0.614039
vn -0.134558 0.752794 0.644356
vn 0.441362 0.623472 0.645354
vn -0.309132 0.821138 0.479761
vn 0.402603 0.644781 0.649744
vn 0.947348 0.231378 0.221353
vn -0.437232 0.779725 0.448171
vn 0.006265 0.652244 0.757984
vn 0.899150 0.255695 0.355174
vn 0.998752 -0.047407 0.015743
vn 0.994850 -0.094440 0.036816
vn 0.295219 0.615092 0.731101
vn 0.938216 0.162065 0.305754
vn 0.979496 -0.197928 0.037569
vn 0.966907 -0.018498 0.254456
vn 0.966014 -0.253723 0.049413
vn 0.620597 0.425125 0.658884
vn 0.942885 -0.052181 0.329006
vn 0.951615 -0.291777 -0.096410
vn 0.969321 -0.043592 0.241902
vn 0.943437 -0.248586 -0.219388
vn 0.500703 0.297690 0.812820
vn -0.125989 0.433490 0.892308
vn 0.976190 -0.094966 0.195023
vn 0.943487 -0.280404 -0.176652
vn 0.383807 0.370740 0.845721
vn 0.777022 -0.128709 0.616175
vn 0.929613 -0.358892 -0.083764
vn 0.626079 0.017402 0.779566
vn 0.348373 0.114634 0.930320
vn -0.253506 0.142336 0.956805
vn -0.142280 0.157551 0.977207
vn -0.860902 0.084688 0.501673
vn -0.864205 0.177511 0.470786
vn -0.539909 0.333351 0.772901
vn -0.889127 0.282550 0.360025
vn -0.486807 0.415354 0.768440
vn -0.894403 0.214746 0.392335
vn -0.755515 0.231581 0.612835
vn -0.469160 0.386886 0.793857
vn -0.410900 0.000516 0.911680
vn -0.214646 0.348365 0.912452
vn -0.016529 0.198496 0.979962
vn 0.315750 -0.119451 0.941293
vn -0.067624 0.632955 0.771229
vn 0.291819 0.075102 0.953520
vn 0.516129 -0.042030 0.855479
vn 0.359211 0.204012 0.910685
vn 0.473359 0.031704 0.880299
vn -0.006502 0.633846 0.773432
vn 0.129954 0.371688 0.919217
vn 0.694378 -0.207606 0.689013
vn -0.391700 0.779445 0.488914
vn -0.634475 0.479566 0.606183
vn -0.506576 0.784283 0.358162
vn -0.121287 0.554168 0.823521
vn -0.613431 0.632789 0.472526
vn -0.506733 0.628857 0.589712
vn 0.070913 0.414656 0.907211
vn -0.922779 0.371544 -0.102149
vn 0.740200 -0.335090 0.582940
vn 0.643529 -0.738103 -0.202666
vn 0.443721 -0.776033 -0.448200
vn 0.092914 -0.628664 -0.772107
vn 0.040844 -0.587339 -0.808310
vn 0.823457 -0.348785 0.447513
vn 0.645034 -0.615571 -0.452773
vn 0.120039 -0.453905 -0.882928
vn 0.652382 -0.534223 -0.537590
vn 0.077239 -0.370916 -0.925449
vn 0.231943 -0.254110 -0.938952
vn 0.810599 -0.331242 0.482917
vn 0.094028 0.258257 0.961489
vn -0.589895 0.639798 0.492629
vn 0.668269 -0.480005 -0.568342
vn 0.112726 -0.607302 -0.786433
vn 0.856954 -0.326406 0.398861
vn -0.868031 0.440414 -0.229255
vn -0.795028 0.183892 -0.578026
vn -0.754133 0.119088 -0.645834
vn 0.136780 0.198386 0.970533
vn -0.923943 0.300816 -0.236305
vn -0.809318 0.139358 -0.570599
vn -0.687584 0.467943 0.555209
vn -0.919597 0.372290 0.125463
vn -0.867377 0.223517 -0.444632
vn -0.308349 0.297046 0.903706
vn -0.289402 0.216503 0.932402
vn -0.927415 0.326104 0.183187
vn -0.863964 0.087498 -0.495894
vn -0.253238 0.178092 0.950870
vn -0.950471 0.286685 0.120067
vn -0.808761 0.057230 -0.585347
vn -0.975735 0.200621 0.087705
vn -0.449803 0.179336 0.874937
vn 0.676152 -0.582893 0.450616
vn 0.496597 -0.705100 -0.506188
vn -0.029760 -0.998875 -0.036915
vn -0.047138 -0.883973 0.465156
vn -0.477746 -0.854899 -0.202252
vn 0.330724 -0.870534 -0.364407
vn 0.463410 -0.738256 -0.490132
vn 0.463211 -0.754997 -0.464129
vn 0.323383 -0.769072 -0.551319
vn -0.161148 -0.858931 -0.486075
vn -0.791901 -0.422770 -0.440633
vn 0.218291 -0.609075 -0.762480
vn -0.360417 -0.593252 -0.719827
vn -0.763391 -0.343863 -0.546802
vn 0.145064 -0.370271 -0.917527
vn -0.387062 -0.289301 -0.875493
vn -0.759055 -0.094582 -0.644119
vn 0.130247 -0.403342 -0.905732
vn -0.401892 -0.332456 -0.853203
vn -0.773442 -0.172072 -0.610065
vn 0.156488 -0.691648 -0.705078
vn -0.380956 -0.596732 -0.706246
vn -0.725399 -0.499765 -0.473320
vn -0.153660 -0.988046 0.012389
vn 0.318946 -0.937269 0.140716
vn -0.423835 -0.794217 0.435411
vn -0.267339 -0.614149 -0.742530
vn -0.166143 -0.586648 -0.792617
vn -0.293315 -0.552869 -0.779937
vn -0.218936 -0.546797 -0.808134
vn -0.475203 -0.481400 -0.736503
vn -0.131534 -0.674142 -0.726795
vn -0.443047 -0.528635 -0.724054
vn -0.298403 -0.667510 -0.682192
vn -0.627827 -0.568658 -0.531471
vn -0.700019 -0.529447 -0.479229
vn -0.200647 -0.642642 -0.739427
vn -0.084953 -0.633393 -0.769153
vn -0.178267 -0.435430 -0.882395
vn -0.380084 -0.455489 -0.805025
vn -0.475255 -0.604891 -0.638936
vn -0.628701 -0.448601 -0.635211
vn -0.564385 -0.629977 -0.533478
vn -0.679026 -0.513905 -0.524238
vn -0.829129 -0.404619 -0.385782
vn -0.798488 -0.514952 -0.311836
vn -0.838734 -0.469498 -0.275858
vn -0.821904 -0.474594 -0.315014
vn -0.798013 -0.512804 -0.316555
vn -0.726749 -0.562478 -0.394277
vn -0.831226 -0.428656 -0.354002
vn -0.870413 -0.456974 -0.183181
vn -0.906468 -0.382962 -0.177920
vn -0.898477 -0.433132 -0.071656
vn -0.189303 0.100050 0.976808
vn 0.151496 -0.095982 0.983787
vn -0.199635 -0.136306 0.970344
vn -0.470705 -0.082317 0.878442
vn -0.581542 0.124612 0.803916
vn -0.498577 -0.329582 0.801746
vn -0.307614 -0.388904 0.868405
vn -0.795765 -0.022616 0.605183
vn -0.819268 0.113794 0.562006
vn -0.913196 0.229143 0.336997
vn -0.788846 -0.161451 0.593006
vn -0.517827 -0.556158 0.650033
vn -0.262578 -0.573184 0.776217
vn -0.251035 -0.758711 0.601114
vn -0.453425 -0.716771 0.529760
vn -0.722023 -0.601834 0.341290
vn -0.804958 -0.379228 0.456321
vn -0.864476 -0.449417 0.225179
vn -0.973788 0.115476 0.195965
vn -0.729292 0.614284 -0.301310
vn -0.978038 -0.095343 0.185339
vn -0.943005 -0.252536 0.216719
vn -0.933259 -0.359201 -0.001358
vn -0.933130 -0.116261 -0.340224
vn -0.943223 0.019622 -0.331581
vn -0.747036 0.054273 -0.662564
vn -0.825018 0.397971 -0.401204
vn -0.347864 0.431615 -0.832285
vn -0.774582 0.163868 -0.610876
vn -0.438332 0.124321 -0.890174
vn -0.382234 0.370674 -0.846462
vn -0.060301 0.360626 -0.930759
vn -0.073278 0.319664 -0.944693
vn -0.379482 0.200048 -0.903313
vn -0.151381 0.108522 -0.982500
vn -0.120647 0.143153 -0.982319
vn -0.038687 -0.802876 0.594890
vn 0.074440 -0.889089 0.451641
vn 0.701427 -0.702458 0.120633
vn 0.874418 -0.313891 0.369954
vn 0.905058 -0.425052 0.014195
vn -0.263432 -0.351873 0.898214
vn 0.966791 -0.034433 0.253237
vn 0.864425 -0.425801 0.267327
vn 0.395223 0.319423 0.861259
vn -0.589964 -0.285334 0.755333
vn 0.884169 -0.012188 0.467009
vn 0.530503 0.594156 0.604603
vn -0.259011 0.652120 0.712497
vn -0.601663 0.746495 0.284160
vn -0.787319 -0.063789 0.613237
vn -0.760204 -0.380711 0.526450
vn 0.643450 -0.223645 0.732089
vn 0.670927 -0.597963 0.438518
vn -0.159000 0.886278 0.435005
vn 0.054485 0.833674 0.549562
vn -0.783159 0.610254 -0.119381
vn -0.723905 -0.632547 0.275402
vn -0.425818 0.896619 0.121466
vn -0.593357 0.774943 -0.217693
vn -0.473476 0.859401 0.193004
vn 0.642738 -0.523546 0.559274
vn 0.606308 -0.741772 0.286643
vn -0.120860 0.672827 0.729861
vn 0.658281 -0.646268 0.386010
vn 0.613191 -0.779867 0.125718
vn 0.741074 -0.516468 0.429035
vn 0.670900 -0.724158 0.159655
vn 0.757012 -0.623013 0.196945
vn 0.481653 0.132797 0.866242
vn 0.604616 -0.165425 0.779150
vn 0.796940 -0.389048 0.462091
vn 0.673271 -0.678921 0.292869
vn -0.598277 0.760556 0.252229
vn -0.237477 0.746608 0.621435
vn 0.385730 0.269327 0.882426
vn 0.607825 0.031271 0.793455
vn 0.593184 0.082515 0.800827
vn 0.332221 -0.031474 0.942676
vn 0.657952 -0.513422 0.550906
vn 0.426765 -0.734938 0.527008
vn 0.554049 -0.804040 0.215753
vn 0.389312 0.380863 0.838677
vn -0.174022 0.721491 0.670200
vn 0.366311 0.406191 0.837153
vn 0.498343 -0.858400 0.121672
vn 0.494538 -0.866422 -0.068886
vn 0.476132 -0.870950 0.121427
vn 0.468595 -0.883320 -0.012831
vn 0.373334 -0.778289 0.504864
vn 0.528084 -0.837890 0.138088
vn 0.528226 -0.849045 -0.010005
vn 0.633247 -0.770947 -0.068116
vn -0.118191 0.765173 0.632883
vn 0.078453 -0.332432 0.939859
vn 0.398283 -0.753698 0.522791
vn 0.028357 -0.340026 0.939989
vn -0.281735 0.237603 0.929608
vn 0.052145 0.379947 0.923537
vn -0.386626 0.688102 0.614033
vn -0.369368 0.294028 0.881541
vn 0.067685 -0.288061 0.955217
vn 0.453699 -0.706053 0.543733
vn -0.123381 0.773884 0.621193
vn -0.137814 0.732896 0.666236
vn 0.574105 -0.809876 0.120430
vn 0.640198 -0.764976 0.070409
vn 0.613378 -0.778419 -0.133532
vn 0.503131 -0.855801 -0.120263
vn 0.614751 -0.783942 0.086699
vn 0.498974 -0.674195 0.544506
vn 0.451539 -0.726076 0.518581
vn 0.492937 -0.791239 0.361875
vn -0.082979 -0.508097 0.857293
vn 0.131051 -0.244295 0.960805
vn 0.153461 -0.250497 0.955877
vn -0.127728 -0.359858 0.924223
vn -0.318960 0.333843 0.887025
vn -0.343980 0.167636 0.923892
vn -0.285862 0.231872 0.929795
vn -0.309724 0.157705 0.937657
vn -0.361113 0.331237 0.871711
vn -0.424216 0.521544 0.740292
vn -0.373365 0.602757 0.705183
vn -0.404723 0.798731 0.445227
vn -0.353062 0.043572 0.934585
vn -0.547970 0.384557 0.742863
vn -0.542817 0.708094 0.451610
vn -0.499674 0.865272 -0.040382
vn -0.541087 0.432670 0.721125
vn -0.532763 0.595616 0.601170
vn -0.710155 0.570252 0.412909
vn -0.637708 0.768027 -0.058851
vn -0.699819 0.589211 0.403836
vn -0.560677 0.617911 0.551206
vn -0.544762 0.634864 -0.547888
vn -0.465116 0.699959 -0.541963
vn -0.751312 0.651870 -0.102936
vn -0.659359 0.725445 0.197419
vn -0.518392 0.646216 0.560067
vn -0.420073 0.419861 -0.804522
vn -0.377227 0.461955 -0.802681
vn -0.266867 0.181608 -0.946467
vn -0.652385 0.743334 0.147810
vn -0.584071 0.562826 -0.584883
vn -0.726799 0.682925 -0.073331
vn -0.274483 0.135475 -0.952001
vn -0.074259 -0.221680 -0.972288
vn -0.542410 0.632329 -0.553129
vn -0.591569 0.695958 -0.407047
vn -0.399661 0.389270 -0.829904
vn 0.025915 -0.219519 -0.975264
vn 0.157538 -0.518029 -0.840731
vn 0.304167 -0.545464 -0.780994
vn -0.310366 0.392578 -0.865769
vn -0.215180 0.161943 -0.963054
vn 0.236058 -0.502081 -0.831981
vn 0.356130 -0.713819 -0.603021
vn -0.087423 0.016871 -0.996028
vn -0.299559 0.381087 -0.874664
vn -0.034476 -0.071540 -0.996842
vn 0.256913 -0.569745 -0.780632
vn 0.361690 -0.725498 -0.585519
vn -0.062828 -0.075616 -0.995156
vn 0.244752 -0.579060 -0.777680
vn -0.056684 -0.111323 -0.992166
vn 0.340598 -0.741581 -0.577971
vn -0.405346 0.388172 -0.827658
vn 0.284748 -0.620173 -0.730961
vn 0.372700 -0.789657 -0.487378
vn 0.322970 -0.700325 -0.636581
vn 0.428955 -0.818024 -0.383188
vn 0.471260 -0.735385 -0.486953
vn -0.634614 0.699492 -0.328596
vn -0.603601 0.705852 -0.370727
vn -0.440660 0.431905 -0.786942
vn -0.589638 0.789329 0.171136
vn -0.525938 0.844956 0.097151
vn -0.591196 0.702917 -0.395468
vn -0.442650 0.531952 -0.721865
vn -0.464353 0.882294 0.077025
vn -0.576653 0.719072 -0.387823
vn -0.013622 -0.017083 -0.999761
vn -0.470237 0.877376 0.095332
vn -0.555967 0.735339 -0.387527
vn -0.495455 0.545779 -0.675758
vn 0.268935 -0.702771 -0.658625
vn -0.500616 0.843714 0.193730
vn -0.643375 0.698928 -0.312361
vn -0.537362 0.800207 0.266293
vn -0.739351 0.642982 -0.199839
vn -0.640209 0.750408 0.164380
vn -0.155401 -0.129416 -0.979338
vn -0.283393 -0.398322 -0.872369
vn -0.611719 0.491450 -0.619901
vn -0.651959 0.356079 -0.669445
vn -0.746676 0.267834 -0.608885
vn -0.825231 0.451340 -0.339538
vn -0.806367 0.551238 -0.214264
vn 0.283603 -0.745618 -0.603012
vn 0.435811 -0.689246 -0.578800
vn -0.309088 -0.386603 -0.868909
vn 0.180195 -0.726847 -0.662739
vn 0.331959 -0.762835 -0.554874
vn -0.451199 -0.349471 -0.821151
vn 0.053234 -0.769521 -0.636399
vn 0.219624 -0.855650 -0.468646
vn -0.111864 -0.783051 -0.611815
vn 0.154884 -0.906510 -0.392748
vn -0.651879 -0.221038 -0.725394
vn -0.075981 -0.823631 -0.562013
vn 0.221179 -0.929987 -0.293605
vn -0.697502 -0.133885 -0.703964
vn 0.183989 -0.628320 -0.755885
vn 0.422649 -0.774203 -0.471145
vn 0.586792 -0.619267 -0.521712
vn -0.554903 0.073093 -0.828698
vn 0.196740 -0.442631 -0.874855
vn -0.673571 0.699434 -0.238945
vn -0.491729 0.220936 -0.842253
vn -0.680316 -0.071290 -0.729444
vn 0.114742 -0.679466 -0.724680
vn 0.466156 -0.814211 -0.346063
vn -0.378142 -0.915545 -0.137064
vn -0.052607 -0.992616 0.109294
vn 0.030092 -0.997530 0.063463
vn 0.328139 -0.943691 0.042089
vn -0.049415 -0.954087 0.295424
vn -0.135405 -0.863044 0.486642
vn -0.077994 -0.451753 0.888727
vn -0.180777 -0.404770 0.896371
vn -0.131178 -0.141062 0.981272
vn -0.121816 -0.146650 0.981659
vn -0.196186 -0.132381 0.971590
vn -0.146139 -0.096083 0.984587
vn -0.338368 -0.090970 0.936607
vn -0.389790 -0.094265 0.916067
vn -0.638773 -0.029937 0.768812
vn -0.542705 0.030826 0.839358
vn -0.835352 0.076652 0.544345
vn -0.799921 0.126807 0.586554
vn -0.962970 0.159140 0.217633
vn -0.974721 0.146691 0.168528
vn -0.939859 0.202852 -0.274803
vn -0.953226 0.194345 -0.231495
vn -0.694736 0.302659 -0.652487
vn -0.962195 0.148703 0.228185
vn -0.782639 0.132372 0.608239
vn -0.386153 0.080767 0.918892
vn -0.754887 0.218871 -0.618257
vn -0.386387 0.383200 -0.838965
vn -0.428939 0.240291 -0.870788
vn -0.139671 0.386304 -0.911735
vn -0.761993 0.039332 -0.646390
vn -0.959773 0.128931 -0.249426
vn -0.975876 0.080802 0.202824
vn -0.774128 0.078785 0.628108
vn -0.326388 0.032558 0.944675
vn -0.124764 0.244928 -0.961480
vn -0.024267 0.369089 -0.929077
vn -0.000003 0.225946 -0.974140
vn 0.273591 -0.046915 0.960701
vn 0.738145 -0.048721 0.672880
vn -0.272210 -0.080483 0.958866
vn -0.436978 -0.083705 -0.895569
vn -0.144167 -0.143728 -0.979060
vn -0.001556 -0.206443 -0.978457
vn -0.066134 -0.651388 -0.755857
vn 0.016330 -0.767839 -0.640435
vn 0.356766 -0.109052 0.927807
vn -0.788586 -0.037003 0.613810
vn 0.125736 -0.969576 -0.210030
vn 0.176595 -0.984094 -0.019309
vn 0.224503 -0.954793 0.194857
vn 0.325827 -0.925236 0.194358
vn 0.087819 -0.804271 -0.587738
vn -0.292163 -0.249172 -0.923338
vn 0.797535 -0.113733 0.592454
vn 0.927495 -0.045455 0.371061
vn 0.937576 -0.116783 0.327587
vn 0.825557 -0.173404 0.537017
vn 0.937942 -0.163747 0.305698
vn 0.391765 -0.183652 0.901550
vn 0.855311 -0.222833 0.467749
vn 0.959893 -0.218762 0.175354
vn -0.703923 -0.056985 -0.707986
vn -0.208468 -0.183035 0.960749
vn 0.406780 -0.227711 0.884691
vn 0.864418 -0.237692 0.443040
vn 0.967954 -0.194001 0.159463
vn -0.752932 -0.138032 0.643459
vn -0.205182 -0.212260 0.955430
vn 0.465861 -0.233831 0.853403
vn 0.841055 -0.285470 0.459493
vn 0.956294 -0.179354 0.230941
vn 0.908725 -0.306572 0.283255
vn -0.148099 -0.178665 0.972700
vn -0.112424 -0.120446 0.986333
vn 0.545959 -0.248411 0.800138
vn 0.831764 -0.294983 0.470270
vn 0.950445 -0.113989 0.289241
vn -0.742174 -0.161595 0.650434
vn 0.568509 -0.293190 0.768659
vn -0.987784 -0.091469 0.126159
vn -0.720458 -0.122977 0.682508
vn -0.988128 -0.016124 0.152788
vn -0.953290 0.037528 -0.299716
vn -0.929280 -0.022036 -0.368719
vn -0.984934 -0.113413 0.130544
vn -0.548156 -0.047188 -0.835044
vn -0.903401 -0.061162 -0.424411
vn 0.134472 -0.064658 -0.988806
vn 0.410571 -0.073969 -0.908824
vn -0.500508 -0.037593 -0.864916
vn -0.907988 -0.066513 -0.413684
vn -0.981212 -0.083529 0.173913
vn 0.751500 -0.054120 -0.657510
vn 0.847678 -0.032746 -0.529500
vn 0.113917 -0.029653 -0.993048
vn 0.933124 -0.063025 -0.353989
vn 0.938174 -0.035398 -0.344349
vn 0.927965 -0.108946 -0.356386
vn 0.748542 -0.082079 -0.657987
vn -0.477712 -0.058793 -0.876547
vn 0.799226 -0.155997 -0.580433
vn 0.939000 -0.178973 -0.293679
vn 0.169732 -0.093057 -0.981087
vn 0.818969 -0.109820 -0.563231
vn 0.951159 -0.130824 -0.279611
vn 0.212292 -0.072697 -0.974498
vn 0.808060 -0.123640 -0.575980
vn 0.945753 -0.116444 -0.303302
vn -0.442891 -0.014518 -0.896458
vn 0.216234 -0.033275 -0.975774
vn 0.814061 -0.049925 -0.578630
vn 0.907144 -0.090269 -0.411025
vn 0.959560 0.071475 -0.272278
vn -0.934715 -0.007476 -0.355320
vn 0.342815 0.161347 -0.925443
vn 0.846468 0.153998 -0.509683
vn 0.950568 0.148218 -0.272858
vn 0.392173 0.284698 -0.874727
vn -0.931660 0.024322 -0.362515
vn -0.983098 -0.049826 0.176171
vn -0.922024 0.143418 -0.359586
vn -0.381671 0.076153 -0.921156
vn -0.323515 0.257053 -0.910638
vn -0.330824 0.346279 -0.877865
vn -0.740125 -0.058261 0.669941
vn -0.981916 -0.005445 0.189238
vn -0.779648 -0.121313 0.614355
vn -0.146871 -0.246701 0.957898
vn -0.781302 -0.156624 0.604182
vn -0.979255 0.062451 0.192766
vn -0.110654 -0.355783 0.927995
vn 0.567535 -0.291196 0.770136
vn 0.063872 -0.211082 0.975379
vn 0.885891 -0.155256 0.437141
vn 0.742878 -0.104668 0.661193
vn 0.904656 -0.003976 0.426124
vn 0.719759 -0.078361 0.689787
vn 0.888414 -0.063405 0.454643
vn -0.893005 0.223020 -0.390901
vn -0.875933 0.216088 -0.431333
vn -0.735695 -0.085654 0.671876
vn 0.117729 -0.141914 0.982853
vn 0.785522 -0.157686 0.598407
vn 0.925622 -0.218107 0.309280
vn 0.965906 -0.122707 0.227968
vn -0.369494 0.276735 -0.887069
vn -0.982820 0.083115 0.164794
vn -0.659203 -0.126968 0.741168
vn 0.116160 -0.109803 0.987142
vn -0.888525 0.041991 -0.456903
vn -0.976906 -0.047082 0.208416
vn 0.293977 0.254672 -0.921260
vn -0.656051 -0.111371 0.746454
vn -0.967386 -0.128911 0.218050
vn -0.368265 0.058032 -0.927908
vn -0.855491 -0.156062 -0.493740
vn 0.780212 0.206123 -0.590578
vn 0.210529 0.052828 -0.976159
vn 0.764488 0.037202 -0.643564
vn 0.946862 0.057758 -0.316411
vn 0.785854 -0.203730 -0.583889
vn 0.415273 -0.206726 -0.885896
vn 0.730080 -0.191918 -0.655858
vn -0.326419 -0.169284 -0.929943
vn 0.411333 -0.174124 -0.894699
vn 0.759019 -0.004607 -0.651053
vn -0.842987 -0.138240 -0.519867
vn -0.309188 -0.119386 -0.943478
vn 0.451636 0.004420 -0.892191
vn -0.986164 -0.079591 0.145417
vn 0.480094 -0.041654 -0.876227
vn 0.821084 -0.063178 -0.567301
vn -0.399562 -0.036934 -0.915962
vn -0.355480 0.003967 -0.934676
vn -0.864856 -0.016979 -0.501733
vn -0.863711 -0.034480 -0.502807
vn -0.997108 -0.007999 0.075583
vn -0.995626 -0.013109 0.092500
vn -0.699669 -0.024608 0.714043
vn -0.675101 -0.010904 0.737644
vn -0.726549 0.018041 0.686878
vn 0.132724 0.029870 0.990703
vn 0.137551 0.033617 0.989924
vn 0.215870 -0.061374 0.974491
vn 0.881751 -0.023861 0.471110
vn 0.900175 -0.075062 0.429012
vn 0.854773 -0.054513 0.516131
vn 0.991234 -0.057433 0.118980
vn 0.984372 -0.052509 0.168089
vn 0.970141 0.144331 -0.194922
vn 0.971436 0.176112 0.159050
vn 0.985749 0.126511 0.110879
vn 0.972492 0.108691 -0.206024
vn 0.995286 0.063783 0.073054
vn 0.547944 0.133919 -0.825726
vn 0.481710 0.147403 -0.863845
vn 0.979726 0.078803 -0.184194
vn 0.990287 0.070400 0.119895
vn 0.989620 0.082619 -0.117583
vn 0.716563 0.081571 -0.692736
vn 0.614235 0.112903 -0.781005
vn -0.095220 0.050565 -0.994171
vn -0.220679 0.105831 -0.969588
vn -0.749273 -0.006952 -0.662225
vn -0.329073 0.152961 -0.931834
vn -0.396840 0.154108 -0.904858
vn -0.772088 0.057409 -0.632917
vn -0.888660 -0.055771 -0.455162
vn -0.814542 0.166329 -0.555748
vn -0.853775 0.144051 -0.500317
vn -0.966732 0.254626 -0.024381
vn -0.906884 0.060173 -0.417061
vn -0.944794 0.291767 -0.149122
vn -0.936983 -0.000741 -0.349374
vn -0.911566 -0.167663 -0.375415
vn -0.937077 -0.087704 -0.337927
vn -0.784117 0.512689 0.349730
vn -0.665956 0.424132 0.613690
vn -0.938757 0.288123 -0.189001
vn -0.957742 0.109565 -0.265942
vn -0.991445 0.077340 -0.105148
vn -0.924805 0.351535 -0.145464
vn -0.975966 0.215041 -0.035311
vn -0.977069 0.149071 0.152031
vn -0.952768 0.263448 0.151090
vn -0.817420 0.046961 0.574125
vn -0.097573 0.571744 0.814609
vn 0.299257 0.386122 0.872556
vn -0.705920 0.689636 0.161490
vn -0.718716 0.684532 0.121914
vn -0.052983 0.841073 0.538320
vn -0.591889 0.770726 0.235900
vn 0.618192 0.381383 0.687303
vn 0.739236 0.251943 0.624543
vn 0.872617 0.146834 0.465810
vn 0.779693 0.403660 0.478684
vn 0.920346 0.085039 0.381747
vn 0.958480 0.117083 0.260013
vn 0.937228 0.010705 0.348554
vn 0.979495 0.001325 0.201464
vn 0.707080 0.620223 0.339648
vn 0.969524 0.222219 0.103155
vn 0.995529 0.024983 0.091090
vn -0.033083 0.899507 0.435651
vn 0.647452 0.689895 0.323807
vn 0.923007 0.219015 0.316371
vn 0.945811 0.072350 0.316555
vn -0.054875 0.950277 0.306531
vn 0.503053 0.775155 0.382195
vn 0.813476 0.228544 0.534812
vn 0.827004 0.023285 0.561714
vn -0.642719 0.749195 0.160063
vn -0.104287 0.957392 0.269304
vn 0.274004 0.682021 0.678063
vn 0.431929 0.161292 0.887368
vn 0.388787 -0.071019 0.918586
vn -0.294135 -0.028087 0.955351
vn -0.557923 0.710748 0.428437
vn -0.248380 0.717069 0.651245
vn -0.294068 0.186081 0.937496
vn -0.767676 0.257872 0.586665
vn -0.212817 -0.077679 0.973999
vn 0.204898 0.265994 0.941947
vn -0.295997 -0.301044 0.906509
vn 0.064092 0.141812 0.987817
vn -0.303910 -0.478998 0.823529
vn 0.484363 0.575159 0.659230
vn -0.336304 0.177670 0.924842
vn -0.209751 -0.426592 0.879786
vn 0.346180 0.667421 0.659324
vn 0.420816 0.808590 0.411214
vn 0.253470 0.888680 0.382102
vn 0.425782 0.859273 0.283477
vn -0.556232 -0.080863 0.827084
vn -0.681037 -0.106492 0.724464
vn -0.207274 0.755030 0.622067
vn 0.263013 0.925621 0.272122
vn 0.430128 0.887982 0.162720
vn -0.706908 0.520219 0.479222
vn -0.275890 0.897884 0.343058
vn 0.194431 0.979014 0.061063
vn 0.048062 0.982412 -0.180435
vn -0.160606 0.964357 0.210290
vn -0.117803 0.954648 -0.273442
vn -0.128557 0.850366 -0.510245
vn -0.796996 0.410598 0.442952
vn -0.759109 0.633074 0.151563
vn -0.685604 0.692091 0.225738
vn -0.227361 0.968450 -0.102036
vn -0.564559 0.820171 0.092697
vn -0.508679 0.818758 -0.266235
vn -0.285785 0.826485 -0.485025
vn -0.740449 0.672104 -0.003347
vn -0.327975 0.705423 -0.628340
vn -0.173759 0.684785 -0.707727
vn -0.587196 0.719288 -0.371248
vn -0.248605 0.576648 -0.778250
vn -0.163947 0.582973 -0.795779
vn -0.748892 0.654766 -0.102183
vn -0.440394 0.624900 -0.644634
vn -0.180251 0.454179 -0.872486
vn -0.158370 0.489096 -0.857732
vn -0.190023 0.327899 -0.925405
vn -0.281457 -0.015104 -0.959455
vn -0.330596 -0.084666 -0.939967
vn -0.364151 -0.495553 -0.788557
vn -0.354423 0.387584 -0.850978
vn -0.251947 -0.499875 -0.828642
vn -0.555293 -0.571105 -0.604557
vn -0.492974 -0.056304 -0.868220
vn -0.487393 0.512455 -0.706992
vn -0.627223 0.664129 -0.406846
vn -0.688897 0.201101 -0.696404
vn -0.675180 0.514080 -0.529012
vn -0.305612 -0.554997 -0.773680
vn -0.668755 -0.420080 -0.613433
vn -0.834558 -0.193589 -0.515787
vn -0.690269 -0.428259 -0.583200
vn -0.811333 0.540383 -0.222991
vn -0.920804 0.167609 -0.352174
vn -0.836900 -0.493226 -0.237333
vn -0.899594 -0.409003 -0.153125
vn -0.901278 -0.379273 -0.209405
vn -0.987170 -0.114574 -0.111212
vn -0.915400 0.398722 0.055347
vn -0.967641 -0.184958 0.171643
vn -0.895537 -0.443456 -0.036872
vn -0.793160 0.600804 0.099659
vn -0.886515 0.428884 0.173635
vn -0.903576 -0.017417 0.428073
vn -0.864955 -0.320625 0.386073
vn -0.776322 -0.391554 0.493974
vn -0.942357 -0.331345 0.046630
vn -0.991395 -0.130861 -0.003310
vn -0.853225 -0.508980 0.113787
vn -0.827334 -0.481210 0.289751
vn -0.710212 -0.558974 0.427958
vn -0.926747 -0.328440 0.182394
vn -0.904060 -0.268344 0.332665
vn -0.825956 -0.342304 0.447912
vn -0.159351 -0.584952 0.795260
vn -0.161040 -0.574632 0.802412
vn -0.043636 -0.449702 0.892112
vn -0.274079 -0.670726 0.689208
vn -0.286819 -0.660490 0.693893
vn -0.300311 -0.679766 0.669127
vn -0.144077 -0.878308 0.455870
vn 0.186233 -0.835910 0.516306
vn 0.195946 -0.823433 0.532506
vn 0.124085 -0.882017 0.454587
vn 0.018157 -0.914751 0.403609
vn -0.113048 -0.917885 0.380403
vn -0.295917 -0.868233 0.398251
vn -0.446597 -0.777096 0.443478
vn -0.544246 -0.661950 0.515382
vn -0.592985 -0.565708 0.573012
vn -0.037119 0.917885 0.395106
vn -0.040106 0.933554 0.356187
vn -0.018420 0.939780 0.341283
vn -0.077118 0.922275 0.378763
vn -0.050935 0.919155 0.390590
vn 0.008639 0.908367 0.418085
vn 0.058111 0.872037 0.485978
vn 0.079438 0.849939 0.520858
vn 0.105926 0.680884 -0.724691
vn 0.259825 0.941102 -0.216376
vn 0.207607 0.710091 -0.672807
vn 0.272830 0.951753 -0.140461
vn 0.277014 0.738250 -0.615020
vn 0.476902 0.678037 -0.559313
vn 0.307541 0.600634 0.738009
vn 0.434532 0.889088 -0.143889
vn 0.560398 0.625275 -0.543126
vn 0.471244 0.670793 -0.572682
vn 0.664874 0.601681 -0.442632
vn 0.344261 0.628562 0.697420
vn 0.751163 0.659932 -0.015647
vn 0.861955 0.449780 -0.233950
vn 0.989942 0.135832 0.039561
vn 0.813039 0.344155 0.469601
vn 0.785151 -0.506009 0.357062
vn 0.397044 -0.785093 0.475378
vn 0.483916 -0.822192 -0.299709
vn 0.317569 -0.758801 0.568658
vn 0.598309 -0.764426 -0.240163
vn 0.203344 -0.924755 -0.321683
vn 0.092095 -0.909710 -0.404903
vn 0.737472 -0.321774 -0.593798
vn 0.881443 -0.088269 -0.463968
vn 0.398828 -0.451683 -0.798072
vn 0.505893 -0.389435 -0.769684
vn 0.517930 -0.371442 -0.770571
vn 0.373574 -0.410996 -0.831580
vn 0.230564 -0.418144 -0.878633
vn 0.089209 -0.377389 -0.921748
vn 0.194152 -0.860602 0.470817
vn 0.342115 -0.840690 0.419759
vn 0.385021 -0.809925 0.442472
vn 0.191163 -0.905728 0.378305
vn 0.314299 -0.865781 0.389409
vn -0.271360 -0.949371 0.158297
vn -0.378242 -0.922585 0.075955
vn 0.344580 -0.887775 0.305158
vn 0.527578 -0.825942 0.198699
vn 0.681799 -0.731533 -0.003141
vn -0.344336 -0.905645 -0.247469
vn -0.467970 -0.863691 -0.187196
vn -0.308582 -0.914590 -0.261348
vn -0.590521 -0.732778 -0.338114
vn -0.248390 -0.325856 -0.912206
vn -0.790775 -0.594894 -0.144141
vn -0.848273 -0.334771 -0.410318
vn -0.878461 -0.380070 -0.289575
vn -0.891170 -0.369713 -0.262924
vn -0.884339 -0.429680 -0.182539
vn -0.876382 -0.433932 -0.208944
vn -0.900032 -0.395038 -0.184086
vn -0.846967 -0.489099 -0.208397
vn -0.916811 -0.326161 -0.230386
vn -0.892506 -0.379910 -0.243108
vn -0.874959 -0.402500 -0.269147
vn -0.863634 -0.408355 -0.295605
vn -0.839459 -0.461525 -0.286886
vn -0.752214 -0.634191 -0.178819
vn -0.735237 -0.648404 -0.197483
vn -0.876480 -0.428858 -0.218780
vn -0.911563 -0.388280 -0.135248
vn -0.879008 -0.376450 -0.292626
vn -0.891281 -0.446961 -0.076447
vn -0.877868 -0.478591 0.017242
vn 0.313453 -0.769516 -0.556410
vn 0.225049 -0.859514 -0.458899
vn 0.414365 -0.626700 -0.659961
vn 0.524303 -0.389850 -0.757049
vn -0.741941 -0.653855 -0.148314
vn -0.550771 -0.834651 0.003062
vn -0.576803 -0.815401 -0.049184
vn -0.771512 -0.618080 -0.150816
vn -0.795716 -0.578968 -0.177852
vn -0.882156 -0.376653 -0.282725
vn -0.844973 -0.434375 -0.311991
vn -0.755100 -0.324294 -0.569787
vn -0.870674 -0.318317 -0.374967
vn -0.686338 -0.176960 -0.705426
vn -0.880588 -0.068495 -0.468906
vn 0.204344 0.206518 -0.956867
vn -0.877568 0.006560 -0.479407
vn -0.600435 0.210582 -0.771449
vn -0.812844 0.204521 -0.545395
vn -0.164832 0.403517 -0.900003
vn -0.809737 0.283579 -0.513721
vn -0.665706 0.393154 -0.634244
vn -0.421068 0.511580 -0.748991
vn -0.590339 0.500387 -0.633335
vn -0.485728 0.533334 -0.692548
vn -0.593072 0.328428 -0.735119
vn -0.648246 0.337634 -0.682481
vn -0.670250 0.410010 -0.618593
vn -0.493186 0.285537 -0.821727
vn -0.378414 0.263908 -0.887218
vn -0.003157 0.281347 -0.959601
vn 0.036268 0.116609 -0.992516
vn 0.255606 0.470241 -0.844713
vn 0.270885 0.471620 -0.839163
vn 0.183660 0.353317 -0.917298
vn 0.279834 0.343164 -0.896622
vn 0.121609 0.307478 -0.943752
vn -0.164486 0.319916 -0.933059
vn -0.059642 0.330337 -0.941977
vn -0.386103 0.300810 -0.872031
vn -0.372758 0.311278 -0.874161
vn -0.386770 0.287345 -0.876266
vn -0.365283 0.228054 -0.902530
vn -0.469916 0.085745 -0.878537
vn 0.992042 0.123395 -0.025031
vn 0.977648 0.186570 -0.096932
vn 0.964969 0.236003 -0.114620
vn 0.990402 0.080034 0.112692
vn 0.965854 -0.069495 0.249592
vn 0.941287 0.328497 -0.077895
vn 0.979407 -0.031735 0.199388
vn 0.972655 0.192400 0.130096
vn 0.901523 0.432545 0.012700
vn 0.893262 0.329775 0.305502
vn 0.832737 0.552644 0.033684
vn 0.963496 0.024421 0.266606
vn 0.896647 0.018652 0.442354
vn 0.813548 0.428987 0.392569
vn 0.745042 0.152059 0.649454
vn 0.755582 0.640926 0.135314
vn 0.719606 0.694209 -0.015510
vn 0.638522 0.743713 0.197942
vn 0.601892 0.797943 0.031823
vn 0.724688 0.456079 0.516546
vn 0.616102 0.153352 0.772594
vn 0.406800 0.913220 0.023311
vn 0.281370 0.945778 -0.162278
vn -0.021335 0.975622 0.218418
vn -0.091350 0.994444 0.052318
vn -0.486319 0.849403 0.204960
vn -0.008233 0.895276 0.445436
vn -0.335609 0.849009 0.408106
vn -0.621890 0.684362 0.380660
vn -0.755535 0.647584 0.099009
vn -0.808525 0.581155 0.092442
vn -0.724760 0.516398 0.456132
vn -0.177211 0.711318 0.680164
vn 0.266495 0.750788 0.604399
vn 0.434411 0.851521 0.293597
vn -0.413099 0.463104 0.784146
vn 0.617050 0.612352 0.494241
vn 0.599048 0.276454 0.751475
vn 0.465340 0.468033 0.751268
vn -0.133962 0.491570 0.860472
vn -0.397154 -0.151650 0.905136
vn -0.607746 -0.134786 0.782610
vn -0.215508 -0.665306 0.714790
vn 0.118968 -0.603485 0.788449
vn 0.261438 -0.855085 0.447749
vn 0.448396 -0.829760 0.332325
vn 0.412370 -0.756349 0.507826
vn -0.172829 -0.046744 0.983842
vn 0.108147 -0.542976 0.832755
vn -0.016066 -0.206707 0.978271
vn 0.079882 0.551167 0.830562
vn 0.250997 0.069971 0.965456
vn 0.230397 -0.112511 0.966570
vn 0.433761 -0.094864 0.896020
vn 0.158980 -0.234183 0.959105
vn 0.513119 -0.268360 0.815286
vn 0.109424 -0.445990 0.888324
vn -0.154901 -0.484707 0.860851
vn 0.780374 -0.081128 0.620028
vn 0.509639 -0.418261 0.751881
vn -0.545978 -0.550757 0.631328
vn 0.804090 -0.001889 0.594505
vn 0.813345 -0.234940 0.532234
vn 0.371062 -0.581410 0.724069
vn 0.413962 -0.661878 0.624942
vn 0.790974 -0.272856 0.547640
vn 0.851833 -0.311993 0.420763
vn 0.683289 -0.539858 0.491598
vn 0.443630 -0.649428 0.617605
vn 0.499242 -0.636110 0.588321
vn 0.936738 0.062995 -0.344317
vn 0.919822 0.066744 -0.386617
vn 0.572317 -0.260903 0.777421
vn 0.673838 -0.231512 0.701673
vn 0.785329 -0.019262 0.618779
vn 0.901845 -0.026704 0.431233
vn 0.834033 -0.191894 0.517267
vn 0.968044 0.040577 0.247477
vn 0.892236 0.090187 0.442473
vn 0.962808 -0.048519 0.265793
vn 0.995850 0.033774 0.084509
vn 0.996866 0.027914 0.074016
vn 0.094175 -0.862975 0.496392
vn 0.167006 -0.843887 0.509866
vn 0.146181 -0.851797 0.503064
vn -0.374613 -0.629788 0.680464
vn -0.533920 -0.464425 0.706569
vn -0.572534 -0.521879 0.632334
vn -0.949505 -0.080459 0.303262
vn -0.921482 -0.076714 0.380770
vn -0.947021 -0.092537 0.307553
vn -0.925000 -0.126963 0.358128
vn -0.834695 -0.205243 0.511038
vn -0.934510 -0.004808 0.355906
vn -0.966518 0.246721 0.070516
vn -0.831460 0.340391 0.439098
vn -0.740546 -0.261149 0.619188
vn -0.819941 -0.004298 0.572432
vn -0.911604 0.405940 0.064736
vn -0.839346 0.433589 -0.327872
vn -0.794038 0.579573 -0.183302
vn -0.863800 0.450176 0.226254
vn -0.820231 0.550730 -0.154653
vn -0.756812 0.287459 0.587029
vn -0.799263 -0.059881 0.597991
vn -0.699124 0.664903 0.262923
vn -0.857962 0.060747 0.510108
vn -0.237791 0.965129 -0.109461
vn -0.316745 0.867496 -0.383566
vn -0.022454 0.941950 -0.335001
vn -0.194671 0.927958 -0.317802
vn -0.450202 0.849294 0.275713
vn -0.058744 0.899411 -0.433138
vn -0.674824 0.489467 0.552300
vn -0.569386 0.356144 0.740919
vn -0.567880 0.272782 0.776596
vn -0.463625 0.483167 0.742699
vn -0.665041 0.193030 0.721429
vn -0.454144 -0.246752 0.856076
vn -0.257504 0.170664 0.951087
vn -0.359172 0.001065 0.933271
vn -0.119804 -0.015330 0.992679
vn 0.040494 -0.480045 0.876309
vn -0.031748 0.506777 0.861492
vn -0.184724 0.831900 0.523278
vn -0.011219 -0.359421 0.933108
vn 0.356297 -0.600153 0.716149
vn -0.458947 0.684485 0.566435
vn -0.720897 0.358177 0.593311
vn -0.460211 0.654676 0.599671
vn -0.568586 0.596248 0.566743
vn 0.536631 -0.665207 0.519160
vn 0.555525 -0.384244 0.737393
vn 0.197179 -0.844534 0.497879
vn -0.163147 -0.442256 0.881926
vn -0.362463 -0.487101 0.794578
vn -0.216694 -0.569176 0.793147
vn -0.560470 -0.580711 0.590464
vn -0.286873 -0.664107 0.690409
vn -0.727465 -0.462765 0.506600
vn -0.556466 -0.597744 0.577103
vn -0.593591 -0.476713 0.648378
vn -0.154795 -0.887955 0.433099
vn -0.097902 -0.943179 0.317535
vn -0.217989 -0.940539 0.260516
vn -0.307945 -0.852717 0.421952
vn -0.228553 -0.811315 0.538081
vn -0.336121 -0.779943 0.527931
vn 0.325968 -0.380974 0.865219
vn -0.197868 -0.725281 0.659405
vn 0.730789 0.238213 0.639689
vn 0.432765 0.276630 0.858016
vn 0.757123 0.463717 0.460143
vn 0.596734 0.582085 0.552345
vn 0.175636 0.795622 0.579774
vn 0.700397 0.673996 0.234890
vn 0.783031 0.588007 0.202759
vn 0.530809 0.844628 -0.069601
vn 0.267166 0.943161 -0.197659
vn 0.393780 0.917205 0.060594
vn 0.070869 0.988691 0.132164
vn 0.021766 0.968242 -0.249065
vn -0.105296 0.986356 0.126550
vn 0.117481 0.956780 -0.266027
vn 0.148477 0.988900 0.005563
vn 0.492047 0.806784 -0.327092
vn 0.309099 0.940707 0.139741
vn 0.620557 0.716467 -0.318722
vn 0.264777 0.942826 0.202415
vn 0.441714 0.887829 -0.129032
vn -0.871703 0.453283 0.186194
vn -0.275641 -0.437845 -0.855754
vn -0.019590 -0.467715 -0.883662
vn 0.054931 -0.351225 -0.934678
vn -0.438647 -0.412103 -0.798599
vn 0.058141 -0.368666 -0.927742
vn -0.976791 -0.136445 0.165113
vn -0.768147 -0.372752 -0.520582
vn -0.983536 -0.174128 0.048340
vn -0.982958 -0.178014 0.045872
vn 0.366562 -0.091635 -0.925870
vn 0.470232 -0.155550 -0.868727
vn 0.437787 -0.008800 -0.899036
vn 0.207239 -0.601850 -0.771251
vn 0.256415 -0.753736 -0.605089
vn 0.215760 -0.747435 -0.628322
vn -0.306669 -0.925110 -0.223890
vn -0.410040 -0.736707 -0.537707
vn -0.270945 -0.938151 -0.215547
vn -0.224647 -0.924650 -0.307500
vn -0.436347 0.300024 -0.848285
vn -0.135533 0.309726 -0.941117
vn -0.435764 0.458029 -0.774802
vn 0.048818 0.101968 -0.993589
vn -0.005936 0.681512 -0.731783
vn -0.239321 0.749834 -0.616826
vn -0.553197 0.792715 -0.256078
vn -0.553062 0.792761 -0.256227
vn -0.553513 0.792607 -0.255729
vn -0.554807 0.792162 -0.254300
vn 0.715572 -0.178887 -0.675245
vn 0.736057 -0.016234 -0.676725
vn 0.665008 -0.152809 -0.731036
vn 0.680231 0.022813 -0.732642
vn 0.623247 -0.140290 -0.769338
vn 0.677571 0.252987 -0.690576
vn 0.648533 0.003327 -0.761179
vn 0.652936 0.222641 -0.723952
vn 0.651224 0.163742 -0.741010
vn 0.610478 0.387399 -0.690825
vn 0.618946 0.336424 -0.709735
vn 0.639539 0.347930 -0.685518
vn 0.107399 -0.019551 -0.994024
vn 0.152905 -0.065285 -0.986082
vn 0.171508 -0.003482 -0.985177
vn 0.209546 -0.076178 -0.974827
vn 0.082118 -0.277224 -0.957290
vn 0.295612 -0.203494 -0.933383
vn -0.114999 -0.966646 -0.228847
vn -0.467198 -0.881783 -0.064692
vn 0.176205 -0.911770 -0.370983
vn 0.177883 -0.836847 -0.517730
vn 0.056645 -0.752620 -0.656014
vn 0.202510 -0.728302 -0.654649
vn 0.456361 -0.615197 -0.642859
vn 0.828616 -0.553408 -0.084475
vn 0.667455 0.262753 -0.696753
vn 0.711755 0.288327 -0.640525
vn 0.659348 0.258145 -0.706131
vn 0.641427 0.248029 -0.725985
vn 0.534305 -0.816097 0.220234
vn 0.544375 -0.800616 0.250340
vn 0.532047 -0.816685 0.223498
vn 0.585300 -0.766968 0.263027
vn 0.636693 -0.719698 0.276869
vn -0.515555 -0.107423 -0.850096
vn -0.936741 0.160220 -0.311202
vn -0.945184 0.138938 -0.295505
vn -0.688007 0.003889 -0.725694
vn -0.786654 0.117347 0.606140
vn -0.960224 0.204321 -0.190324
vn -0.663915 0.270144 0.697309
vn -0.820682 0.166467 -0.546599
vn -0.599187 0.109249 -0.793120
vn -0.779176 0.378611 -0.499538
vn -0.892621 0.343269 0.292222
vn -0.806447 0.493088 -0.326355
vn -0.732584 0.287926 0.616782
vn -0.775868 0.595522 0.208284
vn -0.042023 -0.289681 0.956200
vn -0.240966 0.208565 0.947859
vn -0.295900 -0.906919 0.299902
vn -0.653856 -0.756504 0.013165
vn 0.225266 -0.962063 0.153915
vn -0.146538 -0.983486 -0.106213
vn -0.491931 0.317079 0.810842
vn -0.154187 0.332124 0.930548
vn -0.374937 0.489160 0.787493
vn -0.139099 0.334042 0.932238
vn -0.641625 0.514487 0.568877
vn -0.845088 0.524000 0.106073
vn -0.753496 0.241104 -0.611648
vn -0.825068 0.550658 -0.126645
vn -0.752038 0.607737 0.255135
vn -0.730163 0.667798 -0.144594
vn -0.689232 0.711866 0.134929
vn -0.619675 0.773928 0.130531
vn -0.565703 0.643304 0.515888
vn -0.752967 0.629993 0.190128
vn -0.356717 0.436129 0.826163
vn -0.846342 0.531849 -0.029027
vn -0.046117 0.379701 0.923959
vn 0.291464 0.142633 0.945888
vn -0.691846 0.606730 0.391443
vn -0.846483 0.365192 -0.387429
vn -0.634048 0.044181 -0.772031
vn -0.144527 0.294746 0.944583
vn 0.103565 0.126761 0.986512
vn -0.870256 0.224896 -0.438265
vn -0.733072 0.024631 -0.679705
vn -0.829240 0.388599 0.401687
vn -0.595503 0.312137 0.740234
vn -0.964161 0.261633 -0.044074
vn -0.537218 0.312405 0.783454
vn 0.191544 -0.155096 0.969152
vn -0.964442 0.241422 -0.107547
vn -0.689485 -0.030741 -0.723647
vn -0.966467 0.252673 -0.045811
vn -0.649993 0.084846 0.755189
vn -0.069114 -0.981209 0.180144
vn 0.354092 -0.912968 -0.202751
vn -0.481187 -0.859426 -0.172758
vn -0.112146 -0.879374 -0.462737
vn 0.010341 0.986533 0.163236
vn -0.071760 0.983470 0.166242
vn -0.319708 -0.152201 0.935212
vn -0.192873 -0.094262 0.976686
vn -0.234954 -0.304969 0.922925
vn -0.436530 -0.225556 0.870957
vn -0.550727 -0.048110 0.833298
vn -0.011057 0.980433 0.196543
vn -0.824248 0.006652 0.566189
vn 0.265964 0.946983 0.180239
vn -0.656009 0.125642 0.744222
vn -0.815930 0.339525 0.467954
vn -0.788107 0.450907 0.419010
vn -0.937441 0.087912 0.336862
vn 0.149617 0.942890 0.297614
vn -0.408348 0.819619 0.401842
vn 0.150452 0.936879 0.315629
vn 0.936740 0.160220 -0.311203
vn 0.515554 -0.107423 -0.850097
vn 0.945184 0.138939 -0.295505
vn 0.688007 0.003889 -0.725694
vn 0.786653 0.117348 0.606141
vn 0.960224 0.204321 -0.190325
vn 0.663915 0.270145 0.697308
vn 0.820682 0.166466 -0.546599
vn 0.599186 0.109247 -0.793121
vn 0.779175 0.378610 -0.499540
vn 0.892622 0.343269 0.292221
vn 0.806447 0.493088 -0.326355
vn 0.732584 0.287927 0.616781
vn 0.775868 0.595523 0.208282
vn 0.042023 -0.289679 0.956201
vn 0.240966 0.208565 0.947859
vn 0.295898 -0.906918 0.299908
vn 0.653855 -0.756505 0.013163
vn -0.225265 -0.962062 0.153924
vn 0.146537 -0.983487 -0.106209
vn 0.491932 0.317079 0.810841
vn 0.154187 0.332124 0.930548
vn 0.374937 0.489161 0.787493
vn 0.139099 0.334040 0.932238
vn 0.641625 0.514487 0.568877
vn 0.845088 0.524000 0.106072
vn 0.753496 0.241103 -0.611648
vn 0.825069 0.550655 -0.126645
vn 0.752040 0.607736 0.255132
vn 0.730164 0.667798 -0.144594
vn 0.689231 0.711867 0.134931
vn 0.619676 0.773928 0.130530
vn 0.565702 0.643304 0.515889
vn 0.752967 0.629995 0.190126
vn 0.356717 0.436130 0.826162
vn 0.846341 0.531850 -0.029028
vn 0.046118 0.379701 0.923959
vn -0.291464 0.142633 0.945888
vn 0.691846 0.606731 0.391442
vn 0.846483 0.365191 -0.387430
vn 0.634049 0.044180 -0.772030
vn 0.144529 0.294746 0.944583
vn -0.103565 0.126761 0.986512
vn 0.870257 0.224896 -0.438264
vn 0.733072 0.024629 -0.679705
vn 0.829239 0.388600 0.401687
vn 0.595504 0.312139 0.740233
vn 0.964160 0.261634 -0.044075
vn 0.537217 0.312406 0.783454
vn -0.191544 -0.155096 0.969152
vn 0.964442 0.241422 -0.107547
vn 0.689486 -0.030742 -0.723646
vn 0.966467 0.252672 -0.045810
vn 0.649992 0.084846 0.755190
vn 0.069113 -0.981210 0.180142
vn -0.354092 -0.912968 -0.202751
vn 0.481186 -0.859426 -0.172762
vn 0.112147 -0.879373 -0.462738
vn -0.938697 -0.049167 0.341219
vn -0.861317 -0.375695 0.342033
vn -0.849391 -0.068213 0.523337
vn -0.869304 0.271041 0.413338
vn -0.697891 -0.468265 0.541919
vn -0.348398 -0.707263 0.615140
vn -0.688814 0.324304 0.648354
vn -0.300034 0.528935 0.793856
vn -0.503154 0.182954 0.844608
vn -0.213760 0.403237 0.889779
vn 0.138859 0.524982 0.839710
vn -0.514605 -0.289854 0.806949
vn -0.543482 -0.098692 0.833599
vn -0.086889 -0.069460 0.993794
vn 0.076965 0.366986 0.927037
vn -0.409703 -0.489950 0.769475
vn 0.284976 0.182396 0.941021
vn -0.161943 -0.571577 0.804410
vn -0.002255 -0.655129 0.755513
vn 0.169664 -0.732162 0.659661
vn 0.225786 -0.496216 0.838326
vn 0.532288 -0.512637 0.673701
vn 0.775751 -0.410657 0.479137
vn 0.295234 -0.272873 0.915629
vn 0.341373 -0.115932 0.932751
vn 0.699637 -0.075096 0.710541
vn 0.864257 -0.044828 0.501049
vn 0.766926 0.314664 0.559295
vn 0.488809 0.354135 0.797279
vn -0.010341 0.986520 0.163312
vn 0.192873 -0.094264 0.976685
vn 0.319710 -0.152205 0.935211
vn 0.234959 -0.304972 0.922923
vn 0.071761 0.983471 0.166237
vn 0.436526 -0.225559 0.870958
vn 0.550720 -0.048113 0.833302
vn 0.011055 0.980434 0.196540
vn 0.824248 0.006650 0.566190
vn -0.265964 0.946984 0.180233
vn 0.656004 0.125642 0.744226
vn 0.815930 0.339530 0.467951
vn 0.788108 0.450907 0.419010
vn 0.937441 0.087913 0.336861
vn -0.149613 0.942889 0.297617
vn 0.408339 0.819624 0.401841
vn -0.150457 0.936879 0.315626
vn 0.861318 -0.375695 0.342030
vn 0.938696 -0.049164 0.341221
vn 0.849392 -0.068212 0.523336
vn 0.869307 0.271043 0.413329
vn 0.697894 -0.468264 0.541916
vn 0.348392 -0.707264 0.615143
vn 0.688818 0.324300 0.648352
vn 0.300024 0.528920 0.793870
vn 0.503146 0.182954 0.844614
vn 0.213747 0.403240 0.889781
vn -0.138862 0.524980 0.839710
vn 0.514612 -0.289852 0.806945
vn 0.543491 -0.098700 0.833592
vn 0.086889 -0.069454 0.993794
vn -0.076958 0.367001 0.927032
vn 0.409690 -0.489954 0.769480
vn -0.284976 0.182398 0.941020
vn 0.161956 -0.571578 0.804406
vn 0.002273 -0.655131 0.755512
vn -0.169668 -0.732165 0.659657
vn -0.225803 -0.496213 0.838323
vn -0.532289 -0.512634 0.673702
vn -0.775745 -0.410651 0.479150
vn -0.295259 -0.272874 0.915621
vn -0.341382 -0.115932 0.932748
vn -0.699636 -0.075097 0.710542
vn -0.864254 -0.044825 0.501055
vn -0.766925 0.314673 0.559291
vn -0.488809 0.354135 0.797279
s off
g Kidomniman Model_KidOmniman PF_KidOmniman
usemtl KidomnimanSG
f 3/3/1 2/2/2 1/1/3
f 6/6/4 5/5/5 4/4/6
f 9/9/7 8/8/8 7/7/9
f 12/12/10 11/11/11 10/10/12
f 15/15/13 14/14/14 13/13/15
f 18/18/16 17/17/17 16/16/18
f 21/21/19 20/20/20 19/19/21
f 24/24/22 23/23/23 22/22/24
f 27/27/25 26/26/26 25/25/27
f 30/30/28 29/29/29 28/28/30
f 33/33/31 32/32/32 31/31/33
f 36/36/34 35/35/35 34/34/36
f 39/39/37 38/38/38 37/37/39
s 1
f 42/42/40 41/41/41 40/40/42
f 43/43/43 42/42/40 40/40/42
f 43/43/43 40/40/42 44/44/44
f 45/45/45 44/44/44 40/40/42
f 46/46/46 43/43/43 44/44/44
f 45/45/45 47/47/47 44/44/44
f 46/46/46 44/44/44 48/48/48
f 47/47/47 48/48/48 44/44/44
f 47/47/47 49/49/49 48/48/48
f 50/50/50 46/46/46 48/48/48
f 49/49/49 51/51/51 48/48/48
f 50/50/50 48/48/48 51/51/51
f 52/52/52 50/50/50 51/51/51
s 2
f 55/55/53 54/54/54 53/53/55
f 53/53/55 54/54/54 56/56/56
f 54/54/54 57/57/57 56/56/56
s 3
f 60/60/58 59/59/59 58/58/60
f 59/59/59 61/61/61 58/58/60
f 61/61/61 59/59/59 62/62/62
f 62/62/62 59/59/59 63/63/63
s 4
f 66/66/64 65/65/65 64/64/66
f 66/66/64 67/67/67 65/65/65
f 67/67/67 68/68/68 65/65/65
f 68/68/68 67/67/67 69/69/69
f 70/70/70 68/68/68 69/69/69
f 69/69/69 71/71/71 70/70/70
f 71/71/71 72/72/72 70/70/70
f 72/72/72 71/71/71 73/73/73
f 74/74/74 72/72/72 73/73/73
f 74/74/74 73/73/73 75/75/75
f 73/73/73 76/76/76 75/75/75
f 75/75/75 76/76/76 77/77/77
f 76/76/76 78/78/78 77/77/77
f 78/78/78 79/79/79 77/77/77
f 79/79/79 80/80/80 77/77/77
s 5
f 83/83/81 82/82/82 81/81/83
f 82/82/82 84/84/84 81/81/83
f 84/84/84 85/85/85 81/81/83
f 85/85/85 86/86/86 81/81/83
f 86/86/86 85/85/85 87/87/87
f 84/84/84 82/82/82 88/88/88
f 88/88/88 82/82/82 89/89/89
f 89/89/89 90/90/90 88/88/88
f 84/84/84 88/88/88 91/91/91
f 85/85/85 84/84/84 91/91/91
f 90/90/90 92/92/92 88/88/88
f 88/88/88 92/92/92 91/91/91
f 93/93/93 92/92/92 90/90/90
f 94/94/94 92/92/92 93/93/93
f 94/94/94 93/93/93 95/95/95
f 92/92/92 96/96/96 91/91/91
f 96/96/96 92/92/92 94/94/94
f 97/97/97 94/94/94 95/95/95
f 97/97/97 95/95/95 98/98/98
f 99/99/99 97/97/97 98/98/98
f 99/99/99 100/100/100 97/97/97
f 101/101/101 94/94/94 97/97/97
f 100/100/100 101/101/101 97/97/97
f 101/101/101 96/96/96 94/94/94
f 102/102/102 101/101/101 100/100/100
f 101/101/101 102/102/102 96/96/96
f 103/103/103 102/102/102 100/100/100
f 96/96/96 104/104/104 91/91/91
f 102/102/102 104/104/104 96/96/96
f 105/105/105 102/102/102 103/103/103
f 106/106/106 105/105/105 103/103/103
f 106/106/106 107/107/107 105/105/105
f 91/91/91 104/104/104 108/108/108
f 85/85/85 91/91/91 108/108/108
f 109/109/109 104/104/104 102/102/102
f 105/105/105 109/109/109 102/102/102
f 107/107/107 110/110/110 105/105/105
f 107/107/107 111/111/111 110/110/110
f 110/110/110 112/112/112 105/105/105
f 112/112/112 109/109/109 105/105/105
f 111/111/111 113/113/113 110/110/110
f 110/110/110 113/113/113 112/112/112
f 111/111/111 114/114/114 113/113/113
f 85/85/85 108/108/108 115/115/115
f 85/85/85 115/115/115 87/87/87
f 116/116/116 108/108/108 104/104/104
f 116/116/116 104/104/104 109/109/109
f 87/87/87 115/115/115 117/117/117
f 118/118/118 87/87/87 117/117/117
f 119/119/119 115/115/115 108/108/108
f 108/108/108 116/116/116 119/119/119
f 117/117/117 115/115/115 119/119/119
f 117/117/117 120/120/120 118/118/118
f 120/120/120 121/121/121 118/118/118
f 122/122/122 117/117/117 119/119/119
f 117/117/117 122/122/122 120/120/120
f 116/116/116 123/123/123 119/119/119
f 119/119/119 123/123/123 122/122/122
f 124/124/124 116/116/116 109/109/109
f 116/116/116 124/124/124 123/123/123
f 120/120/120 125/125/125 121/121/121
f 121/121/121 125/125/125 126/126/126
f 122/122/122 127/127/127 120/120/120
f 120/120/120 127/127/127 125/125/125
f 124/124/124 109/109/109 128/128/128
f 109/109/109 112/112/112 128/128/128
f 124/124/124 129/129/129 123/123/123
f 129/129/129 124/124/124 128/128/128
f 123/123/123 130/130/130 122/122/122
f 123/123/123 129/129/129 130/130/130
f 127/127/127 122/122/122 130/130/130
f 131/131/131 128/128/128 112/112/112
f 113/113/113 131/131/131 112/112/112
f 129/129/129 128/128/128 132/132/132
f 129/129/129 132/132/132 130/130/130
f 128/128/128 131/131/131 132/132/132
f 127/127/127 133/133/133 125/125/125
f 134/134/134 127/127/127 130/130/130
f 127/127/127 134/134/134 133/133/133
f 135/135/135 130/130/130 132/132/132
f 130/130/130 135/135/135 134/134/134
f 136/136/136 132/132/132 131/131/131
f 135/135/135 132/132/132 136/136/136
f 131/131/131 113/113/113 137/137/137
f 137/137/137 136/136/136 131/131/131
f 113/113/113 138/138/138 137/137/137
f 114/114/114 138/138/138 113/113/113
f 114/114/114 139/139/139 138/138/138
f 137/137/137 140/140/140 136/136/136
f 137/137/137 138/138/138 140/140/140
f 139/139/139 141/141/141 138/138/138
f 138/138/138 141/141/141 140/140/140
f 142/142/142 141/141/141 139/139/139
f 140/140/140 141/141/141 142/142/142
f 143/143/143 142/142/142 139/139/139
f 140/140/140 144/144/144 136/136/136
f 136/136/136 144/144/144 135/135/135
f 145/145/145 140/140/140 142/142/142
f 144/144/144 140/140/140 145/145/145
f 146/146/146 142/142/142 143/143/143
f 145/145/145 142/142/142 146/146/146
f 147/147/147 146/146/146 143/143/143
f 148/148/148 145/145/145 146/146/146
f 145/145/145 148/148/148 149/149/149
f 150/150/150 145/145/145 149/149/149
f 150/150/150 144/144/144 145/145/145
f 144/144/144 150/150/150 151/151/151
f 152/152/152 150/150/150 149/149/149
f 150/150/150 152/152/152 151/151/151
f 152/152/152 153/153/153 151/151/151
f 151/151/151 153/153/153 154/154/154
f 135/135/135 144/144/144 155/155/155
f 155/155/155 144/144/144 151/151/151
f 156/156/156 151/151/151 154/154/154
f 154/154/154 157/157/157 156/156/156
f 158/158/158 135/135/135 155/155/155
f 135/135/135 158/158/158 134/134/134
f 155/155/155 151/151/151 159/159/159
f 151/151/151 156/156/156 159/159/159
f 157/157/157 160/160/160 156/156/156
f 157/157/157 161/161/161 160/160/160
f 134/134/134 158/158/158 162/162/162
f 134/134/134 162/162/162 133/133/133
f 163/163/163 158/158/158 155/155/155
f 159/159/159 163/163/163 155/155/155
f 158/158/158 163/163/163 162/162/162
f 159/159/159 156/156/156 164/164/164
f 156/156/156 160/160/160 164/164/164
f 160/160/160 161/161/161 165/165/165
f 161/161/161 166/166/166 165/165/165
f 165/165/165 167/167/167 160/160/160
f 167/167/167 164/164/164 160/160/160
f 167/167/167 168/168/168 164/164/164
f 159/159/159 164/164/164 169/169/169
f 168/168/168 169/169/169 164/164/164
f 163/163/163 159/159/159 169/169/169
f 169/169/169 168/168/168 170/170/170
f 169/169/169 171/171/171 163/163/163
f 163/163/163 171/171/171 162/162/162
f 171/171/171 169/169/169 170/170/170
f 171/171/171 172/172/172 162/162/162
f 172/172/172 133/133/133 162/162/162
f 173/173/173 171/171/171 170/170/170
f 174/174/174 173/173/173 170/170/170
f 174/174/174 175/175/175 173/173/173
f 133/133/133 172/172/172 176/176/176
f 125/125/125 133/133/133 176/176/176
f 125/125/125 176/176/176 126/126/126
f 177/177/177 172/172/172 171/171/171
f 176/176/176 172/172/172 177/177/177
f 173/173/173 177/177/177 171/171/171
f 175/175/175 178/178/178 173/173/173
f 175/175/175 179/179/179 178/178/178
f 180/180/180 126/126/126 176/176/176
f 180/180/180 176/176/176 177/177/177
f 177/177/177 173/173/173 181/181/181
f 180/180/180 177/177/177 181/181/181
f 173/173/173 178/178/178 181/181/181
f 182/182/182 181/181/181 178/178/178
f 179/179/179 183/183/183 178/178/178
f 183/183/183 182/182/182 178/178/178
f 179/179/179 184/184/184 183/183/183
f 126/126/126 180/180/180 185/185/185
f 185/185/185 180/180/180 181/181/181
f 185/185/185 181/181/181 182/182/182
f 186/186/186 126/126/126 185/185/185
f 184/184/184 187/187/187 183/183/183
f 182/182/182 183/183/183 187/187/187
f 184/184/184 188/188/188 187/187/187
f 185/185/185 189/189/189 186/186/186
f 189/189/189 185/185/185 182/182/182
f 186/186/186 189/189/189 190/190/190
f 191/191/191 190/190/190 189/189/189
f 191/191/191 189/189/189 182/182/182
f 190/190/190 191/191/191 192/192/192
f 193/193/193 182/182/182 187/187/187
f 193/193/193 191/191/191 182/182/182
f 188/188/188 194/194/194 187/187/187
f 193/193/193 187/187/187 194/194/194
f 188/188/188 195/195/195 194/194/194
f 191/191/191 196/196/196 192/192/192
f 191/191/191 193/193/193 196/196/196
f 197/197/197 193/193/193 194/194/194
f 193/193/193 197/197/197 196/196/196
f 192/192/192 196/196/196 198/198/198
f 196/196/196 197/197/197 198/198/198
f 199/199/199 192/192/192 198/198/198
f 195/195/195 200/200/200 194/194/194
f 194/194/194 200/200/200 197/197/197
f 199/199/199 198/198/198 201/201/201
f 202/202/202 199/199/199 201/201/201
f 203/203/203 202/202/202 201/201/201
f 204/204/204 203/203/203 201/201/201
f 204/204/204 201/201/201 205/205/205
f 205/205/205 201/201/201 198/198/198
f 206/206/206 204/204/204 205/205/205
f 205/205/205 207/207/207 206/206/206
f 197/197/197 208/208/208 198/198/198
f 208/208/208 205/205/205 198/198/198
f 208/208/208 197/197/197 200/200/200
f 209/209/209 200/200/200 195/195/195
f 210/210/210 209/209/209 195/195/195
f 200/200/200 209/209/209 211/211/211
f 200/200/200 211/211/211 208/208/208
f 209/209/209 212/212/212 211/211/211
f 213/213/213 205/205/205 208/208/208
f 211/211/211 213/213/213 208/208/208
f 213/213/213 211/211/211 212/212/212
f 205/205/205 213/213/213 207/207/207
f 213/213/213 212/212/212 214/214/214
f 207/207/207 213/213/213 214/214/214
f 214/214/214 215/215/215 207/207/207
s 6
f 218/218/216 217/217/217 216/216/218
f 217/217/217 219/219/219 216/216/218
f 220/220/220 216/216/218 219/219/219
f 217/217/217 221/221/221 219/219/219
f 222/222/222 220/220/220 219/219/219
f 220/220/220 222/222/222 223/223/223
f 221/221/221 224/224/224 219/219/219
f 219/219/219 224/224/224 222/222/222
f 224/224/224 221/221/221 225/225/225
f 222/222/222 226/226/226 223/223/223
f 223/223/223 226/226/226 227/227/227
f 228/228/228 224/224/224 225/225/225
f 228/228/228 225/225/225 229/229/229
f 230/230/230 222/222/222 224/224/224
f 226/226/226 222/222/222 230/230/230
f 224/224/224 228/228/228 230/230/230
f 226/226/226 231/231/231 227/227/227
f 227/227/227 231/231/231 232/232/232
f 233/233/233 228/228/228 229/229/229
f 233/233/233 229/229/229 234/234/234
f 228/228/228 235/235/235 230/230/230
f 235/235/235 228/228/228 233/233/233
f 236/236/236 226/226/226 230/230/230
f 231/231/231 226/226/226 236/236/236
f 230/230/230 235/235/235 236/236/236
f 231/231/231 237/237/237 232/232/232
f 232/232/232 237/237/237 238/238/238
f 239/239/239 233/233/233 234/234/234
f 239/239/239 234/234/234 240/240/240
f 241/241/241 231/231/231 236/236/236
f 237/237/237 231/231/231 241/241/241
f 242/242/242 235/235/235 233/233/233
f 242/242/242 233/233/233 239/239/239
f 239/239/239 240/240/240 243/243/243
f 243/243/243 242/242/242 239/239/239
f 240/240/240 244/244/244 243/243/243
f 235/235/235 245/245/245 236/236/236
f 235/235/235 242/242/242 245/245/245
f 241/241/241 236/236/236 245/245/245
f 242/242/242 243/243/243 246/246/246
f 242/242/242 246/246/246 245/245/245
f 247/247/247 243/243/243 244/244/244
f 243/243/243 247/247/247 246/246/246
f 247/247/247 244/244/244 248/248/248
f 245/245/245 246/246/246 249/249/249
f 249/249/249 241/241/241 245/245/245
f 250/250/250 247/247/247 248/248/248
f 250/250/250 248/248/248 251/251/251
f 252/252/252 246/246/246 247/247/247
f 246/246/246 252/252/252 249/249/249
f 250/250/250 252/252/252 247/247/247
f 241/241/241 249/249/249 253/253/253
f 254/254/254 249/249/249 252/252/252
f 249/249/249 254/254/254 253/253/253
f 252/252/252 250/250/250 255/255/255
f 255/255/255 254/254/254 252/252/252
f 256/256/256 250/250/250 251/251/251
f 250/250/250 256/256/256 255/255/255
f 256/256/256 251/251/251 257/257/257
f 251/251/251 258/258/258 257/257/257
f 257/257/257 258/258/258 259/259/259
f 260/260/260 255/255/255 256/256/256
f 257/257/257 260/260/260 256/256/256
f 261/261/261 257/257/257 259/259/259
f 259/259/259 262/262/262 261/261/261
f 263/263/263 241/241/241 253/253/253
f 263/263/263 237/237/237 241/241/241
f 264/264/264 254/254/254 255/255/255
f 260/260/260 264/264/264 255/255/255
f 265/265/265 260/260/260 257/257/257
f 261/261/261 265/265/265 257/257/257
f 265/265/265 266/266/266 260/260/260
f 266/266/266 264/264/264 260/260/260
f 267/267/267 261/261/261 262/262/262
f 262/262/262 268/268/268 267/267/267
f 261/261/261 269/269/269 265/265/265
f 265/265/265 269/269/269 266/266/266
f 270/270/270 237/237/237 263/263/263
f 238/238/238 237/237/237 270/270/270
f 268/268/268 271/271/271 267/267/267
f 268/268/268 272/272/272 271/271/271
f 267/267/267 273/273/273 261/261/261
f 273/273/273 269/269/269 261/261/261
f 274/274/274 273/273/273 267/267/267
f 271/271/271 274/274/274 267/267/267
f 272/272/272 275/275/275 271/271/271
f 276/276/276 275/275/275 272/272/272
f 273/273/273 277/277/277 269/269/269
f 277/277/277 273/273/273 274/274/274
f 274/274/274 271/271/271 278/278/278
f 271/271/271 275/275/275 278/278/278
f 278/278/278 277/277/277 274/274/274
f 279/279/279 275/275/275 276/276/276
f 279/279/279 278/278/278 275/275/275
f 279/279/279 276/276/276 280/280/280
f 279/279/279 280/280/280 278/278/278
f 276/276/276 281/281/281 280/280/280
f 282/282/282 280/280/280 281/281/281
f 278/278/278 280/280/280 283/283/283
f 283/283/283 277/277/277 278/278/278
f 283/283/283 280/280/280 282/282/282
f 269/269/269 277/277/277 284/284/284
f 283/283/283 284/284/284 277/277/277
f 269/269/269 284/284/284 266/266/266
f 285/285/285 283/283/283 282/282/282
f 283/283/283 285/285/285 284/284/284
f 286/286/286 285/285/285 282/282/282
f 284/284/284 287/287/287 266/266/266
f 264/264/264 266/266/266 287/287/287
f 285/285/285 288/288/288 284/284/284
f 288/288/288 285/285/285 286/286/286
f 288/288/288 287/287/287 284/284/284
f 286/286/286 289/289/289 288/288/288
f 286/286/286 290/290/290 289/289/289
f 291/291/291 264/264/264 287/287/287
f 254/254/254 264/264/264 291/291/291
f 287/287/287 288/288/288 292/292/292
f 289/289/289 292/292/292 288/288/288
f 292/292/292 289/289/289 293/293/293
f 289/289/289 290/290/290 294/294/294
f 289/289/289 294/294/294 293/293/293
f 295/295/295 294/294/294 290/290/290
f 294/294/294 295/295/295 293/293/293
f 296/296/296 287/287/287 292/292/292
f 291/291/291 287/287/287 296/296/296
f 297/297/297 254/254/254 291/291/291
f 254/254/254 297/297/297 253/253/253
f 293/293/293 298/298/298 292/292/292
f 296/296/296 292/292/292 298/298/298
f 298/298/298 293/293/293 299/299/299
f 295/295/295 300/300/300 293/293/293
f 301/301/301 300/300/300 295/295/295
f 302/302/302 291/291/291 296/296/296
f 297/297/297 291/291/291 302/302/302
f 297/297/297 303/303/303 253/253/253
f 263/263/263 253/253/253 303/303/303
f 304/304/304 296/296/296 298/298/298
f 302/302/302 296/296/296 304/304/304
f 305/305/305 297/297/297 302/302/302
f 297/297/297 305/305/305 303/303/303
f 306/306/306 263/263/263 303/303/303
f 306/306/306 270/270/270 263/263/263
f 306/306/306 303/303/303 307/307/307
f 305/305/305 307/307/307 303/303/303
f 306/306/306 308/308/308 270/270/270
f 308/308/308 306/306/306 307/307/307
f 301/301/301 309/309/309 300/300/300
f 309/309/309 301/301/301 310/310/310
f 310/310/310 311/311/311 309/309/309
f 312/312/312 302/302/302 304/304/304
f 305/305/305 302/302/302 312/312/312
f 308/308/308 313/313/313 270/270/270
f 238/238/238 270/270/270 313/313/313
f 314/314/314 238/238/238 313/313/313
f 314/314/314 313/313/313 315/315/315
f 316/316/316 314/314/314 315/315/315
f 316/316/316 315/315/315 317/317/317
f 313/313/313 308/308/308 318/318/318
f 315/315/315 313/313/313 318/318/318
f 315/315/315 319/319/319 317/317/317
f 320/320/320 317/317/317 319/319/319
f 321/321/321 318/318/318 308/308/308
f 307/307/307 321/321/321 308/308/308
f 305/305/305 322/322/322 307/307/307
f 322/322/322 321/321/321 307/307/307
f 321/321/321 322/322/322 323/323/323
f 324/324/324 322/322/322 305/305/305
f 323/323/323 322/322/322 324/324/324
f 324/324/324 305/305/305 312/312/312
f 318/318/318 325/325/325 315/315/315
f 325/325/325 319/319/319 315/315/315
f 318/318/318 321/321/321 326/326/326
f 326/326/326 321/321/321 323/323/323
f 325/325/325 318/318/318 326/326/326
f 325/325/325 326/326/326 327/327/327
f 323/323/323 327/327/327 326/326/326
f 328/328/328 320/320/320 319/319/319
f 320/320/320 328/328/328 329/329/329
f 325/325/325 330/330/330 319/319/319
f 325/325/325 327/327/327 330/330/330
f 330/330/330 328/328/328 319/319/319
f 328/328/328 331/331/331 329/329/329
f 329/329/329 331/331/331 332/332/332
f 333/333/333 329/329/329 332/332/332
f 332/332/332 331/331/331 334/334/334
f 331/331/331 328/328/328 335/335/335
f 331/331/331 335/335/335 334/334/334
f 328/328/328 330/330/330 335/335/335
f 336/336/336 335/335/335 330/330/330
f 334/334/334 335/335/335 337/337/337
f 335/335/335 336/336/336 337/337/337
f 337/337/337 336/336/336 338/338/338
f 327/327/327 339/339/339 330/330/330
f 339/339/339 336/336/336 330/330/330
f 336/336/336 340/340/340 338/338/338
f 338/338/338 340/340/340 341/341/341
f 340/340/340 342/342/342 341/341/341
f 341/341/341 342/342/342 343/343/343
f 342/342/342 344/344/344 343/343/343
f 343/343/343 344/344/344 345/345/345
f 344/344/344 346/346/346 345/345/345
f 345/345/345 346/346/346 347/347/347
f 346/346/346 348/348/348 347/347/347
f 349/349/349 347/347/347 348/348/348
f 350/350/350 349/349/349 348/348/348
f 349/349/349 350/350/350 351/351/351
f 350/350/350 352/352/352 351/351/351
f 353/353/353 351/351/351 352/352/352
f 350/350/350 348/348/348 354/354/354
f 346/346/346 354/354/354 348/348/348
f 350/350/350 354/354/354 352/352/352
f 346/346/346 344/344/344 355/355/355
f 346/346/346 355/355/355 354/354/354
f 342/342/342 356/356/356 344/344/344
f 355/355/355 344/344/344 356/356/356
f 342/342/342 357/357/357 356/356/356
f 342/342/342 340/340/340 357/357/357
f 358/358/358 353/353/353 352/352/352
f 359/359/359 353/353/353 358/358/358
f 355/355/355 356/356/356 360/360/360
f 356/356/356 357/357/357 360/360/360
f 357/357/357 340/340/340 361/361/361
f 361/361/361 340/340/340 336/336/336
f 357/357/357 361/361/361 362/362/362
f 361/361/361 336/336/336 362/362/362
f 357/357/357 362/362/362 360/360/360
f 336/336/336 339/339/339 362/362/362
f 362/362/362 339/339/339 363/363/363
f 360/360/360 362/362/362 363/363/363
f 363/363/363 339/339/339 327/327/327
f 355/355/355 360/360/360 364/364/364
f 364/364/364 360/360/360 363/363/363
f 363/363/363 327/327/327 365/365/365
f 365/365/365 364/364/364 363/363/363
f 364/364/364 366/366/366 355/355/355
f 364/364/364 365/365/365 366/366/366
f 355/355/355 366/366/366 354/354/354
f 367/367/367 365/365/365 327/327/327
f 367/367/367 366/366/366 365/365/365
f 367/367/367 327/327/327 323/323/323
f 368/368/368 367/367/367 323/323/323
f 369/369/369 354/354/354 366/366/366
f 367/367/367 369/369/369 366/366/366
f 369/369/369 367/367/367 368/368/368
f 352/352/352 354/354/354 369/369/369
f 370/370/370 352/352/352 369/369/369
f 370/370/370 369/369/369 368/368/368
f 370/370/370 371/371/371 352/352/352
f 371/371/371 358/358/358 352/352/352
f 372/372/372 368/368/368 323/323/323
f 368/368/368 372/372/372 373/373/373
f 372/372/372 323/323/323 324/324/324
f 373/373/373 372/372/372 324/324/324
f 370/370/370 368/368/368 374/374/374
f 374/374/374 371/371/371 370/370/370
f 375/375/375 373/373/373 324/324/324
f 375/375/375 324/324/324 312/312/312
f 368/368/368 376/376/376 374/374/374
f 376/376/376 368/368/368 373/373/373
f 375/375/375 312/312/312 377/377/377
f 312/312/312 304/304/304 377/377/377
f 377/377/377 304/304/304 378/378/378
f 377/377/377 378/378/378 379/379/379
f 304/304/304 298/298/298 378/378/378
f 378/378/378 298/298/298 299/299/299
f 378/378/378 380/380/380 379/379/379
f 380/380/380 378/378/378 299/299/299
f 381/381/381 375/375/375 377/377/377
f 375/375/375 382/382/382 373/373/373
f 381/381/381 382/382/382 375/375/375
f 383/383/383 377/377/377 379/379/379
f 383/383/383 381/381/381 377/377/377
f 384/384/384 381/381/381 383/383/383
f 385/385/385 384/384/384 383/383/383
f 385/385/385 383/383/383 379/379/379
f 384/384/384 386/386/386 381/381/381
f 386/386/386 382/382/382 381/381/381
f 387/387/387 385/385/385 379/379/379
f 388/388/388 387/387/387 379/379/379
f 382/382/382 386/386/386 389/389/389
f 382/382/382 389/389/389 373/373/373
f 386/386/386 390/390/390 389/389/389
f 391/391/391 388/388/388 379/379/379
f 380/380/380 391/391/391 379/379/379
f 392/392/392 388/388/388 391/391/391
f 389/389/389 393/393/393 373/373/373
f 389/389/389 390/390/390 393/393/393
f 393/393/393 376/376/376 373/373/373
f 390/390/390 394/394/394 393/393/393
f 393/393/393 395/395/395 376/376/376
f 393/393/393 394/394/394 395/395/395
f 394/394/394 396/396/396 395/395/395
f 396/396/396 397/397/397 395/395/395
f 395/395/395 374/374/374 376/376/376
f 397/397/397 398/398/398 395/395/395
f 374/374/374 395/395/395 398/398/398
f 397/397/397 399/399/399 398/398/398
f 391/391/391 380/380/380 400/400/400
f 400/400/400 380/380/380 299/299/299
f 401/401/401 374/374/374 398/398/398
f 401/401/401 371/371/371 374/374/374
f 399/399/399 402/402/402 398/398/398
f 398/398/398 402/402/402 401/401/401
f 399/399/399 403/403/403 402/402/402
f 401/401/401 404/404/404 371/371/371
f 371/371/371 404/404/404 358/358/358
f 401/401/401 402/402/402 405/405/405
f 404/404/404 401/401/401 405/405/405
f 403/403/403 406/406/406 402/402/402
f 402/402/402 406/406/406 405/405/405
f 403/403/403 407/407/407 406/406/406
f 407/407/407 408/408/408 406/406/406
f 407/407/407 409/409/409 408/408/408
f 410/410/410 405/405/405 406/406/406
f 408/408/408 410/410/410 406/406/406
f 409/409/409 411/411/411 408/408/408
f 408/408/408 411/411/411 410/410/410
f 411/411/411 409/409/409 412/412/412
f 409/409/409 392/392/392 412/412/412
f 412/412/412 392/392/392 391/391/391
f 412/412/412 391/391/391 400/400/400
f 413/413/413 411/411/411 412/412/412
f 400/400/400 413/413/413 412/412/412
f 411/411/411 413/413/413 410/410/410
f 405/405/405 410/410/410 414/414/414
f 414/414/414 404/404/404 405/405/405
f 413/413/413 400/400/400 415/415/415
f 400/400/400 299/299/299 415/415/415
f 416/416/416 410/410/410 413/413/413
f 410/410/410 416/416/416 414/414/414
f 415/415/415 416/416/416 413/413/413
f 416/416/416 417/417/417 414/414/414
f 416/416/416 415/415/415 417/417/417
f 414/414/414 418/418/418 404/404/404
f 417/417/417 418/418/418 414/414/414
f 415/415/415 299/299/299 419/419/419
f 415/415/415 419/419/419 417/417/417
f 418/418/418 420/420/420 404/404/404
f 420/420/420 358/358/358 404/404/404
f 420/420/420 359/359/359 358/358/358
f 421/421/421 359/359/359 420/420/420
f 422/422/422 421/421/421 420/420/420
f 420/420/420 418/418/418 422/422/422
f 421/421/421 422/422/422 423/423/423
f 424/424/424 418/418/418 417/417/417
f 418/418/418 424/424/424 422/422/422
f 422/422/422 425/425/425 423/423/423
f 422/422/422 424/424/424 425/425/425
f 426/426/426 423/423/423 425/425/425
f 427/427/427 426/426/426 425/425/425
f 427/427/427 425/425/425 428/428/428
f 424/424/424 428/428/428 425/425/425
f 311/311/311 427/427/427 428/428/428
f 311/311/311 428/428/428 309/309/309
f 429/429/429 424/424/424 417/417/417
f 429/429/429 428/428/428 424/424/424
f 309/309/309 428/428/428 429/429/429
f 417/417/417 419/419/419 429/429/429
f 430/430/430 309/309/309 429/429/429
f 419/419/419 430/430/430 429/429/429
f 309/309/309 430/430/430 300/300/300
f 430/430/430 419/419/419 300/300/300
f 431/431/431 300/300/300 419/419/419
f 299/299/299 431/431/431 419/419/419
f 431/431/431 293/293/293 300/300/300
f 293/293/293 431/431/431 299/299/299
s 7
f 434/434/432 433/433/433 432/432/434
f 435/435/435 434/434/432 432/432/434
f 436/436/436 434/434/432 435/435/435
f 437/437/437 436/436/436 435/435/435
f 438/438/438 437/437/437 435/435/435
f 432/432/434 439/439/439 435/435/435
f 440/440/440 438/438/438 435/435/435
f 439/439/439 440/440/440 435/435/435
f 438/438/438 440/440/440 441/441/441
f 440/440/440 442/442/442 441/441/441
f 440/440/440 439/439/439 442/442/442
f 439/439/439 443/443/443 442/442/442
s 8
f 446/446/444 445/445/445 444/444/446
f 445/445/445 447/447/447 444/444/446
f 447/447/447 445/445/445 448/448/448
f 449/449/449 448/448/448 445/445/445
f 450/450/450 448/448/448 449/449/449
f 450/450/450 449/449/449 451/451/451
f 452/452/452 450/450/450 451/451/451
f 452/452/452 451/451/451 453/453/453
f 451/451/451 454/454/454 453/453/453
f 453/453/453 454/454/454 455/455/455
f 456/456/456 451/451/451 449/449/449
f 451/451/451 456/456/456 454/454/454
f 457/457/457 449/449/449 445/445/445
f 457/457/457 456/456/456 449/449/449
f 458/458/458 457/457/457 445/445/445
f 445/445/445 459/459/459 458/458/458
f 459/459/459 460/460/460 458/458/458
f 454/454/454 461/461/461 455/455/455
f 461/461/461 462/462/462 455/455/455
f 463/463/463 462/462/462 461/461/461
f 463/463/463 464/464/464 462/462/462
f 454/454/454 465/465/465 461/461/461
f 465/465/465 463/463/463 461/461/461
f 466/466/466 464/464/464 463/463/463
f 467/467/467 464/464/464 466/466/466
f 466/466/466 463/463/463 468/468/468
f 463/463/463 465/465/465 468/468/468
f 469/469/469 465/465/465 454/454/454
f 456/456/456 469/469/469 454/454/454
f 468/468/468 465/465/465 470/470/470
f 470/470/470 465/465/465 469/469/469
f 470/470/470 471/471/471 468/468/468
f 469/469/469 472/472/472 470/470/470
f 472/472/472 471/471/471 470/470/470
f 469/469/469 456/456/456 472/472/472
f 471/471/471 472/472/472 473/473/473
f 474/474/474 473/473/473 472/472/472
f 456/456/456 475/475/475 472/472/472
f 472/472/472 475/475/475 474/474/474
f 475/475/475 456/456/456 457/457/457
f 475/475/475 476/476/476 474/474/474
f 477/477/477 475/475/475 457/457/457
f 475/475/475 477/477/477 476/476/476
f 478/478/478 476/476/476 477/477/477
f 477/477/477 457/457/457 458/458/458
f 478/478/478 477/477/477 479/479/479
f 479/479/479 477/477/477 458/458/458
f 480/480/480 478/478/478 479/479/479
f 480/480/480 479/479/479 481/481/481
f 479/479/479 482/482/482 481/481/481
f 458/458/458 482/482/482 479/479/479
f 483/483/483 482/482/482 458/458/458
f 484/484/484 483/483/483 458/458/458
s 9
f 487/487/485 486/486/486 485/485/487
f 486/486/486 488/488/488 485/485/487
f 485/485/487 488/488/488 489/489/489
f 488/488/488 486/486/486 490/490/490
f 486/486/486 491/491/491 490/490/490
f 488/488/488 490/490/490 492/492/492
f 488/488/488 493/493/493 489/489/489
f 493/493/493 488/488/488 492/492/492
f 489/489/489 493/493/493 494/494/494
f 492/492/492 495/495/495 493/493/493
f 493/493/493 496/496/496 494/494/494
f 495/495/495 496/496/496 493/493/493
s 10
f 499/499/497 498/498/498 497/497/499
f 500/500/500 499/499/497 497/497/499
f 499/499/497 500/500/500 501/501/501
f 500/500/500 502/502/502 501/501/501
f 503/503/503 501/501/501 502/502/502
f 500/500/500 497/497/499 504/504/504
f 505/505/505 502/502/502 500/500/500
f 504/504/504 505/505/505 500/500/500
f 497/497/499 506/506/506 504/504/504
f 506/506/506 497/497/499 507/507/507
f 508/508/508 506/506/506 507/507/507
f 506/506/506 508/508/508 509/509/509
f 510/510/510 509/509/509 508/508/508
f 511/511/511 503/503/503 502/502/502
f 511/511/511 502/502/502 512/512/512
f 502/502/502 505/505/505 512/512/512
f 511/511/511 513/513/513 503/503/503
f 511/511/511 512/512/512 513/513/513
f 514/514/514 503/503/503 513/513/513
f 515/515/515 505/505/505 504/504/504
f 504/504/504 506/506/506 516/516/516
f 516/516/516 515/515/515 504/504/504
f 506/506/506 517/517/517 516/516/516
f 506/506/506 509/509/509 517/517/517
f 518/518/518 512/512/512 505/505/505
f 515/515/515 518/518/518 505/505/505
f 516/516/516 519/519/519 515/515/515
f 516/516/516 517/517/517 519/519/519
f 515/515/515 520/520/520 518/518/518
f 519/519/519 520/520/520 515/515/515
f 512/512/512 521/521/521 513/513/513
f 522/522/522 514/514/514 513/513/513
f 521/521/521 522/522/522 513/513/513
f 522/522/522 523/523/523 514/514/514
f 522/522/522 521/521/521 523/523/523
f 524/524/524 514/514/514 523/523/523
f 525/525/525 524/524/524 523/523/523
f 523/523/523 521/521/521 525/525/525
f 521/521/521 512/512/512 526/526/526
f 512/512/512 518/518/518 526/526/526
f 527/527/527 521/521/521 526/526/526
f 527/527/527 526/526/526 528/528/528
f 526/526/526 529/529/529 528/528/528
f 529/529/529 526/526/526 518/518/518
f 528/528/528 529/529/529 530/530/530
f 529/529/529 531/531/531 530/530/530
f 532/532/532 529/529/529 518/518/518
f 529/529/529 532/532/532 531/531/531
f 533/533/533 531/531/531 532/532/532
f 532/532/532 518/518/518 520/520/520
f 534/534/534 533/533/533 532/532/532
f 532/532/532 520/520/520 534/534/534
f 535/535/535 533/533/533 534/534/534
f 536/536/536 534/534/534 520/520/520
f 536/536/536 535/535/535 534/534/534
f 519/519/519 536/536/536 520/520/520
f 537/537/537 535/535/535 536/536/536
f 536/536/536 519/519/519 538/538/538
f 538/538/538 537/537/537 536/536/536
f 539/539/539 537/537/537 538/538/538
f 540/540/540 537/537/537 539/539/539
f 538/538/538 519/519/519 517/517/517
f 538/538/538 517/517/517 541/541/541
f 538/538/538 541/541/541 539/539/539
f 517/517/517 542/542/542 541/541/541
f 517/517/517 509/509/509 542/542/542
f 542/542/542 543/543/543 541/541/541
f 509/509/509 543/543/543 542/542/542
f 541/541/541 544/544/544 539/539/539
f 543/543/543 544/544/544 541/541/541
f 545/545/545 544/544/544 543/543/543
f 545/545/545 539/539/539 544/544/544
f 543/543/543 509/509/509 546/546/546
f 546/546/546 545/545/545 543/543/543
f 546/546/546 509/509/509 510/510/510
f 547/547/547 546/546/546 510/510/510
f 548/548/548 547/547/547 510/510/510
f 545/545/545 546/546/546 549/549/549
f 546/546/546 547/547/547 549/549/549
f 545/545/545 549/549/549 550/550/550
f 548/548/548 551/551/551 547/547/547
f 551/551/551 548/548/548 552/552/552
f 552/552/552 553/553/553 551/551/551
f 553/553/553 554/554/554 551/551/551
f 551/551/551 555/555/555 547/547/547
f 555/555/555 551/551/551 554/554/554
f 549/549/549 547/547/547 555/555/555
f 555/555/555 554/554/554 556/556/556
f 556/556/556 549/549/549 555/555/555
f 554/554/554 557/557/557 556/556/556
f 558/558/558 549/549/549 556/556/556
f 549/549/549 558/558/558 550/550/550
f 556/556/556 557/557/557 559/559/559
f 559/559/559 558/558/558 556/556/556
f 557/557/557 560/560/560 559/559/559
f 559/559/559 560/560/560 561/561/561
f 560/560/560 562/562/562 561/561/561
f 561/561/561 562/562/562 563/563/563
f 564/564/564 558/558/558 559/559/559
f 561/561/561 564/564/564 559/559/559
f 565/565/565 561/561/561 563/563/563
f 563/563/563 566/566/566 565/565/565
f 567/567/567 550/550/550 558/558/558
f 564/564/564 567/567/567 558/558/558
f 568/568/568 564/564/564 561/561/561
f 561/561/561 565/565/565 568/568/568
f 566/566/566 569/569/569 565/565/565
f 569/569/569 566/566/566 570/570/570
f 570/570/570 571/571/571 569/569/569
f 572/572/572 565/565/565 569/569/569
f 565/565/565 572/572/572 568/568/568
f 569/569/569 571/571/571 573/573/573
f 573/573/573 572/572/572 569/569/569
f 571/571/571 574/574/574 573/573/573
f 573/573/573 574/574/574 575/575/575
f 574/574/574 576/576/576 575/575/575
f 575/575/575 577/577/577 573/573/573
f 577/577/577 572/572/572 573/573/573
f 576/576/576 578/578/578 575/575/575
f 577/577/577 575/575/575 578/578/578
f 578/578/578 576/576/576 579/579/579
f 580/580/580 578/578/578 579/579/579
f 579/579/579 581/581/581 580/580/580
f 582/582/582 577/577/577 578/578/578
f 578/578/578 580/580/580 582/582/582
f 583/583/583 572/572/572 577/577/577
f 583/583/583 577/577/577 582/582/582
f 581/581/581 584/584/584 580/580/580
f 581/581/581 585/585/585 584/584/584
f 580/580/580 586/586/586 582/582/582
f 580/580/580 584/584/584 586/586/586
f 585/585/585 587/587/587 584/584/584
f 587/587/587 585/585/585 588/588/588
f 589/589/589 587/587/587 588/588/588
f 587/587/587 590/590/590 584/584/584
f 584/584/584 590/590/590 586/586/586
f 587/587/587 589/589/589 591/591/591
f 591/591/591 590/590/590 587/587/587
f 589/589/589 592/592/592 591/591/591
f 592/592/592 593/593/593 591/591/591
f 593/593/593 594/594/594 591/591/591
f 591/591/591 594/594/594 595/595/595
f 595/595/595 590/590/590 591/591/591
f 594/594/594 596/596/596 595/595/595
f 590/590/590 595/595/595 597/597/597
f 595/595/595 596/596/596 597/597/597
f 586/586/586 590/590/590 597/597/597
f 596/596/596 598/598/598 597/597/597
f 598/598/598 599/599/599 597/597/597
f 586/586/586 597/597/597 600/600/600
f 599/599/599 600/600/600 597/597/597
f 582/582/582 586/586/586 600/600/600
f 600/600/600 583/583/583 582/582/582
f 583/583/583 600/600/600 599/599/599
f 583/583/583 599/599/599 601/601/601
f 602/602/602 583/583/583 601/601/601
f 583/583/583 602/602/602 572/572/572
f 568/568/568 572/572/572 602/602/602
f 603/603/603 602/602/602 601/601/601
f 603/603/603 568/568/568 602/602/602
f 604/604/604 603/603/603 601/601/601
f 605/605/605 568/568/568 603/603/603
f 568/568/568 605/605/605 564/564/564
f 605/605/605 567/567/567 564/564/564
f 603/603/603 604/604/604 606/606/606
f 606/606/606 605/605/605 603/603/603
f 606/606/606 604/604/604 607/607/607
f 608/608/608 606/606/606 607/607/607
f 608/608/608 607/607/607 609/609/609
f 605/605/605 606/606/606 610/610/610
f 606/606/606 608/608/608 610/610/610
f 609/609/609 611/611/611 608/608/608
f 611/611/611 609/609/609 612/612/612
f 610/610/610 613/613/613 605/605/605
f 613/613/613 567/567/567 605/605/605
f 614/614/614 567/567/567 613/613/613
f 614/614/614 615/615/615 567/567/567
f 567/567/567 615/615/615 550/550/550
f 616/616/616 610/610/610 608/608/608
f 613/613/613 610/610/610 616/616/616
f 611/611/611 616/616/616 608/608/608
f 617/617/617 613/613/613 616/616/616
f 614/614/614 613/613/613 617/617/617
f 611/611/611 618/618/618 616/616/616
f 617/617/617 616/616/616 618/618/618
f 619/619/619 611/611/611 612/612/612
f 618/618/618 611/611/611 619/619/619
f 620/620/620 614/614/614 617/617/617
f 617/617/617 618/618/618 620/620/620
f 621/621/621 619/619/619 612/612/612
f 612/612/612 622/622/622 621/621/621
f 622/622/622 623/623/623 621/621/621
f 623/623/623 622/622/622 624/624/624
f 625/625/625 623/623/623 624/624/624
f 621/621/621 623/623/623 626/626/626
f 621/621/621 626/626/626 619/619/619
f 623/623/623 625/625/625 627/627/627
f 623/623/623 627/627/627 626/626/626
f 625/625/625 628/628/628 627/627/627
f 627/627/627 628/628/628 629/629/629
f 628/628/628 630/630/630 629/629/629
f 629/629/629 630/630/630 631/631/631
f 626/626/626 627/627/627 632/632/632
f 627/627/627 629/629/629 632/632/632
f 626/626/626 633/633/633 619/619/619
f 626/626/626 632/632/632 633/633/633
f 634/634/634 629/629/629 631/631/631
f 634/634/634 631/631/631 635/635/635
f 636/636/636 619/619/619 633/633/633
f 636/636/636 618/618/618 619/619/619
f 637/637/637 632/632/632 629/629/629
f 634/634/634 637/637/637 629/629/629
f 636/636/636 638/638/638 618/618/618
f 638/638/638 620/620/620 618/618/618
f 639/639/639 620/620/620 638/638/638
f 614/614/614 620/620/620 639/639/639
f 640/640/640 639/639/639 638/638/638
f 639/639/639 641/641/641 614/614/614
f 638/638/638 642/642/642 640/640/640
f 638/638/638 636/636/636 642/642/642
f 642/642/642 643/643/643 640/640/640
f 644/644/644 636/636/636 633/633/633
f 636/636/636 644/644/644 642/642/642
f 643/643/643 642/642/642 645/645/645
f 642/642/642 644/644/644 645/645/645
f 646/646/646 643/643/643 645/645/645
f 644/644/644 633/633/633 647/647/647
f 645/645/645 644/644/644 647/647/647
f 632/632/632 647/647/647 633/633/633
f 647/647/647 632/632/632 648/648/648
f 647/647/647 648/648/648 645/645/645
f 648/648/648 632/632/632 637/637/637
f 645/645/645 649/649/649 646/646/646
f 648/648/648 649/649/649 645/645/645
f 650/650/650 646/646/646 649/649/649
f 651/651/651 648/648/648 637/637/637
f 648/648/648 651/651/651 649/649/649
f 652/652/652 650/650/650 649/649/649
f 651/651/651 652/652/652 649/649/649
f 653/653/653 650/650/650 652/652/652
f 654/654/654 653/653/653 652/652/652
f 654/654/654 652/652/652 655/655/655
f 652/652/652 651/651/651 655/655/655
f 655/655/655 651/651/651 656/656/656
f 651/651/651 637/637/637 656/656/656
f 656/656/656 637/637/637 634/634/634
f 657/657/657 656/656/656 634/634/634
f 657/657/657 634/634/634 635/635/635
f 657/657/657 658/658/658 656/656/656
f 657/657/657 635/635/635 658/658/658
f 658/658/658 659/659/659 656/656/656
f 658/658/658 635/635/635 660/660/660
f 658/658/658 660/660/660 659/659/659
s 11
f 663/663/661 662/662/662 661/661/663
f 664/664/664 661/661/663 662/662/662
f 665/665/665 664/664/664 662/662/662
f 665/665/665 662/662/662 666/666/666
f 664/664/664 665/665/665 667/667/667
f 665/665/665 666/666/666 668/668/668
f 665/665/665 668/668/668 667/667/667
f 666/666/666 669/669/669 668/668/668
f 667/667/667 668/668/668 670/670/670
f 668/668/668 669/669/669 671/671/671
f 668/668/668 671/671/671 670/670/670
f 669/669/669 672/672/672 671/671/671
f 673/673/673 670/670/670 671/671/671
f 674/674/674 671/671/671 672/672/672
f 674/674/674 673/673/673 671/671/671
f 675/675/675 674/674/674 672/672/672
f 676/676/676 673/673/673 674/674/674
f 677/677/677 674/674/674 675/675/675
f 677/677/677 676/676/676 674/674/674
f 678/678/678 677/677/677 675/675/675
f 676/676/676 677/677/677 679/679/679
f 678/678/678 679/679/679 677/677/677
f 676/676/676 679/679/679 680/680/680
f 681/681/681 679/679/679 678/678/678
f 681/681/681 680/680/680 679/679/679
s 12
f 684/684/682 683/683/683 682/682/684
f 685/685/685 684/684/682 682/682/684
f 685/685/685 682/682/684 686/686/686
f 687/687/687 684/684/682 685/685/685
f 688/688/688 685/685/685 686/686/686
f 689/689/689 687/687/687 685/685/685
f 688/688/688 689/689/689 685/685/685
f 690/690/690 688/688/688 686/686/686
f 691/691/691 690/690/690 686/686/686
f 689/689/689 692/692/692 687/687/687
f 692/692/692 693/693/693 687/687/687
f 694/694/694 693/693/693 692/692/692
f 695/695/695 694/694/694 692/692/692
f 696/696/696 695/695/695 692/692/692
f 696/696/696 692/692/692 689/689/689
f 697/697/697 695/695/695 696/696/696
f 698/698/698 689/689/689 688/688/688
f 698/698/698 696/696/696 689/689/689
f 690/690/690 698/698/698 688/688/688
f 699/699/699 697/697/697 696/696/696
f 699/699/699 696/696/696 698/698/698
f 697/697/697 699/699/699 700/700/700
f 690/690/690 691/691/691 701/701/701
f 691/691/691 702/702/702 701/701/701
f 703/703/703 701/701/701 702/702/702
f 703/703/703 704/704/704 701/701/701
f 705/705/705 698/698/698 690/690/690
f 701/701/701 705/705/705 690/690/690
f 705/705/705 699/699/699 698/698/698
f 704/704/704 705/705/705 701/701/701
f 706/706/706 699/699/699 705/705/705
f 704/704/704 706/706/706 705/705/705
f 699/699/699 706/706/706 700/700/700
f 707/707/707 706/706/706 704/704/704
f 708/708/708 706/706/706 707/707/707
f 700/700/700 706/706/706 708/708/708
f 709/709/709 700/700/700 708/708/708
s 13
f 712/712/710 711/711/711 710/710/712
f 713/713/713 712/712/710 710/710/712
f 714/714/714 713/713/713 710/710/712
f 713/713/713 715/715/715 712/712/710
f 715/715/715 716/716/716 712/712/710
f 717/717/717 713/713/713 714/714/714
f 718/718/718 717/717/717 714/714/714
f 718/718/718 719/719/719 717/717/717
f 715/715/715 720/720/720 716/716/716
f 720/720/720 721/721/721 716/716/716
f 722/722/722 721/721/721 720/720/720
f 723/723/723 722/722/722 720/720/720
f 723/723/723 720/720/720 724/724/724
f 720/720/720 725/725/725 724/724/724
f 725/725/725 720/720/720 715/715/715
f 724/724/724 725/725/725 726/726/726
f 713/713/713 727/727/727 715/715/715
f 717/717/717 727/727/727 713/713/713
f 727/727/727 725/725/725 715/715/715
f 719/719/719 728/728/728 717/717/717
f 719/719/719 729/729/729 728/728/728
f 730/730/730 727/727/727 717/717/717
f 725/725/725 727/727/727 730/730/730
f 728/728/728 730/730/730 717/717/717
f 725/725/725 731/731/731 726/726/726
f 731/731/731 725/725/725 730/730/730
f 732/732/732 726/726/726 731/731/731
f 733/733/733 732/732/732 731/731/731
f 731/731/731 730/730/730 733/733/733
f 734/734/734 733/733/733 730/730/730
f 734/734/734 730/730/730 728/728/728
f 735/735/735 733/733/733 734/734/734
f 729/729/729 736/736/736 728/728/728
f 736/736/736 734/734/734 728/728/728
f 729/729/729 737/737/737 736/736/736
f 738/738/738 735/735/735 734/734/734
f 736/736/736 738/738/738 734/734/734
f 739/739/739 735/735/735 738/738/738
f 737/737/737 740/740/740 736/736/736
f 738/738/738 736/736/736 740/740/740
f 740/740/740 737/737/737 741/741/741
f 742/742/742 740/740/740 741/741/741
f 743/743/743 739/739/739 738/738/738
f 743/743/743 738/738/738 740/740/740
f 743/743/743 740/740/740 742/742/742
f 744/744/744 739/739/739 743/743/743
f 745/745/745 743/743/743 742/742/742
f 745/745/745 744/744/744 743/743/743
s 14
f 748/748/746 747/747/747 746/746/748
f 749/749/749 748/748/746 746/746/748
f 746/746/748 750/750/750 749/749/749
f 751/751/751 748/748/746 749/749/749
f 750/750/750 752/752/752 749/749/749
f 750/750/750 753/753/753 752/752/752
f 754/754/754 751/751/751 749/749/749
f 754/754/754 749/749/749 752/752/752
f 755/755/755 751/751/751 754/754/754
f 753/753/753 756/756/756 752/752/752
f 757/757/757 756/756/756 753/753/753
f 758/758/758 757/757/757 753/753/753
f 758/758/758 759/759/759 757/757/757
f 760/760/760 754/754/754 752/752/752
f 760/760/760 752/752/752 756/756/756
f 761/761/761 755/755/755 754/754/754
f 761/761/761 754/754/754 760/760/760
f 762/762/762 760/760/760 756/756/756
f 762/762/762 756/756/756 757/757/757
f 755/755/755 761/761/761 763/763/763
f 764/764/764 755/755/755 763/763/763
f 765/765/765 761/761/761 760/760/760
f 765/765/765 760/760/760 762/762/762
f 761/761/761 765/765/765 763/763/763
f 759/759/759 766/766/766 757/757/757
f 759/759/759 767/767/767 766/766/766
f 768/768/768 762/762/762 757/757/757
f 765/765/765 762/762/762 768/768/768
f 769/769/769 768/768/768 757/757/757
f 766/766/766 769/769/769 757/757/757
f 770/770/770 765/765/765 768/768/768
f 770/770/770 768/768/768 769/769/769
f 764/764/764 763/763/763 771/771/771
f 772/772/772 764/764/764 771/771/771
f 765/765/765 773/773/773 763/763/763
f 773/773/773 765/765/765 770/770/770
f 771/771/771 774/774/774 772/772/772
f 774/774/774 775/775/775 772/772/772
f 774/774/774 776/776/776 775/775/775
f 776/776/776 777/777/777 775/775/775
f 778/778/778 777/777/777 776/776/776
f 763/763/763 779/779/779 771/771/771
f 763/763/763 773/773/773 779/779/779
f 771/771/771 780/780/780 774/774/774
f 774/774/774 780/780/780 776/776/776
f 771/771/771 779/779/779 780/780/780
f 781/781/781 778/778/778 776/776/776
f 778/778/778 781/781/781 782/782/782
f 783/783/783 773/773/773 770/770/770
f 779/779/779 773/773/773 784/784/784
f 784/784/784 773/773/773 783/783/783
f 779/779/779 785/785/785 780/780/780
f 779/779/779 784/784/784 785/785/785
f 780/780/780 786/786/786 776/776/776
f 780/780/780 785/785/785 786/786/786
f 776/776/776 786/786/786 787/787/787
f 781/781/781 776/776/776 787/787/787
f 781/781/781 787/787/787 788/788/788
f 781/781/781 789/789/789 782/782/782
f 789/789/789 781/781/781 788/788/788
f 782/782/782 789/789/789 790/790/790
f 790/790/790 789/789/789 788/788/788
f 791/791/791 782/782/782 790/790/790
f 785/785/785 792/792/792 786/786/786
f 786/786/786 792/792/792 787/787/787
f 784/784/784 793/793/793 785/785/785
f 785/785/785 793/793/793 792/792/792
f 792/792/792 794/794/794 787/787/787
f 788/788/788 787/787/787 794/794/794
f 795/795/795 791/791/791 790/790/790
f 795/795/795 796/796/796 791/791/791
f 796/796/796 795/795/795 797/797/797
f 798/798/798 796/796/796 797/797/797
f 799/799/799 795/795/795 790/790/790
f 795/795/795 799/799/799 797/797/797
f 798/798/798 797/797/797 800/800/800
f 801/801/801 798/798/798 800/800/800
f 801/801/801 800/800/800 802/802/802
f 793/793/793 803/803/803 792/792/792
f 792/792/792 803/803/803 794/794/794
f 804/804/804 790/790/790 788/788/788
f 790/790/790 804/804/804 799/799/799
f 799/799/799 805/805/805 797/797/797
f 797/797/797 805/805/805 800/800/800
f 804/804/804 806/806/806 799/799/799
f 805/805/805 799/799/799 806/806/806
f 804/804/804 788/788/788 807/807/807
f 804/804/804 807/807/807 806/806/806
f 808/808/808 788/788/788 794/794/794
f 807/807/807 788/788/788 808/808/808
f 807/807/807 808/808/808 809/809/809
f 807/807/807 810/810/810 806/806/806
f 810/810/810 807/807/807 809/809/809
f 811/811/811 805/805/805 806/806/806
f 806/806/806 810/810/810 811/811/811
f 805/805/805 812/812/812 800/800/800
f 805/805/805 811/811/811 812/812/812
f 794/794/794 813/813/813 808/808/808
f 803/803/803 813/813/813 794/794/794
f 814/814/814 809/809/809 808/808/808
f 813/813/813 814/814/814 808/808/808
f 815/815/815 800/800/800 812/812/812
f 800/800/800 815/815/815 802/802/802
f 815/815/815 816/816/816 802/802/802
f 816/816/816 817/817/817 802/802/802
f 817/817/817 816/816/816 818/818/818
f 816/816/816 819/819/819 818/818/818
f 820/820/820 815/815/815 812/812/812
f 815/815/815 820/820/820 816/816/816
f 816/816/816 821/821/821 819/819/819
f 820/820/820 821/821/821 816/816/816
f 821/821/821 822/822/822 819/819/819
f 822/822/822 821/821/821 823/823/823
f 812/812/812 824/824/824 820/820/820
f 811/811/811 824/824/824 812/812/812
f 821/821/821 820/820/820 825/825/825
f 824/824/824 825/825/825 820/820/820
f 826/826/826 823/823/823 821/821/821
f 826/826/826 821/821/821 825/825/825
f 827/827/827 824/824/824 811/811/811
f 825/825/825 824/824/824 827/827/827
f 823/823/823 826/826/826 828/828/828
f 829/829/829 823/823/823 828/828/828
f 826/826/826 825/825/825 830/830/830
f 830/830/830 825/825/825 827/827/827
f 831/831/831 827/827/827 811/811/811
f 810/810/810 831/831/831 811/811/811
f 829/829/829 828/828/828 832/832/832
f 833/833/833 829/829/829 832/832/832
f 833/833/833 832/832/832 834/834/834
f 828/828/828 826/826/826 835/835/835
f 830/830/830 835/835/835 826/826/826
f 828/828/828 835/835/835 836/836/836
f 832/832/832 828/828/828 836/836/836
f 835/835/835 830/830/830 836/836/836
f 832/832/832 837/837/837 834/834/834
f 832/832/832 836/836/836 837/837/837
f 838/838/838 834/834/834 837/837/837
f 839/839/839 830/830/830 827/827/827
f 830/830/830 839/839/839 836/836/836
f 827/827/827 831/831/831 840/840/840
f 840/840/840 839/839/839 827/827/827
f 841/841/841 831/831/831 810/810/810
f 831/831/831 841/841/841 840/840/840
f 836/836/836 842/842/842 837/837/837
f 842/842/842 836/836/836 839/839/839
f 843/843/843 838/838/838 837/837/837
f 843/843/843 837/837/837 842/842/842
f 844/844/844 839/839/839 840/840/840
f 844/844/844 842/842/842 839/839/839
f 843/843/843 845/845/845 838/838/838
f 845/845/845 846/846/846 838/838/838
f 847/847/847 843/843/843 842/842/842
f 842/842/842 844/844/844 847/847/847
f 845/845/845 843/843/843 847/847/847
f 848/848/848 844/844/844 840/840/840
f 848/848/848 840/840/840 841/841/841
f 849/849/849 841/841/841 810/810/810
f 849/849/849 810/810/810 809/809/809
f 845/845/845 850/850/850 846/846/846
f 850/850/850 851/851/851 846/846/846
f 852/852/852 851/851/851 850/850/850
f 853/853/853 841/841/841 849/849/849
f 853/853/853 848/848/848 841/841/841
f 854/854/854 845/845/845 847/847/847
f 850/850/850 845/845/845 854/854/854
f 844/844/844 855/855/855 847/847/847
f 848/848/848 855/855/855 844/844/844
f 856/856/856 852/852/852 850/850/850
f 856/856/856 857/857/857 852/852/852
f 855/855/855 858/858/858 847/847/847
f 858/858/858 854/854/854 847/847/847
f 848/848/848 859/859/859 855/855/855
f 859/859/859 858/858/858 855/855/855
f 860/860/860 850/850/850 854/854/854
f 850/850/850 860/860/860 856/856/856
f 861/861/861 857/857/857 856/856/856
f 857/857/857 861/861/861 862/862/862
f 861/861/861 863/863/863 862/862/862
f 858/858/858 864/864/864 854/854/854
f 864/864/864 860/860/860 854/854/854
f 860/860/860 865/865/865 856/856/856
f 865/865/865 861/861/861 856/856/856
f 865/865/865 860/860/860 864/864/864
f 863/863/863 861/861/861 866/866/866
f 867/867/867 863/863/863 866/866/866
f 861/861/861 865/865/865 868/868/868
f 868/868/868 865/865/865 864/864/864
f 866/866/866 861/861/861 868/868/868
f 869/869/869 864/864/864 858/858/858
f 859/859/859 869/869/869 858/858/858
f 870/870/870 868/868/868 864/864/864
f 868/868/868 870/870/870 866/866/866
f 869/869/869 870/870/870 864/864/864
f 866/866/866 871/871/871 867/867/867
f 870/870/870 871/871/871 866/866/866
f 871/871/871 872/872/872 867/867/867
f 873/873/873 870/870/870 869/869/869
f 870/870/870 873/873/873 871/871/871
f 871/871/871 874/874/874 872/872/872
f 873/873/873 874/874/874 871/871/871
f 874/874/874 873/873/873 875/875/875
f 874/874/874 876/876/876 872/872/872
f 877/877/877 873/873/873 869/869/869
f 877/877/877 869/869/869 859/859/859
f 875/875/875 873/873/873 877/877/877
f 874/874/874 878/878/878 876/876/876
f 878/878/878 874/874/874 875/875/875
f 878/878/878 879/879/879 876/876/876
f 880/880/880 879/879/879 878/878/878
f 878/878/878 875/875/875 880/880/880
f 880/880/880 881/881/881 879/879/879
f 882/882/882 881/881/881 880/880/880
f 883/883/883 877/877/877 859/859/859
f 859/859/859 848/848/848 883/883/883
f 848/848/848 853/853/853 883/883/883
f 877/877/877 883/883/883 884/884/884
f 883/883/883 853/853/853 884/884/884
f 885/885/885 875/875/875 877/877/877
f 885/885/885 877/877/877 884/884/884
f 853/853/853 886/886/886 884/884/884
f 886/886/886 853/853/853 849/849/849
f 849/849/849 809/809/809 886/886/886
f 884/884/884 886/886/886 887/887/887
f 809/809/809 887/887/887 886/886/886
f 885/885/885 884/884/884 888/888/888
f 888/888/888 884/884/884 887/887/887
f 885/885/885 889/889/889 875/875/875
f 889/889/889 885/885/885 888/888/888
f 890/890/890 887/887/887 809/809/809
f 814/814/814 890/890/890 809/809/809
f 888/888/888 887/887/887 891/891/891
f 888/888/888 891/891/891 889/889/889
f 887/887/887 890/890/890 891/891/891
f 889/889/889 892/892/892 875/875/875
f 875/875/875 892/892/892 880/880/880
f 893/893/893 890/890/890 814/814/814
f 813/813/813 893/893/893 814/814/814
f 891/891/891 890/890/890 894/894/894
f 890/890/890 893/893/893 894/894/894
f 891/891/891 895/895/895 889/889/889
f 889/889/889 895/895/895 892/892/892
f 895/895/895 891/891/891 894/894/894
f 896/896/896 880/880/880 892/892/892
f 896/896/896 882/882/882 880/880/880
f 897/897/897 893/893/893 813/813/813
f 803/803/803 897/897/897 813/813/813
f 898/898/898 894/894/894 893/893/893
f 897/897/897 898/898/898 893/893/893
f 899/899/899 897/897/897 803/803/803
f 793/793/793 899/899/899 803/803/803
f 899/899/899 900/900/900 897/897/897
f 900/900/900 898/898/898 897/897/897
f 901/901/901 899/899/899 793/793/793
f 899/899/899 901/901/901 900/900/900
f 784/784/784 901/901/901 793/793/793
f 901/901/901 784/784/784 783/783/783
f 902/902/902 896/896/896 892/892/892
f 895/895/895 902/902/902 892/892/892
f 902/902/902 903/903/903 896/896/896
f 903/903/903 902/902/902 895/895/895
f 904/904/904 895/895/895 894/894/894
f 904/904/904 903/903/903 895/895/895
f 894/894/894 898/898/898 905/905/905
f 904/904/904 894/894/894 905/905/905
f 898/898/898 900/900/900 906/906/906
f 905/905/905 898/898/898 906/906/906
f 900/900/900 901/901/901 907/907/907
f 906/906/906 900/900/900 907/907/907
f 783/783/783 908/908/908 901/901/901
f 908/908/908 907/907/907 901/901/901
f 903/903/903 909/909/909 896/896/896
f 882/882/882 896/896/896 909/909/909
f 910/910/910 882/882/882 909/909/909
f 903/903/903 904/904/904 911/911/911
f 904/904/904 905/905/905 911/911/911
f 903/903/903 911/911/911 909/909/909
f 910/910/910 909/909/909 912/912/912
f 911/911/911 912/912/912 909/909/909
f 913/913/913 910/910/910 912/912/912
f 914/914/914 911/911/911 905/905/905
f 906/906/906 914/914/914 905/905/905
f 911/911/911 914/914/914 912/912/912
f 913/913/913 912/912/912 915/915/915
f 914/914/914 915/915/915 912/912/912
f 916/916/916 913/913/913 915/915/915
f 916/916/916 915/915/915 917/917/917
f 915/915/915 914/914/914 917/917/917
f 918/918/918 916/916/916 917/917/917
f 914/914/914 906/906/906 919/919/919
f 914/914/914 919/919/919 917/917/917
f 906/906/906 907/907/907 919/919/919
f 917/917/917 920/920/920 918/918/918
f 920/920/920 917/917/917 919/919/919
f 920/920/920 921/921/921 918/918/918
f 922/922/922 919/919/919 907/907/907
f 922/922/922 920/920/920 919/919/919
f 908/908/908 922/922/922 907/907/907
f 920/920/920 923/923/923 921/921/921
f 923/923/923 920/920/920 922/922/922
f 923/923/923 924/924/924 921/921/921
f 924/924/924 923/923/923 925/925/925
f 922/922/922 908/908/908 926/926/926
f 926/926/926 923/923/923 922/922/922
f 923/923/923 927/927/927 925/925/925
f 923/923/923 926/926/926 927/927/927
f 908/908/908 928/928/928 926/926/926
f 928/928/928 908/908/908 783/783/783
f 770/770/770 928/928/928 783/783/783
f 928/928/928 770/770/770 769/769/769
f 926/926/926 928/928/928 929/929/929
f 928/928/928 769/769/769 929/929/929
f 926/926/926 929/929/929 927/927/927
f 929/929/929 769/769/769 766/766/766
f 930/930/930 929/929/929 766/766/766
f 929/929/929 930/930/930 927/927/927
f 767/767/767 930/930/930 766/766/766
f 927/927/927 931/931/931 925/925/925
f 930/930/930 931/931/931 927/927/927
f 930/930/930 767/767/767 931/931/931
f 931/931/931 932/932/932 925/925/925
f 767/767/767 933/933/933 931/931/931
f 931/931/931 934/934/934 932/932/932
f 934/934/934 931/931/931 933/933/933
s 15
f 937/937/935 936/936/936 935/935/937
f 936/936/936 938/938/938 935/935/937
f 935/935/937 938/938/938 939/939/939
f 938/938/938 940/940/940 939/939/939
f 940/940/940 938/938/938 941/941/941
f 942/942/942 939/939/939 940/940/940
f 943/943/943 942/942/942 940/940/940
f 940/940/940 941/941/941 943/943/943
f 942/942/942 943/943/943 944/944/944
f 943/943/943 945/945/945 944/944/944
f 946/946/946 945/945/945 943/943/943
f 941/941/941 946/946/946 943/943/943
f 947/947/947 945/945/945 946/946/946
f 948/948/948 947/947/947 946/946/946
f 948/948/948 946/946/946 941/941/941
f 947/947/947 948/948/948 949/949/949
f 949/949/949 948/948/948 950/950/950
f 950/950/950 951/951/951 949/949/949
f 951/951/951 952/952/952 949/949/949
f 952/952/952 951/951/951 953/953/953
f 951/951/951 954/954/954 953/953/953
f 955/955/955 953/953/953 954/954/954
f 956/956/956 951/951/951 950/950/950
f 954/954/954 951/951/951 956/956/956
f 957/957/957 950/950/950 948/948/948
f 957/957/957 956/956/956 950/950/950
f 958/958/958 948/948/948 941/941/941
f 958/958/958 957/957/957 948/948/948
f 959/959/959 955/955/955 954/954/954
f 955/955/955 959/959/959 960/960/960
f 959/959/959 961/961/961 960/960/960
f 960/960/960 961/961/961 962/962/962
f 959/959/959 954/954/954 963/963/963
f 959/959/959 963/963/963 961/961/961
f 964/964/964 954/954/954 956/956/956
f 954/954/954 964/964/964 963/963/963
f 965/965/965 956/956/956 957/957/957
f 964/964/964 956/956/956 965/965/965
f 966/966/966 957/957/957 958/958/958
f 966/966/966 965/965/965 957/957/957
f 958/958/958 941/941/941 967/967/967
f 967/967/967 966/966/966 958/958/958
f 961/961/961 968/968/968 962/962/962
f 962/962/962 968/968/968 969/969/969
f 968/968/968 970/970/970 969/969/969
f 941/941/941 971/971/971 967/967/967
f 971/971/971 941/941/941 972/972/972
f 966/966/966 967/967/967 973/973/973
f 967/967/967 971/971/971 973/973/973
f 968/968/968 961/961/961 974/974/974
f 963/963/963 974/974/974 961/961/961
f 970/970/970 968/968/968 975/975/975
f 975/975/975 968/968/968 974/974/974
f 976/976/976 970/970/970 975/975/975
f 976/976/976 975/975/975 977/977/977
f 975/975/975 974/974/974 977/977/977
f 978/978/978 976/976/976 977/977/977
f 979/979/979 971/971/971 972/972/972
f 971/971/971 979/979/979 973/973/973
f 980/980/980 966/966/966 973/973/973
f 966/966/966 980/980/980 965/965/965
f 977/977/977 981/981/981 978/978/978
f 981/981/981 982/982/982 978/978/978
f 982/982/982 981/981/981 983/983/983
f 984/984/984 982/982/982 983/983/983
f 981/981/981 977/977/977 985/985/985
f 986/986/986 985/985/985 977/977/977
f 974/974/974 986/986/986 977/977/977
f 987/987/987 979/979/979 972/972/972
f 987/987/987 972/972/972 988/988/988
f 989/989/989 987/987/987 988/988/988
f 987/987/987 989/989/989 990/990/990
f 989/989/989 991/991/991 990/990/990
f 979/979/979 987/987/987 992/992/992
f 987/987/987 990/990/990 992/992/992
f 993/993/993 990/990/990 991/991/991
f 994/994/994 993/993/993 991/991/991
f 995/995/995 986/986/986 974/974/974
f 963/963/963 995/995/995 974/974/974
f 992/992/992 996/996/996 979/979/979
f 996/996/996 973/973/973 979/979/979
f 992/992/992 990/990/990 997/997/997
f 990/990/990 993/993/993 997/997/997
f 998/998/998 993/993/993 994/994/994
f 999/999/999 998/998/998 994/994/994
f 973/973/973 996/996/996 1000/1000/1000
f 980/980/980 973/973/973 1000/1000/1000
f 1001/1001/1001 996/996/996 992/992/992
f 997/997/997 1001/1001/1001 992/992/992
f 996/996/996 1001/1001/1001 1000/1000/1000
f 1002/1002/1002 997/997/997 993/993/993
f 998/998/998 1002/1002/1002 993/993/993
f 1003/1003/1003 998/998/998 999/999/999
f 1004/1004/1004 1003/1003/1003 999/999/999
f 1004/1004/1004 1005/1005/1005 1003/1003/1003
f 1006/1006/1006 1001/1001/1001 997/997/997
f 1002/1002/1002 1006/1006/1006 997/997/997
f 1006/1006/1006 1002/1002/1002 1007/1007/1007
f 1002/1002/1002 998/998/998 1008/1008/1008
f 998/998/998 1003/1003/1003 1008/1008/1008
f 1002/1002/1002 1008/1008/1008 1007/1007/1007
f 1005/1005/1005 1009/1009/1009 1003/1003/1003
f 1008/1008/1008 1003/1003/1003 1009/1009/1009
f 1005/1005/1005 1010/1010/1010 1009/1009/1009
f 1001/1001/1001 1011/1011/1011 1000/1000/1000
f 1001/1001/1001 1006/1006/1006 1011/1011/1011
f 1008/1008/1008 1012/1012/1012 1007/1007/1007
f 1012/1012/1012 1008/1008/1008 1009/1009/1009
f 1000/1000/1000 1011/1011/1011 1013/1013/1013
f 980/980/980 1000/1000/1000 1013/1013/1013
f 1006/1006/1006 1014/1014/1014 1011/1011/1011
f 1006/1006/1006 1007/1007/1007 1014/1014/1014
f 1015/1015/1015 980/980/980 1013/1013/1013
f 980/980/980 1015/1015/1015 965/965/965
f 965/965/965 1015/1015/1015 1016/1016/1016
f 1016/1016/1016 964/964/964 965/965/965
f 963/963/963 964/964/964 1016/1016/1016
f 995/995/995 963/963/963 1016/1016/1016
f 1015/1015/1015 1017/1017/1017 1016/1016/1016
f 995/995/995 1016/1016/1016 1017/1017/1017
f 1015/1015/1015 1013/1013/1013 1017/1017/1017
f 1011/1011/1011 1018/1018/1018 1013/1013/1013
f 1011/1011/1011 1014/1014/1014 1018/1018/1018
f 1019/1019/1019 995/995/995 1017/1017/1017
f 986/986/986 995/995/995 1019/1019/1019
f 1013/1013/1013 1020/1020/1020 1017/1017/1017
f 1013/1013/1013 1018/1018/1018 1020/1020/1020
f 1017/1017/1017 1020/1020/1020 1019/1019/1019
f 1021/1021/1021 986/986/986 1019/1019/1019
f 1022/1022/1022 986/986/986 1021/1021/1021
f 1020/1020/1020 1023/1023/1023 1019/1019/1019
f 1021/1021/1021 1019/1019/1019 1023/1023/1023
f 1018/1018/1018 1024/1024/1024 1020/1020/1020
f 1020/1020/1020 1024/1024/1024 1023/1023/1023
f 1014/1014/1014 1025/1025/1025 1018/1018/1018
f 1024/1024/1024 1018/1018/1018 1025/1025/1025
f 1021/1021/1021 1026/1026/1026 1022/1022/1022
f 1026/1026/1026 1027/1027/1027 1022/1022/1022
f 1028/1028/1028 1021/1021/1021 1023/1023/1023
f 1026/1026/1026 1021/1021/1021 1028/1028/1028
f 1027/1027/1027 1026/1026/1026 1029/1029/1029
f 1030/1030/1030 1027/1027/1027 1029/1029/1029
f 1029/1029/1029 1026/1026/1026 1031/1031/1031
f 1026/1026/1026 1032/1032/1032 1031/1031/1031
f 1032/1032/1032 1026/1026/1026 1028/1028/1028
f 1028/1028/1028 1023/1023/1023 1033/1033/1033
f 1024/1024/1024 1033/1033/1033 1023/1023/1023
f 1032/1032/1032 1034/1034/1034 1031/1031/1031
f 1034/1034/1034 1035/1035/1035 1031/1031/1031
f 1028/1028/1028 1036/1036/1036 1032/1032/1032
f 1036/1036/1036 1028/1028/1028 1033/1033/1033
f 1036/1036/1036 1034/1034/1034 1032/1032/1032
f 1034/1034/1034 1037/1037/1037 1035/1035/1035
f 1037/1037/1037 1038/1038/1038 1035/1035/1035
f 1036/1036/1036 1039/1039/1039 1034/1034/1034
f 1039/1039/1039 1036/1036/1036 1033/1033/1033
f 1039/1039/1039 1037/1037/1037 1034/1034/1034
f 1037/1037/1037 1040/1040/1040 1038/1038/1038
f 1037/1037/1037 1039/1039/1039 1040/1040/1040
f 1040/1040/1040 1041/1041/1041 1038/1038/1038
f 1033/1033/1033 1024/1024/1024 1042/1042/1042
f 1042/1042/1042 1039/1039/1039 1033/1033/1033
f 1040/1040/1040 1043/1043/1043 1041/1041/1041
f 1043/1043/1043 1044/1044/1044 1041/1041/1041
f 1044/1044/1044 1043/1043/1043 1045/1045/1045
f 1039/1039/1039 1046/1046/1046 1040/1040/1040
f 1039/1039/1039 1042/1042/1042 1046/1046/1046
f 1024/1024/1024 1047/1047/1047 1042/1042/1042
f 1047/1047/1047 1024/1024/1024 1025/1025/1025
f 1043/1043/1043 1048/1048/1048 1045/1045/1045
f 1049/1049/1049 1045/1045/1045 1048/1048/1048
f 1043/1043/1043 1040/1040/1040 1050/1050/1050
f 1040/1040/1040 1046/1046/1046 1050/1050/1050
f 1051/1051/1051 1048/1048/1048 1043/1043/1043
f 1050/1050/1050 1051/1051/1051 1043/1043/1043
f 1042/1042/1042 1047/1047/1047 1052/1052/1052
f 1047/1047/1047 1025/1025/1025 1053/1053/1053
f 1052/1052/1052 1047/1047/1047 1053/1053/1053
f 1052/1052/1052 1053/1053/1053 1054/1054/1054
f 1055/1055/1055 1042/1042/1042 1052/1052/1052
f 1042/1042/1042 1055/1055/1055 1046/1046/1046
f 1055/1055/1055 1052/1052/1052 1054/1054/1054
f 1055/1055/1055 1056/1056/1056 1046/1046/1046
f 1056/1056/1056 1050/1050/1050 1046/1046/1046
f 1056/1056/1056 1055/1055/1055 1054/1054/1054
f 1056/1056/1056 1057/1057/1057 1050/1050/1050
f 1057/1057/1057 1051/1051/1051 1050/1050/1050
f 1057/1057/1057 1056/1056/1056 1054/1054/1054
f 1058/1058/1058 1053/1053/1053 1025/1025/1025
f 1014/1014/1014 1058/1058/1058 1025/1025/1025
f 1007/1007/1007 1058/1058/1058 1014/1014/1014
f 1053/1053/1053 1058/1058/1058 1059/1059/1059
f 1053/1053/1053 1059/1059/1059 1054/1054/1054
f 1058/1058/1058 1007/1007/1007 1060/1060/1060
f 1058/1058/1058 1060/1060/1060 1059/1059/1059
f 1007/1007/1007 1061/1061/1061 1060/1060/1060
f 1012/1012/1012 1061/1061/1061 1007/1007/1007
f 1059/1059/1059 1060/1060/1060 1062/1062/1062
f 1062/1062/1062 1060/1060/1060 1061/1061/1061
f 1059/1059/1059 1063/1063/1063 1054/1054/1054
f 1063/1063/1063 1059/1059/1059 1062/1062/1062
f 1064/1064/1064 1061/1061/1061 1012/1012/1012
f 1064/1064/1064 1062/1062/1062 1061/1061/1061
f 1065/1065/1065 1064/1064/1064 1012/1012/1012
f 1012/1012/1012 1009/1009/1009 1065/1065/1065
f 1062/1062/1062 1064/1064/1064 1066/1066/1066
f 1066/1066/1066 1064/1064/1064 1065/1065/1065
f 1009/1009/1009 1067/1067/1067 1065/1065/1065
f 1010/1010/1010 1067/1067/1067 1009/1009/1009
f 1068/1068/1068 1065/1065/1065 1067/1067/1067
f 1067/1067/1067 1010/1010/1010 1068/1068/1068
f 1068/1068/1068 1066/1066/1066 1065/1065/1065
f 1010/1010/1010 1069/1069/1069 1068/1068/1068
f 1068/1068/1068 1069/1069/1069 1070/1070/1070
f 1069/1069/1069 1071/1071/1071 1070/1070/1070
f 1063/1063/1063 1072/1072/1072 1054/1054/1054
f 1072/1072/1072 1057/1057/1057 1054/1054/1054
f 1072/1072/1072 1073/1073/1073 1057/1057/1057
f 1073/1073/1073 1072/1072/1072 1063/1063/1063
f 1062/1062/1062 1074/1074/1074 1063/1063/1063
f 1074/1074/1074 1062/1062/1062 1066/1066/1066
f 1066/1066/1066 1068/1068/1068 1075/1075/1075
f 1068/1068/1068 1070/1070/1070 1075/1075/1075
f 1076/1076/1076 1070/1070/1070 1071/1071/1071
f 1077/1077/1077 1076/1076/1076 1071/1071/1071
f 1077/1077/1077 1078/1078/1078 1076/1076/1076
f 1073/1073/1073 1079/1079/1079 1057/1057/1057
f 1051/1051/1051 1057/1057/1057 1079/1079/1079
f 1080/1080/1080 1073/1073/1073 1063/1063/1063
f 1074/1074/1074 1080/1080/1080 1063/1063/1063
f 1074/1074/1074 1066/1066/1066 1081/1081/1081
f 1066/1066/1066 1075/1075/1075 1081/1081/1081
f 1082/1082/1082 1075/1075/1075 1070/1070/1070
f 1076/1076/1076 1082/1082/1082 1070/1070/1070
f 1083/1083/1083 1073/1073/1073 1080/1080/1080
f 1073/1073/1073 1083/1083/1083 1079/1079/1079
f 1084/1084/1084 1080/1080/1080 1074/1074/1074
f 1081/1081/1081 1084/1084/1084 1074/1074/1074
f 1084/1084/1084 1083/1083/1083 1080/1080/1080
f 1085/1085/1085 1051/1051/1051 1079/1079/1079
f 1048/1048/1048 1051/1051/1051 1085/1085/1085
f 1081/1081/1081 1075/1075/1075 1086/1086/1086
f 1075/1075/1075 1082/1082/1082 1086/1086/1086
f 1083/1083/1083 1087/1087/1087 1079/1079/1079
f 1079/1079/1079 1087/1087/1087 1085/1085/1085
f 1084/1084/1084 1081/1081/1081 1088/1088/1088
f 1081/1081/1081 1086/1086/1086 1088/1088/1088
f 1089/1089/1089 1083/1083/1083 1084/1084/1084
f 1083/1083/1083 1089/1089/1089 1087/1087/1087
f 1088/1088/1088 1089/1089/1089 1084/1084/1084
f 1090/1090/1090 1048/1048/1048 1085/1085/1085
f 1090/1090/1090 1049/1049/1049 1048/1048/1048
f 1087/1087/1087 1091/1091/1091 1085/1085/1085
f 1085/1085/1085 1091/1091/1091 1090/1090/1090
f 1090/1090/1090 1092/1092/1092 1049/1049/1049
f 1091/1091/1091 1092/1092/1092 1090/1090/1090
f 1092/1092/1092 1093/1093/1093 1049/1049/1049
f 1094/1094/1094 1093/1093/1093 1092/1092/1092
f 1095/1095/1095 1094/1094/1094 1092/1092/1092
f 1091/1091/1091 1095/1095/1095 1092/1092/1092
f 1096/1096/1096 1094/1094/1094 1095/1095/1095
f 1091/1091/1091 1087/1087/1087 1097/1097/1097
f 1089/1089/1089 1097/1097/1097 1087/1087/1087
f 1095/1095/1095 1091/1091/1091 1097/1097/1097
f 1098/1098/1098 1096/1096/1096 1095/1095/1095
f 1095/1095/1095 1097/1097/1097 1098/1098/1098
f 1099/1099/1099 1096/1096/1096 1098/1098/1098
f 1100/1100/1100 1089/1089/1089 1088/1088/1088
f 1089/1089/1089 1100/1100/1100 1097/1097/1097
f 1097/1097/1097 1101/1101/1101 1098/1098/1098
f 1100/1100/1100 1101/1101/1101 1097/1097/1097
f 1102/1102/1102 1099/1099/1099 1098/1098/1098
f 1098/1098/1098 1101/1101/1101 1102/1102/1102
f 1103/1103/1103 1100/1100/1100 1088/1088/1088
f 1103/1103/1103 1088/1088/1088 1086/1086/1086
f 1099/1099/1099 1102/1102/1102 1104/1104/1104
f 1105/1105/1105 1099/1099/1099 1104/1104/1104
f 1104/1104/1104 1102/1102/1102 1106/1106/1106
f 1101/1101/1101 1107/1107/1107 1102/1102/1102
f 1102/1102/1102 1107/1107/1107 1106/1106/1106
f 1100/1100/1100 1108/1108/1108 1101/1101/1101
f 1108/1108/1108 1107/1107/1107 1101/1101/1101
f 1106/1106/1106 1107/1107/1107 1108/1108/1108
f 1108/1108/1108 1100/1100/1100 1103/1103/1103
f 1109/1109/1109 1106/1106/1106 1108/1108/1108
f 1109/1109/1109 1108/1108/1108 1110/1110/1110
f 1110/1110/1110 1108/1108/1108 1103/1103/1103
f 1111/1111/1111 1109/1109/1109 1110/1110/1110
f 1111/1111/1111 1110/1110/1110 1112/1112/1112
f 1113/1113/1113 1103/1103/1103 1086/1086/1086
f 1110/1110/1110 1103/1103/1103 1113/1113/1113
f 1113/1113/1113 1086/1086/1086 1082/1082/1082
f 1110/1110/1110 1114/1114/1114 1112/1112/1112
f 1114/1114/1114 1110/1110/1110 1113/1113/1113
f 1115/1115/1115 1113/1113/1113 1082/1082/1082
f 1114/1114/1114 1113/1113/1113 1115/1115/1115
f 1115/1115/1115 1082/1082/1082 1076/1076/1076
f 1112/1112/1112 1114/1114/1114 1116/1116/1116
f 1116/1116/1116 1114/1114/1114 1115/1115/1115
f 1117/1117/1117 1112/1112/1112 1116/1116/1116
f 1117/1117/1117 1116/1116/1116 1118/1118/1118
f 1118/1118/1118 1116/1116/1116 1115/1115/1115
f 1119/1119/1119 1117/1117/1117 1118/1118/1118
f 1120/1120/1120 1115/1115/1115 1076/1076/1076
f 1120/1120/1120 1118/1118/1118 1115/1115/1115
f 1078/1078/1078 1120/1120/1120 1076/1076/1076
f 1118/1118/1118 1120/1120/1120 1078/1078/1078
f 1121/1121/1121 1118/1118/1118 1078/1078/1078
f 1119/1119/1119 1118/1118/1118 1121/1121/1121
f 1122/1122/1122 1119/1119/1119 1121/1121/1121
s 16
f 1125/1125/1123 1124/1124/1124 1123/1123/1125
f 1126/1126/1126 1125/1125/1123 1123/1123/1125
f 1127/1127/1127 1125/1125/1123 1126/1126/1126
f 1128/1128/1128 1126/1126/1126 1123/1123/1125
f 1129/1129/1129 1128/1128/1128 1123/1123/1125
f 1130/1130/1130 1127/1127/1127 1126/1126/1126
f 1127/1127/1127 1130/1130/1130 1131/1131/1131
f 1130/1130/1130 1132/1132/1132 1131/1131/1131
f 1132/1132/1132 1130/1130/1130 1133/1133/1133
f 1130/1130/1130 1126/1126/1126 1134/1134/1134
f 1130/1130/1130 1134/1134/1134 1133/1133/1133
f 1126/1126/1126 1128/1128/1128 1134/1134/1134
f 1135/1135/1135 1133/1133/1133 1134/1134/1134
f 1136/1136/1136 1135/1135/1135 1134/1134/1134
f 1136/1136/1136 1134/1134/1134 1128/1128/1128
f 1135/1135/1135 1136/1136/1136 1137/1137/1137
f 1128/1128/1128 1129/1129/1129 1138/1138/1138
f 1138/1138/1138 1136/1136/1136 1128/1128/1128
f 1129/1129/1129 1139/1139/1139 1138/1138/1138
f 1136/1136/1136 1140/1140/1140 1137/1137/1137
f 1136/1136/1136 1138/1138/1138 1140/1140/1140
f 1137/1137/1137 1140/1140/1140 1141/1141/1141
f 1138/1138/1138 1139/1139/1139 1142/1142/1142
f 1138/1138/1138 1142/1142/1142 1140/1140/1140
f 1139/1139/1139 1143/1143/1143 1142/1142/1142
f 1142/1142/1142 1143/1143/1143 1144/1144/1144
f 1140/1140/1140 1145/1145/1145 1141/1141/1141
f 1145/1145/1145 1140/1140/1140 1142/1142/1142
f 1146/1146/1146 1142/1142/1142 1144/1144/1144
f 1146/1146/1146 1145/1145/1145 1142/1142/1142
f 1147/1147/1147 1141/1141/1141 1145/1145/1145
f 1141/1141/1141 1147/1147/1147 1148/1148/1148
f 1148/1148/1148 1147/1147/1147 1149/1149/1149
f 1146/1146/1146 1144/1144/1144 1150/1150/1150
f 1144/1144/1144 1151/1151/1151 1150/1150/1150
f 1152/1152/1152 1145/1145/1145 1146/1146/1146
f 1152/1152/1152 1147/1147/1147 1145/1145/1145
f 1152/1152/1152 1146/1146/1146 1150/1150/1150
f 1147/1147/1147 1153/1153/1153 1149/1149/1149
f 1149/1149/1149 1153/1153/1153 1154/1154/1154
f 1152/1152/1152 1155/1155/1155 1147/1147/1147
f 1155/1155/1155 1153/1153/1153 1147/1147/1147
f 1153/1153/1153 1156/1156/1156 1154/1154/1154
f 1156/1156/1156 1153/1153/1153 1155/1155/1155
f 1154/1154/1154 1156/1156/1156 1157/1157/1157
f 1156/1156/1156 1158/1158/1158 1157/1157/1157
f 1157/1157/1157 1158/1158/1158 1159/1159/1159
f 1150/1150/1150 1151/1151/1151 1160/1160/1160
f 1160/1160/1160 1151/1151/1151 1161/1161/1161
f 1162/1162/1162 1152/1152/1152 1150/1150/1150
f 1155/1155/1155 1152/1152/1152 1162/1162/1162
f 1163/1163/1163 1156/1156/1156 1155/1155/1155
f 1158/1158/1158 1156/1156/1156 1163/1163/1163
f 1164/1164/1164 1162/1162/1162 1150/1150/1150
f 1160/1160/1160 1164/1164/1164 1150/1150/1150
f 1165/1165/1165 1155/1155/1155 1162/1162/1162
f 1163/1163/1163 1155/1155/1155 1165/1165/1165
f 1162/1162/1162 1164/1164/1164 1165/1165/1165
f 1166/1166/1166 1160/1160/1160 1161/1161/1161
f 1166/1166/1166 1161/1161/1161 1167/1167/1167
f 1168/1168/1168 1166/1166/1166 1167/1167/1167
f 1166/1166/1166 1169/1169/1169 1160/1160/1160
f 1166/1166/1166 1168/1168/1168 1169/1169/1169
f 1169/1169/1169 1164/1164/1164 1160/1160/1160
f 1168/1168/1168 1170/1170/1170 1169/1169/1169
f 1169/1169/1169 1170/1170/1170 1171/1171/1171
f 1171/1171/1171 1170/1170/1170 1172/1172/1172
f 1173/1173/1173 1171/1171/1171 1172/1172/1172
f 1169/1169/1169 1174/1174/1174 1164/1164/1164
f 1169/1169/1169 1171/1171/1171 1174/1174/1174
f 1175/1175/1175 1171/1171/1171 1173/1173/1173
f 1171/1171/1171 1175/1175/1175 1174/1174/1174
f 1176/1176/1176 1175/1175/1175 1173/1173/1173
f 1164/1164/1164 1177/1177/1177 1165/1165/1165
f 1174/1174/1174 1177/1177/1177 1164/1164/1164
f 1174/1174/1174 1175/1175/1175 1178/1178/1178
f 1177/1177/1177 1174/1174/1174 1178/1178/1178
f 1179/1179/1179 1175/1175/1175 1176/1176/1176
f 1175/1175/1175 1179/1179/1179 1178/1178/1178
f 1180/1180/1180 1179/1179/1179 1176/1176/1176
f 1177/1177/1177 1181/1181/1181 1165/1165/1165
f 1181/1181/1181 1177/1177/1177 1178/1178/1178
f 1181/1181/1181 1163/1163/1163 1165/1165/1165
f 1178/1178/1178 1179/1179/1179 1182/1182/1182
f 1178/1178/1178 1182/1182/1182 1181/1181/1181
f 1183/1183/1183 1179/1179/1179 1180/1180/1180
f 1179/1179/1179 1183/1183/1183 1182/1182/1182
f 1184/1184/1184 1183/1183/1183 1180/1180/1180
f 1185/1185/1185 1163/1163/1163 1181/1181/1181
f 1185/1185/1185 1158/1158/1158 1163/1163/1163
f 1182/1182/1182 1186/1186/1186 1181/1181/1181
f 1186/1186/1186 1185/1185/1185 1181/1181/1181
f 1182/1182/1182 1183/1183/1183 1187/1187/1187
f 1182/1182/1182 1187/1187/1187 1186/1186/1186
f 1188/1188/1188 1183/1183/1183 1184/1184/1184
f 1183/1183/1183 1188/1188/1188 1187/1187/1187
f 1189/1189/1189 1188/1188/1188 1184/1184/1184
f 1188/1188/1188 1189/1189/1189 1190/1190/1190
f 1185/1185/1185 1191/1191/1191 1158/1158/1158
f 1191/1191/1191 1185/1185/1185 1186/1186/1186
f 1187/1187/1187 1192/1192/1192 1186/1186/1186
f 1192/1192/1192 1191/1191/1191 1186/1186/1186
f 1188/1188/1188 1193/1193/1193 1187/1187/1187
f 1193/1193/1193 1192/1192/1192 1187/1187/1187
f 1193/1193/1193 1188/1188/1188 1190/1190/1190
f 1191/1191/1191 1192/1192/1192 1193/1193/1193
f 1191/1191/1191 1194/1194/1194 1158/1158/1158
f 1194/1194/1194 1191/1191/1191 1193/1193/1193
f 1193/1193/1193 1190/1190/1190 1194/1194/1194
f 1158/1158/1158 1194/1194/1194 1159/1159/1159
f 1190/1190/1190 1159/1159/1159 1194/1194/1194
s 17
f 1197/1197/1195 1196/1196/1196 1195/1195/1197
f 1196/1196/1196 1198/1198/1198 1195/1195/1197
f 1195/1195/1197 1198/1198/1198 1199/1199/1199
f 1196/1196/1196 1200/1200/1200 1198/1198/1198
f 1198/1198/1198 1201/1201/1201 1199/1199/1199
f 1199/1199/1199 1201/1201/1201 1202/1202/1202
f 1203/1203/1203 1198/1198/1198 1200/1200/1200
f 1201/1201/1201 1198/1198/1198 1203/1203/1203
f 1204/1204/1204 1203/1203/1203 1200/1200/1200
f 1201/1201/1201 1205/1205/1205 1202/1202/1202
f 1202/1202/1202 1205/1205/1205 1206/1206/1206
f 1207/1207/1207 1201/1201/1201 1203/1203/1203
f 1205/1205/1205 1201/1201/1201 1207/1207/1207
f 1204/1204/1204 1208/1208/1208 1203/1203/1203
f 1204/1204/1204 1209/1209/1209 1208/1208/1208
f 1205/1205/1205 1210/1210/1210 1206/1206/1206
f 1211/1211/1211 1206/1206/1206 1210/1210/1210
f 1212/1212/1212 1205/1205/1205 1207/1207/1207
f 1205/1205/1205 1212/1212/1212 1210/1210/1210
f 1207/1207/1207 1203/1203/1203 1213/1213/1213
f 1208/1208/1208 1213/1213/1213 1203/1203/1203
f 1212/1212/1212 1207/1207/1207 1213/1213/1213
f 1214/1214/1214 1211/1211/1211 1210/1210/1210
f 1211/1211/1211 1214/1214/1214 1215/1215/1215
f 1212/1212/1212 1216/1216/1216 1210/1210/1210
f 1210/1210/1210 1216/1216/1216 1214/1214/1214
f 1214/1214/1214 1217/1217/1217 1215/1215/1215
f 1215/1215/1215 1217/1217/1217 1218/1218/1218
f 1209/1209/1209 1219/1219/1219 1208/1208/1208
f 1213/1213/1213 1208/1208/1208 1219/1219/1219
f 1213/1213/1213 1219/1219/1219 1220/1220/1220
f 1221/1221/1221 1212/1212/1212 1213/1213/1213
f 1212/1212/1212 1221/1221/1221 1216/1216/1216
f 1221/1221/1221 1213/1213/1213 1220/1220/1220
f 1216/1216/1216 1222/1222/1222 1214/1214/1214
f 1214/1214/1214 1222/1222/1222 1217/1217/1217
f 1221/1221/1221 1223/1223/1223 1216/1216/1216
f 1216/1216/1216 1223/1223/1223 1222/1222/1222
f 1221/1221/1221 1220/1220/1220 1223/1223/1223
f 1222/1222/1222 1224/1224/1224 1217/1217/1217
f 1223/1223/1223 1224/1224/1224 1222/1222/1222
f 1217/1217/1217 1225/1225/1225 1218/1218/1218
f 1225/1225/1225 1217/1217/1217 1224/1224/1224
f 1223/1223/1223 1226/1226/1226 1224/1224/1224
f 1226/1226/1226 1223/1223/1223 1220/1220/1220
f 1218/1218/1218 1225/1225/1225 1227/1227/1227
f 1228/1228/1228 1218/1218/1218 1227/1227/1227
f 1225/1225/1225 1224/1224/1224 1229/1229/1229
f 1226/1226/1226 1229/1229/1229 1224/1224/1224
f 1227/1227/1227 1225/1225/1225 1229/1229/1229
f 1228/1228/1228 1227/1227/1227 1230/1230/1230
f 1231/1231/1231 1228/1228/1228 1230/1230/1230
f 1232/1232/1232 1226/1226/1226 1220/1220/1220
f 1229/1229/1229 1226/1226/1226 1232/1232/1232
f 1233/1233/1233 1227/1227/1227 1229/1229/1229
f 1233/1233/1233 1230/1230/1230 1227/1227/1227
f 1231/1231/1231 1230/1230/1230 1234/1234/1234
f 1235/1235/1235 1231/1231/1231 1234/1234/1234
f 1235/1235/1235 1234/1234/1234 1236/1236/1236
f 1234/1234/1234 1237/1237/1237 1236/1236/1236
f 1238/1238/1238 1236/1236/1236 1237/1237/1237
f 1237/1237/1237 1239/1239/1239 1238/1238/1238
f 1234/1234/1234 1230/1230/1230 1240/1240/1240
f 1237/1237/1237 1234/1234/1234 1240/1240/1240
f 1241/1241/1241 1239/1239/1239 1237/1237/1237
f 1242/1242/1242 1239/1239/1239 1241/1241/1241
f 1241/1241/1241 1237/1237/1237 1243/1243/1243
f 1237/1237/1237 1240/1240/1240 1243/1243/1243
f 1244/1244/1244 1240/1240/1240 1230/1230/1230
f 1233/1233/1233 1244/1244/1244 1230/1230/1230
f 1245/1245/1245 1233/1233/1233 1229/1229/1229
f 1245/1245/1245 1229/1229/1229 1232/1232/1232
f 1244/1244/1244 1246/1246/1246 1240/1240/1240
f 1243/1243/1243 1240/1240/1240 1246/1246/1246
f 1247/1247/1247 1244/1244/1244 1233/1233/1233
f 1245/1245/1245 1247/1247/1247 1233/1233/1233
f 1244/1244/1244 1247/1247/1247 1246/1246/1246
f 1248/1248/1248 1241/1241/1241 1243/1243/1243
f 1242/1242/1242 1241/1241/1241 1248/1248/1248
f 1248/1248/1248 1243/1243/1243 1249/1249/1249
f 1249/1249/1249 1242/1242/1242 1248/1248/1248
f 1243/1243/1243 1246/1246/1246 1249/1249/1249
f 1249/1249/1249 1250/1250/1250 1242/1242/1242
f 1250/1250/1250 1249/1249/1249 1246/1246/1246
f 1251/1251/1251 1242/1242/1242 1250/1250/1250
f 1247/1247/1247 1245/1245/1245 1252/1252/1252
f 1245/1245/1245 1232/1232/1232 1252/1252/1252
f 1253/1253/1253 1246/1246/1246 1247/1247/1247
f 1253/1253/1253 1250/1250/1250 1246/1246/1246
f 1252/1252/1252 1253/1253/1253 1247/1247/1247
f 1251/1251/1251 1250/1250/1250 1254/1254/1254
f 1254/1254/1254 1255/1255/1255 1251/1251/1251
f 1254/1254/1254 1250/1250/1250 1256/1256/1256
f 1256/1256/1256 1250/1250/1250 1253/1253/1253
f 1256/1256/1256 1255/1255/1255 1254/1254/1254
f 1257/1257/1257 1253/1253/1253 1252/1252/1252
f 1257/1257/1257 1256/1256/1256 1253/1253/1253
f 1252/1252/1252 1232/1232/1232 1258/1258/1258
f 1258/1258/1258 1257/1257/1257 1252/1252/1252
f 1257/1257/1257 1258/1258/1258 1259/1259/1259
f 1257/1257/1257 1260/1260/1260 1256/1256/1256
f 1260/1260/1260 1255/1255/1255 1256/1256/1256
f 1257/1257/1257 1259/1259/1259 1260/1260/1260
f 1232/1232/1232 1261/1261/1261 1258/1258/1258
f 1258/1258/1258 1261/1261/1261 1259/1259/1259
f 1232/1232/1232 1220/1220/1220 1261/1261/1261
f 1261/1261/1261 1220/1220/1220 1262/1262/1262
f 1261/1261/1261 1262/1262/1262 1259/1259/1259
f 1219/1219/1219 1262/1262/1262 1220/1220/1220
f 1263/1263/1263 1262/1262/1262 1219/1219/1219
f 1263/1263/1263 1259/1259/1259 1262/1262/1262
f 1209/1209/1209 1263/1263/1263 1219/1219/1219
f 1264/1264/1264 1263/1263/1263 1209/1209/1209
f 1264/1264/1264 1259/1259/1259 1263/1263/1263
f 1209/1209/1209 1265/1265/1265 1264/1264/1264
f 1260/1260/1260 1266/1266/1266 1255/1255/1255
f 1266/1266/1266 1267/1267/1267 1255/1255/1255
f 1259/1259/1259 1268/1268/1268 1260/1260/1260
f 1264/1264/1264 1268/1268/1268 1259/1259/1259
f 1260/1260/1260 1268/1268/1268 1266/1266/1266
f 1269/1269/1269 1264/1264/1264 1265/1265/1265
f 1264/1264/1264 1269/1269/1269 1268/1268/1268
f 1265/1265/1265 1270/1270/1270 1269/1269/1269
f 1266/1266/1266 1271/1271/1271 1267/1267/1267
f 1268/1268/1268 1271/1271/1271 1266/1266/1266
f 1271/1271/1271 1268/1268/1268 1269/1269/1269
f 1270/1270/1270 1271/1271/1271 1269/1269/1269
f 1272/1272/1272 1267/1267/1267 1271/1271/1271
f 1272/1272/1272 1271/1271/1271 1270/1270/1270
f 1272/1272/1272 1270/1270/1270 1273/1273/1273
s 18
f 1276/1276/1274 1275/1275/1275 1274/1274/1276
f 1277/1277/1277 1275/1275/1275 1276/1276/1274
f 1278/1278/1278 1277/1277/1277 1276/1276/1274
f 1277/1277/1277 1278/1278/1278 1279/1279/1279
s 19
f 1282/1282/1280 1281/1281/1281 1280/1280/1282
f 1283/1283/1283 1281/1281/1281 1282/1282/1280
f 1284/1284/1284 1281/1281/1281 1283/1283/1283
f 1285/1285/1285 1281/1281/1281 1284/1284/1284
f 1286/1286/1286 1281/1281/1281 1285/1285/1285
f 1287/1287/1287 1281/1281/1281 1286/1286/1286
f 1288/1288/1288 1281/1281/1281 1287/1287/1287
f 1289/1289/1289 1281/1281/1281 1288/1288/1288
s 20
f 1292/1292/1290 1291/1291/1291 1290/1290/1292
f 1293/1293/1293 1291/1291/1291 1292/1292/1290
f 1294/1294/1294 1291/1291/1291 1293/1293/1293
f 1295/1295/1295 1291/1291/1291 1294/1294/1294
f 1296/1296/1296 1291/1291/1291 1295/1295/1295
f 1297/1297/1297 1291/1291/1291 1296/1296/1296
s 21
f 1300/1300/1298 1299/1299/1299 1298/1298/1300
f 1301/1301/1301 1300/1300/1298 1298/1298/1300
f 1302/1302/1302 1301/1301/1301 1298/1298/1300
f 1302/1302/1302 1303/1303/1303 1301/1301/1301
f 1301/1301/1301 1304/1304/1304 1300/1300/1298
f 1303/1303/1303 1305/1305/1305 1301/1301/1301
f 1305/1305/1305 1303/1303/1303 1306/1306/1306
f 1307/1307/1307 1305/1305/1305 1306/1306/1306
f 1305/1305/1305 1307/1307/1307 1308/1308/1308
f 1309/1309/1309 1304/1304/1304 1301/1301/1301
f 1305/1305/1305 1309/1309/1309 1301/1301/1301
f 1310/1310/1310 1305/1305/1305 1308/1308/1308
f 1309/1309/1309 1305/1305/1305 1310/1310/1310
f 1311/1311/1311 1310/1310/1310 1308/1308/1308
f 1312/1312/1312 1310/1310/1310 1311/1311/1311
f 1313/1313/1313 1310/1310/1310 1312/1312/1312
f 1313/1313/1313 1309/1309/1309 1310/1310/1310
f 1314/1314/1314 1313/1313/1313 1312/1312/1312
f 1309/1309/1309 1313/1313/1313 1314/1314/1314
f 1304/1304/1304 1309/1309/1309 1315/1315/1315
f 1315/1315/1315 1309/1309/1309 1314/1314/1314
f 1315/1315/1315 1314/1314/1314 1316/1316/1316
f 1317/1317/1317 1304/1304/1304 1315/1315/1315
f 1314/1314/1314 1318/1318/1318 1316/1316/1316
f 1317/1317/1317 1315/1315/1315 1319/1319/1319
f 1319/1319/1319 1315/1315/1315 1316/1316/1316
f 1320/1320/1320 1317/1317/1317 1319/1319/1319
f 1318/1318/1318 1321/1321/1321 1316/1316/1316
f 1322/1322/1322 1321/1321/1321 1318/1318/1318
f 1321/1321/1321 1323/1323/1323 1316/1316/1316
f 1323/1323/1323 1324/1324/1324 1316/1316/1316
f 1325/1325/1325 1316/1316/1316 1324/1324/1324
f 1319/1319/1319 1316/1316/1316 1325/1325/1325
f 1326/1326/1326 1319/1319/1319 1325/1325/1325
f 1319/1319/1319 1326/1326/1326 1327/1327/1327
f 1320/1320/1320 1319/1319/1319 1327/1327/1327
f 1328/1328/1328 1320/1320/1320 1327/1327/1327
s 22
f 1331/1331/1329 1330/1330/1330 1329/1329/1331
f 1330/1330/1330 1332/1332/1332 1329/1329/1331
f 1329/1329/1331 1332/1332/1332 1333/1333/1333
f 1333/1333/1333 1334/1334/1334 1329/1329/1331
f 1332/1332/1332 1335/1335/1335 1333/1333/1333
f 1336/1336/1336 1334/1334/1334 1333/1333/1333
f 1333/1333/1333 1335/1335/1335 1337/1337/1337
f 1337/1337/1337 1336/1336/1336 1333/1333/1333
f 1338/1338/1338 1336/1336/1336 1337/1337/1337
f 1335/1335/1335 1339/1339/1339 1337/1337/1337
f 1340/1340/1340 1338/1338/1338 1337/1337/1337
f 1337/1337/1337 1339/1339/1339 1340/1340/1340
f 1339/1339/1339 1341/1341/1341 1340/1340/1340
s 23
f 1344/1344/1342 1343/1343/1343 1342/1342/1344
f 1344/1344/1342 1342/1342/1344 1345/1345/1345
f 1346/1346/1346 1344/1344/1342 1345/1345/1345
s 24
f 1349/1349/1347 1348/1348/1348 1347/1347/1349
f 1350/1350/1350 1349/1349/1347 1347/1347/1349
f 1349/1349/1347 1350/1350/1350 1351/1351/1351
f 1349/1349/1347 1351/1351/1351 1352/1352/1352
s 25
f 1355/1355/1353 1354/1354/1354 1353/1353/1355
f 1356/1356/1356 1354/1354/1354 1355/1355/1353
f 1357/1357/1357 1356/1356/1356 1355/1355/1353
f 1356/1356/1356 1357/1357/1357 1358/1358/1358
f 1357/1357/1357 1359/1359/1359 1358/1358/1358
f 1360/1360/1360 1358/1358/1358 1359/1359/1359
f 1361/1361/1361 1360/1360/1360 1359/1359/1359
f 1362/1362/1362 1360/1360/1360 1361/1361/1361
f 1363/1363/1363 1362/1362/1362 1361/1361/1361
f 1362/1362/1362 1363/1363/1363 1364/1364/1364
f 1365/1365/1365 1362/1362/1362 1364/1364/1364
f 1365/1365/1365 1364/1364/1364 1366/1366/1366
f 1367/1367/1367 1365/1365/1365 1366/1366/1366
f 1367/1367/1367 1366/1366/1366 1368/1368/1368
f 1366/1366/1366 1369/1369/1369 1368/1368/1368
s 26
f 1372/1372/1370 1371/1371/1371 1370/1370/1372
f 1371/1371/1371 1373/1373/1373 1370/1370/1372
f 1370/1370/1372 1373/1373/1373 1374/1374/1374
f 1370/1370/1372 1374/1374/1374 1375/1375/1375
f 1375/1375/1375 1374/1374/1374 1376/1376/1376
f 1373/1373/1373 1371/1371/1371 1377/1377/1377
f 1371/1371/1371 1378/1378/1378 1377/1377/1377
f 1377/1377/1377 1378/1378/1378 1379/1379/1379
f 1374/1374/1374 1380/1380/1380 1376/1376/1376
f 1380/1380/1380 1381/1381/1381 1376/1376/1376
f 1374/1374/1374 1373/1373/1373 1382/1382/1382
f 1373/1373/1373 1377/1377/1377 1382/1382/1382
f 1374/1374/1374 1382/1382/1382 1380/1380/1380
f 1380/1380/1380 1383/1383/1383 1381/1381/1381
f 1384/1384/1384 1381/1381/1381 1383/1383/1383
f 1382/1382/1382 1385/1385/1385 1380/1380/1380
f 1383/1383/1383 1380/1380/1380 1385/1385/1385
f 1386/1386/1386 1384/1384/1384 1383/1383/1383
f 1384/1384/1384 1386/1386/1386 1387/1387/1387
f 1386/1386/1386 1388/1388/1388 1387/1387/1387
f 1389/1389/1389 1388/1388/1388 1386/1386/1386
f 1386/1386/1386 1383/1383/1383 1390/1390/1390
f 1389/1389/1389 1386/1386/1386 1390/1390/1390
f 1390/1390/1390 1383/1383/1383 1385/1385/1385
f 1389/1389/1389 1390/1390/1390 1391/1391/1391
f 1391/1391/1391 1390/1390/1390 1385/1385/1385
f 1392/1392/1392 1389/1389/1389 1391/1391/1391
f 1393/1393/1393 1385/1385/1385 1382/1382/1382
f 1393/1393/1393 1391/1391/1391 1385/1385/1385
f 1392/1392/1392 1391/1391/1391 1394/1394/1394
f 1395/1395/1395 1392/1392/1392 1394/1394/1394
f 1396/1396/1396 1395/1395/1395 1394/1394/1394
f 1393/1393/1393 1382/1382/1382 1397/1397/1397
f 1382/1382/1382 1377/1377/1377 1397/1397/1397
f 1391/1391/1391 1393/1393/1393 1398/1398/1398
f 1394/1394/1394 1391/1391/1391 1398/1398/1398
f 1399/1399/1399 1396/1396/1396 1394/1394/1394
f 1400/1400/1400 1396/1396/1396 1399/1399/1399
f 1399/1399/1399 1394/1394/1394 1401/1401/1401
f 1394/1394/1394 1398/1398/1398 1401/1401/1401
f 1402/1402/1402 1400/1400/1400 1399/1399/1399
f 1402/1402/1402 1399/1399/1399 1401/1401/1401
f 1403/1403/1403 1400/1400/1400 1402/1402/1402
f 1397/1397/1397 1377/1377/1377 1404/1404/1404
f 1404/1404/1404 1377/1377/1377 1379/1379/1379
f 1397/1397/1397 1405/1405/1405 1393/1393/1393
f 1398/1398/1398 1393/1393/1393 1405/1405/1405
f 1404/1404/1404 1379/1379/1379 1406/1406/1406
f 1379/1379/1379 1407/1407/1407 1406/1406/1406
f 1404/1404/1404 1408/1408/1408 1397/1397/1397
f 1397/1397/1397 1408/1408/1408 1405/1405/1405
f 1404/1404/1404 1406/1406/1406 1408/1408/1408
f 1409/1409/1409 1406/1406/1406 1407/1407/1407
f 1410/1410/1410 1409/1409/1409 1407/1407/1407
f 1406/1406/1406 1411/1411/1411 1408/1408/1408
f 1411/1411/1411 1406/1406/1406 1409/1409/1409
f 1408/1408/1408 1412/1412/1412 1405/1405/1405
f 1412/1412/1412 1408/1408/1408 1411/1411/1411
f 1413/1413/1413 1398/1398/1398 1405/1405/1405
f 1405/1405/1405 1412/1412/1412 1413/1413/1413
f 1414/1414/1414 1409/1409/1409 1410/1410/1410
f 1410/1410/1410 1415/1415/1415 1414/1414/1414
f 1416/1416/1416 1411/1411/1411 1409/1409/1409
f 1416/1416/1416 1409/1409/1409 1414/1414/1414
f 1413/1413/1413 1417/1417/1417 1398/1398/1398
f 1417/1417/1417 1401/1401/1401 1398/1398/1398
f 1412/1412/1412 1418/1418/1418 1413/1413/1413
f 1413/1413/1413 1418/1418/1418 1417/1417/1417
f 1419/1419/1419 1412/1412/1412 1411/1411/1411
f 1418/1418/1418 1412/1412/1412 1419/1419/1419
f 1411/1411/1411 1416/1416/1416 1419/1419/1419
f 1417/1417/1417 1420/1420/1420 1401/1401/1401
f 1420/1420/1420 1402/1402/1402 1401/1401/1401
f 1418/1418/1418 1421/1421/1421 1417/1417/1417
f 1421/1421/1421 1418/1418/1418 1419/1419/1419
f 1421/1421/1421 1420/1420/1420 1417/1417/1417
f 1422/1422/1422 1416/1416/1416 1414/1414/1414
f 1416/1416/1416 1423/1423/1423 1419/1419/1419
f 1423/1423/1423 1416/1416/1416 1422/1422/1422
f 1419/1419/1419 1424/1424/1424 1421/1421/1421
f 1424/1424/1424 1419/1419/1419 1423/1423/1423
f 1421/1421/1421 1425/1425/1425 1420/1420/1420
f 1421/1421/1421 1424/1424/1424 1425/1425/1425
f 1420/1420/1420 1426/1426/1426 1402/1402/1402
f 1425/1425/1425 1426/1426/1426 1420/1420/1420
f 1426/1426/1426 1427/1427/1427 1402/1402/1402
f 1427/1427/1427 1403/1403/1403 1402/1402/1402
f 1428/1428/1428 1403/1403/1403 1427/1427/1427
f 1429/1429/1429 1426/1426/1426 1425/1425/1425
f 1427/1427/1427 1426/1426/1426 1429/1429/1429
f 1430/1430/1430 1428/1428/1428 1427/1427/1427
f 1430/1430/1430 1427/1427/1427 1429/1429/1429
f 1428/1428/1428 1430/1430/1430 1431/1431/1431
f 1430/1430/1430 1429/1429/1429 1431/1431/1431
f 1432/1432/1432 1428/1428/1428 1431/1431/1431
f 1433/1433/1433 1429/1429/1429 1425/1425/1425
f 1433/1433/1433 1425/1425/1425 1424/1424/1424
f 1429/1429/1429 1434/1434/1434 1431/1431/1431
f 1429/1429/1429 1433/1433/1433 1434/1434/1434
f 1432/1432/1432 1431/1431/1431 1435/1435/1435
f 1431/1431/1431 1434/1434/1434 1435/1435/1435
f 1436/1436/1436 1432/1432/1432 1435/1435/1435
f 1434/1434/1434 1437/1437/1437 1435/1435/1435
f 1438/1438/1438 1437/1437/1437 1434/1434/1434
f 1439/1439/1439 1438/1438/1438 1434/1434/1434
f 1433/1433/1433 1439/1439/1439 1434/1434/1434
f 1440/1440/1440 1439/1439/1439 1433/1433/1433
f 1439/1439/1439 1441/1441/1441 1438/1438/1438
f 1439/1439/1439 1440/1440/1440 1441/1441/1441
f 1440/1440/1440 1442/1442/1442 1441/1441/1441
f 1442/1442/1442 1440/1440/1440 1443/1443/1443
f 1444/1444/1444 1433/1433/1433 1424/1424/1424
f 1444/1444/1444 1440/1440/1440 1433/1433/1433
f 1440/1440/1440 1445/1445/1445 1443/1443/1443
f 1443/1443/1443 1445/1445/1445 1446/1446/1446
f 1447/1447/1447 1444/1444/1444 1424/1424/1424
f 1447/1447/1447 1424/1424/1424 1423/1423/1423
f 1444/1444/1444 1448/1448/1448 1440/1440/1440
f 1448/1448/1448 1445/1445/1445 1440/1440/1440
f 1445/1445/1445 1449/1449/1449 1446/1446/1446
f 1450/1450/1450 1446/1446/1446 1449/1449/1449
f 1447/1447/1447 1423/1423/1423 1451/1451/1451
f 1451/1451/1451 1423/1423/1423 1422/1422/1422
f 1447/1447/1447 1452/1452/1452 1444/1444/1444
f 1452/1452/1452 1448/1448/1448 1444/1444/1444
f 1452/1452/1452 1447/1447/1447 1451/1451/1451
f 1448/1448/1448 1453/1453/1453 1445/1445/1445
f 1453/1453/1453 1449/1449/1449 1445/1445/1445
f 1449/1449/1449 1454/1454/1454 1450/1450/1450
f 1454/1454/1454 1455/1455/1455 1450/1450/1450
f 1454/1454/1454 1449/1449/1449 1456/1456/1456
f 1449/1449/1449 1453/1453/1453 1456/1456/1456
f 1457/1457/1457 1456/1456/1456 1453/1453/1453
f 1453/1453/1453 1448/1448/1448 1458/1458/1458
f 1458/1458/1458 1457/1457/1457 1453/1453/1453
f 1448/1448/1448 1452/1452/1452 1458/1458/1458
f 1457/1457/1457 1458/1458/1458 1459/1459/1459
f 1460/1460/1460 1458/1458/1458 1452/1452/1452
f 1460/1460/1460 1452/1452/1452 1451/1451/1451
f 1458/1458/1458 1460/1460/1460 1459/1459/1459
f 1461/1461/1461 1460/1460/1460 1451/1451/1451
f 1422/1422/1422 1461/1461/1461 1451/1451/1451
f 1460/1460/1460 1462/1462/1462 1459/1459/1459
f 1462/1462/1462 1463/1463/1463 1459/1459/1459
f 1463/1463/1463 1462/1462/1462 1464/1464/1464
f 1460/1460/1460 1461/1461/1461 1465/1465/1465
f 1462/1462/1462 1460/1460/1460 1465/1465/1465
f 1461/1461/1461 1422/1422/1422 1466/1466/1466
f 1465/1465/1465 1461/1461/1461 1466/1466/1466
f 1422/1422/1422 1414/1414/1414 1466/1466/1466
f 1415/1415/1415 1466/1466/1466 1414/1414/1414
f 1462/1462/1462 1467/1467/1467 1464/1464/1464
f 1464/1464/1464 1467/1467/1467 1468/1468/1468
f 1469/1469/1469 1465/1465/1465 1466/1466/1466
f 1415/1415/1415 1469/1469/1469 1466/1466/1466
f 1462/1462/1462 1465/1465/1465 1470/1470/1470
f 1465/1465/1465 1469/1469/1469 1470/1470/1470
f 1467/1467/1467 1462/1462/1462 1470/1470/1470
f 1467/1467/1467 1470/1470/1470 1471/1471/1471
f 1467/1467/1467 1472/1472/1472 1468/1468/1468
f 1472/1472/1472 1467/1467/1467 1471/1471/1471
f 1468/1468/1468 1472/1472/1472 1473/1473/1473
f 1469/1469/1469 1415/1415/1415 1474/1474/1474
f 1469/1469/1469 1474/1474/1474 1470/1470/1470
f 1471/1471/1471 1470/1470/1470 1474/1474/1474
f 1415/1415/1415 1475/1475/1475 1474/1474/1474
f 1472/1472/1472 1476/1476/1476 1473/1473/1473
f 1476/1476/1476 1472/1472/1472 1471/1471/1471
f 1473/1473/1473 1476/1476/1476 1477/1477/1477
f 1478/1478/1478 1474/1474/1474 1475/1475/1475
f 1478/1478/1478 1471/1471/1471 1474/1474/1474
f 1478/1478/1478 1475/1475/1475 1479/1479/1479
f 1479/1479/1479 1480/1480/1480 1478/1478/1478
f 1471/1471/1471 1478/1478/1478 1480/1480/1480
f 1479/1479/1479 1481/1481/1481 1480/1480/1480
f 1476/1476/1476 1482/1482/1482 1477/1477/1477
f 1483/1483/1483 1477/1477/1477 1482/1482/1482
f 1484/1484/1484 1476/1476/1476 1471/1471/1471
f 1484/1484/1484 1471/1471/1471 1480/1480/1480
f 1482/1482/1482 1476/1476/1476 1484/1484/1484
f 1481/1481/1481 1485/1485/1485 1480/1480/1480
f 1484/1484/1484 1480/1480/1480 1485/1485/1485
f 1486/1486/1486 1482/1482/1482 1484/1484/1484
f 1486/1486/1486 1484/1484/1484 1485/1485/1485
f 1487/1487/1487 1485/1485/1485 1481/1481/1481
f 1486/1486/1486 1485/1485/1485 1487/1487/1487
f 1488/1488/1488 1487/1487/1487 1481/1481/1481
f 1489/1489/1489 1483/1483/1483 1482/1482/1482
f 1489/1489/1489 1482/1482/1482 1486/1486/1486
f 1490/1490/1490 1487/1487/1487 1488/1488/1488
f 1491/1491/1491 1490/1490/1490 1488/1488/1488
f 1490/1490/1490 1491/1491/1491 1492/1492/1492
f 1493/1493/1493 1490/1490/1490 1492/1492/1492
f 1494/1494/1494 1490/1490/1490 1493/1493/1493
f 1487/1487/1487 1490/1490/1490 1494/1494/1494
f 1495/1495/1495 1494/1494/1494 1493/1493/1493
f 1496/1496/1496 1494/1494/1494 1495/1495/1495
f 1497/1497/1497 1486/1486/1486 1487/1487/1487
f 1497/1497/1497 1487/1487/1487 1494/1494/1494
f 1486/1486/1486 1497/1497/1497 1489/1489/1489
f 1483/1483/1483 1489/1489/1489 1498/1498/1498
f 1499/1499/1499 1483/1483/1483 1498/1498/1498
f 1498/1498/1498 1489/1489/1489 1500/1500/1500
f 1500/1500/1500 1489/1489/1489 1497/1497/1497
f 1501/1501/1501 1498/1498/1498 1500/1500/1500
f 1497/1497/1497 1494/1494/1494 1502/1502/1502
f 1500/1500/1500 1497/1497/1497 1502/1502/1502
f 1500/1500/1500 1502/1502/1502 1501/1501/1501
f 1502/1502/1502 1494/1494/1494 1496/1496/1496
f 1501/1501/1501 1502/1502/1502 1503/1503/1503
f 1502/1502/1502 1496/1496/1496 1503/1503/1503
f 1504/1504/1504 1503/1503/1503 1496/1496/1496
s 27
f 1507/1507/1505 1506/1506/1506 1505/1505/1507
f 1508/1508/1508 1507/1507/1505 1505/1505/1507
f 1508/1508/1508 1505/1505/1507 1509/1509/1509
f 1510/1510/1510 1507/1507/1505 1508/1508/1508
f 1511/1511/1511 1508/1508/1508 1509/1509/1509
f 1511/1511/1511 1509/1509/1509 1512/1512/1512
f 1513/1513/1513 1510/1510/1510 1508/1508/1508
f 1513/1513/1513 1508/1508/1508 1511/1511/1511
f 1514/1514/1514 1510/1510/1510 1513/1513/1513
f 1515/1515/1515 1511/1511/1511 1512/1512/1512
f 1512/1512/1512 1516/1516/1516 1515/1515/1515
f 1517/1517/1517 1514/1514/1514 1513/1513/1513
f 1518/1518/1518 1514/1514/1514 1517/1517/1517
f 1511/1511/1511 1519/1519/1519 1513/1513/1513
f 1511/1511/1511 1515/1515/1515 1519/1519/1519
f 1513/1513/1513 1519/1519/1519 1517/1517/1517
f 1516/1516/1516 1520/1520/1520 1515/1515/1515
f 1520/1520/1520 1516/1516/1516 1521/1521/1521
f 1522/1522/1522 1518/1518/1518 1517/1517/1517
f 1523/1523/1523 1518/1518/1518 1522/1522/1522
f 1519/1519/1519 1524/1524/1524 1517/1517/1517
f 1522/1522/1522 1517/1517/1517 1524/1524/1524
f 1515/1515/1515 1525/1525/1525 1519/1519/1519
f 1515/1515/1515 1520/1520/1520 1525/1525/1525
f 1519/1519/1519 1525/1525/1525 1524/1524/1524
f 1526/1526/1526 1520/1520/1520 1521/1521/1521
f 1526/1526/1526 1521/1521/1521 1527/1527/1527
f 1528/1528/1528 1523/1523/1523 1522/1522/1522
f 1523/1523/1523 1528/1528/1528 1529/1529/1529
f 1530/1530/1530 1522/1522/1522 1524/1524/1524
f 1528/1528/1528 1522/1522/1522 1530/1530/1530
f 1528/1528/1528 1531/1531/1531 1529/1529/1529
f 1531/1531/1531 1528/1528/1528 1530/1530/1530
f 1531/1531/1531 1532/1532/1532 1529/1529/1529
f 1525/1525/1525 1533/1533/1533 1524/1524/1524
f 1524/1524/1524 1533/1533/1533 1530/1530/1530
f 1520/1520/1520 1534/1534/1534 1525/1525/1525
f 1520/1520/1520 1526/1526/1526 1534/1534/1534
f 1525/1525/1525 1534/1534/1534 1533/1533/1533
f 1531/1531/1531 1535/1535/1535 1532/1532/1532
f 1532/1532/1532 1535/1535/1535 1536/1536/1536
f 1530/1530/1530 1537/1537/1537 1531/1531/1531
f 1533/1533/1533 1537/1537/1537 1530/1530/1530
f 1537/1537/1537 1535/1535/1535 1531/1531/1531
f 1535/1535/1535 1538/1538/1538 1536/1536/1536
f 1536/1536/1536 1538/1538/1538 1539/1539/1539
f 1537/1537/1537 1533/1533/1533 1540/1540/1540
f 1534/1534/1534 1540/1540/1540 1533/1533/1533
f 1535/1535/1535 1537/1537/1537 1541/1541/1541
f 1538/1538/1538 1535/1535/1535 1541/1541/1541
f 1541/1541/1541 1537/1537/1537 1540/1540/1540
f 1526/1526/1526 1542/1542/1542 1534/1534/1534
f 1543/1543/1543 1540/1540/1540 1534/1534/1534
f 1542/1542/1542 1543/1543/1543 1534/1534/1534
f 1541/1541/1541 1540/1540/1540 1544/1544/1544
f 1544/1544/1544 1540/1540/1540 1543/1543/1543
f 1541/1541/1541 1545/1545/1545 1538/1538/1538
f 1545/1545/1545 1541/1541/1541 1544/1544/1544
f 1538/1538/1538 1546/1546/1546 1539/1539/1539
f 1545/1545/1545 1546/1546/1546 1538/1538/1538
f 1546/1546/1546 1547/1547/1547 1539/1539/1539
f 1547/1547/1547 1548/1548/1548 1539/1539/1539
f 1548/1548/1548 1547/1547/1547 1549/1549/1549
f 1546/1546/1546 1545/1545/1545 1550/1550/1550
f 1547/1547/1547 1546/1546/1546 1550/1550/1550
f 1547/1547/1547 1551/1551/1551 1549/1549/1549
f 1552/1552/1552 1549/1549/1549 1551/1551/1551
f 1545/1545/1545 1544/1544/1544 1553/1553/1553
f 1550/1550/1550 1545/1545/1545 1553/1553/1553
f 1547/1547/1547 1550/1550/1550 1554/1554/1554
f 1551/1551/1551 1547/1547/1547 1554/1554/1554
f 1554/1554/1554 1550/1550/1550 1555/1555/1555
f 1550/1550/1550 1553/1553/1553 1555/1555/1555
f 1551/1551/1551 1556/1556/1556 1552/1552/1552
f 1557/1557/1557 1552/1552/1552 1556/1556/1556
f 1558/1558/1558 1551/1551/1551 1554/1554/1554
f 1558/1558/1558 1554/1554/1554 1555/1555/1555
f 1559/1559/1559 1557/1557/1557 1556/1556/1556
f 1557/1557/1557 1559/1559/1559 1560/1560/1560
f 1561/1561/1561 1556/1556/1556 1551/1551/1551
f 1558/1558/1558 1561/1561/1561 1551/1551/1551
f 1561/1561/1561 1562/1562/1562 1556/1556/1556
f 1562/1562/1562 1559/1559/1559 1556/1556/1556
f 1559/1559/1559 1563/1563/1563 1560/1560/1560
f 1563/1563/1563 1564/1564/1564 1560/1560/1560
f 1565/1565/1565 1561/1561/1561 1558/1558/1558
f 1561/1561/1561 1565/1565/1565 1562/1562/1562
f 1562/1562/1562 1566/1566/1566 1559/1559/1559
f 1566/1566/1566 1563/1563/1563 1559/1559/1559
f 1565/1565/1565 1566/1566/1566 1562/1562/1562
f 1567/1567/1567 1558/1558/1558 1555/1555/1555
f 1565/1565/1565 1558/1558/1558 1567/1567/1567
f 1563/1563/1563 1568/1568/1568 1564/1564/1564
f 1566/1566/1566 1568/1568/1568 1563/1563/1563
f 1564/1564/1564 1568/1568/1568 1569/1569/1569
f 1569/1569/1569 1568/1568/1568 1566/1566/1566
f 1570/1570/1570 1564/1564/1564 1569/1569/1569
f 1569/1569/1569 1571/1571/1571 1570/1570/1570
f 1565/1565/1565 1572/1572/1572 1566/1566/1566
f 1569/1569/1569 1566/1566/1566 1572/1572/1572
f 1569/1569/1569 1572/1572/1572 1571/1571/1571
f 1567/1567/1567 1572/1572/1572 1565/1565/1565
f 1572/1572/1572 1573/1573/1573 1571/1571/1571
f 1573/1573/1573 1572/1572/1572 1567/1567/1567
f 1573/1573/1573 1574/1574/1574 1571/1571/1571
f 1575/1575/1575 1567/1567/1567 1555/1555/1555
f 1555/1555/1555 1553/1553/1553 1575/1575/1575
f 1576/1576/1576 1573/1573/1573 1567/1567/1567
f 1573/1573/1573 1576/1576/1576 1574/1574/1574
f 1575/1575/1575 1576/1576/1576 1567/1567/1567
f 1577/1577/1577 1574/1574/1574 1576/1576/1576
f 1578/1578/1578 1574/1574/1574 1577/1577/1577
f 1553/1553/1553 1579/1579/1579 1575/1575/1575
f 1553/1553/1553 1544/1544/1544 1579/1579/1579
f 1580/1580/1580 1576/1576/1576 1575/1575/1575
f 1580/1580/1580 1577/1577/1577 1576/1576/1576
f 1577/1577/1577 1580/1580/1580 1581/1581/1581
f 1578/1578/1578 1577/1577/1577 1582/1582/1582
f 1582/1582/1582 1577/1577/1577 1581/1581/1581
f 1582/1582/1582 1583/1583/1583 1578/1578/1578
f 1582/1582/1582 1581/1581/1581 1583/1583/1583
f 1584/1584/1584 1580/1580/1580 1575/1575/1575
f 1584/1584/1584 1575/1575/1575 1579/1579/1579
f 1544/1544/1544 1585/1585/1585 1579/1579/1579
f 1544/1544/1544 1543/1543/1543 1585/1585/1585
f 1581/1581/1581 1586/1586/1586 1583/1583/1583
f 1586/1586/1586 1587/1587/1587 1583/1583/1583
f 1580/1580/1580 1584/1584/1584 1588/1588/1588
f 1588/1588/1588 1581/1581/1581 1580/1580/1580
f 1588/1588/1588 1589/1589/1589 1581/1581/1581
f 1590/1590/1590 1584/1584/1584 1579/1579/1579
f 1590/1590/1590 1579/1579/1579 1585/1585/1585
f 1543/1543/1543 1591/1591/1591 1585/1585/1585
f 1591/1591/1591 1543/1543/1543 1542/1542/1542
f 1584/1584/1584 1592/1592/1592 1588/1588/1588
f 1592/1592/1592 1584/1584/1584 1590/1590/1590
f 1593/1593/1593 1590/1590/1590 1585/1585/1585
f 1585/1585/1585 1591/1591/1591 1593/1593/1593
f 1594/1594/1594 1587/1587/1587 1586/1586/1586
f 1587/1587/1587 1594/1594/1594 1595/1595/1595
f 1595/1595/1595 1594/1594/1594 1596/1596/1596
f 1588/1588/1588 1597/1597/1597 1589/1589/1589
f 1588/1588/1588 1592/1592/1592 1597/1597/1597
f 1598/1598/1598 1592/1592/1592 1590/1590/1590
f 1590/1590/1590 1593/1593/1593 1598/1598/1598
f 1594/1594/1594 1599/1599/1599 1596/1596/1596
f 1600/1600/1600 1596/1596/1596 1599/1599/1599
f 1592/1592/1592 1601/1601/1601 1597/1597/1597
f 1592/1592/1592 1598/1598/1598 1601/1601/1601
f 1597/1597/1597 1601/1601/1601 1602/1602/1602
f 1597/1597/1597 1603/1603/1603 1589/1589/1589
f 1597/1597/1597 1602/1602/1602 1603/1603/1603
f 1604/1604/1604 1600/1600/1600 1599/1599/1599
f 1605/1605/1605 1600/1600/1600 1604/1604/1604
f 1606/1606/1606 1605/1605/1605 1604/1604/1604
f 1604/1604/1604 1607/1607/1607 1606/1606/1606
f 1607/1607/1607 1608/1608/1608 1606/1606/1606
f 1599/1599/1599 1609/1609/1609 1604/1604/1604
f 1609/1609/1609 1607/1607/1607 1604/1604/1604
f 1607/1607/1607 1610/1610/1610 1608/1608/1608
f 1610/1610/1610 1611/1611/1611 1608/1608/1608
f 1599/1599/1599 1612/1612/1612 1609/1609/1609
f 1599/1599/1599 1594/1594/1594 1612/1612/1612
f 1607/1607/1607 1609/1609/1609 1613/1613/1613
f 1610/1610/1610 1607/1607/1607 1613/1613/1613
f 1611/1611/1611 1610/1610/1610 1614/1614/1614
f 1615/1615/1615 1611/1611/1611 1614/1614/1614
f 1614/1614/1614 1616/1616/1616 1615/1615/1615
f 1616/1616/1616 1617/1617/1617 1615/1615/1615
f 1614/1614/1614 1610/1610/1610 1618/1618/1618
f 1610/1610/1610 1613/1613/1613 1618/1618/1618
f 1619/1619/1619 1613/1613/1613 1609/1609/1609
f 1612/1612/1612 1619/1619/1619 1609/1609/1609
f 1594/1594/1594 1620/1620/1620 1612/1612/1612
f 1620/1620/1620 1594/1594/1594 1586/1586/1586
f 1612/1612/1612 1620/1620/1620 1621/1621/1621
f 1621/1621/1621 1620/1620/1620 1586/1586/1586
f 1619/1619/1619 1612/1612/1612 1621/1621/1621
f 1617/1617/1617 1616/1616/1616 1622/1622/1622
f 1623/1623/1623 1617/1617/1617 1622/1622/1622
f 1623/1623/1623 1622/1622/1622 1624/1624/1624
f 1625/1625/1625 1623/1623/1623 1624/1624/1624
f 1624/1624/1624 1622/1622/1622 1626/1626/1626
f 1626/1626/1626 1622/1622/1622 1616/1616/1616
f 1625/1625/1625 1624/1624/1624 1627/1627/1627
f 1626/1626/1626 1627/1627/1627 1624/1624/1624
f 1628/1628/1628 1625/1625/1625 1627/1627/1627
f 1628/1628/1628 1627/1627/1627 1629/1629/1629
f 1630/1630/1630 1628/1628/1628 1629/1629/1629
f 1586/1586/1586 1631/1631/1631 1621/1621/1621
f 1581/1581/1581 1631/1631/1631 1586/1586/1586
f 1589/1589/1589 1631/1631/1631 1581/1581/1581
f 1631/1631/1631 1589/1589/1589 1621/1621/1621
f 1589/1589/1589 1632/1632/1632 1621/1621/1621
f 1621/1621/1621 1632/1632/1632 1619/1619/1619
f 1633/1633/1633 1627/1627/1627 1626/1626/1626
f 1629/1629/1629 1627/1627/1627 1633/1633/1633
f 1629/1629/1629 1634/1634/1634 1630/1630/1630
f 1634/1634/1634 1635/1635/1635 1630/1630/1630
f 1589/1589/1589 1636/1636/1636 1632/1632/1632
f 1603/1603/1603 1636/1636/1636 1589/1589/1589
f 1629/1629/1629 1633/1633/1633 1637/1637/1637
f 1637/1637/1637 1634/1634/1634 1629/1629/1629
f 1635/1635/1635 1634/1634/1634 1638/1638/1638
f 1639/1639/1639 1635/1635/1635 1638/1638/1638
f 1639/1639/1639 1638/1638/1638 1640/1640/1640
f 1641/1641/1641 1639/1639/1639 1640/1640/1640
f 1642/1642/1642 1634/1634/1634 1637/1637/1637
f 1638/1638/1638 1634/1634/1634 1642/1642/1642
f 1636/1636/1636 1603/1603/1603 1643/1643/1643
f 1602/1602/1602 1643/1643/1643 1603/1603/1603
f 1637/1637/1637 1633/1633/1633 1644/1644/1644
f 1642/1642/1642 1637/1637/1637 1644/1644/1644
f 1638/1638/1638 1642/1642/1642 1645/1645/1645
f 1638/1638/1638 1645/1645/1645 1640/1640/1640
f 1645/1645/1645 1642/1642/1642 1646/1646/1646
f 1646/1646/1646 1642/1642/1642 1644/1644/1644
f 1645/1645/1645 1646/1646/1646 1640/1640/1640
f 1641/1641/1641 1640/1640/1640 1647/1647/1647
f 1648/1648/1648 1641/1641/1641 1647/1647/1647
f 1648/1648/1648 1647/1647/1647 1649/1649/1649
f 1650/1650/1650 1648/1648/1648 1649/1649/1649
f 1650/1650/1650 1649/1649/1649 1651/1651/1651
f 1652/1652/1652 1650/1650/1650 1651/1651/1651
f 1649/1649/1649 1653/1653/1653 1651/1651/1651
f 1653/1653/1653 1649/1649/1649 1647/1647/1647
f 1653/1653/1653 1654/1654/1654 1651/1651/1651
f 1655/1655/1655 1647/1647/1647 1640/1640/1640
f 1655/1655/1655 1653/1653/1653 1647/1647/1647
f 1654/1654/1654 1653/1653/1653 1656/1656/1656
f 1653/1653/1653 1655/1655/1655 1656/1656/1656
f 1657/1657/1657 1654/1654/1654 1656/1656/1656
f 1646/1646/1646 1658/1658/1658 1640/1640/1640
f 1658/1658/1658 1655/1655/1655 1640/1640/1640
f 1655/1655/1655 1658/1658/1658 1659/1659/1659
f 1658/1658/1658 1646/1646/1646 1660/1660/1660
f 1658/1658/1658 1660/1660/1660 1659/1659/1659
f 1646/1646/1646 1644/1644/1644 1660/1660/1660
f 1655/1655/1655 1661/1661/1661 1656/1656/1656
f 1661/1661/1661 1655/1655/1655 1659/1659/1659
f 1656/1656/1656 1662/1662/1662 1657/1657/1657
f 1656/1656/1656 1661/1661/1661 1662/1662/1662
f 1662/1662/1662 1663/1663/1663 1657/1657/1657
f 1663/1663/1663 1662/1662/1662 1664/1664/1664
f 1644/1644/1644 1665/1665/1665 1660/1660/1660
f 1644/1644/1644 1633/1633/1633 1665/1665/1665
f 1662/1662/1662 1666/1666/1666 1664/1664/1664
f 1527/1527/1527 1664/1664/1664 1666/1666/1666
f 1661/1661/1661 1667/1667/1667 1662/1662/1662
f 1666/1666/1666 1662/1662/1662 1667/1667/1667
f 1665/1665/1665 1668/1668/1668 1660/1660/1660
f 1659/1659/1659 1660/1660/1660 1668/1668/1668
f 1669/1669/1669 1665/1665/1665 1633/1633/1633
f 1668/1668/1668 1665/1665/1665 1669/1669/1669
f 1669/1669/1669 1633/1633/1633 1626/1626/1626
f 1670/1670/1670 1527/1527/1527 1666/1666/1666
f 1526/1526/1526 1527/1527/1527 1670/1670/1670
f 1542/1542/1542 1526/1526/1526 1670/1670/1670
f 1669/1669/1669 1671/1671/1671 1668/1668/1668
f 1668/1668/1668 1671/1671/1671 1659/1659/1659
f 1659/1659/1659 1671/1671/1671 1672/1672/1672
f 1672/1672/1672 1671/1671/1671 1673/1673/1673
f 1626/1626/1626 1674/1674/1674 1669/1669/1669
f 1674/1674/1674 1671/1671/1671 1669/1669/1669
f 1673/1673/1673 1671/1671/1671 1674/1674/1674
f 1674/1674/1674 1626/1626/1626 1616/1616/1616
f 1666/1666/1666 1675/1675/1675 1670/1670/1670
f 1675/1675/1675 1666/1666/1666 1667/1667/1667
f 1676/1676/1676 1542/1542/1542 1670/1670/1670
f 1675/1675/1675 1676/1676/1676 1670/1670/1670
f 1676/1676/1676 1591/1591/1591 1542/1542/1542
f 1677/1677/1677 1591/1591/1591 1676/1676/1676
f 1675/1675/1675 1677/1677/1677 1676/1676/1676
f 1591/1591/1591 1677/1677/1677 1593/1593/1593
f 1678/1678/1678 1674/1674/1674 1616/1616/1616
f 1678/1678/1678 1673/1673/1673 1674/1674/1674
f 1675/1675/1675 1667/1667/1667 1679/1679/1679
f 1677/1677/1677 1675/1675/1675 1679/1679/1679
f 1680/1680/1680 1593/1593/1593 1677/1677/1677
f 1679/1679/1679 1680/1680/1680 1677/1677/1677
f 1681/1681/1681 1678/1678/1678 1616/1616/1616
f 1614/1614/1614 1681/1681/1681 1616/1616/1616
f 1618/1618/1618 1681/1681/1681 1614/1614/1614
f 1682/1682/1682 1679/1679/1679 1667/1667/1667
f 1661/1661/1661 1682/1682/1682 1667/1667/1667
f 1682/1682/1682 1661/1661/1661 1659/1659/1659
f 1659/1659/1659 1672/1672/1672 1682/1682/1682
f 1682/1682/1682 1672/1672/1672 1679/1679/1679
f 1672/1672/1672 1680/1680/1680 1679/1679/1679
f 1680/1680/1680 1683/1683/1683 1593/1593/1593
f 1683/1683/1683 1680/1680/1680 1672/1672/1672
f 1593/1593/1593 1683/1683/1683 1598/1598/1598
f 1681/1681/1681 1684/1684/1684 1678/1678/1678
f 1678/1678/1678 1684/1684/1684 1673/1673/1673
f 1618/1618/1618 1685/1685/1685 1681/1681/1681
f 1681/1681/1681 1685/1685/1685 1684/1684/1684
f 1686/1686/1686 1672/1672/1672 1673/1673/1673
f 1686/1686/1686 1683/1683/1683 1672/1672/1672
f 1686/1686/1686 1673/1673/1673 1687/1687/1687
f 1683/1683/1683 1686/1686/1686 1687/1687/1687
f 1683/1683/1683 1688/1688/1688 1598/1598/1598
f 1688/1688/1688 1683/1683/1683 1687/1687/1687
f 1598/1598/1598 1688/1688/1688 1601/1601/1601
f 1684/1684/1684 1689/1689/1689 1673/1673/1673
f 1673/1673/1673 1689/1689/1689 1687/1687/1687
f 1601/1601/1601 1688/1688/1688 1690/1690/1690
f 1691/1691/1691 1688/1688/1688 1687/1687/1687
f 1691/1691/1691 1690/1690/1690 1688/1688/1688
f 1692/1692/1692 1601/1601/1601 1690/1690/1690
f 1601/1601/1601 1692/1692/1692 1602/1602/1602
f 1692/1692/1692 1690/1690/1690 1693/1693/1693
f 1694/1694/1694 1692/1692/1692 1693/1693/1693
f 1602/1602/1602 1692/1692/1692 1694/1694/1694
f 1695/1695/1695 1602/1602/1602 1694/1694/1694
f 1695/1695/1695 1696/1696/1696 1602/1602/1602
f 1693/1693/1693 1690/1690/1690 1697/1697/1697
f 1690/1690/1690 1691/1691/1691 1697/1697/1697
f 1696/1696/1696 1643/1643/1643 1602/1602/1602
f 1696/1696/1696 1698/1698/1698 1643/1643/1643
f 1697/1697/1697 1691/1691/1691 1699/1699/1699
f 1699/1699/1699 1691/1691/1691 1687/1687/1687
f 1700/1700/1700 1697/1697/1697 1699/1699/1699
f 1698/1698/1698 1701/1701/1701 1643/1643/1643
f 1701/1701/1701 1636/1636/1636 1643/1643/1643
f 1698/1698/1698 1702/1702/1702 1701/1701/1701
f 1703/1703/1703 1699/1699/1699 1687/1687/1687
f 1700/1700/1700 1699/1699/1699 1703/1703/1703
f 1689/1689/1689 1703/1703/1703 1687/1687/1687
f 1704/1704/1704 1700/1700/1700 1703/1703/1703
f 1705/1705/1705 1703/1703/1703 1689/1689/1689
f 1704/1704/1704 1703/1703/1703 1705/1705/1705
f 1706/1706/1706 1704/1704/1704 1705/1705/1705
f 1684/1684/1684 1705/1705/1705 1689/1689/1689
f 1706/1706/1706 1705/1705/1705 1707/1707/1707
f 1708/1708/1708 1705/1705/1705 1684/1684/1684
f 1705/1705/1705 1708/1708/1708 1707/1707/1707
f 1707/1707/1707 1708/1708/1708 1709/1709/1709
f 1685/1685/1685 1708/1708/1708 1684/1684/1684
f 1708/1708/1708 1710/1710/1710 1709/1709/1709
f 1710/1710/1710 1708/1708/1708 1685/1685/1685
f 1709/1709/1709 1710/1710/1710 1711/1711/1711
f 1710/1710/1710 1685/1685/1685 1712/1712/1712
f 1712/1712/1712 1685/1685/1685 1618/1618/1618
f 1710/1710/1710 1713/1713/1713 1711/1711/1711
f 1713/1713/1713 1710/1710/1710 1712/1712/1712
f 1711/1711/1711 1713/1713/1713 1714/1714/1714
f 1715/1715/1715 1712/1712/1712 1618/1618/1618
f 1613/1613/1613 1715/1715/1715 1618/1618/1618
f 1715/1715/1715 1613/1613/1613 1619/1619/1619
f 1713/1713/1713 1716/1716/1716 1714/1714/1714
f 1714/1714/1714 1716/1716/1716 1702/1702/1702
f 1713/1713/1713 1712/1712/1712 1717/1717/1717
f 1717/1717/1717 1712/1712/1712 1715/1715/1715
f 1716/1716/1716 1713/1713/1713 1717/1717/1717
f 1718/1718/1718 1715/1715/1715 1619/1619/1619
f 1718/1718/1718 1717/1717/1717 1715/1715/1715
f 1632/1632/1632 1718/1718/1718 1619/1619/1619
f 1716/1716/1716 1719/1719/1719 1702/1702/1702
f 1719/1719/1719 1716/1716/1716 1717/1717/1717
f 1702/1702/1702 1719/1719/1719 1701/1701/1701
f 1720/1720/1720 1717/1717/1717 1718/1718/1718
f 1632/1632/1632 1720/1720/1720 1718/1718/1718
f 1720/1720/1720 1719/1719/1719 1717/1717/1717
f 1719/1719/1719 1720/1720/1720 1701/1701/1701
f 1636/1636/1636 1720/1720/1720 1632/1632/1632
f 1720/1720/1720 1636/1636/1636 1701/1701/1701
s 28
f 1723/1723/1721 1722/1722/1722 1721/1721/1723
f 1724/1724/1724 1723/1723/1721 1721/1721/1723
f 1721/1721/1723 1725/1725/1725 1724/1724/1724
f 1725/1725/1725 1726/1726/1726 1724/1724/1724
f 1726/1726/1726 1727/1727/1727 1724/1724/1724
f 1728/1728/1728 1723/1723/1721 1724/1724/1724
f 1727/1727/1727 1729/1729/1729 1724/1724/1724
f 1729/1729/1729 1728/1728/1728 1724/1724/1724
f 1727/1727/1727 1730/1730/1730 1729/1729/1729
f 1730/1730/1730 1731/1731/1731 1729/1729/1729
f 1728/1728/1728 1729/1729/1729 1731/1731/1731
f 1732/1732/1732 1728/1728/1728 1731/1731/1731
s 29
f 1735/1735/1733 1734/1734/1734 1733/1733/1735
f 1736/1736/1736 1735/1735/1733 1733/1733/1735
f 1735/1735/1733 1736/1736/1736 1737/1737/1737
f 1737/1737/1737 1738/1738/1738 1735/1735/1733
f 1737/1737/1737 1739/1739/1739 1738/1738/1738
f 1738/1738/1738 1739/1739/1739 1740/1740/1740
f 1739/1739/1739 1741/1741/1741 1740/1740/1740
f 1741/1741/1741 1742/1742/1742 1740/1740/1740
f 1742/1742/1742 1743/1743/1743 1740/1740/1740
f 1742/1742/1742 1744/1744/1744 1743/1743/1743
f 1738/1738/1738 1740/1740/1740 1745/1745/1745
f 1745/1745/1745 1740/1740/1740 1743/1743/1743
f 1738/1738/1738 1746/1746/1746 1735/1735/1733
f 1746/1746/1746 1738/1738/1738 1745/1745/1745
f 1746/1746/1746 1747/1747/1747 1735/1735/1733
f 1748/1748/1748 1735/1735/1733 1747/1747/1747
f 1749/1749/1749 1748/1748/1748 1747/1747/1747
f 1744/1744/1744 1750/1750/1750 1743/1743/1743
f 1751/1751/1751 1750/1750/1750 1744/1744/1744
f 1751/1751/1751 1752/1752/1752 1750/1750/1750
f 1753/1753/1753 1752/1752/1752 1751/1751/1751
f 1754/1754/1754 1743/1743/1743 1750/1750/1750
f 1752/1752/1752 1754/1754/1754 1750/1750/1750
f 1753/1753/1753 1755/1755/1755 1752/1752/1752
f 1753/1753/1753 1756/1756/1756 1755/1755/1755
f 1755/1755/1755 1757/1757/1757 1752/1752/1752
f 1757/1757/1757 1754/1754/1754 1752/1752/1752
f 1754/1754/1754 1758/1758/1758 1743/1743/1743
f 1758/1758/1758 1745/1745/1745 1743/1743/1743
f 1754/1754/1754 1757/1757/1757 1759/1759/1759
f 1754/1754/1754 1759/1759/1759 1758/1758/1758
f 1760/1760/1760 1759/1759/1759 1757/1757/1757
f 1761/1761/1761 1758/1758/1758 1759/1759/1759
f 1760/1760/1760 1761/1761/1761 1759/1759/1759
f 1745/1745/1745 1758/1758/1758 1761/1761/1761
f 1761/1761/1761 1760/1760/1760 1762/1762/1762
f 1762/1762/1762 1763/1763/1763 1761/1761/1761
f 1764/1764/1764 1745/1745/1745 1761/1761/1761
f 1764/1764/1764 1761/1761/1761 1763/1763/1763
f 1746/1746/1746 1745/1745/1745 1764/1764/1764
f 1765/1765/1765 1764/1764/1764 1763/1763/1763
f 1766/1766/1766 1746/1746/1746 1764/1764/1764
f 1766/1766/1766 1764/1764/1764 1765/1765/1765
f 1765/1765/1765 1767/1767/1767 1766/1766/1766
f 1746/1746/1746 1766/1766/1766 1747/1747/1747
f 1766/1766/1766 1767/1767/1767 1768/1768/1768
f 1766/1766/1766 1768/1768/1768 1747/1747/1747
f 1767/1767/1767 1769/1769/1769 1768/1768/1768
f 1769/1769/1769 1770/1770/1770 1768/1768/1768
f 1770/1770/1770 1771/1771/1771 1768/1768/1768
f 1771/1771/1771 1747/1747/1747 1768/1768/1768
f 1771/1771/1771 1772/1772/1772 1747/1747/1747
f 1772/1772/1772 1773/1773/1773 1747/1747/1747
s 30
f 1776/1776/1774 1775/1775/1775 1774/1774/1776
f 1775/1775/1775 1777/1777/1777 1774/1774/1776
f 1775/1775/1775 1778/1778/1778 1777/1777/1777
f 1777/1777/1777 1779/1779/1779 1774/1774/1776
f 1779/1779/1779 1780/1780/1780 1774/1774/1776
f 1781/1781/1781 1779/1779/1779 1777/1777/1777
f 1778/1778/1778 1782/1782/1782 1777/1777/1777
f 1782/1782/1782 1781/1781/1781 1777/1777/1777
f 1778/1778/1778 1783/1783/1783 1782/1782/1782
f 1781/1781/1781 1782/1782/1782 1784/1784/1784
f 1783/1783/1783 1785/1785/1785 1782/1782/1782
f 1782/1782/1782 1785/1785/1785 1784/1784/1784
s 31
f 1788/1788/1786 1787/1787/1787 1786/1786/1788
f 1789/1789/1789 1788/1788/1786 1786/1786/1788
f 1786/1786/1788 1790/1790/1790 1789/1789/1789
f 1790/1790/1790 1791/1791/1791 1789/1789/1789
f 1790/1790/1790 1792/1792/1792 1791/1791/1791
f 1788/1788/1786 1789/1789/1789 1793/1793/1793
f 1789/1789/1789 1791/1791/1791 1794/1794/1794
f 1793/1793/1793 1789/1789/1789 1794/1794/1794
f 1795/1795/1795 1788/1788/1786 1793/1793/1793
f 1788/1788/1786 1795/1795/1795 1796/1796/1796
f 1795/1795/1795 1797/1797/1797 1796/1796/1796
f 1797/1797/1797 1795/1795/1795 1798/1798/1798
f 1798/1798/1798 1799/1799/1799 1797/1797/1797
f 1792/1792/1792 1800/1800/1800 1791/1791/1791
f 1791/1791/1791 1800/1800/1800 1801/1801/1801
f 1794/1794/1794 1791/1791/1791 1801/1801/1801
f 1802/1802/1802 1800/1800/1800 1792/1792/1792
f 1801/1801/1801 1800/1800/1800 1802/1802/1802
f 1802/1802/1802 1792/1792/1792 1803/1803/1803
f 1793/1793/1793 1794/1794/1794 1804/1804/1804
f 1793/1793/1793 1805/1805/1805 1795/1795/1795
f 1805/1805/1805 1793/1793/1793 1804/1804/1804
f 1805/1805/1805 1806/1806/1806 1795/1795/1795
f 1798/1798/1798 1795/1795/1795 1806/1806/1806
f 1794/1794/1794 1801/1801/1801 1807/1807/1807
f 1804/1804/1804 1794/1794/1794 1807/1807/1807
f 1805/1805/1805 1804/1804/1804 1808/1808/1808
f 1806/1806/1806 1805/1805/1805 1808/1808/1808
f 1809/1809/1809 1804/1804/1804 1807/1807/1807
f 1804/1804/1804 1809/1809/1809 1808/1808/1808
f 1810/1810/1810 1802/1802/1802 1803/1803/1803
f 1811/1811/1811 1801/1801/1801 1802/1802/1802
f 1810/1810/1810 1811/1811/1811 1802/1802/1802
f 1812/1812/1812 1810/1810/1810 1803/1803/1803
f 1811/1811/1811 1810/1810/1810 1812/1812/1812
f 1803/1803/1803 1813/1813/1813 1812/1812/1812
f 1813/1813/1813 1814/1814/1814 1812/1812/1812
f 1811/1811/1811 1812/1812/1812 1814/1814/1814
f 1801/1801/1801 1811/1811/1811 1815/1815/1815
f 1807/1807/1807 1801/1801/1801 1815/1815/1815
f 1811/1811/1811 1816/1816/1816 1815/1815/1815
f 1816/1816/1816 1817/1817/1817 1815/1815/1815
f 1817/1817/1817 1818/1818/1818 1815/1815/1815
f 1807/1807/1807 1815/1815/1815 1818/1818/1818
f 1818/1818/1818 1817/1817/1817 1819/1819/1819
f 1820/1820/1820 1818/1818/1818 1819/1819/1819
f 1821/1821/1821 1807/1807/1807 1818/1818/1818
f 1821/1821/1821 1818/1818/1818 1820/1820/1820
f 1821/1821/1821 1820/1820/1820 1822/1822/1822
f 1807/1807/1807 1821/1821/1821 1809/1809/1809
f 1823/1823/1823 1821/1821/1821 1822/1822/1822
f 1809/1809/1809 1821/1821/1821 1823/1823/1823
f 1822/1822/1822 1824/1824/1824 1823/1823/1823
f 1823/1823/1823 1825/1825/1825 1809/1809/1809
f 1824/1824/1824 1825/1825/1825 1823/1823/1823
f 1825/1825/1825 1808/1808/1808 1809/1809/1809
f 1824/1824/1824 1826/1826/1826 1825/1825/1825
f 1808/1808/1808 1825/1825/1825 1827/1827/1827
f 1826/1826/1826 1827/1827/1827 1825/1825/1825
f 1826/1826/1826 1828/1828/1828 1827/1827/1827
f 1826/1826/1826 1829/1829/1829 1828/1828/1828
f 1808/1808/1808 1827/1827/1827 1806/1806/1806
f 1827/1827/1827 1830/1830/1830 1806/1806/1806
f 1827/1827/1827 1828/1828/1828 1830/1830/1830
f 1830/1830/1830 1831/1831/1831 1806/1806/1806
f 1806/1806/1806 1831/1831/1831 1798/1798/1798
f 1831/1831/1831 1830/1830/1830 1832/1832/1832
f 1831/1831/1831 1832/1832/1832 1798/1798/1798
f 1828/1828/1828 1833/1833/1833 1830/1830/1830
f 1830/1830/1830 1833/1833/1833 1832/1832/1832
f 1832/1832/1832 1833/1833/1833 1834/1834/1834
f 1828/1828/1828 1834/1834/1834 1833/1833/1833
f 1798/1798/1798 1832/1832/1832 1835/1835/1835
f 1835/1835/1835 1832/1832/1832 1834/1834/1834
f 1798/1798/1798 1835/1835/1835 1799/1799/1799
f 1799/1799/1799 1835/1835/1835 1836/1836/1836
f 1837/1837/1837 1799/1799/1799 1836/1836/1836
f 1835/1835/1835 1834/1834/1834 1838/1838/1838
f 1836/1836/1836 1835/1835/1835 1838/1838/1838
f 1834/1834/1834 1839/1839/1839 1838/1838/1838
f 1840/1840/1840 1837/1837/1837 1836/1836/1836
f 1837/1837/1837 1840/1840/1840 1841/1841/1841
f 1842/1842/1842 1841/1841/1841 1840/1840/1840
f 1843/1843/1843 1842/1842/1842 1840/1840/1840
f 1844/1844/1844 1840/1840/1840 1836/1836/1836
f 1840/1840/1840 1844/1844/1844 1843/1843/1843
f 1844/1844/1844 1836/1836/1836 1838/1838/1838
f 1844/1844/1844 1845/1845/1845 1843/1843/1843
f 1845/1845/1845 1844/1844/1844 1838/1838/1838
f 1845/1845/1845 1846/1846/1846 1843/1843/1843
f 1838/1838/1838 1847/1847/1847 1845/1845/1845
f 1839/1839/1839 1847/1847/1847 1838/1838/1838
f 1845/1845/1845 1848/1848/1848 1846/1846/1846
f 1847/1847/1847 1848/1848/1848 1845/1845/1845
f 1848/1848/1848 1849/1849/1849 1846/1846/1846
f 1848/1848/1848 1850/1850/1850 1849/1849/1849
f 1850/1850/1850 1851/1851/1851 1849/1849/1849
f 1851/1851/1851 1850/1850/1850 1852/1852/1852
f 1848/1848/1848 1847/1847/1847 1853/1853/1853
f 1850/1850/1850 1848/1848/1848 1853/1853/1853
f 1850/1850/1850 1854/1854/1854 1852/1852/1852
f 1852/1852/1852 1854/1854/1854 1855/1855/1855
f 1839/1839/1839 1856/1856/1856 1847/1847/1847
f 1856/1856/1856 1853/1853/1853 1847/1847/1847
f 1853/1853/1853 1857/1857/1857 1850/1850/1850
f 1850/1850/1850 1857/1857/1857 1854/1854/1854
f 1854/1854/1854 1858/1858/1858 1855/1855/1855
f 1855/1855/1855 1858/1858/1858 1859/1859/1859
f 1860/1860/1860 1859/1859/1859 1858/1858/1858
f 1858/1858/1858 1854/1854/1854 1861/1861/1861
f 1857/1857/1857 1861/1861/1861 1854/1854/1854
f 1860/1860/1860 1858/1858/1858 1862/1862/1862
f 1862/1862/1862 1858/1858/1858 1861/1861/1861
f 1863/1863/1863 1860/1860/1860 1862/1862/1862
f 1863/1863/1863 1862/1862/1862 1864/1864/1864
f 1865/1865/1865 1863/1863/1863 1864/1864/1864
f 1866/1866/1866 1864/1864/1864 1862/1862/1862
f 1861/1861/1861 1866/1866/1866 1862/1862/1862
f 1867/1867/1867 1865/1865/1865 1864/1864/1864
f 1867/1867/1867 1864/1864/1864 1866/1866/1866
f 1868/1868/1868 1865/1865/1865 1867/1867/1867
f 1869/1869/1869 1868/1868/1868 1867/1867/1867
f 1868/1868/1868 1869/1869/1869 1870/1870/1870
f 1871/1871/1871 1867/1867/1867 1866/1866/1866
f 1867/1867/1867 1871/1871/1871 1869/1869/1869
f 1861/1861/1861 1872/1872/1872 1866/1866/1866
f 1866/1866/1866 1872/1872/1872 1871/1871/1871
f 1869/1869/1869 1873/1873/1873 1870/1870/1870
f 1870/1870/1870 1873/1873/1873 1874/1874/1874
f 1871/1871/1871 1875/1875/1875 1869/1869/1869
f 1869/1869/1869 1875/1875/1875 1873/1873/1873
f 1873/1873/1873 1876/1876/1876 1874/1874/1874
f 1874/1874/1874 1876/1876/1876 1877/1877/1877
f 1876/1876/1876 1878/1878/1878 1877/1877/1877
f 1879/1879/1879 1876/1876/1876 1873/1873/1873
f 1875/1875/1875 1879/1879/1879 1873/1873/1873
f 1876/1876/1876 1880/1880/1880 1878/1878/1878
f 1879/1879/1879 1880/1880/1880 1876/1876/1876
f 1880/1880/1880 1881/1881/1881 1878/1878/1878
f 1882/1882/1882 1881/1881/1881 1880/1880/1880
f 1883/1883/1883 1882/1882/1882 1880/1880/1880
f 1883/1883/1883 1880/1880/1880 1884/1884/1884
f 1879/1879/1879 1884/1884/1884 1880/1880/1880
f 1885/1885/1885 1883/1883/1883 1884/1884/1884
f 1884/1884/1884 1879/1879/1879 1886/1886/1886
f 1885/1885/1885 1884/1884/1884 1886/1886/1886
f 1879/1879/1879 1875/1875/1875 1886/1886/1886
f 1887/1887/1887 1885/1885/1885 1886/1886/1886
f 1888/1888/1888 1887/1887/1887 1886/1886/1886
f 1886/1886/1886 1875/1875/1875 1889/1889/1889
f 1889/1889/1889 1888/1888/1888 1886/1886/1886
f 1875/1875/1875 1871/1871/1871 1889/1889/1889
f 1872/1872/1872 1889/1889/1889 1871/1871/1871
f 1889/1889/1889 1872/1872/1872 1888/1888/1888
f 1888/1888/1888 1872/1872/1872 1890/1890/1890
f 1872/1872/1872 1891/1891/1891 1890/1890/1890
f 1891/1891/1891 1872/1872/1872 1861/1861/1861
f 1861/1861/1861 1857/1857/1857 1891/1891/1891
f 1890/1890/1890 1891/1891/1891 1892/1892/1892
f 1857/1857/1857 1892/1892/1892 1891/1891/1891
f 1893/1893/1893 1890/1890/1890 1892/1892/1892
f 1892/1892/1892 1857/1857/1857 1894/1894/1894
f 1894/1894/1894 1857/1857/1857 1853/1853/1853
f 1856/1856/1856 1894/1894/1894 1853/1853/1853
f 1893/1893/1893 1892/1892/1892 1895/1895/1895
f 1895/1895/1895 1892/1892/1892 1894/1894/1894
f 1893/1893/1893 1895/1895/1895 1896/1896/1896
f 1895/1895/1895 1897/1897/1897 1896/1896/1896
f 1896/1896/1896 1897/1897/1897 1898/1898/1898
f 1895/1895/1895 1894/1894/1894 1899/1899/1899
f 1897/1897/1897 1895/1895/1895 1899/1899/1899
f 1900/1900/1900 1898/1898/1898 1897/1897/1897
f 1898/1898/1898 1900/1900/1900 1901/1901/1901
f 1899/1899/1899 1894/1894/1894 1902/1902/1902
f 1894/1894/1894 1856/1856/1856 1902/1902/1902
f 1856/1856/1856 1903/1903/1903 1902/1902/1902
f 1904/1904/1904 1903/1903/1903 1856/1856/1856
f 1856/1856/1856 1839/1839/1839 1904/1904/1904
f 1899/1899/1899 1905/1905/1905 1897/1897/1897
f 1905/1905/1905 1899/1899/1899 1902/1902/1902
f 1905/1905/1905 1900/1900/1900 1897/1897/1897
f 1906/1906/1906 1905/1905/1905 1902/1902/1902
f 1902/1902/1902 1903/1903/1903 1906/1906/1906
f 1907/1907/1907 1900/1900/1900 1905/1905/1905
f 1905/1905/1905 1906/1906/1906 1907/1907/1907
f 1900/1900/1900 1908/1908/1908 1901/1901/1901
f 1908/1908/1908 1900/1900/1900 1907/1907/1907
f 1903/1903/1903 1909/1909/1909 1906/1906/1906
f 1907/1907/1907 1906/1906/1906 1909/1909/1909
f 1908/1908/1908 1910/1910/1910 1901/1901/1901
f 1901/1901/1901 1910/1910/1910 1911/1911/1911
f 1910/1910/1910 1912/1912/1912 1911/1911/1911
f 1911/1911/1911 1912/1912/1912 1913/1913/1913
f 1912/1912/1912 1914/1914/1914 1913/1913/1913
f 1910/1910/1910 1915/1915/1915 1912/1912/1912
f 1910/1910/1910 1908/1908/1908 1915/1915/1915
f 1914/1914/1914 1912/1912/1912 1916/1916/1916
f 1915/1915/1915 1916/1916/1916 1912/1912/1912
f 1917/1917/1917 1914/1914/1914 1916/1916/1916
f 1917/1917/1917 1916/1916/1916 1918/1918/1918
f 1919/1919/1919 1917/1917/1917 1918/1918/1918
f 1919/1919/1919 1918/1918/1918 1920/1920/1920
f 1915/1915/1915 1921/1921/1921 1916/1916/1916
f 1921/1921/1921 1918/1918/1918 1916/1916/1916
f 1908/1908/1908 1922/1922/1922 1915/1915/1915
f 1921/1921/1921 1915/1915/1915 1922/1922/1922
f 1923/1923/1923 1908/1908/1908 1907/1907/1907
f 1922/1922/1922 1908/1908/1908 1923/1923/1923
f 1918/1918/1918 1924/1924/1924 1920/1920/1920
f 1925/1925/1925 1920/1920/1920 1924/1924/1924
f 1921/1921/1921 1926/1926/1926 1918/1918/1918
f 1926/1926/1926 1924/1924/1924 1918/1918/1918
f 1923/1923/1923 1907/1907/1907 1927/1927/1927
f 1907/1907/1907 1909/1909/1909 1927/1927/1927
f 1909/1909/1909 1928/1928/1928 1927/1927/1927
f 1909/1909/1909 1903/1903/1903 1928/1928/1928
f 1928/1928/1928 1929/1929/1929 1927/1927/1927
f 1930/1930/1930 1928/1928/1928 1903/1903/1903
f 1931/1931/1931 1927/1927/1927 1929/1929/1929
f 1927/1927/1927 1931/1931/1931 1923/1923/1923
f 1932/1932/1932 1931/1931/1931 1929/1929/1929
f 1931/1931/1931 1933/1933/1933 1923/1923/1923
f 1933/1933/1933 1922/1922/1922 1923/1923/1923
f 1931/1931/1931 1932/1932/1932 1934/1934/1934
f 1933/1933/1933 1931/1931/1931 1934/1934/1934
f 1932/1932/1932 1935/1935/1935 1934/1934/1934
f 1922/1922/1922 1933/1933/1933 1936/1936/1936
f 1933/1933/1933 1934/1934/1934 1936/1936/1936
f 1936/1936/1936 1921/1921/1921 1922/1922/1922
f 1921/1921/1921 1936/1936/1936 1937/1937/1937
f 1937/1937/1937 1936/1936/1936 1934/1934/1934
f 1921/1921/1921 1937/1937/1937 1926/1926/1926
f 1938/1938/1938 1934/1934/1934 1935/1935/1935
f 1938/1938/1938 1937/1937/1937 1934/1934/1934
f 1935/1935/1935 1939/1939/1939 1938/1938/1938
f 1937/1937/1937 1940/1940/1940 1926/1926/1926
f 1937/1937/1937 1938/1938/1938 1940/1940/1940
f 1939/1939/1939 1941/1941/1941 1938/1938/1938
f 1938/1938/1938 1941/1941/1941 1940/1940/1940
f 1939/1939/1939 1942/1942/1942 1941/1941/1941
f 1942/1942/1942 1943/1943/1943 1941/1941/1941
f 1941/1941/1941 1943/1943/1943 1944/1944/1944
f 1940/1940/1940 1941/1941/1941 1944/1944/1944
f 1940/1940/1940 1944/1944/1944 1945/1945/1945
f 1926/1926/1926 1940/1940/1940 1945/1945/1945
f 1924/1924/1924 1926/1926/1926 1945/1945/1945
f 1946/1946/1946 1924/1924/1924 1945/1945/1945
f 1946/1946/1946 1925/1925/1925 1924/1924/1924
f 1947/1947/1947 1946/1946/1946 1945/1945/1945
f 1925/1925/1925 1946/1946/1946 1947/1947/1947
f 1948/1948/1948 1947/1947/1947 1945/1945/1945
f 1925/1925/1925 1947/1947/1947 1949/1949/1949
f 1949/1949/1949 1947/1947/1947 1948/1948/1948
s 32
f 1952/1952/1950 1951/1951/1951 1950/1950/1952
f 1950/1950/1952 1953/1953/1953 1952/1952/1950
f 1953/1953/1953 1954/1954/1954 1952/1952/1950
f 1952/1952/1950 1954/1954/1954 1955/1955/1955
f 1954/1954/1954 1953/1953/1953 1956/1956/1956
f 1954/1954/1954 1957/1957/1957 1955/1955/1955
f 1957/1957/1957 1954/1954/1954 1956/1956/1956
f 1957/1957/1957 1958/1958/1958 1955/1955/1955
f 1956/1956/1956 1959/1959/1959 1957/1957/1957
f 1958/1958/1958 1957/1957/1957 1960/1960/1960
f 1959/1959/1959 1960/1960/1960 1957/1957/1957
f 1961/1961/1961 1958/1958/1958 1960/1960/1960
f 1960/1960/1960 1959/1959/1959 1962/1962/1962
f 1960/1960/1960 1963/1963/1963 1961/1961/1961
f 1963/1963/1963 1960/1960/1960 1962/1962/1962
f 1963/1963/1963 1964/1964/1964 1961/1961/1961
f 1963/1963/1963 1962/1962/1962 1965/1965/1965
f 1964/1964/1964 1963/1963/1963 1966/1966/1966
f 1966/1966/1966 1963/1963/1963 1965/1965/1965
f 1967/1967/1967 1964/1964/1964 1966/1966/1966
f 1966/1966/1966 1965/1965/1965 1968/1968/1968
f 1968/1968/1968 1967/1967/1967 1966/1966/1966
f 1968/1968/1968 1965/1965/1965 1969/1969/1969
f 1968/1968/1968 1970/1970/1970 1967/1967/1967
f 1969/1969/1969 1970/1970/1970 1968/1968/1968
s 33
f 1973/1973/1971 1972/1972/1972 1971/1971/1973
f 1972/1972/1972 1974/1974/1974 1971/1971/1973
f 1975/1975/1975 1971/1971/1973 1974/1974/1974
f 1972/1972/1972 1976/1976/1976 1974/1974/1974
f 1977/1977/1977 1975/1975/1975 1974/1974/1974
f 1976/1976/1976 1978/1978/1978 1974/1974/1974
f 1978/1978/1978 1977/1977/1977 1974/1974/1974
f 1977/1977/1977 1979/1979/1979 1975/1975/1975
f 1979/1979/1979 1980/1980/1980 1975/1975/1975
f 1981/1981/1981 1978/1978/1978 1976/1976/1976
f 1982/1982/1982 1981/1981/1981 1976/1976/1976
f 1981/1981/1981 1982/1982/1982 1983/1983/1983
f 1984/1984/1984 1981/1981/1981 1983/1983/1983
f 1984/1984/1984 1985/1985/1985 1981/1981/1981
f 1981/1981/1981 1985/1985/1985 1978/1978/1978
f 1984/1984/1984 1986/1986/1986 1985/1985/1985
f 1978/1978/1978 1987/1987/1987 1977/1977/1977
f 1985/1985/1985 1987/1987/1987 1978/1978/1978
f 1987/1987/1987 1979/1979/1979 1977/1977/1977
f 1986/1986/1986 1988/1988/1988 1985/1985/1985
f 1987/1987/1987 1985/1985/1985 1988/1988/1988
f 1986/1986/1986 1989/1989/1989 1988/1988/1988
f 1980/1980/1980 1979/1979/1979 1990/1990/1990
f 1991/1991/1991 1980/1980/1980 1990/1990/1990
f 1990/1990/1990 1992/1992/1992 1991/1991/1991
f 1992/1992/1992 1990/1990/1990 1993/1993/1993
f 1979/1979/1979 1987/1987/1987 1994/1994/1994
f 1990/1990/1990 1979/1979/1979 1994/1994/1994
f 1994/1994/1994 1987/1987/1987 1988/1988/1988
f 1990/1990/1990 1994/1994/1994 1993/1993/1993
f 1994/1994/1994 1988/1988/1988 1995/1995/1995
f 1993/1993/1993 1994/1994/1994 1995/1995/1995
f 1989/1989/1989 1995/1995/1995 1988/1988/1988
f 1995/1995/1995 1996/1996/1996 1993/1993/1993
f 1995/1995/1995 1997/1997/1997 1996/1996/1996
f 1997/1997/1997 1995/1995/1995 1989/1989/1989
f 1998/1998/1998 1997/1997/1997 1989/1989/1989
s 34
f 2001/2001/1999 2000/2000/2000 1999/1999/2001
f 2002/2002/2002 2001/2001/1999 1999/1999/2001
f 2002/2002/2002 2003/2003/2003 2001/2001/1999
f 2004/2004/2004 2002/2002/2002 1999/1999/2001
f 2005/2005/2005 2004/2004/2004 1999/1999/2001
f 2002/2002/2002 2006/2006/2006 2003/2003/2003
f 2006/2006/2006 2007/2007/2007 2003/2003/2003
f 2008/2008/2008 2007/2007/2007 2006/2006/2006
f 2009/2009/2009 2002/2002/2002 2004/2004/2004
f 2009/2009/2009 2006/2006/2006 2002/2002/2002
f 2010/2010/2010 2004/2004/2004 2005/2005/2005
f 2011/2011/2011 2010/2010/2010 2005/2005/2005
f 2010/2010/2010 2011/2011/2011 2012/2012/2012
f 2013/2013/2013 2010/2010/2010 2012/2012/2012
f 2013/2013/2013 2014/2014/2014 2010/2010/2010
f 2004/2004/2004 2010/2010/2010 2015/2015/2015
f 2014/2014/2014 2015/2015/2015 2010/2010/2010
f 2009/2009/2009 2004/2004/2004 2015/2015/2015
f 2015/2015/2015 2014/2014/2014 2016/2016/2016
f 2017/2017/2017 2008/2008/2008 2006/2006/2006
f 2018/2018/2018 2008/2008/2008 2017/2017/2017
f 2006/2006/2006 2009/2009/2009 2019/2019/2019
f 2009/2009/2009 2015/2015/2015 2019/2019/2019
f 2017/2017/2017 2006/2006/2006 2019/2019/2019
f 2020/2020/2020 2015/2015/2015 2016/2016/2016
f 2015/2015/2015 2020/2020/2020 2019/2019/2019
f 2016/2016/2016 2021/2021/2021 2020/2020/2020
f 2021/2021/2021 2022/2022/2022 2020/2020/2020
f 2019/2019/2019 2020/2020/2020 2022/2022/2022
f 2022/2022/2022 2023/2023/2023 2019/2019/2019
f 2019/2019/2019 2023/2023/2023 2017/2017/2017
f 2022/2022/2022 2024/2024/2024 2023/2023/2023
f 2025/2025/2025 2018/2018/2018 2017/2017/2017
f 2023/2023/2023 2025/2025/2025 2017/2017/2017
f 2018/2018/2018 2025/2025/2025 2026/2026/2026
f 2024/2024/2024 2027/2027/2027 2023/2023/2023
f 2027/2027/2027 2025/2025/2025 2023/2023/2023
f 2027/2027/2027 2024/2024/2024 2028/2028/2028
f 2025/2025/2025 2029/2029/2029 2026/2026/2026
f 2029/2029/2029 2025/2025/2025 2027/2027/2027
f 2030/2030/2030 2026/2026/2026 2029/2029/2029
f 2031/2031/2031 2030/2030/2030 2029/2029/2029
f 2032/2032/2032 2027/2027/2027 2028/2028/2028
f 2032/2032/2032 2029/2029/2029 2027/2027/2027
f 2031/2031/2031 2029/2029/2029 2032/2032/2032
f 2032/2032/2032 2028/2028/2028 2033/2033/2033
f 2034/2034/2034 2031/2031/2031 2032/2032/2032
f 2034/2034/2034 2032/2032/2032 2033/2033/2033
s 35
f 2037/2037/2035 2036/2036/2036 2035/2035/2037
f 2038/2038/2038 2037/2037/2035 2035/2035/2037
f 2038/2038/2038 2035/2035/2037 2039/2039/2039
f 2040/2040/2040 2037/2037/2035 2038/2038/2038
f 2041/2041/2041 2038/2038/2038 2039/2039/2039
f 2039/2039/2039 2042/2042/2042 2041/2041/2041
f 2043/2043/2043 2040/2040/2040 2038/2038/2038
f 2043/2043/2043 2038/2038/2038 2041/2041/2041
f 2044/2044/2044 2040/2040/2040 2043/2043/2043
f 2042/2042/2042 2045/2045/2045 2041/2041/2041
f 2046/2046/2046 2043/2043/2043 2041/2041/2041
f 2041/2041/2041 2045/2045/2045 2046/2046/2046
f 2047/2047/2047 2044/2044/2044 2043/2043/2043
f 2047/2047/2047 2043/2043/2043 2046/2046/2046
f 2044/2044/2044 2047/2047/2047 2048/2048/2048
f 2049/2049/2049 2044/2044/2044 2048/2048/2048
f 2050/2050/2050 2049/2049/2049 2048/2048/2048
f 2045/2045/2045 2042/2042/2042 2051/2051/2051
f 2042/2042/2042 2052/2052/2052 2051/2051/2051
f 2053/2053/2053 2047/2047/2047 2046/2046/2046
f 2048/2048/2048 2047/2047/2047 2053/2053/2053
f 2045/2045/2045 2054/2054/2054 2046/2046/2046
f 2046/2046/2046 2054/2054/2054 2053/2053/2053
f 2045/2045/2045 2051/2051/2051 2054/2054/2054
f 2055/2055/2055 2050/2050/2050 2048/2048/2048
f 2056/2056/2056 2050/2050/2050 2055/2055/2055
f 2057/2057/2057 2048/2048/2048 2053/2053/2053
f 2053/2053/2053 2054/2054/2054 2057/2057/2057
f 2057/2057/2057 2058/2058/2058 2048/2048/2048
f 2058/2058/2058 2055/2055/2055 2048/2048/2048
f 2054/2054/2054 2059/2059/2059 2057/2057/2057
f 2057/2057/2057 2059/2059/2059 2058/2058/2058
f 2051/2051/2051 2052/2052/2052 2060/2060/2060
f 2052/2052/2052 2061/2061/2061 2060/2060/2060
f 2051/2051/2051 2062/2062/2062 2054/2054/2054
f 2059/2059/2059 2054/2054/2054 2062/2062/2062
f 2063/2063/2063 2060/2060/2060 2061/2061/2061
f 2064/2064/2064 2063/2063/2063 2061/2061/2061
f 2065/2065/2065 2063/2063/2063 2064/2064/2064
f 2066/2066/2066 2065/2065/2065 2064/2064/2064
f 2065/2065/2065 2066/2066/2066 2067/2067/2067
f 2068/2068/2068 2051/2051/2051 2060/2060/2060
f 2062/2062/2062 2051/2051/2051 2068/2068/2068
f 2069/2069/2069 2060/2060/2060 2063/2063/2063
f 2069/2069/2069 2063/2063/2063 2065/2065/2065
f 2068/2068/2068 2060/2060/2060 2069/2069/2069
f 2070/2070/2070 2065/2065/2065 2067/2067/2067
f 2070/2070/2070 2067/2067/2067 2071/2071/2071
f 2072/2072/2072 2059/2059/2059 2062/2062/2062
f 2062/2062/2062 2068/2068/2068 2073/2073/2073
f 2062/2062/2062 2073/2073/2073 2072/2072/2072
f 2074/2074/2074 2068/2068/2068 2069/2069/2069
f 2068/2068/2068 2074/2074/2074 2073/2073/2073
f 2075/2075/2075 2069/2069/2069 2065/2065/2065
f 2074/2074/2074 2069/2069/2069 2075/2075/2075
f 2075/2075/2075 2065/2065/2065 2076/2076/2076
f 2065/2065/2065 2070/2070/2070 2076/2076/2076
f 2076/2076/2076 2070/2070/2070 2077/2077/2077
f 2078/2078/2078 2070/2070/2070 2071/2071/2071
f 2070/2070/2070 2078/2078/2078 2077/2077/2077
f 2078/2078/2078 2071/2071/2071 2079/2079/2079
f 2078/2078/2078 2079/2079/2079 2077/2077/2077
f 2071/2071/2071 2080/2080/2080 2079/2079/2079
f 2081/2081/2081 2074/2074/2074 2075/2075/2075
f 2081/2081/2081 2075/2075/2075 2076/2076/2076
f 2074/2074/2074 2082/2082/2082 2073/2073/2073
f 2082/2082/2082 2074/2074/2074 2081/2081/2081
f 2083/2083/2083 2081/2081/2081 2076/2076/2076
f 2076/2076/2076 2077/2077/2077 2083/2083/2083
f 2080/2080/2080 2084/2084/2084 2079/2079/2079
f 2085/2085/2085 2084/2084/2084 2080/2080/2080
f 2084/2084/2084 2085/2085/2085 2086/2086/2086
f 2085/2085/2085 2087/2087/2087 2086/2086/2086
f 2084/2084/2084 2088/2088/2088 2079/2079/2079
f 2084/2084/2084 2086/2086/2086 2088/2088/2088
f 2086/2086/2086 2087/2087/2087 2089/2089/2089
f 2087/2087/2087 2090/2090/2090 2089/2089/2089
f 2090/2090/2090 2091/2091/2091 2089/2089/2089
f 2092/2092/2092 2082/2082/2082 2081/2081/2081
f 2092/2092/2092 2081/2081/2081 2083/2083/2083
f 2079/2079/2079 2093/2093/2093 2077/2077/2077
f 2079/2079/2079 2088/2088/2088 2093/2093/2093
f 2086/2086/2086 2094/2094/2094 2088/2088/2088
f 2086/2086/2086 2089/2089/2089 2094/2094/2094
f 2088/2088/2088 2095/2095/2095 2093/2093/2093
f 2095/2095/2095 2088/2088/2088 2094/2094/2094
f 2077/2077/2077 2093/2093/2093 2096/2096/2096
f 2093/2093/2093 2095/2095/2095 2096/2096/2096
f 2077/2077/2077 2097/2097/2097 2083/2083/2083
f 2077/2077/2077 2096/2096/2096 2097/2097/2097
f 2097/2097/2097 2096/2096/2096 2098/2098/2098
f 2095/2095/2095 2099/2099/2099 2096/2096/2096
f 2098/2098/2098 2096/2096/2096 2099/2099/2099
f 2100/2100/2100 2095/2095/2095 2094/2094/2094
f 2095/2095/2095 2100/2100/2100 2099/2099/2099
f 2089/2089/2089 2101/2101/2101 2094/2094/2094
f 2094/2094/2094 2101/2101/2101 2100/2100/2100
f 2102/2102/2102 2083/2083/2083 2097/2097/2097
f 2102/2102/2102 2092/2092/2092 2083/2083/2083
f 2098/2098/2098 2103/2103/2103 2097/2097/2097
f 2103/2103/2103 2102/2102/2102 2097/2097/2097
f 2101/2101/2101 2089/2089/2089 2104/2104/2104
f 2091/2091/2091 2104/2104/2104 2089/2089/2089
f 2105/2105/2105 2104/2104/2104 2091/2091/2091
f 2106/2106/2106 2105/2105/2105 2091/2091/2091
f 2106/2106/2106 2107/2107/2107 2105/2105/2105
f 2107/2107/2107 2108/2108/2108 2105/2105/2105
f 2109/2109/2109 2101/2101/2101 2104/2104/2104
f 2104/2104/2104 2105/2105/2105 2109/2109/2109
f 2105/2105/2105 2108/2108/2108 2110/2110/2110
f 2105/2105/2105 2110/2110/2110 2109/2109/2109
f 2108/2108/2108 2111/2111/2111 2110/2110/2110
f 2110/2110/2110 2111/2111/2111 2112/2112/2112
f 2101/2101/2101 2109/2109/2109 2113/2113/2113
f 2101/2101/2101 2113/2113/2113 2100/2100/2100
f 2114/2114/2114 2109/2109/2109 2110/2110/2110
f 2109/2109/2109 2114/2114/2114 2113/2113/2113
f 2112/2112/2112 2115/2115/2115 2110/2110/2110
f 2115/2115/2115 2114/2114/2114 2110/2110/2110
f 2113/2113/2113 2116/2116/2116 2100/2100/2100
f 2116/2116/2116 2113/2113/2113 2114/2114/2114
f 2117/2117/2117 2115/2115/2115 2112/2112/2112
f 2118/2118/2118 2117/2117/2117 2112/2112/2112
f 2114/2114/2114 2115/2115/2115 2119/2119/2119
f 2119/2119/2119 2116/2116/2116 2114/2114/2114
f 2116/2116/2116 2120/2120/2120 2100/2100/2100
f 2100/2100/2100 2120/2120/2120 2099/2099/2099
f 2117/2117/2117 2118/2118/2118 2121/2121/2121
f 2118/2118/2118 2122/2122/2122 2121/2121/2121
f 2122/2122/2122 2123/2123/2123 2121/2121/2121
f 2115/2115/2115 2117/2117/2117 2124/2124/2124
f 2124/2124/2124 2119/2119/2119 2115/2115/2115
f 2124/2124/2124 2117/2117/2117 2125/2125/2125
f 2117/2117/2117 2121/2121/2121 2125/2125/2125
f 2119/2119/2119 2124/2124/2124 2125/2125/2125
f 2123/2123/2123 2126/2126/2126 2121/2121/2121
f 2121/2121/2121 2126/2126/2126 2125/2125/2125
f 2126/2126/2126 2123/2123/2123 2127/2127/2127
f 2116/2116/2116 2119/2119/2119 2128/2128/2128
f 2128/2128/2128 2119/2119/2119 2125/2125/2125
f 2116/2116/2116 2129/2129/2129 2120/2120/2120
f 2129/2129/2129 2116/2116/2116 2128/2128/2128
f 2126/2126/2126 2130/2130/2130 2125/2125/2125
f 2128/2128/2128 2125/2125/2125 2130/2130/2130
f 2131/2131/2131 2126/2126/2126 2127/2127/2127
f 2130/2130/2130 2126/2126/2126 2131/2131/2131
f 2132/2132/2132 2128/2128/2128 2130/2130/2130
f 2129/2129/2129 2128/2128/2128 2132/2132/2132
f 2129/2129/2129 2133/2133/2133 2120/2120/2120
f 2120/2120/2120 2133/2133/2133 2099/2099/2099
f 2131/2131/2131 2127/2127/2127 2134/2134/2134
f 2127/2127/2127 2135/2135/2135 2134/2134/2134
f 2136/2136/2136 2130/2130/2130 2131/2131/2131
f 2130/2130/2130 2136/2136/2136 2132/2132/2132
f 2136/2136/2136 2131/2131/2131 2134/2134/2134
f 2137/2137/2137 2129/2129/2129 2132/2132/2132
f 2133/2133/2133 2129/2129/2129 2137/2137/2137
f 2133/2133/2133 2138/2138/2138 2099/2099/2099
f 2138/2138/2138 2098/2098/2098 2099/2099/2099
f 2134/2134/2134 2135/2135/2135 2139/2139/2139
f 2135/2135/2135 2140/2140/2140 2139/2139/2139
f 2139/2139/2139 2140/2140/2140 2141/2141/2141
f 2133/2133/2133 2142/2142/2142 2138/2138/2138
f 2142/2142/2142 2133/2133/2133 2137/2137/2137
f 2143/2143/2143 2136/2136/2136 2134/2134/2134
f 2143/2143/2143 2134/2134/2134 2139/2139/2139
f 2136/2136/2136 2144/2144/2144 2132/2132/2132
f 2144/2144/2144 2137/2137/2137 2132/2132/2132
f 2145/2145/2145 2139/2139/2139 2141/2141/2141
f 2146/2146/2146 2145/2145/2145 2141/2141/2141
f 2144/2144/2144 2136/2136/2136 2147/2147/2147
f 2136/2136/2136 2143/2143/2143 2147/2147/2147
f 2137/2137/2137 2144/2144/2144 2148/2148/2148
f 2144/2144/2144 2147/2147/2147 2148/2148/2148
f 2149/2149/2149 2143/2143/2143 2139/2139/2139
f 2149/2149/2149 2139/2139/2139 2145/2145/2145
f 2145/2145/2145 2146/2146/2146 2150/2150/2150
f 2150/2150/2150 2146/2146/2146 2151/2151/2151
f 2152/2152/2152 2150/2150/2150 2151/2151/2151
f 2147/2147/2147 2143/2143/2143 2153/2153/2153
f 2143/2143/2143 2149/2149/2149 2153/2153/2153
f 2154/2154/2154 2149/2149/2149 2145/2145/2145
f 2154/2154/2154 2145/2145/2145 2150/2150/2150
f 2149/2149/2149 2154/2154/2154 2153/2153/2153
f 2150/2150/2150 2152/2152/2152 2155/2155/2155
f 2152/2152/2152 2156/2156/2156 2155/2155/2155
f 2154/2154/2154 2150/2150/2150 2157/2157/2157
f 2154/2154/2154 2157/2157/2157 2153/2153/2153
f 2150/2150/2150 2155/2155/2155 2157/2157/2157
f 2153/2153/2153 2158/2158/2158 2147/2147/2147
f 2158/2158/2158 2148/2148/2148 2147/2147/2147
f 2157/2157/2157 2159/2159/2159 2153/2153/2153
f 2159/2159/2159 2157/2157/2157 2155/2155/2155
f 2159/2159/2159 2158/2158/2158 2153/2153/2153
f 2160/2160/2160 2155/2155/2155 2156/2156/2156
f 2160/2160/2160 2159/2159/2159 2155/2155/2155
f 2161/2161/2161 2160/2160/2160 2156/2156/2156
f 2158/2158/2158 2159/2159/2159 2162/2162/2162
f 2162/2162/2162 2159/2159/2159 2160/2160/2160
f 2163/2163/2163 2160/2160/2160 2161/2161/2161
f 2163/2163/2163 2162/2162/2162 2160/2160/2160
f 2164/2164/2164 2162/2162/2162 2163/2163/2163
f 2165/2165/2165 2163/2163/2163 2161/2161/2161
f 2166/2166/2166 2158/2158/2158 2162/2162/2162
f 2158/2158/2158 2166/2166/2166 2148/2148/2148
f 2162/2162/2162 2164/2164/2164 2166/2166/2166
f 2163/2163/2163 2165/2165/2165 2167/2167/2167
f 2167/2167/2167 2164/2164/2164 2163/2163/2163
f 2165/2165/2165 2168/2168/2168 2167/2167/2167
f 2168/2168/2168 2169/2169/2169 2167/2167/2167
f 2164/2164/2164 2167/2167/2167 2169/2169/2169
f 2170/2170/2170 2169/2169/2169 2168/2168/2168
f 2170/2170/2170 2171/2171/2171 2169/2169/2169
f 2166/2166/2166 2172/2172/2172 2148/2148/2148
f 2148/2148/2148 2172/2172/2172 2137/2137/2137
f 2172/2172/2172 2142/2142/2142 2137/2137/2137
f 2172/2172/2172 2166/2166/2166 2173/2173/2173
f 2172/2172/2172 2173/2173/2173 2142/2142/2142
f 2164/2164/2164 2174/2174/2174 2166/2166/2166
f 2166/2166/2166 2174/2174/2174 2173/2173/2173
f 2173/2173/2173 2175/2175/2175 2142/2142/2142
f 2142/2142/2142 2175/2175/2175 2138/2138/2138
f 2098/2098/2098 2138/2138/2138 2175/2175/2175
f 2175/2175/2175 2173/2173/2173 2176/2176/2176
f 2176/2176/2176 2098/2098/2098 2175/2175/2175
f 2173/2173/2173 2174/2174/2174 2177/2177/2177
f 2173/2173/2173 2177/2177/2177 2176/2176/2176
f 2174/2174/2174 2164/2164/2164 2178/2178/2178
f 2174/2174/2174 2178/2178/2178 2177/2177/2177
f 2098/2098/2098 2176/2176/2176 2179/2179/2179
f 2103/2103/2103 2098/2098/2098 2179/2179/2179
f 2177/2177/2177 2180/2180/2180 2176/2176/2176
f 2180/2180/2180 2177/2177/2177 2178/2178/2178
f 2180/2180/2180 2179/2179/2179 2176/2176/2176
f 2164/2164/2164 2181/2181/2181 2178/2178/2178
f 2181/2181/2181 2164/2164/2164 2169/2169/2169
f 2103/2103/2103 2179/2179/2179 2182/2182/2182
f 2102/2102/2102 2103/2103/2103 2182/2182/2182
f 2180/2180/2180 2183/2183/2183 2179/2179/2179
f 2183/2183/2183 2182/2182/2182 2179/2179/2179
f 2184/2184/2184 2180/2180/2180 2178/2178/2178
f 2178/2178/2178 2181/2181/2181 2184/2184/2184
f 2180/2180/2180 2184/2184/2184 2183/2183/2183
f 2181/2181/2181 2169/2169/2169 2185/2185/2185
f 2171/2171/2171 2185/2185/2185 2169/2169/2169
f 2102/2102/2102 2182/2182/2182 2186/2186/2186
f 2092/2092/2092 2102/2102/2102 2186/2186/2186
f 2182/2182/2182 2183/2183/2183 2187/2187/2187
f 2186/2186/2186 2182/2182/2182 2187/2187/2187
f 2092/2092/2092 2186/2186/2186 2188/2188/2188
f 2082/2082/2082 2092/2092/2092 2188/2188/2188
f 2188/2188/2188 2186/2186/2186 2189/2189/2189
f 2186/2186/2186 2187/2187/2187 2189/2189/2189
f 2082/2082/2082 2188/2188/2188 2190/2190/2190
f 2190/2190/2190 2188/2188/2188 2189/2189/2189
f 2073/2073/2073 2082/2082/2082 2190/2190/2190
f 2073/2073/2073 2190/2190/2190 2072/2072/2072
f 2191/2191/2191 2181/2181/2181 2185/2185/2185
f 2181/2181/2181 2191/2191/2191 2184/2184/2184
f 2192/2192/2192 2191/2191/2191 2185/2185/2185
f 2191/2191/2191 2192/2192/2192 2184/2184/2184
f 2184/2184/2184 2193/2193/2193 2183/2183/2183
f 2192/2192/2192 2193/2193/2193 2184/2184/2184
f 2194/2194/2194 2187/2187/2187 2183/2183/2183
f 2193/2193/2193 2194/2194/2194 2183/2183/2183
f 2195/2195/2195 2189/2189/2189 2187/2187/2187
f 2194/2194/2194 2195/2195/2195 2187/2187/2187
f 2190/2190/2190 2189/2189/2189 2196/2196/2196
f 2189/2189/2189 2195/2195/2195 2196/2196/2196
f 2072/2072/2072 2190/2190/2190 2197/2197/2197
f 2190/2190/2190 2196/2196/2196 2197/2197/2197
f 2198/2198/2198 2192/2192/2192 2185/2185/2185
f 2185/2185/2185 2171/2171/2171 2198/2198/2198
f 2171/2171/2171 2199/2199/2199 2198/2198/2198
f 2192/2192/2192 2200/2200/2200 2193/2193/2193
f 2200/2200/2200 2194/2194/2194 2193/2193/2193
f 2192/2192/2192 2198/2198/2198 2200/2200/2200
f 2201/2201/2201 2198/2198/2198 2199/2199/2199
f 2198/2198/2198 2201/2201/2201 2200/2200/2200
f 2202/2202/2202 2201/2201/2201 2199/2199/2199
f 2194/2194/2194 2200/2200/2200 2203/2203/2203
f 2203/2203/2203 2200/2200/2200 2201/2201/2201
f 2195/2195/2195 2194/2194/2194 2203/2203/2203
f 2201/2201/2201 2202/2202/2202 2204/2204/2204
f 2204/2204/2204 2203/2203/2203 2201/2201/2201
f 2202/2202/2202 2205/2205/2205 2204/2204/2204
f 2204/2204/2204 2205/2205/2205 2206/2206/2206
f 2204/2204/2204 2206/2206/2206 2203/2203/2203
f 2205/2205/2205 2207/2207/2207 2206/2206/2206
f 2203/2203/2203 2208/2208/2208 2195/2195/2195
f 2206/2206/2206 2208/2208/2208 2203/2203/2203
f 2208/2208/2208 2196/2196/2196 2195/2195/2195
f 2209/2209/2209 2206/2206/2206 2207/2207/2207
f 2208/2208/2208 2206/2206/2206 2209/2209/2209
f 2210/2210/2210 2209/2209/2209 2207/2207/2207
f 2196/2196/2196 2208/2208/2208 2211/2211/2211
f 2211/2211/2211 2208/2208/2208 2209/2209/2209
f 2197/2197/2197 2196/2196/2196 2211/2211/2211
f 2212/2212/2212 2209/2209/2209 2210/2210/2210
f 2211/2211/2211 2209/2209/2209 2212/2212/2212
f 2213/2213/2213 2212/2212/2212 2210/2210/2210
f 2212/2212/2212 2213/2213/2213 2214/2214/2214
f 2197/2197/2197 2211/2211/2211 2215/2215/2215
f 2215/2215/2215 2211/2211/2211 2212/2212/2212
f 2216/2216/2216 2212/2212/2212 2214/2214/2214
f 2215/2215/2215 2212/2212/2212 2216/2216/2216
f 2217/2217/2217 2197/2197/2197 2215/2215/2215
f 2072/2072/2072 2197/2197/2197 2217/2217/2217
f 2059/2059/2059 2072/2072/2072 2217/2217/2217
f 2059/2059/2059 2217/2217/2217 2058/2058/2058
f 2217/2217/2217 2215/2215/2215 2218/2218/2218
f 2058/2058/2058 2217/2217/2217 2218/2218/2218
f 2218/2218/2218 2215/2215/2215 2216/2216/2216
f 2058/2058/2058 2218/2218/2218 2055/2055/2055
f 2218/2218/2218 2219/2219/2219 2055/2055/2055
f 2218/2218/2218 2216/2216/2216 2219/2219/2219
f 2219/2219/2219 2056/2056/2056 2055/2055/2055
f 2216/2216/2216 2214/2214/2214 2220/2220/2220
f 2216/2216/2216 2220/2220/2220 2219/2219/2219
f 2219/2219/2219 2220/2220/2220 2056/2056/2056
f 2214/2214/2214 2221/2221/2221 2220/2220/2220
f 2220/2220/2220 2222/2222/2222 2056/2056/2056
f 2223/2223/2223 2220/2220/2220 2221/2221/2221
f 2220/2220/2220 2223/2223/2223 2222/2222/2222
s 36
f 2226/2226/2224 2225/2225/2225 2224/2224/2226
f 2227/2227/2227 2226/2226/2224 2224/2224/2226
f 2224/2224/2226 2228/2228/2228 2227/2227/2227
f 2228/2228/2228 2229/2229/2229 2227/2227/2227
f 2227/2227/2227 2229/2229/2229 2230/2230/2230
f 2229/2229/2229 2228/2228/2228 2231/2231/2231
f 2232/2232/2232 2229/2229/2229 2231/2231/2231
f 2229/2229/2229 2232/2232/2232 2230/2230/2230
f 2231/2231/2231 2233/2233/2233 2232/2232/2232
f 2233/2233/2233 2234/2234/2234 2232/2232/2232
f 2234/2234/2234 2235/2235/2235 2232/2232/2232
f 2232/2232/2232 2235/2235/2235 2230/2230/2230
f 2234/2234/2234 2236/2236/2236 2235/2235/2235
f 2236/2236/2236 2237/2237/2237 2235/2235/2235
f 2235/2235/2235 2237/2237/2237 2230/2230/2230
f 2237/2237/2237 2236/2236/2236 2238/2238/2238
f 2237/2237/2237 2238/2238/2238 2239/2239/2239
f 2240/2240/2240 2239/2239/2239 2238/2238/2238
f 2241/2241/2241 2240/2240/2240 2238/2238/2238
f 2241/2241/2241 2242/2242/2242 2240/2240/2240
f 2242/2242/2242 2243/2243/2243 2240/2240/2240
f 2243/2243/2243 2242/2242/2242 2244/2244/2244
f 2240/2240/2240 2245/2245/2245 2239/2239/2239
f 2240/2240/2240 2243/2243/2243 2245/2245/2245
f 2237/2237/2237 2239/2239/2239 2246/2246/2246
f 2245/2245/2245 2246/2246/2246 2239/2239/2239
f 2237/2237/2237 2247/2247/2247 2230/2230/2230
f 2247/2247/2247 2237/2237/2237 2246/2246/2246
f 2248/2248/2248 2243/2243/2243 2244/2244/2244
f 2248/2248/2248 2244/2244/2244 2249/2249/2249
f 2250/2250/2250 2248/2248/2248 2249/2249/2249
f 2250/2250/2250 2249/2249/2249 2251/2251/2251
f 2248/2248/2248 2252/2252/2252 2243/2243/2243
f 2252/2252/2252 2248/2248/2248 2250/2250/2250
f 2243/2243/2243 2253/2253/2253 2245/2245/2245
f 2252/2252/2252 2253/2253/2253 2243/2243/2243
f 2245/2245/2245 2254/2254/2254 2246/2246/2246
f 2245/2245/2245 2253/2253/2253 2254/2254/2254
f 2247/2247/2247 2246/2246/2246 2255/2255/2255
f 2254/2254/2254 2255/2255/2255 2246/2246/2246
f 2247/2247/2247 2256/2256/2256 2230/2230/2230
f 2256/2256/2256 2247/2247/2247 2255/2255/2255
f 2257/2257/2257 2250/2250/2250 2251/2251/2251
f 2257/2257/2257 2251/2251/2251 2258/2258/2258
f 2259/2259/2259 2257/2257/2257 2258/2258/2258
f 2256/2256/2256 2260/2260/2260 2230/2230/2230
f 2230/2230/2230 2260/2260/2260 2261/2261/2261
f 2262/2262/2262 2256/2256/2256 2255/2255/2255
f 2260/2260/2260 2256/2256/2256 2262/2262/2262
f 2263/2263/2263 2250/2250/2250 2257/2257/2257
f 2263/2263/2263 2252/2252/2252 2250/2250/2250
f 2257/2257/2257 2259/2259/2259 2264/2264/2264
f 2264/2264/2264 2263/2263/2263 2257/2257/2257
f 2259/2259/2259 2265/2265/2265 2264/2264/2264
f 2264/2264/2264 2265/2265/2265 2266/2266/2266
f 2263/2263/2263 2264/2264/2264 2266/2266/2266
f 2265/2265/2265 2267/2267/2267 2266/2266/2266
f 2260/2260/2260 2268/2268/2268 2261/2261/2261
f 2268/2268/2268 2260/2260/2260 2262/2262/2262
f 2269/2269/2269 2262/2262/2262 2255/2255/2255
f 2269/2269/2269 2255/2255/2255 2254/2254/2254
f 2266/2266/2266 2267/2267/2267 2270/2270/2270
f 2267/2267/2267 2271/2271/2271 2270/2270/2270
f 2272/2272/2272 2270/2270/2270 2271/2271/2271
f 2273/2273/2273 2272/2272/2272 2271/2271/2271
f 2266/2266/2266 2270/2270/2270 2274/2274/2274
f 2274/2274/2274 2275/2275/2275 2266/2266/2266
f 2275/2275/2275 2263/2263/2263 2266/2266/2266
f 2268/2268/2268 2276/2276/2276 2261/2261/2261
f 2277/2277/2277 2261/2261/2261 2276/2276/2276
f 2278/2278/2278 2277/2277/2277 2276/2276/2276
f 2278/2278/2278 2276/2276/2276 2279/2279/2279
f 2280/2280/2280 2278/2278/2278 2279/2279/2279
f 2276/2276/2276 2268/2268/2268 2281/2281/2281
f 2279/2279/2279 2276/2276/2276 2281/2281/2281
f 2279/2279/2279 2282/2282/2282 2280/2280/2280
f 2282/2282/2282 2283/2283/2283 2280/2280/2280
f 2275/2275/2275 2284/2284/2284 2263/2263/2263
f 2284/2284/2284 2252/2252/2252 2263/2263/2263
f 2281/2281/2281 2268/2268/2268 2285/2285/2285
f 2268/2268/2268 2262/2262/2262 2285/2285/2285
f 2279/2279/2279 2281/2281/2281 2286/2286/2286
f 2282/2282/2282 2279/2279/2279 2286/2286/2286
f 2282/2282/2282 2287/2287/2287 2283/2283/2283
f 2287/2287/2287 2288/2288/2288 2283/2283/2283
f 2285/2285/2285 2262/2262/2262 2289/2289/2289
f 2262/2262/2262 2269/2269/2269 2289/2289/2289
f 2281/2281/2281 2285/2285/2285 2290/2290/2290
f 2286/2286/2286 2281/2281/2281 2290/2290/2290
f 2285/2285/2285 2289/2289/2289 2290/2290/2290
f 2286/2286/2286 2291/2291/2291 2282/2282/2282
f 2291/2291/2291 2287/2287/2287 2282/2282/2282
f 2287/2287/2287 2292/2292/2292 2288/2288/2288
f 2292/2292/2292 2293/2293/2293 2288/2288/2288
f 2293/2293/2293 2292/2292/2292 2294/2294/2294
f 2286/2286/2286 2290/2290/2290 2295/2295/2295
f 2291/2291/2291 2286/2286/2286 2295/2295/2295
f 2295/2295/2295 2296/2296/2296 2291/2291/2291
f 2287/2287/2287 2291/2291/2291 2297/2297/2297
f 2292/2292/2292 2287/2287/2287 2297/2297/2297
f 2296/2296/2296 2297/2297/2297 2291/2291/2291
f 2292/2292/2292 2298/2298/2298 2294/2294/2294
f 2292/2292/2292 2297/2297/2297 2298/2298/2298
f 2299/2299/2299 2294/2294/2294 2298/2298/2298
f 2289/2289/2289 2300/2300/2300 2290/2290/2290
f 2290/2290/2290 2300/2300/2300 2295/2295/2295
f 2297/2297/2297 2296/2296/2296 2301/2301/2301
f 2297/2297/2297 2301/2301/2301 2298/2298/2298
f 2300/2300/2300 2289/2289/2289 2302/2302/2302
f 2302/2302/2302 2289/2289/2289 2269/2269/2269
f 2300/2300/2300 2303/2303/2303 2295/2295/2295
f 2295/2295/2295 2303/2303/2303 2296/2296/2296
f 2304/2304/2304 2302/2302/2302 2269/2269/2269
f 2304/2304/2304 2269/2269/2269 2254/2254/2254
f 2304/2304/2304 2254/2254/2254 2305/2305/2305
f 2253/2253/2253 2305/2305/2305 2254/2254/2254
f 2253/2253/2253 2252/2252/2252 2305/2305/2305
f 2252/2252/2252 2284/2284/2284 2305/2305/2305
f 2306/2306/2306 2304/2304/2304 2305/2305/2305
f 2306/2306/2306 2305/2305/2305 2284/2284/2284
f 2302/2302/2302 2304/2304/2304 2306/2306/2306
f 2307/2307/2307 2300/2300/2300 2302/2302/2302
f 2303/2303/2303 2300/2300/2300 2307/2307/2307
f 2308/2308/2308 2306/2306/2306 2284/2284/2284
f 2308/2308/2308 2284/2284/2284 2275/2275/2275
f 2309/2309/2309 2302/2302/2302 2306/2306/2306
f 2307/2307/2307 2302/2302/2302 2309/2309/2309
f 2309/2309/2309 2306/2306/2306 2308/2308/2308
f 2310/2310/2310 2308/2308/2308 2275/2275/2275
f 2275/2275/2275 2311/2311/2311 2310/2310/2310
f 2312/2312/2312 2309/2309/2309 2308/2308/2308
f 2312/2312/2312 2308/2308/2308 2310/2310/2310
f 2313/2313/2313 2307/2307/2307 2309/2309/2309
f 2313/2313/2313 2309/2309/2309 2312/2312/2312
f 2314/2314/2314 2303/2303/2303 2307/2307/2307
f 2307/2307/2307 2313/2313/2313 2314/2314/2314
f 2315/2315/2315 2310/2310/2310 2311/2311/2311
f 2316/2316/2316 2315/2315/2315 2311/2311/2311
f 2317/2317/2317 2312/2312/2312 2310/2310/2310
f 2317/2317/2317 2310/2310/2310 2315/2315/2315
f 2318/2318/2318 2315/2315/2315 2316/2316/2316
f 2319/2319/2319 2318/2318/2318 2316/2316/2316
f 2315/2315/2315 2318/2318/2318 2320/2320/2320
f 2321/2321/2321 2315/2315/2315 2320/2320/2320
f 2321/2321/2321 2317/2317/2317 2315/2315/2315
f 2312/2312/2312 2317/2317/2317 2322/2322/2322
f 2322/2322/2322 2313/2313/2313 2312/2312/2312
f 2321/2321/2321 2320/2320/2320 2323/2323/2323
f 2320/2320/2320 2324/2324/2324 2323/2323/2323
f 2325/2325/2325 2317/2317/2317 2321/2321/2321
f 2317/2317/2317 2325/2325/2325 2322/2322/2322
f 2323/2323/2323 2325/2325/2325 2321/2321/2321
f 2326/2326/2326 2323/2323/2323 2324/2324/2324
f 2327/2327/2327 2326/2326/2326 2324/2324/2324
f 2328/2328/2328 2325/2325/2325 2323/2323/2323
f 2322/2322/2322 2325/2325/2325 2328/2328/2328
f 2326/2326/2326 2328/2328/2328 2323/2323/2323
f 2329/2329/2329 2326/2326/2326 2327/2327/2327
f 2328/2328/2328 2326/2326/2326 2329/2329/2329
f 2330/2330/2330 2329/2329/2329 2327/2327/2327
f 2322/2322/2322 2331/2331/2331 2313/2313/2313
f 2331/2331/2331 2322/2322/2322 2328/2328/2328
f 2332/2332/2332 2328/2328/2328 2329/2329/2329
f 2328/2328/2328 2332/2332/2332 2331/2331/2331
f 2333/2333/2333 2329/2329/2329 2330/2330/2330
f 2334/2334/2334 2333/2333/2333 2330/2330/2330
f 2333/2333/2333 2334/2334/2334 2335/2335/2335
f 2331/2331/2331 2336/2336/2336 2313/2313/2313
f 2313/2313/2313 2336/2336/2336 2314/2314/2314
f 2332/2332/2332 2329/2329/2329 2337/2337/2337
f 2329/2329/2329 2333/2333/2333 2337/2337/2337
f 2338/2338/2338 2333/2333/2333 2335/2335/2335
f 2335/2335/2335 2339/2339/2339 2338/2338/2338
f 2340/2340/2340 2337/2337/2337 2333/2333/2333
f 2338/2338/2338 2340/2340/2340 2333/2333/2333
f 2341/2341/2341 2336/2336/2336 2331/2331/2331
f 2314/2314/2314 2336/2336/2336 2342/2342/2342
f 2336/2336/2336 2341/2341/2341 2342/2342/2342
f 2341/2341/2341 2343/2343/2343 2342/2342/2342
f 2344/2344/2344 2341/2341/2341 2331/2331/2331
f 2332/2332/2332 2344/2344/2344 2331/2331/2331
f 2341/2341/2341 2344/2344/2344 2343/2343/2343
f 2344/2344/2344 2332/2332/2332 2345/2345/2345
f 2332/2332/2332 2337/2337/2337 2345/2345/2345
f 2344/2344/2344 2345/2345/2345 2343/2343/2343
f 2346/2346/2346 2345/2345/2345 2337/2337/2337
f 2340/2340/2340 2346/2346/2346 2337/2337/2337
f 2343/2343/2343 2345/2345/2345 2346/2346/2346
f 2342/2342/2342 2347/2347/2347 2314/2314/2314
f 2347/2347/2347 2303/2303/2303 2314/2314/2314
f 2303/2303/2303 2347/2347/2347 2296/2296/2296
f 2342/2342/2342 2348/2348/2348 2347/2347/2347
f 2343/2343/2343 2348/2348/2348 2342/2342/2342
f 2347/2347/2347 2349/2349/2349 2296/2296/2296
f 2348/2348/2348 2349/2349/2349 2347/2347/2347
f 2349/2349/2349 2350/2350/2350 2296/2296/2296
f 2296/2296/2296 2350/2350/2350 2301/2301/2301
f 2351/2351/2351 2349/2349/2349 2348/2348/2348
f 2350/2350/2350 2349/2349/2349 2351/2351/2351
f 2352/2352/2352 2348/2348/2348 2343/2343/2343
f 2352/2352/2352 2351/2351/2351 2348/2348/2348
f 2350/2350/2350 2353/2353/2353 2301/2301/2301
f 2353/2353/2353 2350/2350/2350 2351/2351/2351
f 2353/2353/2353 2354/2354/2354 2301/2301/2301
f 2298/2298/2298 2301/2301/2301 2354/2354/2354
f 2355/2355/2355 2353/2353/2353 2351/2351/2351
f 2354/2354/2354 2353/2353/2353 2355/2355/2355
f 2356/2356/2356 2298/2298/2298 2354/2354/2354
f 2356/2356/2356 2299/2299/2299 2298/2298/2298
f 2354/2354/2354 2357/2357/2357 2356/2356/2356
f 2299/2299/2299 2356/2356/2356 2357/2357/2357
f 2357/2357/2357 2354/2354/2354 2355/2355/2355
f 2358/2358/2358 2299/2299/2299 2357/2357/2357
f 2358/2358/2358 2357/2357/2357 2359/2359/2359
f 2360/2360/2360 2358/2358/2358 2359/2359/2359
f 2361/2361/2361 2352/2352/2352 2343/2343/2343
f 2361/2361/2361 2343/2343/2343 2346/2346/2346
f 2362/2362/2362 2361/2361/2361 2346/2346/2346
f 2352/2352/2352 2361/2361/2361 2362/2362/2362
f 2363/2363/2363 2351/2351/2351 2352/2352/2352
f 2363/2363/2363 2355/2355/2355 2351/2351/2351
f 2355/2355/2355 2364/2364/2364 2357/2357/2357
f 2364/2364/2364 2359/2359/2359 2357/2357/2357
f 2360/2360/2360 2359/2359/2359 2365/2365/2365
f 2366/2366/2366 2360/2360/2360 2365/2365/2365
f 2367/2367/2367 2366/2366/2366 2365/2365/2365
f 2368/2368/2368 2362/2362/2362 2346/2346/2346
f 2346/2346/2346 2340/2340/2340 2368/2368/2368
f 2369/2369/2369 2352/2352/2352 2362/2362/2362
f 2369/2369/2369 2363/2363/2363 2352/2352/2352
f 2355/2355/2355 2363/2363/2363 2370/2370/2370
f 2364/2364/2364 2355/2355/2355 2370/2370/2370
f 2359/2359/2359 2364/2364/2364 2371/2371/2371
f 2365/2365/2365 2359/2359/2359 2371/2371/2371
f 2362/2362/2362 2372/2372/2372 2369/2369/2369
f 2372/2372/2372 2362/2362/2362 2368/2368/2368
f 2363/2363/2363 2369/2369/2369 2373/2373/2373
f 2370/2370/2370 2363/2363/2363 2373/2373/2373
f 2372/2372/2372 2373/2373/2373 2369/2369/2369
f 2340/2340/2340 2374/2374/2374 2368/2368/2368
f 2340/2340/2340 2338/2338/2338 2374/2374/2374
f 2364/2364/2364 2370/2370/2370 2375/2375/2375
f 2371/2371/2371 2364/2364/2364 2375/2375/2375
f 2373/2373/2373 2376/2376/2376 2370/2370/2370
f 2376/2376/2376 2375/2375/2375 2370/2370/2370
f 2377/2377/2377 2372/2372/2372 2368/2368/2368
f 2377/2377/2377 2368/2368/2368 2374/2374/2374
f 2373/2373/2373 2372/2372/2372 2378/2378/2378
f 2376/2376/2376 2373/2373/2373 2378/2378/2378
f 2378/2378/2378 2372/2372/2372 2377/2377/2377
f 2338/2338/2338 2379/2379/2379 2374/2374/2374
f 2339/2339/2339 2379/2379/2379 2338/2338/2338
f 2380/2380/2380 2377/2377/2377 2374/2374/2374
f 2380/2380/2380 2374/2374/2374 2379/2379/2379
f 2379/2379/2379 2339/2339/2339 2381/2381/2381
f 2381/2381/2381 2380/2380/2380 2379/2379/2379
f 2339/2339/2339 2382/2382/2382 2381/2381/2381
f 2381/2381/2381 2382/2382/2382 2383/2383/2383
f 2384/2384/2384 2381/2381/2381 2383/2383/2383
f 2384/2384/2384 2380/2380/2380 2381/2381/2381
f 2384/2384/2384 2383/2383/2383 2385/2385/2385
f 2386/2386/2386 2377/2377/2377 2380/2380/2380
f 2386/2386/2386 2378/2378/2378 2377/2377/2377
f 2384/2384/2384 2386/2386/2386 2380/2380/2380
f 2387/2387/2387 2384/2384/2384 2385/2385/2385
f 2386/2386/2386 2384/2384/2384 2387/2387/2387
f 2387/2387/2387 2385/2385/2385 2388/2388/2388
f 2378/2378/2378 2386/2386/2386 2389/2389/2389
f 2376/2376/2376 2378/2378/2378 2389/2389/2389
f 2390/2390/2390 2386/2386/2386 2387/2387/2387
f 2386/2386/2386 2390/2390/2390 2389/2389/2389
f 2391/2391/2391 2387/2387/2387 2388/2388/2388
f 2390/2390/2390 2387/2387/2387 2391/2391/2391
f 2392/2392/2392 2376/2376/2376 2389/2389/2389
f 2375/2375/2375 2376/2376/2376 2392/2392/2392
f 2393/2393/2393 2391/2391/2391 2388/2388/2388
f 2394/2394/2394 2393/2393/2393 2388/2388/2388
f 2393/2393/2393 2395/2395/2395 2391/2391/2391
f 2396/2396/2396 2390/2390/2390 2391/2391/2391
f 2395/2395/2395 2396/2396/2396 2391/2391/2391
f 2389/2389/2389 2390/2390/2390 2397/2397/2397
f 2390/2390/2390 2396/2396/2396 2397/2397/2397
f 2396/2396/2396 2395/2395/2395 2397/2397/2397
f 2392/2392/2392 2389/2389/2389 2397/2397/2397
f 2395/2395/2395 2398/2398/2398 2397/2397/2397
f 2397/2397/2397 2398/2398/2398 2399/2399/2399
f 2399/2399/2399 2392/2392/2392 2397/2397/2397
f 2398/2398/2398 2400/2400/2400 2399/2399/2399
f 2400/2400/2400 2401/2401/2401 2399/2399/2399
f 2402/2402/2402 2375/2375/2375 2392/2392/2392
f 2402/2402/2402 2392/2392/2392 2399/2399/2399
f 2371/2371/2371 2375/2375/2375 2402/2402/2402
f 2401/2401/2401 2403/2403/2403 2399/2399/2399
f 2403/2403/2403 2402/2402/2402 2399/2399/2399
f 2404/2404/2404 2371/2371/2371 2402/2402/2402
f 2404/2404/2404 2402/2402/2402 2403/2403/2403
f 2365/2365/2365 2371/2371/2371 2404/2404/2404
f 2403/2403/2403 2401/2401/2401 2405/2405/2405
f 2405/2405/2405 2404/2404/2404 2403/2403/2403
f 2401/2401/2401 2406/2406/2406 2405/2405/2405
f 2407/2407/2407 2405/2405/2405 2406/2406/2406
f 2404/2404/2404 2405/2405/2405 2407/2407/2407
f 2408/2408/2408 2407/2407/2407 2406/2406/2406
f 2409/2409/2409 2365/2365/2365 2404/2404/2404
f 2409/2409/2409 2404/2404/2404 2407/2407/2407
f 2409/2409/2409 2367/2367/2367 2365/2365/2365
f 2367/2367/2367 2409/2409/2409 2407/2407/2407
f 2410/2410/2410 2367/2367/2367 2407/2407/2407
f 2407/2407/2407 2408/2408/2408 2410/2410/2410
f 2408/2408/2408 2411/2411/2411 2410/2410/2410
s 37
f 2414/2414/2412 2413/2413/2413 2412/2412/2414
f 2415/2415/2415 2414/2414/2412 2412/2412/2414
f 2415/2415/2415 2412/2412/2414 2416/2416/2416
f 2415/2415/2415 2417/2417/2417 2414/2414/2412
f 2417/2417/2417 2418/2418/2418 2414/2414/2412
f 2419/2419/2419 2415/2415/2415 2416/2416/2416
f 2416/2416/2416 2420/2420/2420 2419/2419/2419
f 2420/2420/2420 2421/2421/2421 2419/2419/2419
f 2421/2421/2421 2422/2422/2422 2419/2419/2419
f 2415/2415/2415 2419/2419/2419 2423/2423/2423
f 2422/2422/2422 2423/2423/2423 2419/2419/2419
f 2417/2417/2417 2415/2415/2415 2423/2423/2423
f 2423/2423/2423 2422/2422/2422 2424/2424/2424
f 2425/2425/2425 2423/2423/2423 2424/2424/2424
f 2423/2423/2423 2425/2425/2425 2417/2417/2417
f 2424/2424/2424 2426/2426/2426 2425/2425/2425
f 2417/2417/2417 2427/2427/2427 2418/2418/2418
f 2425/2425/2425 2427/2427/2427 2417/2417/2417
f 2427/2427/2427 2428/2428/2428 2418/2418/2418
f 2426/2426/2426 2429/2429/2429 2425/2425/2425
f 2427/2427/2427 2425/2425/2425 2429/2429/2429
f 2426/2426/2426 2430/2430/2430 2429/2429/2429
f 2427/2427/2427 2431/2431/2431 2428/2428/2428
f 2431/2431/2431 2427/2427/2427 2429/2429/2429
f 2431/2431/2431 2432/2432/2432 2428/2428/2428
f 2433/2433/2433 2432/2432/2432 2431/2431/2431
f 2430/2430/2430 2434/2434/2434 2429/2429/2429
f 2429/2429/2429 2434/2434/2434 2431/2431/2431
f 2435/2435/2435 2433/2433/2433 2431/2431/2431
f 2434/2434/2434 2435/2435/2435 2431/2431/2431
f 2430/2430/2430 2436/2436/2436 2434/2434/2434
f 2436/2436/2436 2430/2430/2430 2437/2437/2437
f 2436/2436/2436 2437/2437/2437 2438/2438/2438
f 2435/2435/2435 2439/2439/2439 2433/2433/2433
f 2439/2439/2439 2440/2440/2440 2433/2433/2433
f 2434/2434/2434 2441/2441/2441 2435/2435/2435
f 2436/2436/2436 2441/2441/2441 2434/2434/2434
f 2435/2435/2435 2441/2441/2441 2439/2439/2439
f 2442/2442/2442 2436/2436/2436 2438/2438/2438
f 2442/2442/2442 2438/2438/2438 2443/2443/2443
f 2444/2444/2444 2441/2441/2441 2436/2436/2436
f 2442/2442/2442 2444/2444/2444 2436/2436/2436
f 2445/2445/2445 2442/2442/2442 2443/2443/2443
f 2442/2442/2442 2445/2445/2445 2444/2444/2444
f 2445/2445/2445 2443/2443/2443 2446/2446/2446
f 2447/2447/2447 2445/2445/2445 2446/2446/2446
f 2447/2447/2447 2446/2446/2446 2448/2448/2448
f 2440/2440/2440 2439/2439/2439 2449/2449/2449
f 2440/2440/2440 2449/2449/2449 2450/2450/2450
f 2441/2441/2441 2451/2451/2451 2439/2439/2439
f 2441/2441/2441 2444/2444/2444 2451/2451/2451
f 2445/2445/2445 2452/2452/2452 2444/2444/2444
f 2445/2445/2445 2447/2447/2447 2452/2452/2452
f 2451/2451/2451 2453/2453/2453 2439/2439/2439
f 2453/2453/2453 2449/2449/2449 2439/2439/2439
f 2444/2444/2444 2454/2454/2454 2451/2451/2451
f 2444/2444/2444 2452/2452/2452 2454/2454/2454
f 2453/2453/2453 2451/2451/2451 2454/2454/2454
f 2449/2449/2449 2455/2455/2455 2450/2450/2450
f 2450/2450/2450 2455/2455/2455 2456/2456/2456
f 2455/2455/2455 2457/2457/2457 2456/2456/2456
f 2455/2455/2455 2449/2449/2449 2458/2458/2458
f 2457/2457/2457 2455/2455/2455 2458/2458/2458
f 2449/2449/2449 2453/2453/2453 2458/2458/2458
f 2459/2459/2459 2457/2457/2457 2458/2458/2458
f 2459/2459/2459 2458/2458/2458 2460/2460/2460
f 2461/2461/2461 2459/2459/2459 2460/2460/2460
f 2462/2462/2462 2461/2461/2461 2460/2460/2460
f 2458/2458/2458 2453/2453/2453 2463/2463/2463
f 2460/2460/2460 2458/2458/2458 2463/2463/2463
f 2462/2462/2462 2460/2460/2460 2464/2464/2464
f 2464/2464/2464 2460/2460/2460 2463/2463/2463
f 2465/2465/2465 2462/2462/2462 2464/2464/2464
f 2466/2466/2466 2453/2453/2453 2454/2454/2454
f 2453/2453/2453 2466/2466/2466 2463/2463/2463
f 2464/2464/2464 2463/2463/2463 2467/2467/2467
f 2463/2463/2463 2466/2466/2466 2467/2467/2467
f 2465/2465/2465 2464/2464/2464 2468/2468/2468
f 2468/2468/2468 2464/2464/2464 2467/2467/2467
f 2469/2469/2469 2465/2465/2465 2468/2468/2468
f 2466/2466/2466 2454/2454/2454 2470/2470/2470
f 2466/2466/2466 2470/2470/2470 2467/2467/2467
f 2454/2454/2454 2452/2452/2452 2470/2470/2470
f 2468/2468/2468 2467/2467/2467 2471/2471/2471
f 2467/2467/2467 2470/2470/2470 2471/2471/2471
f 2469/2469/2469 2468/2468/2468 2472/2472/2472
f 2472/2472/2472 2468/2468/2468 2471/2471/2471
f 2473/2473/2473 2469/2469/2469 2472/2472/2472
f 2470/2470/2470 2452/2452/2452 2474/2474/2474
f 2447/2447/2447 2474/2474/2474 2452/2452/2452
f 2470/2470/2470 2475/2475/2475 2471/2471/2471
f 2475/2475/2475 2470/2470/2470 2474/2474/2474
f 2472/2472/2472 2471/2471/2471 2476/2476/2476
f 2471/2471/2471 2475/2475/2475 2476/2476/2476
f 2473/2473/2473 2472/2472/2472 2477/2477/2477
f 2477/2477/2477 2472/2472/2472 2476/2476/2476
f 2478/2478/2478 2473/2473/2473 2477/2477/2477
f 2479/2479/2479 2478/2478/2478 2477/2477/2477
f 2474/2474/2474 2447/2447/2447 2480/2480/2480
f 2475/2475/2475 2474/2474/2474 2480/2480/2480
f 2475/2475/2475 2481/2481/2481 2476/2476/2476
f 2481/2481/2481 2475/2475/2475 2480/2480/2480
f 2477/2477/2477 2476/2476/2476 2482/2482/2482
f 2476/2476/2476 2481/2481/2481 2482/2482/2482
f 2482/2482/2482 2479/2479/2479 2477/2477/2477
f 2482/2482/2482 2481/2481/2481 2480/2480/2480
f 2447/2447/2447 2483/2483/2483 2480/2480/2480
f 2483/2483/2483 2482/2482/2482 2480/2480/2480
f 2482/2482/2482 2483/2483/2483 2479/2479/2479
f 2483/2483/2483 2447/2447/2447 2448/2448/2448
f 2483/2483/2483 2448/2448/2448 2479/2479/2479
s 38
f 2486/2486/2484 2485/2485/2485 2484/2484/2486
f 2485/2485/2485 2487/2487/2487 2484/2484/2486
f 2488/2488/2488 2484/2484/2486 2487/2487/2487
f 2485/2485/2485 2489/2489/2489 2487/2487/2487
f 2487/2487/2487 2490/2490/2490 2488/2488/2488
f 2490/2490/2490 2491/2491/2491 2488/2488/2488
f 2489/2489/2489 2492/2492/2492 2487/2487/2487
f 2487/2487/2487 2492/2492/2492 2490/2490/2490
f 2489/2489/2489 2493/2493/2493 2492/2492/2492
f 2493/2493/2493 2494/2494/2494 2492/2492/2492
f 2494/2494/2494 2493/2493/2493 2495/2495/2495
f 2496/2496/2496 2491/2491/2491 2490/2490/2490
f 2497/2497/2497 2491/2491/2491 2496/2496/2496
f 2492/2492/2492 2498/2498/2498 2490/2490/2490
f 2492/2492/2492 2494/2494/2494 2498/2498/2498
f 2499/2499/2499 2494/2494/2494 2495/2495/2495
f 2495/2495/2495 2500/2500/2500 2499/2499/2499
f 2501/2501/2501 2496/2496/2496 2490/2490/2490
f 2490/2490/2490 2498/2498/2498 2501/2501/2501
f 2494/2494/2494 2502/2502/2502 2498/2498/2498
f 2502/2502/2502 2494/2494/2494 2499/2499/2499
f 2498/2498/2498 2502/2502/2502 2501/2501/2501
f 2500/2500/2500 2503/2503/2503 2499/2499/2499
f 2503/2503/2503 2500/2500/2500 2504/2504/2504
f 2505/2505/2505 2502/2502/2502 2499/2499/2499
f 2505/2505/2505 2499/2499/2499 2503/2503/2503
f 2506/2506/2506 2503/2503/2503 2504/2504/2504
f 2504/2504/2504 2507/2507/2507 2506/2506/2506
f 2508/2508/2508 2497/2497/2497 2496/2496/2496
f 2496/2496/2496 2501/2501/2501 2508/2508/2508
f 2508/2508/2508 2501/2501/2501 2509/2509/2509
f 2502/2502/2502 2510/2510/2510 2501/2501/2501
f 2510/2510/2510 2502/2502/2502 2505/2505/2505
f 2501/2501/2501 2510/2510/2510 2509/2509/2509
f 2511/2511/2511 2505/2505/2505 2503/2503/2503
f 2511/2511/2511 2503/2503/2503 2506/2506/2506
f 2512/2512/2512 2510/2510/2510 2505/2505/2505
f 2505/2505/2505 2511/2511/2511 2512/2512/2512
f 2509/2509/2509 2510/2510/2510 2512/2512/2512
f 2513/2513/2513 2511/2511/2511 2506/2506/2506
f 2511/2511/2511 2513/2513/2513 2512/2512/2512
f 2507/2507/2507 2514/2514/2514 2506/2506/2506
f 2506/2506/2506 2514/2514/2514 2513/2513/2513
f 2515/2515/2515 2512/2512/2512 2513/2513/2513
f 2512/2512/2512 2515/2515/2515 2509/2509/2509
f 2514/2514/2514 2507/2507/2507 2516/2516/2516
f 2507/2507/2507 2517/2517/2517 2516/2516/2516
f 2518/2518/2518 2513/2513/2513 2514/2514/2514
f 2518/2518/2518 2515/2515/2515 2513/2513/2513
f 2516/2516/2516 2518/2518/2518 2514/2514/2514
f 2516/2516/2516 2517/2517/2517 2519/2519/2519
f 2517/2517/2517 2520/2520/2520 2519/2519/2519
f 2515/2515/2515 2521/2521/2521 2509/2509/2509
f 2515/2515/2515 2518/2518/2518 2521/2521/2521
f 2516/2516/2516 2522/2522/2522 2518/2518/2518
f 2519/2519/2519 2522/2522/2522 2516/2516/2516
f 2519/2519/2519 2520/2520/2520 2523/2523/2523
f 2520/2520/2520 2524/2524/2524 2523/2523/2523
f 2523/2523/2523 2524/2524/2524 2525/2525/2525
f 2526/2526/2526 2523/2523/2523 2525/2525/2525
f 2525/2525/2525 2527/2527/2527 2526/2526/2526
f 2528/2528/2528 2526/2526/2526 2527/2527/2527
f 2519/2519/2519 2523/2523/2523 2529/2529/2529
f 2523/2523/2523 2526/2526/2526 2529/2529/2529
f 2528/2528/2528 2530/2530/2530 2526/2526/2526
f 2528/2528/2528 2531/2531/2531 2530/2530/2530
f 2526/2526/2526 2530/2530/2530 2532/2532/2532
f 2529/2529/2529 2526/2526/2526 2532/2532/2532
f 2529/2529/2529 2533/2533/2533 2519/2519/2519
f 2533/2533/2533 2522/2522/2522 2519/2519/2519
f 2522/2522/2522 2534/2534/2534 2518/2518/2518
f 2518/2518/2518 2534/2534/2534 2521/2521/2521
f 2535/2535/2535 2533/2533/2533 2529/2529/2529
f 2529/2529/2529 2532/2532/2532 2535/2535/2535
f 2522/2522/2522 2533/2533/2533 2536/2536/2536
f 2534/2534/2534 2522/2522/2522 2536/2536/2536
f 2536/2536/2536 2533/2533/2533 2535/2535/2535
f 2530/2530/2530 2537/2537/2537 2532/2532/2532
f 2530/2530/2530 2531/2531/2531 2537/2537/2537
f 2532/2532/2532 2537/2537/2537 2538/2538/2538
f 2531/2531/2531 2538/2538/2538 2537/2537/2537
f 2535/2535/2535 2532/2532/2532 2538/2538/2538
f 2539/2539/2539 2538/2538/2538 2531/2531/2531
f 2538/2538/2538 2539/2539/2539 2535/2535/2535
f 2531/2531/2531 2540/2540/2540 2539/2539/2539
f 2534/2534/2534 2536/2536/2536 2541/2541/2541
f 2521/2521/2521 2534/2534/2534 2541/2541/2541
f 2535/2535/2535 2542/2542/2542 2536/2536/2536
f 2539/2539/2539 2542/2542/2542 2535/2535/2535
f 2542/2542/2542 2541/2541/2541 2536/2536/2536
f 2539/2539/2539 2540/2540/2540 2543/2543/2543
f 2544/2544/2544 2543/2543/2543 2540/2540/2540
f 2539/2539/2539 2543/2543/2543 2545/2545/2545
f 2539/2539/2539 2545/2545/2545 2542/2542/2542
f 2544/2544/2544 2545/2545/2545 2543/2543/2543
f 2542/2542/2542 2546/2546/2546 2541/2541/2541
f 2545/2545/2545 2546/2546/2546 2542/2542/2542
f 2521/2521/2521 2541/2541/2541 2547/2547/2547
f 2546/2546/2546 2547/2547/2547 2541/2541/2541
f 2547/2547/2547 2546/2546/2546 2548/2548/2548
f 2549/2549/2549 2546/2546/2546 2545/2545/2545
f 2544/2544/2544 2549/2549/2549 2545/2545/2545
f 2548/2548/2548 2546/2546/2546 2549/2549/2549
f 2550/2550/2550 2521/2521/2521 2547/2547/2547
f 2547/2547/2547 2548/2548/2548 2550/2550/2550
f 2509/2509/2509 2521/2521/2521 2550/2550/2550
f 2509/2509/2509 2550/2550/2550 2551/2551/2551
f 2548/2548/2548 2551/2551/2551 2550/2550/2550
f 2551/2551/2551 2508/2508/2508 2509/2509/2509
f 2551/2551/2551 2552/2552/2552 2508/2508/2508
f 2548/2548/2548 2552/2552/2552 2551/2551/2551
f 2552/2552/2552 2497/2497/2497 2508/2508/2508
f 2552/2552/2552 2553/2553/2553 2497/2497/2497
f 2548/2548/2548 2553/2553/2553 2552/2552/2552
f 2554/2554/2554 2497/2497/2497 2553/2553/2553
f 2555/2555/2555 2549/2549/2549 2544/2544/2544
f 2556/2556/2556 2555/2555/2555 2544/2544/2544
f 2557/2557/2557 2548/2548/2548 2549/2549/2549
f 2557/2557/2557 2553/2553/2553 2548/2548/2548
f 2549/2549/2549 2555/2555/2555 2557/2557/2557
f 2553/2553/2553 2558/2558/2558 2554/2554/2554
f 2558/2558/2558 2553/2553/2553 2557/2557/2557
f 2559/2559/2559 2554/2554/2554 2558/2558/2558
f 2560/2560/2560 2555/2555/2555 2556/2556/2556
f 2555/2555/2555 2560/2560/2560 2557/2557/2557
f 2557/2557/2557 2560/2560/2560 2558/2558/2558
f 2560/2560/2560 2559/2559/2559 2558/2558/2558
f 2556/2556/2556 2561/2561/2561 2560/2560/2560
f 2560/2560/2560 2561/2561/2561 2559/2559/2559
f 2559/2559/2559 2561/2561/2561 2562/2562/2562
s 39
f 2565/2565/2563 2564/2564/2564 2563/2563/2565
f 2564/2564/2564 2565/2565/2563 2566/2566/2566
f 2567/2567/2567 2564/2564/2564 2566/2566/2566
f 2567/2567/2567 2566/2566/2566 2568/2568/2568
s 40
f 2571/2571/2569 2570/2570/2570 2569/2569/2571
f 2571/2571/2569 2572/2572/2572 2570/2570/2570
f 2571/2571/2569 2573/2573/2573 2572/2572/2572
f 2571/2571/2569 2574/2574/2574 2573/2573/2573
f 2571/2571/2569 2575/2575/2575 2574/2574/2574
f 2571/2571/2569 2576/2576/2576 2575/2575/2575
f 2571/2571/2569 2577/2577/2577 2576/2576/2576
f 2571/2571/2569 2578/2578/2578 2577/2577/2577
s 41
f 2581/2581/2579 2580/2580/2580 2579/2579/2581
f 2581/2581/2579 2582/2582/2582 2580/2580/2580
f 2581/2581/2579 2583/2583/2583 2582/2582/2582
f 2581/2581/2579 2584/2584/2584 2583/2583/2583
f 2581/2581/2579 2585/2585/2585 2584/2584/2584
f 2581/2581/2579 2586/2586/2586 2585/2585/2585
s 42
f 2589/2589/2587 2588/2588/2588 2587/2587/2589
f 2588/2588/2588 2590/2590/2590 2587/2587/2589
f 2590/2590/2590 2591/2591/2591 2587/2587/2589
f 2592/2592/2592 2591/2591/2591 2590/2590/2590
f 2593/2593/2593 2590/2590/2590 2588/2588/2588
f 2594/2594/2594 2592/2592/2592 2590/2590/2590
f 2592/2592/2592 2594/2594/2594 2595/2595/2595
f 2594/2594/2594 2596/2596/2596 2595/2595/2595
f 2597/2597/2597 2596/2596/2596 2594/2594/2594
f 2593/2593/2593 2598/2598/2598 2590/2590/2590
f 2598/2598/2598 2594/2594/2594 2590/2590/2590
f 2599/2599/2599 2597/2597/2597 2594/2594/2594
f 2594/2594/2594 2598/2598/2598 2599/2599/2599
f 2599/2599/2599 2600/2600/2600 2597/2597/2597
f 2599/2599/2599 2601/2601/2601 2600/2600/2600
f 2599/2599/2599 2602/2602/2602 2601/2601/2601
f 2598/2598/2598 2602/2602/2602 2599/2599/2599
f 2602/2602/2602 2603/2603/2603 2601/2601/2601
f 2602/2602/2602 2598/2598/2598 2603/2603/2603
f 2598/2598/2598 2593/2593/2593 2604/2604/2604
f 2598/2598/2598 2604/2604/2604 2603/2603/2603
f 2603/2603/2603 2604/2604/2604 2605/2605/2605
f 2593/2593/2593 2606/2606/2606 2604/2604/2604
f 2607/2607/2607 2603/2603/2603 2605/2605/2605
f 2604/2604/2604 2606/2606/2606 2608/2608/2608
f 2604/2604/2604 2608/2608/2608 2605/2605/2605
f 2606/2606/2606 2609/2609/2609 2608/2608/2608
f 2610/2610/2610 2607/2607/2607 2605/2605/2605
f 2610/2610/2610 2611/2611/2611 2607/2607/2607
f 2612/2612/2612 2610/2610/2610 2605/2605/2605
f 2613/2613/2613 2612/2612/2612 2605/2605/2605
f 2605/2605/2605 2614/2614/2614 2613/2613/2613
f 2605/2605/2605 2608/2608/2608 2614/2614/2614
f 2608/2608/2608 2615/2615/2615 2614/2614/2614
f 2615/2615/2615 2608/2608/2608 2616/2616/2616
f 2608/2608/2608 2609/2609/2609 2616/2616/2616
f 2609/2609/2609 2617/2617/2617 2616/2616/2616
s 43
f 2620/2620/2618 2619/2619/2619 2618/2618/2620
f 2619/2619/2619 2621/2621/2621 2618/2618/2620
f 2622/2622/2622 2618/2618/2620 2621/2621/2621
f 2622/2622/2622 2621/2621/2621 2623/2623/2623
f 2621/2621/2621 2624/2624/2624 2623/2623/2623
f 2621/2621/2621 2625/2625/2625 2624/2624/2624
f 2619/2619/2619 2625/2625/2625 2621/2621/2621
f 2619/2619/2619 2626/2626/2626 2625/2625/2625
f 2625/2625/2625 2626/2626/2626 2627/2627/2627
s 44
f 2630/2630/2628 2629/2629/2629 2628/2628/2630
f 2631/2631/2631 2628/2628/2630 2629/2629/2629
f 2632/2632/2632 2628/2628/2630 2631/2631/2631
f 2631/2631/2631 2629/2629/2629 2633/2633/2633
f 2634/2634/2634 2632/2632/2632 2631/2631/2631
f 2635/2635/2635 2631/2631/2631 2633/2633/2633
f 2635/2635/2635 2634/2634/2634 2631/2631/2631
f 2636/2636/2636 2634/2634/2634 2635/2635/2635
f 2637/2637/2637 2634/2634/2634 2636/2636/2636
f 2638/2638/2638 2637/2637/2637 2636/2636/2636
f 2639/2639/2639 2635/2635/2635 2633/2633/2633
f 2638/2638/2638 2636/2636/2636 2640/2640/2640
f 2641/2641/2641 2635/2635/2635 2639/2639/2639
f 2641/2641/2641 2636/2636/2636 2635/2635/2635
f 2642/2642/2642 2641/2641/2641 2639/2639/2639
f 2641/2641/2641 2642/2642/2642 2643/2643/2643
f 2641/2641/2641 2643/2643/2643 2636/2636/2636
f 2642/2642/2642 2644/2644/2644 2643/2643/2643
f 2636/2636/2636 2645/2645/2645 2640/2640/2640
f 2643/2643/2643 2645/2645/2645 2636/2636/2636
f 2640/2640/2640 2645/2645/2645 2646/2646/2646
f 2646/2646/2646 2645/2645/2645 2647/2647/2647
f 2648/2648/2648 2645/2645/2645 2643/2643/2643
f 2649/2649/2649 2648/2648/2648 2643/2643/2643
f 2643/2643/2643 2644/2644/2644 2650/2650/2650
f 2644/2644/2644 2651/2651/2651 2650/2650/2650
f 2652/2652/2652 2651/2651/2651 2644/2644/2644
s 45
f 2655/2655/2653 2654/2654/2654 2653/2653/2655
f 2653/2653/2655 2656/2656/2656 2655/2655/2653
s 46
f 2659/2659/2657 2658/2658/2658 2657/2657/2659
f 2658/2658/2658 2659/2659/2657 2660/2660/2660
f 2658/2658/2658 2660/2660/2660 2661/2661/2661
f 2661/2661/2661 2660/2660/2660 2662/2662/2662
f 2663/2663/2663 2660/2660/2660 2659/2659/2657
f 2660/2660/2660 2663/2663/2663 2662/2662/2662
f 2663/2663/2663 2659/2659/2657 2664/2664/2664
f 2662/2662/2662 2663/2663/2663 2665/2665/2665
f 2666/2666/2666 2663/2663/2663 2664/2664/2664
f 2663/2663/2663 2666/2666/2666 2665/2665/2665
f 2665/2665/2665 2666/2666/2666 2667/2667/2667
f 2666/2666/2666 2664/2664/2664 2668/2668/2668
f 2667/2667/2667 2666/2666/2666 2669/2669/2669
f 2670/2670/2670 2666/2666/2666 2668/2668/2668
f 2666/2666/2666 2670/2670/2670 2669/2669/2669
f 2670/2670/2670 2671/2671/2671 2669/2669/2669
f 2672/2672/2672 2670/2670/2670 2668/2668/2668
f 2673/2673/2673 2671/2671/2671 2670/2670/2670
f 2670/2670/2670 2672/2672/2672 2674/2674/2674
f 2674/2674/2674 2673/2673/2673 2670/2670/2670
f 2672/2672/2672 2675/2675/2675 2674/2674/2674
f 2676/2676/2676 2673/2673/2673 2674/2674/2674
f 2675/2675/2675 2677/2677/2677 2674/2674/2674
f 2677/2677/2677 2676/2676/2676 2674/2674/2674
s 47
f 2680/2680/2678 2679/2679/2679 2678/2678/2680
f 2681/2681/2681 2679/2679/2679 2680/2680/2678
f 2682/2682/2682 2681/2681/2681 2680/2680/2678
f 2681/2681/2681 2682/2682/2682 2683/2683/2683
f 2682/2682/2682 2684/2684/2684 2683/2683/2683
f 2684/2684/2684 2685/2685/2685 2683/2683/2683
f 2685/2685/2685 2686/2686/2686 2683/2683/2683
f 2685/2685/2685 2687/2687/2687 2686/2686/2686
f 2687/2687/2687 2688/2688/2688 2686/2686/2686
f 2688/2688/2688 2687/2687/2687 2689/2689/2689
f 2687/2687/2687 2690/2690/2690 2689/2689/2689
f 2691/2691/2691 2689/2689/2689 2690/2690/2690
f 2691/2691/2691 2690/2690/2690 2692/2692/2692
f 2692/2692/2692 2690/2690/2690 2693/2693/2693
f 2690/2690/2690 2694/2694/2694 2693/2693/2693
f 2693/2693/2693 2694/2694/2694 2695/2695/2695
f 2694/2694/2694 2696/2696/2696 2695/2695/2695
s 48
f 2699/2699/2697 2698/2698/2698 2697/2697/2699
f 2700/2700/2700 2699/2699/2697 2697/2697/2699
f 2699/2699/2697 2700/2700/2700 2701/2701/2701
f 2697/2697/2699 2702/2702/2702 2700/2700/2700
f 2700/2700/2700 2703/2703/2703 2701/2701/2701
f 2702/2702/2702 2704/2704/2704 2700/2700/2700
f 2700/2700/2700 2704/2704/2704 2703/2703/2703
f 2704/2704/2704 2702/2702/2702 2705/2705/2705
f 2706/2706/2706 2704/2704/2704 2705/2705/2705
f 2706/2706/2706 2705/2705/2705 2707/2707/2707
f 2704/2704/2704 2708/2708/2708 2703/2703/2703
f 2706/2706/2706 2709/2709/2709 2704/2704/2704
f 2709/2709/2709 2708/2708/2708 2704/2704/2704
f 2710/2710/2710 2706/2706/2706 2707/2707/2707
f 2709/2709/2709 2706/2706/2706 2711/2711/2711
f 2711/2711/2711 2706/2706/2706 2710/2710/2710
f 2710/2710/2710 2707/2707/2707 2712/2712/2712
f 2707/2707/2707 2713/2713/2713 2712/2712/2712
f 2712/2712/2712 2713/2713/2713 2714/2714/2714
f 2713/2713/2713 2715/2715/2715 2714/2714/2714
f 2716/2716/2716 2710/2710/2710 2712/2712/2712
f 2712/2712/2712 2714/2714/2714 2716/2716/2716
f 2717/2717/2717 2711/2711/2711 2710/2710/2710
f 2717/2717/2717 2710/2710/2710 2716/2716/2716
f 2714/2714/2714 2715/2715/2715 2718/2718/2718
f 2715/2715/2715 2719/2719/2719 2718/2718/2718
f 2718/2718/2718 2719/2719/2719 2720/2720/2720
f 2719/2719/2719 2721/2721/2721 2720/2720/2720
f 2721/2721/2721 2722/2722/2722 2720/2720/2720
f 2718/2718/2718 2720/2720/2720 2723/2723/2723
f 2724/2724/2724 2720/2720/2720 2722/2722/2722
f 2723/2723/2723 2720/2720/2720 2724/2724/2724
f 2722/2722/2722 2725/2725/2725 2724/2724/2724
f 2726/2726/2726 2725/2725/2725 2722/2722/2722
f 2726/2726/2726 2727/2727/2727 2725/2725/2725
f 2727/2727/2727 2728/2728/2728 2725/2725/2725
f 2724/2724/2724 2725/2725/2725 2729/2729/2729
f 2724/2724/2724 2729/2729/2729 2723/2723/2723
f 2723/2723/2723 2729/2729/2729 2730/2730/2730
f 2731/2731/2731 2718/2718/2718 2723/2723/2723
f 2731/2731/2731 2714/2714/2714 2718/2718/2718
f 2731/2731/2731 2723/2723/2723 2730/2730/2730
f 2731/2731/2731 2730/2730/2730 2714/2714/2714
f 2725/2725/2725 2728/2728/2728 2732/2732/2732
f 2725/2725/2725 2732/2732/2732 2729/2729/2729
f 2714/2714/2714 2730/2730/2730 2733/2733/2733
f 2714/2714/2714 2733/2733/2733 2716/2716/2716
f 2734/2734/2734 2716/2716/2716 2733/2733/2733
f 2734/2734/2734 2717/2717/2717 2716/2716/2716
f 2735/2735/2735 2734/2734/2734 2733/2733/2733
f 2730/2730/2730 2735/2735/2735 2733/2733/2733
f 2730/2730/2730 2729/2729/2729 2736/2736/2736
f 2732/2732/2732 2736/2736/2736 2729/2729/2729
f 2732/2732/2732 2728/2728/2728 2737/2737/2737
f 2737/2737/2737 2728/2728/2728 2738/2738/2738
f 2737/2737/2737 2738/2738/2738 2739/2739/2739
f 2737/2737/2737 2739/2739/2739 2740/2740/2740
f 2732/2732/2732 2737/2737/2737 2740/2740/2740
f 2740/2740/2740 2739/2739/2739 2741/2741/2741
f 2741/2741/2741 2742/2742/2742 2740/2740/2740
f 2743/2743/2743 2740/2740/2740 2742/2742/2742
f 2744/2744/2744 2732/2732/2732 2740/2740/2740
f 2743/2743/2743 2744/2744/2744 2740/2740/2740
f 2744/2744/2744 2736/2736/2736 2732/2732/2732
f 2743/2743/2743 2745/2745/2745 2744/2744/2744
f 2745/2745/2745 2736/2736/2736 2744/2744/2744
f 2745/2745/2745 2746/2746/2746 2736/2736/2736
f 2747/2747/2747 2730/2730/2730 2736/2736/2736
f 2746/2746/2746 2747/2747/2747 2736/2736/2736
f 2747/2747/2747 2735/2735/2735 2730/2730/2730
f 2747/2747/2747 2746/2746/2746 2735/2735/2735
f 2746/2746/2746 2748/2748/2748 2735/2735/2735
f 2735/2735/2735 2748/2748/2748 2734/2734/2734
f 2734/2734/2734 2748/2748/2748 2717/2717/2717
f 2717/2717/2717 2748/2748/2748 2749/2749/2749
f 2750/2750/2750 2717/2717/2717 2749/2749/2749
f 2751/2751/2751 2750/2750/2750 2749/2749/2749
f 2711/2711/2711 2717/2717/2717 2750/2750/2750
f 2750/2750/2750 2751/2751/2751 2752/2752/2752
f 2751/2751/2751 2753/2753/2753 2752/2752/2752
f 2752/2752/2752 2753/2753/2753 2754/2754/2754
f 2750/2750/2750 2755/2755/2755 2711/2711/2711
f 2750/2750/2750 2752/2752/2752 2755/2755/2755
f 2756/2756/2756 2752/2752/2752 2754/2754/2754
f 2756/2756/2756 2754/2754/2754 2757/2757/2757
f 2711/2711/2711 2755/2755/2755 2758/2758/2758
f 2758/2758/2758 2709/2709/2709 2711/2711/2711
f 2755/2755/2755 2752/2752/2752 2759/2759/2759
f 2752/2752/2752 2756/2756/2756 2759/2759/2759
f 2760/2760/2760 2756/2756/2756 2757/2757/2757
f 2760/2760/2760 2757/2757/2757 2761/2761/2761
f 2759/2759/2759 2762/2762/2762 2755/2755/2755
f 2762/2762/2762 2758/2758/2758 2755/2755/2755
f 2759/2759/2759 2756/2756/2756 2763/2763/2763
f 2763/2763/2763 2756/2756/2756 2760/2760/2760
f 2759/2759/2759 2763/2763/2763 2762/2762/2762
f 2764/2764/2764 2760/2760/2760 2761/2761/2761
f 2763/2763/2763 2760/2760/2760 2764/2764/2764
f 2764/2764/2764 2761/2761/2761 2765/2765/2765
f 2766/2766/2766 2764/2764/2764 2765/2765/2765
f 2767/2767/2767 2764/2764/2764 2766/2766/2766
f 2764/2764/2764 2767/2767/2767 2768/2768/2768
f 2763/2763/2763 2764/2764/2764 2768/2768/2768
f 2768/2768/2768 2762/2762/2762 2763/2763/2763
f 2769/2769/2769 2758/2758/2758 2762/2762/2762
f 2769/2769/2769 2762/2762/2762 2770/2770/2770
f 2769/2769/2769 2771/2771/2771 2758/2758/2758
f 2769/2769/2769 2770/2770/2770 2771/2771/2771
f 2758/2758/2758 2771/2771/2771 2709/2709/2709
f 2770/2770/2770 2772/2772/2772 2771/2771/2771
f 2771/2771/2771 2772/2772/2772 2709/2709/2709
f 2770/2770/2770 2773/2773/2773 2772/2772/2772
f 2709/2709/2709 2772/2772/2772 2708/2708/2708
f 2773/2773/2773 2774/2774/2774 2772/2772/2772
f 2772/2772/2772 2774/2774/2774 2708/2708/2708
f 2775/2775/2775 2774/2774/2774 2773/2773/2773
f 2776/2776/2776 2774/2774/2774 2775/2775/2775
f 2774/2774/2774 2703/2703/2703 2708/2708/2708
f 2703/2703/2703 2774/2774/2774 2777/2777/2777
f 2778/2778/2778 2703/2703/2703 2777/2777/2777
s 49
f 2781/2781/2779 2780/2780/2780 2779/2779/2781
f 2779/2779/2781 2782/2782/2782 2781/2781/2779
f 2782/2782/2782 2783/2783/2783 2781/2781/2779
f 2783/2783/2783 2782/2782/2782 2784/2784/2784
s 50
f 2787/2787/2785 2786/2786/2786 2785/2785/2787
f 2786/2786/2786 2788/2788/2788 2785/2785/2787
f 2786/2786/2786 2789/2789/2789 2788/2788/2788
f 2789/2789/2789 2790/2790/2790 2788/2788/2788
f 2790/2790/2790 2791/2791/2791 2788/2788/2788
f 2791/2791/2791 2790/2790/2790 2792/2792/2792
f 2790/2790/2790 2789/2789/2789 2793/2793/2793
f 2794/2794/2794 2792/2792/2792 2790/2790/2790
f 2794/2794/2794 2790/2790/2790 2793/2793/2793
f 2795/2795/2795 2791/2791/2791 2792/2792/2792
f 2795/2795/2795 2796/2796/2796 2791/2791/2791
f 2796/2796/2796 2795/2795/2795 2797/2797/2797
f 2795/2795/2795 2798/2798/2798 2797/2797/2797
f 2798/2798/2798 2795/2795/2795 2792/2792/2792
f 2799/2799/2799 2797/2797/2797 2798/2798/2798
f 2800/2800/2800 2798/2798/2798 2792/2792/2792
f 2800/2800/2800 2801/2801/2801 2798/2798/2798
f 2802/2802/2802 2801/2801/2801 2800/2800/2800
f 2801/2801/2801 2802/2802/2802 2803/2803/2803
f 2802/2802/2802 2804/2804/2804 2803/2803/2803
f 2803/2803/2803 2804/2804/2804 2805/2805/2805
f 2805/2805/2805 2804/2804/2804 2806/2806/2806
f 2804/2804/2804 2802/2802/2802 2806/2806/2806
f 2802/2802/2802 2807/2807/2807 2806/2806/2806
f 2808/2808/2808 2807/2807/2807 2802/2802/2802
f 2809/2809/2809 2807/2807/2807 2808/2808/2808
f 2810/2810/2810 2802/2802/2802 2800/2800/2800
f 2810/2810/2810 2808/2808/2808 2802/2802/2802
f 2800/2800/2800 2792/2792/2792 2811/2811/2811
f 2810/2810/2810 2800/2800/2800 2812/2812/2812
f 2812/2812/2812 2800/2800/2800 2811/2811/2811
f 2813/2813/2813 2810/2810/2810 2812/2812/2812
f 2808/2808/2808 2810/2810/2810 2813/2813/2813
f 2811/2811/2811 2792/2792/2792 2814/2814/2814
f 2814/2814/2814 2792/2792/2792 2794/2794/2794
f 2814/2814/2814 2794/2794/2794 2815/2815/2815
f 2793/2793/2793 2815/2815/2815 2794/2794/2794
f 2813/2813/2813 2812/2812/2812 2816/2816/2816
f 2812/2812/2812 2811/2811/2811 2816/2816/2816
f 2811/2811/2811 2814/2814/2814 2817/2817/2817
f 2817/2817/2817 2814/2814/2814 2815/2815/2815
f 2817/2817/2817 2818/2818/2818 2811/2811/2811
f 2818/2818/2818 2816/2816/2816 2811/2811/2811
f 2819/2819/2819 2816/2816/2816 2818/2818/2818
f 2820/2820/2820 2816/2816/2816 2819/2819/2819
f 2820/2820/2820 2813/2813/2813 2816/2816/2816
f 2821/2821/2821 2808/2808/2808 2813/2813/2813
f 2813/2813/2813 2820/2820/2820 2821/2821/2821
f 2817/2817/2817 2822/2822/2822 2818/2818/2818
f 2817/2817/2817 2815/2815/2815 2822/2822/2822
f 2818/2818/2818 2823/2823/2823 2819/2819/2819
f 2818/2818/2818 2822/2822/2822 2823/2823/2823
f 2824/2824/2824 2808/2808/2808 2821/2821/2821
f 2825/2825/2825 2808/2808/2808 2824/2824/2824
f 2826/2826/2826 2825/2825/2825 2824/2824/2824
f 2825/2825/2825 2826/2826/2826 2827/2827/2827
f 2828/2828/2828 2823/2823/2823 2822/2822/2822
f 2829/2829/2829 2828/2828/2828 2822/2822/2822
f 2823/2823/2823 2828/2828/2828 2830/2830/2830
f 2819/2819/2819 2823/2823/2823 2830/2830/2830
f 2822/2822/2822 2831/2831/2831 2829/2829/2829
f 2815/2815/2815 2831/2831/2831 2822/2822/2822
f 2815/2815/2815 2832/2832/2832 2831/2831/2831
f 2832/2832/2832 2833/2833/2833 2831/2831/2831
f 2793/2793/2793 2832/2832/2832 2815/2815/2815
f 2832/2832/2832 2834/2834/2834 2833/2833/2833
f 2832/2832/2832 2793/2793/2793 2834/2834/2834
f 2834/2834/2834 2835/2835/2835 2833/2833/2833
f 2793/2793/2793 2836/2836/2836 2834/2834/2834
f 2837/2837/2837 2835/2835/2835 2834/2834/2834
f 2837/2837/2837 2834/2834/2834 2836/2836/2836
f 2838/2838/2838 2837/2837/2837 2836/2836/2836
f 2830/2830/2830 2839/2839/2839 2819/2819/2819
f 2830/2830/2830 2840/2840/2840 2839/2839/2839
f 2840/2840/2840 2841/2841/2841 2839/2839/2839
f 2839/2839/2839 2841/2841/2841 2842/2842/2842
f 2843/2843/2843 2839/2839/2839 2842/2842/2842
f 2839/2839/2839 2843/2843/2843 2819/2819/2819
f 2844/2844/2844 2843/2843/2843 2842/2842/2842
f 2843/2843/2843 2844/2844/2844 2845/2845/2845
f 2819/2819/2819 2843/2843/2843 2845/2845/2845
f 2844/2844/2844 2846/2846/2846 2845/2845/2845
f 2847/2847/2847 2845/2845/2845 2846/2846/2846
f 2848/2848/2848 2819/2819/2819 2845/2845/2845
f 2848/2848/2848 2845/2845/2845 2847/2847/2847
f 2848/2848/2848 2820/2820/2820 2819/2819/2819
f 2847/2847/2847 2849/2849/2849 2848/2848/2848
f 2848/2848/2848 2850/2850/2850 2820/2820/2820
f 2849/2849/2849 2850/2850/2850 2848/2848/2848
f 2850/2850/2850 2851/2851/2851 2820/2820/2820
f 2820/2820/2820 2851/2851/2851 2821/2821/2821
f 2849/2849/2849 2852/2852/2852 2850/2850/2850
f 2849/2849/2849 2853/2853/2853 2852/2852/2852
f 2852/2852/2852 2853/2853/2853 2854/2854/2854
f 2852/2852/2852 2854/2854/2854 2855/2855/2855
f 2852/2852/2852 2856/2856/2856 2850/2850/2850
f 2850/2850/2850 2856/2856/2856 2851/2851/2851
f 2856/2856/2856 2852/2852/2852 2855/2855/2855
f 2857/2857/2857 2851/2851/2851 2856/2856/2856
f 2857/2857/2857 2856/2856/2856 2855/2855/2855
f 2851/2851/2851 2857/2857/2857 2821/2821/2821
f 2858/2858/2858 2857/2857/2857 2855/2855/2855
f 2857/2857/2857 2859/2859/2859 2821/2821/2821
f 2857/2857/2857 2858/2858/2858 2859/2859/2859
f 2860/2860/2860 2859/2859/2859 2858/2858/2858
f 2821/2821/2821 2859/2859/2859 2824/2824/2824
f 2859/2859/2859 2860/2860/2860 2861/2861/2861
f 2859/2859/2859 2861/2861/2861 2824/2824/2824
f 2862/2862/2862 2861/2861/2861 2860/2860/2860
f 2824/2824/2824 2861/2861/2861 2863/2863/2863
f 2863/2863/2863 2861/2861/2861 2862/2862/2862
f 2826/2826/2826 2824/2824/2824 2863/2863/2863
f 2864/2864/2864 2863/2863/2863 2862/2862/2862
f 2863/2863/2863 2865/2865/2865 2826/2826/2826
f 2863/2863/2863 2864/2864/2864 2865/2865/2865
f 2826/2826/2826 2865/2865/2865 2827/2827/2827
f 2864/2864/2864 2866/2866/2866 2865/2865/2865
f 2827/2827/2827 2865/2865/2865 2866/2866/2866
f 2827/2827/2827 2866/2866/2866 2867/2867/2867
s 51
f 2870/2870/2868 2869/2869/2869 2868/2868/2870
f 2871/2871/2871 2870/2870/2868 2868/2868/2870
f 2868/2868/2870 2872/2872/2872 2871/2871/2871
f 2873/2873/2873 2870/2870/2868 2871/2871/2871
f 2872/2872/2872 2874/2874/2874 2871/2871/2871
f 2875/2875/2875 2873/2873/2873 2871/2871/2871
f 2875/2875/2875 2871/2871/2871 2874/2874/2874
f 2876/2876/2876 2875/2875/2875 2874/2874/2874
s 52
f 2879/2879/2877 2878/2878/2878 2877/2877/2879
f 2879/2879/2877 2880/2880/2880 2878/2878/2878
f 2880/2880/2880 2881/2881/2881 2878/2878/2878
f 2882/2882/2882 2878/2878/2878 2881/2881/2881
f 2883/2883/2883 2881/2881/2881 2880/2880/2880
f 2884/2884/2884 2883/2883/2883 2880/2880/2880
f 2883/2883/2883 2885/2885/2885 2881/2881/2881
f 2885/2885/2885 2882/2882/2882 2881/2881/2881
f 2885/2885/2885 2886/2886/2886 2882/2882/2882
s 53
f 2889/2889/2887 2888/2888/2888 2887/2887/2889
f 2889/2889/2887 2890/2890/2890 2888/2888/2888
f 2890/2890/2890 2891/2891/2891 2888/2888/2888
f 2892/2892/2892 2888/2888/2888 2891/2891/2891
s 54
f 2895/2895/2893 2894/2894/2894 2893/2893/2895
f 2896/2896/2896 2895/2895/2893 2893/2893/2895
s 55
f 2899/2899/2897 2898/2898/2898 2897/2897/2899
f 2898/2898/2898 2900/2900/2900 2897/2897/2899
f 2897/2897/2899 2900/2900/2900 2901/2901/2901
f 2898/2898/2898 2902/2902/2902 2900/2900/2900
f 2900/2900/2900 2903/2903/2903 2901/2901/2901
f 2902/2902/2902 2904/2904/2904 2900/2900/2900
f 2900/2900/2900 2904/2904/2904 2903/2903/2903
f 2904/2904/2904 2905/2905/2905 2903/2903/2903
f 2902/2902/2902 2906/2906/2906 2904/2904/2904
f 2906/2906/2906 2907/2907/2907 2904/2904/2904
f 2908/2908/2908 2904/2904/2904 2907/2907/2907
s 56
f 2911/2911/2909 2910/2910/2910 2909/2909/2911
f 2909/2909/2911 2910/2910/2910 2912/2912/2912
f 2910/2910/2910 2913/2913/2913 2912/2912/2912
f 2914/2914/2914 2912/2912/2912 2913/2913/2913
s 57
f 2917/2917/2915 2916/2916/2916 2915/2915/2917
f 2918/2918/2918 2917/2917/2915 2915/2915/2917
f 2917/2917/2915 2918/2918/2918 2919/2919/2919
f 2920/2920/2920 2919/2919/2919 2918/2918/2918
f 2921/2921/2921 2918/2918/2918 2915/2915/2917
f 2922/2922/2922 2921/2921/2921 2915/2915/2917
s 58
f 2925/2925/2923 2924/2924/2924 2923/2923/2925
f 2926/2926/2926 2925/2925/2923 2923/2923/2925
s 59
f 2929/2929/2927 2928/2928/2928 2927/2927/2929
f 2928/2928/2928 2930/2930/2930 2927/2927/2929
f 2928/2928/2928 2931/2931/2931 2930/2930/2930
s 31
f 2934/2934/2932 2933/2933/2933 2932/2932/2934
f 2935/2935/2935 2934/2934/2932 2932/2932/2934
f 2932/2932/2934 2933/2933/2933 2936/2936/2936
f 2935/2935/2935 2932/2932/2934 2937/2937/2937
f 2938/2938/2938 2932/2932/2934 2936/2936/2936
f 2937/2937/2937 2932/2932/2934 2938/2938/2938
f 2937/2937/2937 2939/2939/2939 2935/2935/2935
f 2939/2939/2939 2940/2940/2940 2935/2935/2935
f 2939/2939/2939 2941/2941/2941 2940/2940/2940
f 1829/1829/1829 2940/2940/2940 2941/2941/2941
f 2942/2942/2942 2939/2939/2939 2937/2937/2937
f 2941/2941/2941 2939/2939/2939 2942/2942/2942
f 2943/2943/2943 1829/1829/1829 2941/2941/2941
f 2943/2943/2943 1828/1828/1828 1829/1829/1829
f 2944/2944/2944 2937/2937/2937 2938/2938/2938
f 2942/2942/2942 2937/2937/2937 2944/2944/2944
f 2945/2945/2945 2941/2941/2941 2942/2942/2942
f 2943/2943/2943 2941/2941/2941 2945/2945/2945
f 2936/2936/2936 2946/2946/2946 2938/2938/2938
f 2944/2944/2944 2938/2938/2938 2947/2947/2947
f 2946/2946/2946 2947/2947/2947 2938/2938/2938
f 2946/2946/2946 2936/2936/2936 2948/2948/2948
f 2948/2948/2948 2936/2936/2936 2949/2949/2949
f 2948/2948/2948 2950/2950/2950 2946/2946/2946
f 2948/2948/2948 2949/2949/2949 2951/2951/2951
f 2948/2948/2948 2951/2951/2951 2950/2950/2950
f 2944/2944/2944 2947/2947/2947 2952/2952/2952
f 2942/2942/2942 2944/2944/2944 2952/2952/2952
f 2947/2947/2947 2953/2953/2953 2952/2952/2952
f 2942/2942/2942 2952/2952/2952 2954/2954/2954
f 2953/2953/2953 2954/2954/2954 2952/2952/2952
f 2945/2945/2945 2942/2942/2942 2954/2954/2954
f 2954/2954/2954 2953/2953/2953 2955/2955/2955
f 2945/2945/2945 2954/2954/2954 2956/2956/2956
f 2956/2956/2956 2954/2954/2954 2955/2955/2955
f 2955/2955/2955 2957/2957/2957 2956/2956/2956
f 2955/2955/2955 2958/2958/2958 2957/2957/2957
f 2943/2943/2943 2945/2945/2945 2956/2956/2956
f 2959/2959/2959 2943/2943/2943 2956/2956/2956
f 1828/1828/1828 2943/2943/2943 2959/2959/2959
f 2960/2960/2960 2959/2959/2959 2956/2956/2956
f 2956/2956/2956 2957/2957/2957 2960/2960/2960
f 2961/2961/2961 1828/1828/1828 2959/2959/2959
f 2959/2959/2959 2960/2960/2960 2961/2961/2961
f 1834/1834/1834 1828/1828/1828 2961/2961/2961
f 2960/2960/2960 2962/2962/2962 2961/2961/2961
f 1834/1834/1834 2961/2961/2961 2962/2962/2962
f 2957/2957/2957 2962/2962/2962 2960/2960/2960
f 1839/1839/1839 1834/1834/1834 2962/2962/2962
f 2962/2962/2962 2957/2957/2957 1839/1839/1839
f 1839/1839/1839 2957/2957/2957 2963/2963/2963
f 1839/1839/1839 2963/2963/2963 1904/1904/1904
f 1904/1904/1904 2963/2963/2963 2964/2964/2964
f 1904/1904/1904 2964/2964/2964 1903/1903/1903
f 2963/2963/2963 2957/2957/2957 2965/2965/2965
f 2963/2963/2963 2965/2965/2965 2964/2964/2964
f 2964/2964/2964 2966/2966/2966 1903/1903/1903
f 2964/2964/2964 2965/2965/2965 2966/2966/2966
f 2966/2966/2966 1930/1930/1930 1903/1903/1903
f 2957/2957/2957 2967/2967/2967 2965/2965/2965
f 2965/2965/2965 2967/2967/2967 2966/2966/2966
f 2957/2957/2957 2958/2958/2958 2967/2967/2967
f 2966/2966/2966 2968/2968/2968 1930/1930/1930
f 2968/2968/2968 2969/2969/2969 1930/1930/1930
f 2967/2967/2967 2970/2970/2970 2966/2966/2966
f 2970/2970/2970 2968/2968/2968 2966/2966/2966
f 2967/2967/2967 2958/2958/2958 2971/2971/2971
f 2967/2967/2967 2971/2971/2971 2970/2970/2970
f 2958/2958/2958 2972/2972/2972 2971/2971/2971
f 2968/2968/2968 2973/2973/2973 2969/2969/2969
f 2968/2968/2968 2970/2970/2970 2973/2973/2973
f 2969/2969/2969 2973/2973/2973 2974/2974/2974
f 2972/2972/2972 2975/2975/2975 2971/2971/2971
f 2975/2975/2975 2972/2972/2972 2976/2976/2976
f 2970/2970/2970 2971/2971/2971 2977/2977/2977
f 2970/2970/2970 2977/2977/2977 2973/2973/2973
f 2971/2971/2971 2975/2975/2975 2977/2977/2977
f 2973/2973/2973 2978/2978/2978 2974/2974/2974
f 2973/2973/2973 2977/2977/2977 2978/2978/2978
f 2977/2977/2977 2975/2975/2975 2979/2979/2979
f 2979/2979/2979 2975/2975/2975 2976/2976/2976
f 2977/2977/2977 2979/2979/2979 2978/2978/2978
f 2980/2980/2980 2974/2974/2974 2978/2978/2978
f 2978/2978/2978 2979/2979/2979 2980/2980/2980
f 2974/2974/2974 2980/2980/2980 2981/2981/2981
f 2982/2982/2982 2979/2979/2979 2976/2976/2976
f 2979/2979/2979 2982/2982/2982 2980/2980/2980
f 2976/2976/2976 2983/2983/2983 2982/2982/2982
f 2983/2983/2983 2984/2984/2984 2982/2982/2982
f 2982/2982/2982 2984/2984/2984 2985/2985/2985
f 2980/2980/2980 2982/2982/2982 2985/2985/2985
f 2980/2980/2980 2985/2985/2985 2981/2981/2981
f 2985/2985/2985 2986/2986/2986 2981/2981/2981
f 2987/2987/2987 2981/2981/2981 2986/2986/2986
f 2986/2986/2986 2985/2985/2985 2988/2988/2988
f 2986/2986/2986 2989/2989/2989 2987/2987/2987
f 2988/2988/2988 2989/2989/2989 2986/2986/2986
s 61
f 2992/2992/2990 2991/2991/2991 2990/2990/2992
f 2993/2993/2993 2992/2992/2990 2990/2990/2992
f 2994/2994/2994 2993/2993/2993 2990/2990/2992
f 2995/2995/2995 2994/2994/2994 2990/2990/2992
f 2990/2990/2992 2991/2991/2991 2996/2996/2996
f 2990/2990/2992 2996/2996/2996 2995/2995/2995
f 2991/2991/2991 2997/2997/2997 2996/2996/2996
f 2995/2995/2995 2996/2996/2996 2998/2998/2998
f 2997/2997/2997 2999/2999/2999 2996/2996/2996
f 2998/2998/2998 2996/2996/2996 3000/3000/3000
f 2999/2999/2999 3000/3000/3000 2996/2996/2996
f 2998/2998/2998 3000/3000/3000 3001/3001/3001
f 3001/3001/3001 3000/3000/3000 2999/2999/2999
f 3001/3001/3001 3002/3002/3002 2998/2998/2998
f 3001/3001/3001 2999/2999/2999 3002/3002/3002
f 3002/3002/3002 3003/3003/3003 2998/2998/2998
f 2999/2999/2999 3004/3004/3004 3002/3002/3002
f 3003/3003/3003 3002/3002/3002 3005/3005/3005
f 3004/3004/3004 3006/3006/3006 3002/3002/3002
f 3006/3006/3006 3005/3005/3005 3002/3002/3002
s 10
f 3009/3009/3007 3008/3008/3008 3007/3007/3009
f 3008/3008/3008 3010/3010/3010 3007/3007/3009
f 3011/3011/3011 3009/3009/3007 3007/3007/3009
f 3007/3007/3009 3010/3010/3010 3012/3012/3012
f 3013/3013/3013 3011/3011/3011 3007/3007/3009
f 3007/3007/3009 3012/3012/3012 3013/3013/3013
f 3014/3014/3014 3012/3012/3012 3010/3010/3010
f 3015/3015/3015 3014/3014/3014 3010/3010/3010
f 3016/3016/3016 3014/3014/3014 3015/3015/3015
f 3015/3015/3015 540/540/540 3016/3016/3016
f 3014/3014/3014 3017/3017/3017 3012/3012/3012
f 3017/3017/3017 3014/3014/3014 3016/3016/3016
f 540/540/540 3018/3018/3018 3016/3016/3016
f 539/539/539 3018/3018/3018 540/540/540
f 3012/3012/3012 3019/3019/3019 3013/3013/3013
f 3012/3012/3012 3017/3017/3017 3019/3019/3019
f 3020/3020/3020 3017/3017/3017 3016/3016/3016
f 3016/3016/3016 3018/3018/3018 3020/3020/3020
f 3021/3021/3021 3011/3011/3011 3013/3013/3013
f 3013/3013/3013 3019/3019/3019 3022/3022/3022
f 3022/3022/3022 3021/3021/3021 3013/3013/3013
f 3011/3011/3011 3021/3021/3021 3023/3023/3023
f 3011/3011/3011 3023/3023/3023 3024/3024/3024
f 3025/3025/3025 3023/3023/3023 3021/3021/3021
f 3024/3024/3024 3023/3023/3023 3026/3026/3026
f 3026/3026/3026 3023/3023/3023 3025/3025/3025
f 3019/3019/3019 3027/3027/3027 3022/3022/3022
f 3019/3019/3019 3017/3017/3017 3027/3027/3027
f 3027/3027/3027 3028/3028/3028 3022/3022/3022
f 3027/3027/3027 3017/3017/3017 3029/3029/3029
f 3029/3029/3029 3028/3028/3028 3027/3027/3027
f 3017/3017/3017 3020/3020/3020 3029/3029/3029
f 3030/3030/3030 3028/3028/3028 3029/3029/3029
f 3029/3029/3029 3020/3020/3020 3031/3031/3031
f 3031/3031/3031 3030/3030/3030 3029/3029/3029
f 3032/3032/3032 3030/3030/3030 3031/3031/3031
f 3033/3033/3033 3030/3030/3030 3032/3032/3032
f 3020/3020/3020 3018/3018/3018 3031/3031/3031
f 3018/3018/3018 3034/3034/3034 3031/3031/3031
f 3034/3034/3034 3018/3018/3018 539/539/539
f 3034/3034/3034 3035/3035/3035 3031/3031/3031
f 3031/3031/3031 3035/3035/3035 3032/3032/3032
f 3036/3036/3036 3034/3034/3034 539/539/539
f 3034/3034/3034 3036/3036/3036 3035/3035/3035
f 539/539/539 545/545/545 3036/3036/3036
f 3036/3036/3036 3037/3037/3037 3035/3035/3035
f 3036/3036/3036 545/545/545 3037/3037/3037
f 3035/3035/3035 3037/3037/3037 3032/3032/3032
f 545/545/545 550/550/550 3037/3037/3037
f 3032/3032/3032 3037/3037/3037 550/550/550
f 3032/3032/3032 550/550/550 3038/3038/3038
f 615/615/615 3038/3038/3038 550/550/550
f 615/615/615 3039/3039/3039 3038/3038/3038
f 615/615/615 614/614/614 3039/3039/3039
f 3038/3038/3038 3040/3040/3040 3032/3032/3032
f 3039/3039/3039 3040/3040/3040 3038/3038/3038
f 614/614/614 3041/3041/3041 3039/3039/3039
f 3040/3040/3040 3039/3039/3039 3041/3041/3041
f 641/641/641 3041/3041/3041 614/614/614
f 3040/3040/3040 3042/3042/3042 3032/3032/3032
f 3042/3042/3042 3040/3040/3040 3041/3041/3041
f 3033/3033/3033 3032/3032/3032 3042/3042/3042
f 3043/3043/3043 3041/3041/3041 641/641/641
f 3044/3044/3044 3043/3043/3043 641/641/641
f 3045/3045/3045 3042/3042/3042 3041/3041/3041
f 3043/3043/3043 3045/3045/3045 3041/3041/3041
f 3033/3033/3033 3042/3042/3042 3046/3046/3046
f 3046/3046/3046 3042/3042/3042 3045/3045/3045
f 3047/3047/3047 3033/3033/3033 3046/3046/3046
f 3048/3048/3048 3043/3043/3043 3044/3044/3044
f 3043/3043/3043 3048/3048/3048 3045/3045/3045
f 3048/3048/3048 3044/3044/3044 3049/3049/3049
f 3050/3050/3050 3047/3047/3047 3046/3046/3046
f 3047/3047/3047 3050/3050/3050 3051/3051/3051
f 3045/3045/3045 3052/3052/3052 3046/3046/3046
f 3048/3048/3048 3052/3052/3052 3045/3045/3045
f 3052/3052/3052 3050/3050/3050 3046/3046/3046
f 3053/3053/3053 3048/3048/3048 3049/3049/3049
f 3052/3052/3052 3048/3048/3048 3053/3053/3053
f 3050/3050/3050 3052/3052/3052 3054/3054/3054
f 3050/3050/3050 3054/3054/3054 3051/3051/3051
f 3054/3054/3054 3052/3052/3052 3053/3053/3053
f 3049/3049/3049 3055/3055/3055 3053/3053/3053
f 3054/3054/3054 3053/3053/3053 3055/3055/3055
f 3055/3055/3055 3049/3049/3049 3056/3056/3056
f 3054/3054/3054 3057/3057/3057 3051/3051/3051
f 3057/3057/3057 3054/3054/3054 3055/3055/3055
f 3058/3058/3058 3051/3051/3051 3057/3057/3057
f 3059/3059/3059 3058/3058/3058 3057/3057/3057
f 3059/3059/3059 3057/3057/3057 3060/3060/3060
f 3057/3057/3057 3055/3055/3055 3060/3060/3060
f 3060/3060/3060 3055/3055/3055 3056/3056/3056
f 3061/3061/3061 3060/3060/3060 3056/3056/3056
f 3056/3056/3056 3062/3062/3062 3061/3061/3061
f 3060/3060/3060 3061/3061/3061 3063/3063/3063
f 3064/3064/3064 3061/3061/3061 3062/3062/3062
f 3064/3064/3064 3063/3063/3063 3061/3061/3061
s 63
f 3067/3067/3065 3066/3066/3066 3065/3065/3067
f 3067/3067/3065 3065/3065/3067 3068/3068/3068
f 3066/3066/3066 3069/3069/3069 3065/3065/3067
f 3070/3070/3070 3069/3069/3069 3066/3066/3066
f 3065/3065/3067 3071/3071/3071 3068/3068/3068
f 3068/3068/3068 3071/3071/3071 3072/3072/3072
f 3071/3071/3071 3073/3073/3073 3072/3072/3072
f 3071/3071/3071 3065/3065/3067 3073/3073/3073
f 3073/3073/3073 3074/3074/3074 3072/3072/3072
f 3072/3072/3072 3074/3074/3074 3075/3075/3075
f 3069/3069/3069 3076/3076/3076 3065/3065/3067
f 3065/3065/3067 3077/3077/3077 3073/3073/3073
f 3076/3076/3076 3077/3077/3077 3065/3065/3067
f 3073/3073/3073 3077/3077/3077 3078/3078/3078
f 3074/3074/3074 3073/3073/3073 3078/3078/3078
f 3077/3077/3077 3076/3076/3076 3078/3078/3078
f 3079/3079/3079 3074/3074/3074 3078/3078/3078
f 3074/3074/3074 3079/3079/3079 3075/3075/3075
f 3076/3076/3076 3080/3080/3080 3078/3078/3078
f 3080/3080/3080 3076/3076/3076 3069/3069/3069
f 3070/3070/3070 3080/3080/3080 3069/3069/3069
f 3075/3075/3075 3079/3079/3079 3081/3081/3081
f 3081/3081/3081 3079/3079/3079 3078/3078/3078
f 3070/3070/3070 3082/3082/3082 3080/3080/3080
f 3080/3080/3080 3082/3082/3082 3078/3078/3078
f 3083/3083/3083 3082/3082/3082 3070/3070/3070
f 3082/3082/3082 3083/3083/3083 3078/3078/3078
f 3084/3084/3084 3083/3083/3083 3070/3070/3070
f 3084/3084/3084 3085/3085/3085 3083/3083/3083
f 3083/3083/3083 3085/3085/3085 3078/3078/3078
f 3084/3084/3084 3086/3086/3086 3085/3085/3085
f 3087/3087/3087 3086/3086/3086 3084/3084/3084
f 3085/3085/3085 3088/3088/3088 3078/3078/3078
f 3086/3086/3086 3088/3088/3088 3085/3085/3085
f 3088/3088/3088 3089/3089/3089 3078/3078/3078
f 3089/3089/3089 3088/3088/3088 3086/3086/3086
f 3089/3089/3089 3081/3081/3081 3078/3078/3078
f 3090/3090/3090 3086/3086/3086 3087/3087/3087
f 3090/3090/3090 3089/3089/3089 3086/3086/3086
f 3081/3081/3081 3089/3089/3089 3090/3090/3090
f 3091/3091/3091 3090/3090/3090 3087/3087/3087
f 3091/3091/3091 3092/3092/3092 3090/3090/3090
f 3093/3093/3093 3081/3081/3081 3090/3090/3090
f 3092/3092/3092 3093/3093/3093 3090/3090/3090
f 3093/3093/3093 3075/3075/3075 3081/3081/3081
f 3075/3075/3075 3093/3093/3093 3092/3092/3092
s 64
f 3096/3096/3094 3095/3095/3095 3094/3094/3096
f 3095/3095/3095 3097/3097/3097 3094/3094/3096
f 3098/3098/3098 3096/3096/3094 3094/3094/3096
f 3097/3097/3097 3099/3099/3099 3094/3094/3096
f 3098/3098/3098 3094/3094/3096 3100/3100/3100
f 3100/3100/3100 3094/3094/3096 3099/3099/3099
f 3101/3101/3101 3098/3098/3098 3100/3100/3100
f 3100/3100/3100 3099/3099/3099 3102/3102/3102
f 3101/3101/3101 3100/3100/3100 3103/3103/3103
f 3100/3100/3100 3102/3102/3102 3104/3104/3104
f 3100/3100/3100 3104/3104/3104 3103/3103/3103
f 3104/3104/3104 3102/3102/3102 3105/3105/3105
f 3104/3104/3104 3105/3105/3105 3103/3103/3103
f 3106/3106/3106 3105/3105/3105 3102/3102/3102
f 3105/3105/3105 3106/3106/3106 3103/3103/3103
f 3107/3107/3107 3106/3106/3106 3102/3102/3102
f 3106/3106/3106 3108/3108/3108 3103/3103/3103
f 3106/3106/3106 3107/3107/3107 3109/3109/3109
f 3110/3110/3110 3108/3108/3108 3106/3106/3106
f 3109/3109/3109 3110/3110/3110 3106/3106/3106
s 65
f 3113/3113/3111 3112/3112/3112 3111/3111/3113
f 3111/3111/3113 3112/3112/3112 3114/3114/3114
f 3115/3115/3115 3113/3113/3111 3111/3111/3113
f 3115/3115/3115 3116/3116/3116 3113/3113/3111
f 3117/3117/3117 3111/3111/3113 3114/3114/3114
f 3117/3117/3117 3114/3114/3114 3118/3118/3118
f 3119/3119/3119 3117/3117/3117 3118/3118/3118
f 3111/3111/3113 3117/3117/3117 3119/3119/3119
f 3120/3120/3120 3119/3119/3119 3118/3118/3118
f 3118/3118/3118 3121/3121/3121 3120/3120/3120
f 3115/3115/3115 3111/3111/3113 3122/3122/3122
f 3123/3123/3123 3111/3111/3113 3119/3119/3119
f 3111/3111/3113 3123/3123/3123 3122/3122/3122
f 3123/3123/3123 3119/3119/3119 3124/3124/3124
f 3119/3119/3119 3120/3120/3120 3124/3124/3124
f 3122/3122/3122 3123/3123/3123 3124/3124/3124
f 3120/3120/3120 3125/3125/3125 3124/3124/3124
f 3121/3121/3121 3125/3125/3125 3120/3120/3120
f 3126/3126/3126 3122/3122/3122 3124/3124/3124
f 3122/3122/3122 3126/3126/3126 3115/3115/3115
f 3126/3126/3126 3116/3116/3116 3115/3115/3115
f 3125/3125/3125 3121/3121/3121 3127/3127/3127
f 3125/3125/3125 3127/3127/3127 3124/3124/3124
f 3128/3128/3128 3116/3116/3116 3126/3126/3126
f 3128/3128/3128 3126/3126/3126 3124/3124/3124
f 3116/3116/3116 3128/3128/3128 3129/3129/3129
f 3129/3129/3129 3128/3128/3128 3124/3124/3124
f 3130/3130/3130 3116/3116/3116 3129/3129/3129
f 3131/3131/3131 3130/3130/3130 3129/3129/3129
f 3131/3131/3131 3129/3129/3129 3124/3124/3124
f 3132/3132/3132 3130/3130/3130 3131/3131/3131
f 3132/3132/3132 3133/3133/3133 3130/3130/3130
f 3134/3134/3134 3131/3131/3131 3124/3124/3124
f 3134/3134/3134 3132/3132/3132 3131/3131/3131
f 3135/3135/3135 3134/3134/3134 3124/3124/3124
f 3132/3132/3132 3134/3134/3134 3135/3135/3135
f 3127/3127/3127 3135/3135/3135 3124/3124/3124
f 3132/3132/3132 3136/3136/3136 3133/3133/3133
f 3136/3136/3136 3132/3132/3132 3135/3135/3135
f 3136/3136/3136 3135/3135/3135 3127/3127/3127
f 3136/3136/3136 3137/3137/3137 3133/3133/3133
f 3138/3138/3138 3137/3137/3137 3136/3136/3136
f 3139/3139/3139 3136/3136/3136 3127/3127/3127
f 3139/3139/3139 3138/3138/3138 3136/3136/3136
f 3121/3121/3121 3139/3139/3139 3127/3127/3127
f 3139/3139/3139 3121/3121/3121 3138/3138/3138
