# 3ds Max Wavefront OBJ Exporter v0.99 - (c)2007 guruware
# File Created: 07.05.2025 23:26:06

mtllib Cuerpo_Perry.mtl

#
# object Perry001
#

v  -0.1167 0.9155 19.1021
v  -0.1221 0.9156 19.1309
v  -0.0734 0.8866 19.1107
v  -0.0788 0.8867 19.1395
v  -0.0176 0.8711 19.1219
v  0.0407 0.8730 19.1335
v  0.0965 0.8919 19.1446
v  -0.0230 0.8711 19.1506
v  -0.1479 0.9554 19.0959
v  0.1398 0.9233 19.1532
v  -0.1533 0.9555 19.1246
v  0.0353 0.8730 19.1622
v  0.0911 0.8920 19.1734
v  0.1344 0.9233 19.1820
v  0.1710 0.9628 19.1595
v  -0.1551 0.9917 19.1235
v  0.0760 0.9991 19.1403
v  -0.1497 0.9917 19.0947
v  -0.0564 0.9981 19.1135
v  -0.1492 1.0038 19.0943
v  -0.1546 1.0038 19.1230
v  -0.0557 1.0101 19.1133
v  -0.0618 0.9981 19.1423
v  -0.0610 1.0101 19.1421
v  0.0771 1.0110 19.1403
v  0.0706 0.9991 19.1690
v  0.1656 0.9629 19.1882
v  0.0717 1.0110 19.1691
v  0.1747 0.9941 19.1602
v  0.1761 1.0059 19.1605
v  0.1693 0.9941 19.1890
v  0.1707 1.0059 19.1892
v  0.3571 0.8919 19.1446
v  0.5703 0.9155 19.1021
v  0.3138 0.9233 19.1532
v  0.5270 0.8866 19.1107
v  0.5757 0.9156 19.1309
v  0.4129 0.8730 19.1335
v  0.4712 0.8711 19.1219
v  0.5324 0.8867 19.1395
v  0.4765 0.8711 19.1506
v  0.6015 0.9554 19.0959
v  0.6069 0.9555 19.1246
v  0.4183 0.8730 19.1622
v  0.3625 0.8920 19.1734
v  0.2826 0.9628 19.1595
v  0.3192 0.9233 19.1820
v  0.6087 0.9917 19.1235
v  0.3776 0.9991 19.1403
v  0.5100 0.9981 19.1135
v  0.6033 0.9917 19.0947
v  0.6028 1.0038 19.0943
v  0.6082 1.0038 19.1230
v  0.5092 1.0101 19.1133
v  0.3765 1.0110 19.1403
v  0.5146 1.0101 19.1421
v  0.5154 0.9981 19.1423
v  0.2880 0.9629 19.1882
v  0.2789 0.9941 19.1602
v  0.2775 1.0059 19.1605
v  0.3819 1.0110 19.1691
v  0.2843 0.9941 19.1890
v  0.3830 0.9991 19.1690
v  0.2828 1.0059 19.1892
v  0.3987 -1.6590 19.1951
v  0.2761 -1.6590 19.1951
v  0.3415 -1.6590 19.3495
v  0.2875 -1.6590 19.3391
v  0.2661 -1.6340 19.3255
v  0.2825 -1.6340 19.3467
v  0.2715 -1.6590 19.3186
v  0.2875 -1.6090 19.3391
v  0.2715 -1.6090 19.3186
v  0.2761 -1.6090 19.1951
v  0.2829 -1.6590 19.1246
v  0.2779 -1.6340 19.1263
v  0.2709 -1.6340 19.1987
v  -0.0899 1.0257 19.1246
v  -0.0941 1.0258 19.1131
v  -0.1834 1.0216 19.1065
v  -0.0480 1.0279 19.1447
v  -0.0877 1.0257 19.1383
v  -0.1793 1.0220 19.1136
v  -0.0480 1.0268 19.1225
v  -0.1797 1.0250 19.1132
v  -0.0885 1.0426 19.1381
v  -0.0925 1.0667 19.1213
v  -0.0496 0.9611 19.1169
v  -0.0968 0.9626 19.1075
v  -0.1090 0.8780 18.9049
v  -0.0999 1.0604 18.9151
v  -0.0480 1.0285 19.1564
v  0.0100 1.0313 19.1590
v  0.0100 1.0302 19.1369
v  0.0100 0.9643 19.1288
v  -0.0443 0.8748 19.1188
v  0.0217 0.8932 19.1313
v  -0.0999 0.8599 19.1002
v  -0.1119 0.7282 18.9647
v  -0.1104 0.7603 19.0085
v  -0.1112 0.6582 18.8844
v  -0.0999 1.0604 18.7298
v  -0.1090 0.8780 18.7205
v  -0.0857 1.1643 18.7298
v  -0.0857 1.1643 18.9229
v  -0.0907 1.1125 19.1177
v  -0.0884 1.0667 19.1391
v  -0.0478 1.0454 19.1562
v  0.0100 1.0319 19.1707
v  0.0710 1.0282 19.1706
v  0.0710 1.0272 19.1484
v  0.0808 0.9776 19.1429
v  0.0960 0.9250 19.1445
v  0.0422 0.8539 19.1381
v  -0.0286 0.8237 19.1230
v  -0.1015 0.7975 19.0979
v  -0.1148 0.7448 19.0546
v  -0.1169 0.7144 19.0100
v  -0.1126 0.6550 18.9261
v  -0.1228 0.6590 18.9822
v  -0.1147 0.5916 18.9637
v  -0.1112 0.6684 18.7129
v  -0.1115 0.4645 18.7102
v  -0.1115 0.4645 18.8779
v  -0.1015 0.8780 18.5417
v  -0.0926 1.0604 18.5514
v  -0.0787 1.1643 18.5649
v  -0.0675 1.2087 18.7365
v  -0.0675 1.2087 18.9162
v  -0.0610 1.2087 18.5829
v  -0.0610 1.2087 19.0839
v  -0.0787 1.1643 19.1019
v  -0.0442 1.1147 19.1299
v  -0.0472 1.0702 19.1567
v  0.0100 1.0488 19.1707
v  0.0100 1.0714 19.1714
v  0.0104 1.1169 19.1434
v  0.0131 1.1643 19.1231
v  0.0791 1.2087 18.9190
v  0.0828 1.2087 19.1186
v  0.0791 1.2087 18.7337
v  0.0828 1.2087 18.5482
v  0.0739 1.1643 18.5296
v  0.0670 1.0604 18.5161
v  0.0620 0.8780 18.5063
v  -0.1037 0.6755 18.5299
v  -0.1043 0.4611 18.5243
v  -0.1115 0.2982 18.7088
v  0.0614 0.6755 18.4944
v  0.2256 0.6755 18.4896
v  0.2256 0.8780 18.5015
v  0.2256 1.0604 18.5114
v  0.2256 1.1643 18.5250
v  0.2256 1.2087 18.7322
v  0.2256 1.2087 18.5439
v  0.2256 1.2087 18.9206
v  0.2256 1.2087 19.1229
v  0.0739 1.1643 19.1372
v  0.1497 1.1643 19.1395
v  0.0694 1.1185 19.1531
v  0.0699 1.0712 19.1803
v  0.0708 1.0457 19.1819
v  0.1274 1.0695 19.1852
v  0.1271 1.1172 19.1588
v  0.2256 1.1643 19.1418
v  0.1718 1.1164 19.1584
v  0.3684 1.2087 19.1186
v  0.3015 1.1643 19.1395
v  0.3721 1.2087 18.9190
v  0.3721 1.2087 18.7337
v  0.3684 1.2087 18.5482
v  0.3772 1.1643 18.5296
v  0.3841 1.0604 18.5161
v  0.3891 0.8780 18.5063
v  0.3897 0.6755 18.4944
v  0.2256 0.4611 18.4840
v  0.5549 0.6755 18.5299
v  0.5526 0.8780 18.5417
v  0.5437 1.0604 18.5514
v  0.5299 1.1643 18.5649
v  0.5122 1.2087 18.5829
v  0.5186 1.2087 18.9162
v  0.5186 1.2087 18.7365
v  0.5121 1.2087 19.0839
v  0.4380 1.1643 19.1231
v  0.3772 1.1643 19.1372
v  0.3241 1.1172 19.1588
v  0.2793 1.1164 19.1584
v  0.2256 1.1325 19.1604
v  0.2256 1.0994 19.1670
v  0.2710 1.0667 19.1673
v  0.2710 1.0667 19.1782
v  0.2814 1.0667 19.1837
v  0.2710 1.0667 19.1839
v  0.3238 1.0695 19.1852
v  0.3817 1.1185 19.1531
v  0.3812 1.0712 19.1803
v  0.5298 1.1643 19.1019
v  0.4953 1.1147 19.1299
v  0.4407 1.1169 19.1434
v  0.5368 1.1643 18.9229
v  0.5368 1.1643 18.7298
v  0.5510 1.0604 18.7298
v  0.5601 0.8780 18.7205
v  0.5623 0.6684 18.7129
v  0.5601 0.8780 18.9049
v  0.5623 0.6582 18.8844
v  0.5510 1.0604 18.9151
v  0.5418 1.1125 19.1177
v  0.5395 1.0667 19.1391
v  0.4983 1.0702 19.1567
v  0.4411 1.0714 19.1714
v  0.4411 1.0488 19.1707
v  0.3804 1.0457 19.1819
v  0.3251 1.0413 19.1884
v  0.2836 1.0412 19.1827
v  0.2701 1.0243 19.1834
v  0.2701 1.0237 19.1725
v  0.2701 1.0227 19.1518
v  0.3210 1.0238 19.1770
v  0.3127 1.0228 19.1546
v  0.3254 1.0243 19.1887
v  0.3802 1.0288 19.1823
v  0.4411 1.0319 19.1707
v  0.4990 1.0454 19.1562
v  0.5437 1.0667 19.1213
v  0.5396 1.0426 19.1381
v  0.5452 1.0258 19.1131
v  0.6308 1.0250 19.1132
v  0.5389 1.0257 19.1383
v  0.4992 1.0285 19.1564
v  0.4411 1.0313 19.1590
v  0.3802 1.0282 19.1706
v  0.3802 1.0272 19.1484
v  0.3704 0.9776 19.1429
v  0.3039 0.9985 19.1450
v  0.2673 1.0082 19.1460
v  0.2373 1.0366 19.1624
v  0.2994 0.9568 19.1485
v  0.2739 0.9731 19.1498
v  0.4411 0.9643 19.1288
v  0.3551 0.9250 19.1445
v  0.4411 1.0302 19.1369
v  0.4992 1.0279 19.1447
v  0.5410 1.0257 19.1246
v  0.6305 1.0220 19.1136
v  0.6345 1.0216 19.1065
v  0.4992 1.0268 19.1225
v  0.5007 0.9611 19.1169
v  0.5480 0.9626 19.1075
v  0.4295 0.8932 19.1313
v  0.4090 0.8539 19.1381
v  0.3374 0.8898 19.1461
v  0.2934 0.9220 19.1520
v  0.2488 0.9676 19.1637
v  0.2430 1.0023 19.1570
v  0.2256 1.0163 19.1728
v  0.2256 1.0452 19.1764
v  0.2139 1.0366 19.1624
v  0.1810 1.0227 19.1518
v  0.1801 1.0667 19.1673
v  0.2256 0.9907 19.1758
v  0.2081 1.0023 19.1570
v  0.2510 0.9343 19.1684
v  0.2256 0.9595 19.1812
v  0.2769 0.8972 19.1604
v  0.4025 0.8235 19.1431
v  0.3152 0.8560 19.1540
v  0.4798 0.8237 19.1230
v  0.4667 0.8013 19.1317
v  0.4955 0.8748 19.1188
v  0.5510 0.8599 19.1002
v  0.5630 0.7282 18.9647
v  0.5615 0.7603 19.0085
v  0.5526 0.7975 19.0979
v  0.5124 0.7811 19.1180
v  0.4974 0.7640 19.1546
v  0.4558 0.7783 19.1645
v  0.3128 0.8141 19.1853
v  0.3968 0.7939 19.1763
v  0.2665 0.8659 19.1798
v  0.2680 0.8248 19.1921
v  0.2256 0.8782 19.1976
v  0.2024 0.9676 19.1637
v  0.2002 0.9343 19.1684
v  0.1772 0.9731 19.1498
v  0.1839 1.0082 19.1460
v  0.1577 0.9220 19.1520
v  0.1846 0.8659 19.1798
v  0.1742 0.8972 19.1604
v  0.2256 0.8319 19.2069
v  0.3119 0.7924 19.2130
v  0.2256 0.7978 19.2222
v  0.4516 0.7659 19.1957
v  0.3971 0.7805 19.2042
v  0.4964 0.7496 19.1842
v  0.5333 0.7501 19.1318
v  0.5554 0.7609 19.0963
v  0.5659 0.7448 19.0546
v  0.5681 0.7144 19.0100
v  0.5732 0.7130 19.0879
v  0.5613 0.7268 19.1632
v  0.5385 0.7316 19.2469
v  0.4964 0.7515 19.2540
v  0.4516 0.7687 19.2597
v  0.3971 0.7851 19.2640
v  0.3119 0.7961 19.2665
v  0.1393 0.7924 19.2130
v  0.1832 0.8248 19.1921
v  0.1393 0.7961 19.2665
v  0.2256 0.8006 19.2675
v  0.1360 0.8560 19.1540
v  0.1137 0.8898 19.1461
v  0.1517 0.9568 19.1485
v  0.0487 0.8235 19.1431
v  0.1383 0.8141 19.1853
v  0.0544 0.7939 19.1763
v  0.0540 0.7805 19.2042
v  0.0540 0.7851 19.2640
v  0.0555 0.7887 19.3242
v  0.1400 0.8021 19.3242
v  0.2256 0.8064 19.3242
v  0.3111 0.8021 19.3242
v  0.3956 0.7887 19.3242
v  0.4496 0.7699 19.3242
v  0.4941 0.7519 19.3242
v  0.5232 0.7334 19.3242
v  0.4855 0.7532 19.4173
v  0.5127 0.7320 19.4173
v  0.4425 0.7737 19.4173
v  0.3902 0.7937 19.4173
v  0.3084 0.8086 19.4173
v  0.1428 0.8086 19.4173
v  0.2256 0.8135 19.4173
v  0.0609 0.7937 19.4173
v  0.0015 0.7699 19.3242
v  0.0087 0.7737 19.4173
v  -0.0004 0.7687 19.2597
v  -0.0004 0.7659 19.1957
v  -0.0046 0.7783 19.1645
v  -0.0155 0.8013 19.1317
v  -0.0462 0.7640 19.1546
v  -0.0612 0.7811 19.1180
v  -0.0453 0.7496 19.1842
v  -0.0453 0.7515 19.2540
v  -0.0430 0.7519 19.3242
v  -0.0344 0.7532 19.4173
v  0.0111 0.7731 19.4866
v  -0.0315 0.7513 19.4866
v  0.0628 0.7942 19.4866
v  0.1437 0.8100 19.4866
v  0.2256 0.8152 19.4866
v  0.3075 0.8100 19.4866
v  0.3884 0.7942 19.4866
v  0.4401 0.7731 19.4866
v  0.4827 0.7513 19.4866
v  0.3892 0.7926 19.5474
v  0.4411 0.7704 19.5474
v  0.3079 0.8092 19.5474
v  0.2256 0.8147 19.5474
v  0.1433 0.8092 19.5474
v  0.0619 0.7926 19.5474
v  0.0100 0.7704 19.5474
v  -0.0574 0.7306 19.4866
v  -0.0328 0.7453 19.5474
v  -0.0616 0.7320 19.4173
v  -0.0721 0.7334 19.3242
v  -0.0873 0.7316 19.2469
v  -0.1101 0.7268 19.1632
v  -0.0822 0.7501 19.1318
v  -0.1221 0.7130 19.0879
v  -0.1042 0.7609 19.0963
v  -0.1331 0.6686 19.1185
v  -0.0995 0.6992 19.2399
v  -0.0800 0.7016 19.3242
v  -0.0690 0.6994 19.4173
v  -0.0645 0.6960 19.4866
v  -0.0579 0.7235 19.5474
v  -0.0431 0.7401 19.5978
v  0.0014 0.7633 19.6010
v  0.0554 0.7855 19.6069
v  0.1400 0.8019 19.6145
v  0.2256 0.8075 19.6186
v  0.3112 0.8019 19.6145
v  0.3957 0.7855 19.6069
v  0.3112 0.7825 19.6864
v  0.3927 0.7672 19.6729
v  0.1400 0.7825 19.6864
v  0.2256 0.7875 19.6915
v  0.0584 0.7672 19.6729
v  0.0054 0.7467 19.6602
v  -0.0384 0.7265 19.6497
v  -0.0682 0.7180 19.5979
v  -0.0642 0.7129 19.6416
v  -0.0647 0.6927 19.5474
v  -0.0584 0.6714 19.4173
v  -0.0545 0.6688 19.4866
v  -0.0687 0.6749 19.3242
v  -0.0859 0.6713 19.2398
v  -0.0804 0.6629 19.1304
v  -0.0406 0.6801 19.2489
v  -0.1259 0.6415 19.1161
v  -0.0273 0.6785 19.3299
v  -0.0128 0.6788 19.4221
v  -0.0102 0.6736 19.4904
v  -0.0550 0.6642 19.5474
v  -0.0750 0.6878 19.5979
v  -0.0700 0.6833 19.6394
v  -0.0432 0.7019 19.6926
v  -0.0250 0.7119 19.7146
v  0.0165 0.7241 19.7388
v  0.0669 0.7348 19.7602
v  0.1458 0.7444 19.7788
v  0.3054 0.7444 19.7788
v  0.2256 0.7483 19.7890
v  0.0804 0.6920 19.7783
v  0.1489 0.6954 19.7984
v  0.0297 0.6871 19.7522
v  -0.0142 0.6828 19.7286
v  -0.0477 0.6804 19.6990
v  -0.0573 0.6607 19.5979
v  -0.0530 0.6579 19.6380
v  -0.0114 0.6697 19.5502
v  -0.0163 0.6650 19.5997
v  0.0304 0.6915 19.4220
v  0.0316 0.6851 19.5502
v  0.0326 0.6892 19.4904
v  0.0240 0.6867 19.3299
v  0.0196 0.6915 19.2489
v  0.0791 0.6971 19.3299
v  0.0779 0.7009 19.2489
v  0.0838 0.7019 19.4220
v  0.0847 0.6965 19.5502
v  0.0854 0.7001 19.4904
v  0.0790 0.6906 19.5997
v  0.0254 0.6790 19.5997
v  -0.0165 0.6578 19.6507
v  -0.0345 0.6541 19.6877
v  -0.0042 0.6508 19.7111
v  0.0375 0.6481 19.7353
v  0.0889 0.6450 19.7567
v  0.1537 0.6428 19.7777
v  0.2256 0.6419 19.7879
v  0.2256 0.6968 19.8095
v  0.1486 0.6913 19.6878
v  0.2256 0.6933 19.6918
v  0.0791 0.6815 19.6731
v  0.0274 0.6689 19.6605
v  0.1485 0.7013 19.5997
v  0.1515 0.7071 19.5502
v  0.1510 0.7117 19.4220
v  0.1519 0.7102 19.4904
v  0.1486 0.7067 19.3299
v  0.1479 0.7096 19.2489
v  0.1479 0.7017 19.1685
v  0.0779 0.6922 19.1685
v  0.0109 0.6830 19.1685
v  0.0677 0.7831 19.0446
v  -0.0039 0.7507 19.0446
v  0.2256 0.7049 19.1685
v  0.1426 0.8025 19.0446
v  0.2256 0.7139 19.2489
v  0.2256 0.7114 19.3299
v  0.2256 0.7164 19.4220
v  0.2256 0.7151 19.4904
v  0.2256 0.7123 19.5502
v  0.2256 0.7066 19.5997
v  0.2974 0.6428 19.7777
v  0.3026 0.6913 19.6878
v  0.3022 0.6954 19.7984
v  0.3708 0.6920 19.7783
v  0.3622 0.6450 19.7567
v  0.3721 0.6815 19.6731
v  0.3026 0.7013 19.5997
v  0.2997 0.7071 19.5502
v  0.2993 0.7102 19.4904
v  0.3001 0.7117 19.4220
v  0.3026 0.7067 19.3299
v  0.3032 0.7096 19.2489
v  0.3086 0.8025 19.0446
v  0.3032 0.7017 19.1685
v  0.2256 0.8138 19.0446
v  0.1426 0.8025 18.6845
v  0.0677 0.7831 18.6845
v  0.2256 0.8138 18.6845
v  0.3086 0.8025 18.6845
v  0.3834 0.7831 18.6845
v  0.3834 0.7831 19.0446
v  0.3733 0.6922 19.1685
v  0.3733 0.7009 19.2489
v  0.3720 0.6971 19.3299
v  0.3674 0.7019 19.4220
v  0.3658 0.7001 19.4904
v  0.3665 0.6965 19.5502
v  0.3721 0.6906 19.5997
v  0.4137 0.6481 19.7353
v  0.4237 0.6689 19.6605
v  0.4215 0.6871 19.7522
v  0.3842 0.7348 19.7602
v  0.4346 0.7241 19.7388
v  0.4654 0.6828 19.7286
v  0.4553 0.6508 19.7111
v  0.4676 0.6578 19.6507
v  0.4258 0.6790 19.5997
v  0.4195 0.6851 19.5502
v  0.4186 0.6892 19.4904
v  0.4207 0.6915 19.4220
v  0.4272 0.6867 19.3299
v  0.4316 0.6915 19.2489
v  0.4550 0.7507 19.0446
v  0.4403 0.6830 19.1685
v  0.4550 0.7507 18.6845
v  0.5315 0.6629 19.1304
v  0.5526 0.6556 19.0446
v  0.5526 0.6556 18.6845
v  0.4917 0.6801 19.2489
v  0.4785 0.6785 19.3299
v  0.4640 0.6788 19.4221
v  0.4613 0.6736 19.4904
v  0.4625 0.6697 19.5502
v  0.4674 0.6650 19.5997
v  0.4857 0.6541 19.6877
v  0.5042 0.6579 19.6380
v  0.4988 0.6804 19.6990
v  0.4761 0.7119 19.7146
v  0.4458 0.7467 19.6602
v  0.4498 0.7633 19.6010
v  0.4895 0.7265 19.6497
v  0.4944 0.7019 19.6926
v  0.5212 0.6833 19.6394
v  0.5084 0.6607 19.5979
v  0.5061 0.6642 19.5474
v  0.5056 0.6688 19.4866
v  0.5096 0.6714 19.4173
v  0.5198 0.6749 19.3242
v  0.5371 0.6713 19.2398
v  0.5202 0.6994 19.4173
v  0.5312 0.7016 19.3242
v  0.5157 0.6960 19.4866
v  0.5158 0.6927 19.5474
v  0.5262 0.6878 19.5979
v  0.5154 0.7129 19.6416
v  0.4943 0.7401 19.5978
v  0.4840 0.7453 19.5474
v  0.5090 0.7235 19.5474
v  0.5193 0.7180 19.5979
v  0.5086 0.7306 19.4866
v  0.5506 0.6992 19.2399
v  0.5771 0.6415 19.1161
v  0.5843 0.6686 19.1185
v  0.5916 0.6639 19.0704
v  0.5221 0.6392 19.2197
v  0.5438 0.6155 19.1582
v  0.5802 0.6129 19.0854
v  0.5047 0.6696 19.2152
v  0.5498 0.5985 19.1291
v  0.4550 0.6110 19.0446
v  0.4403 0.6808 19.1685
v  0.4506 0.6807 19.2945
v  0.4690 0.6480 19.2988
v  0.5110 0.6149 19.2109
v  0.4545 0.6128 19.2895
v  0.4799 0.6075 19.1603
v  0.4826 0.5933 19.1425
v  0.4848 0.5810 19.1293
v  0.5549 0.5858 19.1067
v  0.5612 0.5931 19.0565
v  0.5675 0.6115 19.0113
v  0.5739 0.6590 18.9822
v  0.5621 0.5585 19.0283
v  0.5658 0.5916 18.9637
v  0.5551 0.5507 19.1046
v  0.4373 0.5781 19.1358
v  0.4725 0.5373 19.1224
v  0.4359 0.5900 19.1487
v  0.4349 0.6023 19.1635
v  0.4019 0.6528 19.3733
v  0.3911 0.6180 19.3673
v  0.3831 0.5945 19.2704
v  0.3830 0.6902 19.3649
v  0.3733 0.6898 19.1685
v  0.3834 0.6061 19.0446
v  0.3086 0.6096 19.0446
v  0.3032 0.6992 19.1685
v  0.3032 0.6992 19.4272
v  0.3140 0.6640 19.4404
v  0.3108 0.6355 19.4271
v  0.3079 0.6073 19.3695
v  0.3064 0.5893 19.2606
v  0.3848 0.5963 19.1678
v  0.3871 0.5875 19.1519
v  0.3898 0.5755 19.1409
v  0.4121 0.5285 19.1399
v  0.4205 0.4611 19.1370
v  0.5554 0.4611 19.1015
v  0.5626 0.4645 18.8779
v  0.5637 0.6550 18.9261
v  0.5627 0.2982 18.8819
v  0.5627 0.2982 18.7088
v  0.5626 0.4645 18.7102
v  0.4289 0.2945 19.1323
v  0.5555 0.2945 19.0967
v  0.3079 0.2945 19.1347
v  0.3078 0.4611 19.1394
v  0.3077 0.5241 19.1425
v  0.3077 0.5739 19.1432
v  0.3078 0.5859 19.1549
v  0.3064 0.5960 19.1684
v  0.2256 0.6030 19.3719
v  0.2256 0.5881 19.2553
v  0.2256 0.6442 19.4456
v  0.2256 0.6767 19.4628
v  0.1371 0.6640 19.4404
v  0.1403 0.6355 19.4271
v  0.1432 0.6073 19.3695
v  0.1447 0.5893 19.2606
v  0.2256 0.5963 19.1688
v  0.1447 0.5960 19.1684
v  0.2256 0.5853 19.1574
v  0.2256 0.5725 19.1456
v  0.2256 0.5234 19.1449
v  0.2256 0.2945 19.1371
v  0.2256 0.4611 19.1418
v  0.3087 0.0933 19.1275
v  0.2256 0.0933 19.1299
v  0.4305 0.0933 19.1252
v  0.5587 0.0933 19.0897
v  0.5516 -0.1320 19.0814
v  0.4269 -0.1320 19.1166
v  0.3069 -0.1320 19.1189
v  0.2256 -0.1320 19.1212
v  0.1432 0.2945 19.1347
v  0.1424 0.0933 19.1275
v  0.1442 -0.1320 19.1189
v  0.1434 0.4611 19.1394
v  0.1434 0.5241 19.1425
v  0.1433 0.5859 19.1549
v  0.1435 0.5739 19.1432
v  0.0663 0.5963 19.1678
v  0.0681 0.5945 19.2704
v  0.0601 0.6180 19.3673
v  0.0492 0.6528 19.3733
v  -0.0034 0.6128 19.2895
v  0.0162 0.6023 19.1635
v  0.0641 0.5875 19.1519
v  0.0613 0.5755 19.1409
v  0.0390 0.5285 19.1399
v  0.0306 0.4611 19.1370
v  0.0222 0.2945 19.1323
v  0.0207 0.0933 19.1252
v  0.0243 -0.1320 19.1166
v  0.0281 -0.3727 19.1265
v  0.1461 -0.3727 19.1288
v  0.3050 -0.3727 19.1288
v  0.2256 -0.3727 19.1311
v  0.4231 -0.3727 19.1265
v  0.5472 -0.3356 19.0785
v  0.5451 -0.4773 19.0833
v  0.4025 -0.5042 19.1343
v  0.2885 -0.5042 19.1388
v  0.2256 -0.5042 19.1414
v  0.1627 -0.5042 19.1388
v  0.0486 -0.5042 19.1343
v  -0.0961 -0.3356 19.0785
v  -0.0940 -0.4773 19.0833
v  -0.1004 -0.1320 19.0814
v  -0.1044 0.2945 19.0967
v  -0.1076 0.0933 19.0897
v  -0.1042 0.4611 19.1015
v  -0.0213 0.5373 19.1224
v  0.0139 0.5781 19.1358
v  0.0152 0.5900 19.1487
v  -0.0288 0.6075 19.1603
v  -0.0314 0.5933 19.1425
v  -0.0336 0.5810 19.1293
v  -0.1039 0.5507 19.1046
v  -0.1115 0.2982 18.8819
v  -0.1109 0.5585 19.0283
v  -0.1157 0.0896 18.8861
v  -0.1079 -0.1320 18.8877
v  -0.1034 -0.3084 18.8909
v  -0.1133 -0.4348 18.8949
v  -0.1084 -0.6058 19.0812
v  -0.1272 -0.5764 18.9068
v  0.0110 -0.6849 19.1343
v  0.1332 -0.5836 19.1369
v  0.2256 -0.5836 19.1396
v  0.2256 -0.6673 19.1387
v  0.3179 -0.5836 19.1369
v  0.1182 -0.6673 19.1365
v  0.1212 -0.8450 19.1249
v  -0.0043 -0.8496 19.1582
v  -0.1230 -0.7847 19.1136
v  -0.1406 -0.7707 18.9614
v  -0.1218 -0.4931 18.7013
v  -0.1356 -0.6375 18.7192
v  -0.1424 -0.8206 18.8019
v  -0.1114 -0.3333 18.6962
v  -0.1079 -0.1320 18.7000
v  -0.1157 0.0896 18.7048
v  -0.1164 0.6115 19.0113
v  -0.1101 0.5931 19.0565
v  -0.1405 0.6639 19.0704
v  -0.1290 0.6129 19.0854
v  -0.1038 0.5858 19.1067
v  -0.0986 0.5985 19.1291
v  -0.0535 0.6696 19.2152
v  -0.0710 0.6392 19.2197
v  -0.0927 0.6155 19.1582
v  -0.0599 0.6149 19.2109
v  -0.0178 0.6480 19.2988
v  0.0109 0.6808 19.1685
v  0.0005 0.6807 19.2945
v  -0.0039 0.6110 19.0446
v  -0.1014 0.6556 19.0446
v  0.0779 0.6898 19.1685
v  0.0677 0.6061 19.0446
v  0.0681 0.6902 19.3649
v  0.1479 0.6992 19.1685
v  0.1479 0.6992 19.4272
v  0.1426 0.6096 19.0446
v  0.0677 0.6061 18.6845
v  0.1426 0.6096 18.6845
v  -0.0039 0.6110 18.6845
v  -0.1014 0.6556 18.6845
v  -0.0039 0.7507 18.6845
v  0.2256 0.6089 18.6845
v  0.2256 0.6089 19.0446
v  0.2256 0.7010 19.1685
v  0.2256 0.7031 19.4453
v  0.3086 0.6096 18.6845
v  0.3834 0.6061 18.6845
v  0.4550 0.6110 18.6845
v  -0.1045 0.2945 18.5220
v  0.0612 0.4611 18.4888
v  0.0611 0.2945 18.4863
v  -0.1076 0.0825 18.5207
v  0.0595 0.0825 18.4853
v  0.2256 0.2945 18.4815
v  0.2256 0.0825 18.4806
v  -0.1004 -0.1570 18.5261
v  0.0631 -0.1714 18.4909
v  -0.0961 -0.4228 18.5309
v  0.2256 -0.1714 18.4863
v  0.0653 -0.4147 18.4958
v  0.3916 0.0825 18.4853
v  0.3901 0.2945 18.4863
v  0.3880 -0.1714 18.4909
v  0.3900 0.4611 18.4888
v  0.5556 0.2945 18.5220
v  0.5587 0.0825 18.5207
v  0.5515 -0.1570 18.5261
v  0.3859 -0.4147 18.4958
v  0.5472 -0.4228 18.5309
v  0.2256 -0.4147 18.4913
v  0.0674 -0.5990 18.4893
v  -0.0919 -0.5990 18.5243
v  -0.1234 -0.5322 18.6376
v  -0.1254 -0.6149 18.6090
v  -0.0886 -0.7656 18.5304
v  0.0691 -0.7616 18.4954
v  0.2256 -0.5990 18.4848
v  0.3838 -0.5990 18.4893
v  0.5430 -0.5990 18.5243
v  0.5626 -0.3333 18.6962
v  0.5746 -0.5322 18.6376
v  0.5729 -0.4931 18.7013
v  0.5590 -0.1320 18.7000
v  0.5669 0.0896 18.7048
v  0.5554 0.4611 18.5243
v  0.5669 0.0896 18.8861
v  0.5590 -0.1320 18.8877
v  0.5546 -0.3084 18.8909
v  0.5645 -0.4348 18.8949
v  0.5867 -0.6375 18.7192
v  0.5783 -0.5764 18.9068
v  0.5765 -0.6149 18.6090
v  0.3821 -0.7616 18.4954
v  0.5397 -0.7656 18.5304
v  0.2256 -0.7616 18.4909
v  -0.0654 -0.8820 18.5414
v  0.0708 -0.8950 18.5076
v  -0.1156 -0.7986 18.5918
v  0.0749 -0.9620 18.5737
v  -0.0669 -0.9443 18.5964
v  0.2256 -0.8950 18.5033
v  0.3803 -0.8950 18.5076
v  0.5165 -0.8820 18.5414
v  0.5667 -0.7986 18.5918
v  0.5936 -0.8206 18.8019
v  0.5834 -0.8452 18.6588
v  0.5917 -0.7707 18.9614
v  0.5596 -0.6058 19.0812
v  0.4402 -0.6849 19.1343
v  0.5742 -0.7847 19.1136
v  0.5181 -0.9443 18.5964
v  0.3763 -0.9620 18.5737
v  0.2256 -0.9645 18.5791
v  0.0960 -1.0014 18.6611
v  -0.0462 -0.9947 18.6666
v  -0.1322 -0.8452 18.6588
v  0.2256 -1.0011 18.6653
v  0.1568 -1.0847 18.9201
v  0.3551 -1.0014 18.6611
v  0.4555 -0.8496 19.1582
v  0.2944 -1.0847 18.9201
v  0.2256 -1.0847 18.9210
v  0.1781 -1.0108 19.0884
v  0.1676 -0.8294 19.1271
v  0.2256 -0.8281 19.1293
v  0.2256 -1.0108 19.0906
v  0.2730 -1.0108 19.0884
v  0.3206 -1.0108 19.0863
v  0.3300 -0.8450 19.1249
v  0.3408 -0.9728 19.1500
v  0.2836 -0.8294 19.1271
v  0.3330 -0.6673 19.1365
v  0.1472 0.9985 19.1450
v  0.1384 1.0228 19.1546
v  0.1810 1.0237 19.1725
v  0.1301 1.0238 19.1770
v  0.1258 1.0243 19.1887
v  0.1810 1.0243 19.1834
v  0.1801 1.0667 19.1782
v  0.1801 1.0667 19.1839
v  0.1675 1.0412 19.1827
v  0.0710 1.0288 19.1823
v  0.1261 1.0413 19.1884
v  0.1698 1.0667 19.1837
v  0.0827 1.2104 18.4465
v  0.2256 1.2072 18.4166
v  0.0896 1.2650 18.4494
v  0.0725 1.0606 18.4590
v  0.2256 1.0572 18.4276
v  -0.0611 1.2203 18.5376
v  -0.0471 1.2720 18.5351
v  0.3684 1.2104 18.4465
v  0.3616 1.2650 18.4494
v  0.2256 1.2632 18.4217
v  -0.0048 1.4099 18.5592
v  0.1037 1.4202 18.4913
v  -0.1007 1.2874 18.6344
v  -0.0536 1.3992 18.6215
v  -0.0912 1.0858 18.5467
v  -0.1188 1.2325 18.6507
v  0.2256 1.0429 18.3113
v  0.0191 1.0582 18.3504
v  0.3787 1.0606 18.4590
v  0.5122 1.2203 18.5376
v  0.4983 1.2720 18.5351
v  0.4559 1.4099 18.5592
v  0.3474 1.4202 18.4913
v  0.2256 1.4281 18.4443
v  0.2256 1.3859 18.7098
v  -0.0895 1.3859 18.7098
v  -0.1298 1.3053 18.7483
v  -0.1564 1.1059 18.6798
v  -0.1477 1.2456 18.7761
v  -0.1560 1.0977 18.4623
v  -0.2730 1.1311 18.6323
v  0.2256 1.0568 18.1676
v  -0.0461 1.0926 18.2163
v  0.4321 1.0582 18.3504
v  0.5423 1.0858 18.5467
v  0.5700 1.2325 18.6507
v  0.5519 1.2874 18.6344
v  0.5048 1.3992 18.6215
v  0.5098 1.4956 18.8490
v  0.5406 1.3859 18.7098
v  -0.0586 1.4956 18.8490
v  0.0136 1.5748 18.9502
v  0.1203 1.6282 19.0192
v  0.2256 1.6590 19.0585
v  0.3308 1.6282 19.0192
v  0.4376 1.5748 18.9502
v  -0.1027 1.3367 18.9213
v  -0.1700 1.1270 18.8371
v  -0.1193 1.2649 18.9507
v  -0.3140 1.1290 18.8369
v  -0.2764 1.1440 18.3562
v  -0.4671 1.1631 18.8336
v  -0.4144 1.1936 18.5713
v  -0.0461 1.0771 18.2178
v  -0.2764 1.1284 18.3577
v  0.4972 1.0771 18.2178
v  0.4972 1.0926 18.2163
v  0.2256 1.0413 18.1691
v  0.6071 1.0977 18.4623
v  0.6075 1.1059 18.6798
v  0.7241 1.1311 18.6323
v  0.5989 1.2456 18.7761
v  0.5809 1.3053 18.7483
v  0.5539 1.3367 18.9213
v  0.4768 1.3792 19.0588
v  0.3616 1.4076 19.1377
v  0.2256 1.4289 19.1705
v  0.0896 1.4076 19.1377
v  -0.0257 1.3792 19.0588
v  -0.1543 1.1440 18.9947
v  -0.0430 1.2806 19.0958
v  -0.2730 1.1126 19.0428
v  -0.4144 1.1059 19.0985
v  -0.4671 1.1476 18.8351
v  -0.4144 1.1781 18.5728
v  0.0045 1.0418 18.3718
v  -0.1828 1.0791 18.4783
v  0.2256 1.0286 18.3341
v  0.7276 1.1284 18.3577
v  0.4466 1.0418 18.3718
v  0.7276 1.1440 18.3562
v  0.7652 1.1290 18.8369
v  0.9183 1.1631 18.8336
v  0.8655 1.1936 18.5713
v  0.6211 1.1270 18.8371
v  0.5705 1.2649 18.9507
v  0.4941 1.2806 19.0958
v  0.2256 1.2933 19.2132
v  0.3684 1.2903 19.1850
v  0.0827 1.2903 19.1850
v  0.0725 1.1681 19.2177
v  -0.0670 1.1585 19.1284
v  -0.1560 1.1079 19.2165
v  -0.2764 1.0779 19.3211
v  -0.4144 1.0904 19.1000
v  -0.3080 1.0992 19.0360
v  -0.3080 1.1010 18.6428
v  -0.3520 1.1218 18.8376
v  0.0341 1.0324 18.4617
v  -0.1283 1.0452 18.5507
v  0.2256 1.0290 18.4304
v  0.4171 1.0324 18.4617
v  0.6340 1.0791 18.4783
v  0.8655 1.1781 18.5728
v  0.8655 1.1059 19.0985
v  0.9183 1.1476 18.8351
v  0.6055 1.1440 18.9947
v  0.7241 1.1126 19.0428
v  0.3787 1.1681 19.2177
v  0.5181 1.1585 19.1284
v  0.2256 1.1715 19.2490
v  0.2256 1.1220 19.3716
v  0.0191 1.1162 19.3315
v  -0.0461 1.0844 19.4674
v  -0.2764 1.0624 19.3226
v  -0.1828 1.0980 19.2024
v  -0.2748 1.0864 18.8410
v  -0.1283 1.1179 19.1323
v  -0.2367 1.1035 18.9987
v  -0.2367 1.0653 18.6838
v  -0.0727 1.1386 18.7332
v  -0.0027 1.1256 18.6473
v  0.1020 1.1173 18.5899
v  0.3491 1.1173 18.5899
v  0.2256 1.1151 18.5697
v  0.4539 1.1256 18.6473
v  0.5794 1.0452 18.5507
v  0.7592 1.1010 18.6428
v  0.8655 1.0904 19.1000
v  0.8032 1.1218 18.8376
v  0.7592 1.0992 19.0360
v  0.7276 1.0779 19.3211
v  0.6071 1.1079 19.2165
v  0.4321 1.1162 19.3315
v  0.2256 1.0932 19.5181
v  0.2256 1.0777 19.5196
v  -0.0461 1.0689 19.4689
v  0.0045 1.1065 19.3127
v  0.0341 1.1276 19.2216
v  -0.0027 1.1725 19.0226
v  -0.0727 1.1632 18.9363
v  -0.0973 1.1522 18.8346
v  0.2256 1.1522 18.8346
v  0.5239 1.1386 18.7332
v  0.6879 1.0653 18.6838
v  0.7260 1.0864 18.8410
v  0.5794 1.1179 19.1323
v  0.6340 1.0980 19.2024
v  0.6879 1.1035 18.9987
v  0.7276 1.0624 19.3226
v  0.4972 1.0844 19.4674
v  0.4972 1.0689 19.4689
v  0.2256 1.1118 19.3512
v  0.2256 1.1310 19.2530
v  0.1020 1.1787 19.0802
v  0.2256 1.1809 19.1004
v  0.5484 1.1522 18.8346
v  0.5239 1.1632 18.9363
v  0.4539 1.1725 19.0226
v  0.3491 1.1787 19.0802
v  0.4171 1.1276 19.2216
v  0.4466 1.1065 19.3127
v  0.4742 0.8713 19.1353
v  0.4182 0.8735 19.1465
v  0.4736 0.8853 19.1362
v  0.5259 0.8981 19.1258
v  0.5360 0.8874 19.1246
v  0.4730 0.8713 19.1292
v  0.5348 0.8873 19.1185
v  0.3669 0.9023 19.1575
v  0.3542 0.8929 19.1572
v  0.4191 0.8868 19.1471
v  0.4170 0.8734 19.1404
v  0.5129 0.9181 19.1333
v  0.4698 0.9086 19.1419
v  0.5664 0.9221 19.1177
v  0.5462 0.9379 19.1266
v  0.5783 0.9127 19.1163
v  0.5770 0.9126 19.1102
v  0.5095 0.9179 19.1163
v  0.5429 0.9377 19.1096
v  0.4664 0.9085 19.1249
v  0.3784 0.9206 19.1424
v  0.3531 0.8928 19.1511
v  0.4215 0.9096 19.1338
v  0.3097 0.9241 19.1655
v  0.3087 0.9241 19.1594
v  0.3268 0.9287 19.1655
v  0.3818 0.9208 19.1594
v  0.3516 0.9442 19.1654
v  0.4249 0.9097 19.1508
v  0.4600 0.9571 19.1478
v  0.4829 0.9616 19.1432
v  0.5030 0.9712 19.1392
v  0.5678 0.9663 19.1218
v  0.5163 0.9875 19.1365
v  0.5956 0.9556 19.1119
v  0.6119 0.9511 19.1103
v  0.6106 0.9510 19.1042
v  0.5644 0.9662 19.1048
v  0.5114 0.9873 19.1119
v  0.4981 0.9710 19.1146
v  0.4780 0.9616 19.1186
v  0.4551 0.9570 19.1232
v  0.4083 0.9625 19.1325
v  0.4312 0.9574 19.1279
v  0.3883 0.9721 19.1365
v  0.3482 0.9441 19.1484
v  0.2828 0.9588 19.1654
v  0.3209 0.9702 19.1539
v  0.2838 0.9588 19.1715
v  0.2971 0.9616 19.1714
v  0.3243 0.9703 19.1709
v  0.3932 0.9721 19.1611
v  0.3798 0.9886 19.1638
v  0.4132 0.9626 19.1571
v  0.4361 0.9574 19.1525
v  0.4483 1.0322 19.1515
v  0.5675 1.0016 19.1211
v  0.5200 1.0097 19.1358
v  0.5949 1.0016 19.1104
v  0.6122 1.0021 19.1087
v  0.6110 1.0021 19.1027
v  0.5641 1.0015 19.1041
v  0.5151 1.0096 19.1112
v  0.4429 1.0322 19.1242
v  0.3749 0.9885 19.1392
v  0.2776 0.9972 19.1664
v  0.3167 1.0014 19.1547
v  0.2786 0.9972 19.1724
v  0.2923 0.9978 19.1723
v  0.3201 1.0014 19.1717
v  0.3763 1.0102 19.1644
v  0.5117 1.0291 19.1375
v  0.3845 1.0292 19.1628
v  0.5520 1.0273 19.1235
v  0.5725 1.0254 19.1139
v  0.5931 1.0251 19.1124
v  0.5918 1.0251 19.1063
v  0.5486 1.0272 19.1065
v  0.5068 1.0291 19.1129
v  0.3714 1.0102 19.1399
v  0.3796 1.0292 19.1382
v  0.3293 1.0275 19.1522
v  0.2920 1.0257 19.1633
v  0.2930 1.0257 19.1694
v  0.3073 1.0259 19.1694
v  0.3327 1.0275 19.1692
v  0.1020 0.9442 19.1654
v  0.0718 0.9208 19.1594
v  0.0604 0.9721 19.1611
v  0.1267 0.9287 19.1655
v  0.0867 0.9023 19.1575
v  0.0737 0.9886 19.1638
v  0.1292 0.9703 19.1709
v  0.0344 0.8868 19.1471
v  0.0287 0.9097 19.1508
v  0.0403 0.9626 19.1571
v  0.0052 1.0322 19.1515
v  0.1334 1.0014 19.1717
v  0.0772 1.0102 19.1644
v  0.1564 0.9616 19.1714
v  0.1612 0.9978 19.1723
v  0.1438 0.9241 19.1655
v  0.0993 0.8929 19.1572
v  0.0353 0.8735 19.1465
v  -0.0201 0.8853 19.1362
v  -0.0162 0.9086 19.1419
v  -0.0065 0.9571 19.1478
v  0.0174 0.9574 19.1525
v  -0.0294 0.9616 19.1432
v  -0.0581 1.0291 19.1375
v  -0.0664 1.0097 19.1358
v  -0.0628 0.9875 19.1365
v  -0.0494 0.9712 19.1392
v  0.0691 1.0292 19.1628
v  0.1209 1.0275 19.1692
v  0.1462 1.0259 19.1694
v  0.1605 1.0257 19.1694
v  0.1749 0.9972 19.1724
v  0.1697 0.9588 19.1715
v  0.1708 0.9588 19.1654
v  0.1449 0.9241 19.1594
v  0.1004 0.8928 19.1511
v  0.0365 0.8734 19.1404
v  -0.0207 0.8713 19.1353
v  -0.0195 0.8713 19.1292
v  -0.0723 0.8981 19.1258
v  -0.0593 0.9181 19.1333
v  -0.0927 0.9379 19.1266
v  -0.1140 1.0016 19.1211
v  -0.1142 0.9663 19.1218
v  -0.0985 1.0273 19.1235
v  -0.1189 1.0254 19.1139
v  -0.1413 1.0016 19.1104
v  -0.1421 0.9556 19.1119
v  -0.1128 0.9221 19.1177
v  -0.0825 0.8874 19.1246
v  -0.0812 0.8873 19.1185
v  -0.0128 0.9085 19.1249
v  -0.0559 0.9179 19.1163
v  0.0752 0.9206 19.1424
v  0.0321 0.9096 19.1338
v  0.1054 0.9441 19.1484
v  0.1326 0.9702 19.1539
v  0.1760 0.9972 19.1664
v  0.1616 1.0257 19.1633
v  0.1368 1.0014 19.1547
v  0.0786 0.9885 19.1392
v  0.0653 0.9721 19.1365
v  0.0452 0.9625 19.1325
v  0.0223 0.9574 19.1279
v  -0.0016 0.9570 19.1232
v  -0.0244 0.9616 19.1186
v  -0.0893 0.9377 19.1096
v  -0.0445 0.9710 19.1146
v  -0.1235 0.9126 19.1102
v  -0.1247 0.9127 19.1163
v  -0.1587 1.0021 19.1087
v  -0.1583 0.9511 19.1103
v  -0.1396 1.0251 19.1124
v  -0.1571 0.9510 19.1042
v  -0.1574 1.0021 19.1027
v  -0.1108 0.9662 19.1048
v  -0.0579 0.9873 19.1119
v  0.0106 1.0322 19.1242
v  0.0821 1.0102 19.1399
v  0.1243 1.0275 19.1522
v  0.0740 1.0292 19.1382
v  -0.0615 1.0096 19.1112
v  -0.0532 1.0291 19.1129
v  -0.1106 1.0015 19.1041
v  -0.1383 1.0251 19.1063
v  -0.0951 1.0272 19.1065
v  0.1788 -1.6590 19.3186
v  0.1742 -1.6590 19.1951
v  0.1629 -1.6590 19.3391
v  0.5015 1.0008 19.1406
v  0.4923 1.0008 19.1484
v  0.4894 1.0371 19.1428
v  0.4894 0.9646 19.1428
v  0.4813 1.0338 19.1504
v  0.4813 0.9679 19.1504
v  0.4101 1.0008 19.1634
v  0.4563 1.0636 19.1489
v  0.4512 1.0579 19.1559
v  0.4512 0.9438 19.1559
v  0.3388 0.9679 19.1763
v  0.3689 0.9438 19.1709
v  0.4101 0.9350 19.1634
v  0.3689 1.0579 19.1709
v  0.3388 1.0338 19.1763
v  0.3278 1.0008 19.1783
v  0.4101 1.0667 19.1634
v  0.4563 0.9380 19.1489
v  0.4110 0.9283 19.1571
v  0.3657 0.9380 19.1654
v  0.3326 0.9646 19.1714
v  0.3204 1.0008 19.1736
v  0.3326 1.0371 19.1714
v  0.3657 1.0636 19.1654
v  0.4110 1.0734 19.1571
v  -0.0509 1.0008 19.1406
v  -0.0388 1.0371 19.1428
v  -0.0417 1.0008 19.1484
v  -0.0388 0.9646 19.1428
v  -0.0307 1.0337 19.1504
v  -0.0057 1.0636 19.1489
v  -0.0307 0.9679 19.1504
v  0.0405 1.0008 19.1634
v  -0.0057 0.9381 19.1489
v  -0.0006 0.9438 19.1559
v  0.0405 0.9350 19.1634
v  0.0816 0.9438 19.1708
v  0.1116 0.9679 19.1763
v  0.1226 1.0008 19.1783
v  0.1116 1.0337 19.1763
v  0.0816 1.0578 19.1708
v  0.0405 1.0666 19.1634
v  -0.0006 1.0578 19.1559
v  0.0395 1.0733 19.1571
v  0.0848 1.0636 19.1654
v  0.1179 1.0371 19.1714
v  0.1300 1.0008 19.1736
v  0.1179 0.9646 19.1714
v  0.0848 0.9381 19.1654
v  0.0395 0.9284 19.1571
# 1216 vertices

vn 0.3600 0.5492 0.7542
vn 0.6180 0.5448 -0.5669
vn 0.1677 0.6764 0.7172
vn 0.4278 0.6716 -0.6049
vn -0.0461 0.7335 0.6781
vn -0.2584 0.7252 0.6382
vn -0.4582 0.6572 0.5984
vn 0.2162 0.7320 -0.6461
vn 0.5800 0.2799 0.7650
vn -0.6256 0.5344 0.5684
vn 0.8244 0.2638 -0.5008
vn 0.0044 0.7254 -0.6883
vn -0.1964 0.6583 -0.7267
vn -0.3644 0.5367 -0.7610
vn -0.8115 0.2952 0.5044
vn 0.8355 -0.0144 -0.5493
vn -0.1972 0.0105 0.9803
vn 0.5722 0.0302 0.8196
vn -0.1990 0.0260 0.9797
vn 0.4568 -0.5516 0.6979
vn 0.6842 -0.5779 -0.4449
vn -0.1161 -0.7023 0.7024
vn 0.1990 -0.0261 -0.9797
vn 0.1625 -0.7241 -0.6703
vn -0.1552 -0.7082 0.6888
vn 0.1972 -0.0105 -0.9803
vn -0.5630 0.2953 -0.7719
vn 0.1228 -0.7181 -0.6850
vn -0.8245 0.0849 0.5594
vn -0.7244 -0.5284 0.4428
vn -0.5535 0.0849 -0.8285
vn -0.5048 -0.5272 -0.6835
vn 0.4582 0.6572 0.5984
vn -0.3600 0.5492 0.7542
vn 0.6256 0.5344 0.5684
vn -0.1677 0.6763 0.7172
vn -0.6180 0.5448 -0.5669
vn 0.2584 0.7252 0.6382
vn 0.0461 0.7335 0.6781
vn -0.4278 0.6716 -0.6049
vn -0.2162 0.7320 -0.6461
vn -0.5800 0.2799 0.7650
vn -0.8244 0.2638 -0.5008
vn -0.0044 0.7254 -0.6883
vn 0.1964 0.6583 -0.7267
vn 0.8115 0.2951 0.5044
vn 0.3644 0.5367 -0.7610
vn -0.8355 -0.0144 -0.5493
vn 0.1972 0.0105 0.9803
vn 0.1990 0.0261 0.9797
vn -0.5722 0.0302 0.8195
vn -0.4567 -0.5516 0.6979
vn -0.6841 -0.5779 -0.4449
vn 0.1161 -0.7022 0.7025
vn 0.1552 -0.7082 0.6888
vn -0.1625 -0.7241 -0.6703
vn -0.1990 -0.0261 -0.9797
vn 0.5630 0.2953 -0.7719
vn 0.8245 0.0850 0.5595
vn 0.7244 -0.5283 0.4428
vn -0.1228 -0.7181 -0.6850
vn 0.5535 0.0849 -0.8285
vn -0.1972 -0.0105 -0.9803
vn 0.5048 -0.5272 -0.6835
vn 0.0000 1.0000 -0.0000
vn 0.6398 0.7672 0.0446
vn -0.1099 0.7429 -0.6603
vn 0.3389 0.7593 -0.5555
vn 0.9396 -0.0000 -0.3421
vn 0.5246 -0.0000 -0.8513
vn 0.6528 0.7363 -0.1781
vn 0.3389 -0.7593 -0.5555
vn 0.6527 -0.7363 -0.1781
vn 0.6398 -0.7673 0.0446
vn 0.6390 0.7647 0.0831
vn 0.9921 -0.0000 0.1255
vn 0.9980 -0.0000 0.0639
vn -0.0397 0.9992 0.0075
vn 0.9274 0.3256 -0.1844
vn 0.7478 0.1805 0.6389
vn -0.0442 0.9979 -0.0463
vn 0.1973 0.7364 -0.6471
vn 0.4357 0.6231 -0.6496
vn 0.1155 0.7173 -0.6871
vn 0.5475 -0.7396 -0.3915
vn 0.6719 -0.1454 -0.7263
vn 0.9897 -0.0304 -0.1398
vn 0.1942 0.0340 -0.9804
vn 0.7685 0.0071 -0.6398
vn 0.9993 -0.0348 -0.0163
vn 0.9961 -0.0878 -0.0130
vn 0.2056 0.6689 -0.7144
vn 0.0066 0.9987 -0.0499
vn 0.1303 0.7490 -0.6496
vn 0.1915 0.0527 -0.9801
vn 0.2460 0.0082 -0.9692
vn 0.1977 -0.0295 -0.9798
vn 0.7953 0.0017 -0.6063
vn 0.9967 -0.0665 0.0474
vn 0.9951 -0.0991 -0.0013
vn 0.9998 -0.0096 0.0156
vn 0.9954 -0.0933 0.0201
vn 0.9993 -0.0309 0.0208
vn 0.9653 -0.2602 0.0211
vn 0.9644 -0.2641 -0.0137
vn 0.7900 -0.2864 -0.5421
vn 0.7218 -0.1495 -0.6757
vn 0.3231 -0.0003 -0.9464
vn 0.1601 0.6687 -0.7261
vn 0.0714 0.9963 -0.0474
vn 0.1410 0.7462 -0.6506
vn 0.1262 0.0749 -0.9892
vn 0.1322 -0.0075 -0.9912
vn 0.1985 -0.0879 -0.9761
vn 0.2962 -0.0935 -0.9505
vn 0.7982 -0.0550 -0.5998
vn 0.9775 -0.2104 -0.0111
vn 0.9793 -0.1808 0.0914
vn 0.9964 -0.0182 0.0826
vn 0.9890 -0.0024 0.1478
vn 0.9984 0.0523 0.0231
vn 0.9998 -0.0067 0.0203
vn 0.9998 -0.0014 0.0195
vn 0.9999 0.0062 -0.0093
vn 0.7678 -0.0580 0.6381
vn 0.7604 -0.1239 0.6375
vn 0.7260 -0.3218 0.6077
vn 0.5613 -0.8276 0.0108
vn 0.5609 -0.8278 -0.0100
vn 0.4938 -0.7785 0.3873
vn 0.4951 -0.7784 -0.3860
vn 0.7151 -0.4150 -0.5625
vn 0.2498 -0.4222 -0.8714
vn 0.3184 -0.2580 -0.9122
vn 0.2068 0.0091 -0.9783
vn 0.1968 -0.2496 -0.9481
vn 0.1945 -0.4567 -0.8681
vn 0.2064 -0.3997 -0.8931
vn 0.0000 -1.0000 -0.0000
vn 0.0694 -0.8217 -0.5657
vn 0.0711 -0.8211 0.5663
vn 0.1273 -0.2722 0.9538
vn 0.1251 -0.0977 0.9873
vn 0.1218 -0.0583 0.9908
vn 0.7627 -0.0321 0.6459
vn 0.7644 -0.0140 0.6446
vn 0.9998 -0.0105 0.0191
vn 0.1197 -0.0423 0.9919
vn -0.0000 -0.0424 0.9991
vn -0.0000 -0.0564 0.9984
vn -0.0000 -0.0923 0.9957
vn 0.0000 -0.2622 0.9650
vn 0.0000 -0.8290 0.5593
vn 0.0000 -0.8290 -0.5592
vn 0.1290 -0.3769 -0.9172
vn 0.0224 -0.3817 -0.9240
vn 0.1239 -0.4272 -0.8957
vn 0.1153 -0.2775 -0.9538
vn 0.1417 -0.0436 -0.9889
vn 0.0037 -0.2828 -0.9592
vn 0.0258 -0.4313 -0.9018
vn 0.0000 -0.4128 -0.9108
vn -0.0092 -0.3624 -0.9320
vn -0.0694 -0.8217 -0.5657
vn -0.0224 -0.3817 -0.9240
vn -0.0711 -0.8211 0.5663
vn -0.1273 -0.2722 0.9538
vn -0.1251 -0.0977 0.9873
vn -0.1218 -0.0583 0.9908
vn -0.1197 -0.0423 0.9919
vn -0.0000 -0.0205 0.9998
vn -0.7627 -0.0321 0.6459
vn -0.7678 -0.0580 0.6381
vn -0.7604 -0.1239 0.6375
vn -0.7260 -0.3218 0.6077
vn -0.4938 -0.7785 0.3873
vn -0.5609 -0.8278 -0.0100
vn -0.5613 -0.8276 0.0108
vn -0.4951 -0.7784 -0.3860
vn -0.2064 -0.3997 -0.8931
vn -0.1291 -0.3769 -0.9172
vn -0.0258 -0.4313 -0.9018
vn 0.0092 -0.3623 -0.9320
vn -0.0000 -0.3794 -0.9252
vn -0.0000 -0.0883 -0.9961
vn 0.7956 0.0345 -0.6048
vn 0.9956 -0.0932 0.0000
vn 0.0144 -0.2106 -0.9775
vn 0.6548 -0.2073 -0.7268
vn -0.0037 -0.2828 -0.9592
vn -0.1239 -0.4272 -0.8957
vn -0.1153 -0.2775 -0.9538
vn -0.7151 -0.4150 -0.5625
vn -0.2498 -0.4222 -0.8714
vn -0.1945 -0.4567 -0.8681
vn -0.9644 -0.2641 -0.0137
vn -0.9653 -0.2602 0.0211
vn -0.9954 -0.0933 0.0201
vn -0.9993 -0.0309 0.0208
vn -0.9998 -0.0067 0.0203
vn -0.9993 -0.0348 -0.0163
vn -0.9998 -0.0096 0.0156
vn -0.9961 -0.0878 -0.0131
vn -0.7900 -0.2864 -0.5421
vn -0.7219 -0.1495 -0.6757
vn -0.3184 -0.2580 -0.9122
vn -0.1968 -0.2496 -0.9481
vn -0.2068 0.0091 -0.9783
vn -0.1417 -0.0436 -0.9889
vn 0.0111 -0.0651 -0.9978
vn 0.0332 -0.0337 -0.9989
vn 0.6007 0.5484 -0.5817
vn 0.7156 0.6977 -0.0340
vn 0.1807 0.5448 -0.8188
vn -0.0347 0.9988 -0.0351
vn 0.0035 0.8045 -0.5939
vn -0.0273 0.6703 -0.7416
vn -0.1565 0.6639 -0.7312
vn -0.1601 0.6687 -0.7261
vn -0.3231 -0.0003 -0.9464
vn -0.9897 -0.0304 -0.1397
vn -0.6719 -0.1454 -0.7262
vn -0.9274 0.3256 -0.1844
vn -0.5475 -0.7396 -0.3915
vn -0.1974 0.7363 -0.6472
vn -0.2056 0.6689 -0.7144
vn -0.0066 0.9987 -0.0499
vn -0.0714 0.9963 -0.0474
vn -0.1410 0.7462 -0.6506
vn -0.1262 0.0749 -0.9892
vn 0.0031 0.1363 -0.9907
vn -0.1752 0.1092 -0.9785
vn -0.5463 0.0374 -0.8367
vn -0.0925 -0.0700 -0.9932
vn -0.2690 -0.1559 -0.9504
vn -0.1915 0.0527 -0.9801
vn -0.1322 -0.0075 -0.9912
vn -0.1303 0.7490 -0.6496
vn 0.0442 0.9979 -0.0463
vn 0.0397 0.9992 0.0074
vn -0.4357 0.6231 -0.6496
vn -0.7478 0.1805 0.6389
vn -0.1155 0.7173 -0.6871
vn -0.1942 0.0340 -0.9804
vn -0.7685 0.0070 -0.6398
vn -0.1977 -0.0295 -0.9798
vn -0.1985 -0.0879 -0.9761
vn -0.1608 -0.0519 -0.9856
vn -0.2463 -0.1032 -0.9637
vn -0.5040 -0.1923 -0.8420
vn -0.5417 -0.0971 -0.8349
vn -0.0000 -0.0103 -0.9999
vn -0.0000 -0.0603 -0.9982
vn 0.5463 0.0374 -0.8367
vn -0.1807 0.5448 -0.8188
vn -0.7956 0.0345 -0.6048
vn 0.0000 -0.2113 -0.9774
vn 0.5417 -0.0971 -0.8349
vn -0.4893 -0.1657 -0.8562
vn 0.0000 -0.1827 -0.9832
vn -0.4443 -0.2013 -0.8729
vn -0.2582 -0.4218 -0.8691
vn -0.3061 -0.3118 -0.8995
vn -0.2962 -0.0935 -0.9505
vn -0.3671 -0.4595 -0.8088
vn -0.2460 0.0082 -0.9692
vn -0.7953 0.0017 -0.6063
vn -0.9967 -0.0665 0.0474
vn -0.9951 -0.0991 -0.0013
vn -0.7982 -0.0550 -0.5998
vn -0.4929 -0.4245 -0.7595
vn -0.4772 -0.7412 -0.4721
vn -0.3602 -0.7791 -0.5131
vn -0.2673 -0.6748 -0.6879
vn -0.2626 -0.7892 -0.5552
vn -0.4718 -0.2651 -0.8409
vn -0.3020 -0.4879 -0.8190
vn 0.0000 -0.2294 -0.9733
vn 0.5040 -0.1923 -0.8420
vn 0.4893 -0.1657 -0.8562
vn 0.2691 -0.1559 -0.9504
vn 0.1752 0.1092 -0.9785
vn 0.2463 -0.1032 -0.9637
vn 0.4718 -0.2651 -0.8409
vn 0.4443 -0.2013 -0.8729
vn 0.0000 -0.3274 -0.9449
vn -0.1687 -0.9387 -0.3005
vn 0.0000 -0.9011 -0.4336
vn -0.3327 -0.9264 -0.1765
vn -0.2248 -0.9576 -0.1804
vn -0.3990 -0.8978 -0.1864
vn -0.6138 -0.6949 -0.3745
vn -0.8506 -0.2153 -0.4797
vn -0.9775 -0.2104 -0.0111
vn -0.9793 -0.1808 0.0914
vn -0.9322 -0.3507 -0.0895
vn -0.7775 -0.6093 -0.1560
vn -0.7306 -0.6701 -0.1312
vn -0.4001 -0.9165 -0.0007
vn -0.3191 -0.9473 0.0267
vn -0.2124 -0.9755 0.0576
vn -0.0940 -0.9923 0.0808
vn 0.1687 -0.9387 -0.3005
vn 0.3020 -0.4879 -0.8190
vn 0.0940 -0.9923 0.0808
vn 0.0000 -0.9966 0.0826
vn 0.3061 -0.3118 -0.8995
vn 0.1608 -0.0519 -0.9856
vn 0.0925 -0.0700 -0.9932
vn 0.2582 -0.4218 -0.8691
vn 0.2673 -0.6748 -0.6879
vn 0.2626 -0.7892 -0.5552
vn 0.2248 -0.9576 -0.1804
vn 0.2124 -0.9755 0.0576
vn 0.2423 -0.9691 0.0462
vn 0.1061 -0.9910 0.0810
vn 0.0000 -0.9963 0.0865
vn -0.1061 -0.9910 0.0810
vn -0.2423 -0.9691 0.0462
vn -0.3518 -0.9360 0.0084
vn -0.4624 -0.8863 -0.0256
vn -0.7942 -0.5981 -0.1068
vn -0.5197 -0.8536 -0.0356
vn -0.8366 -0.5428 -0.0741
vn -0.3931 -0.9195 -0.0073
vn -0.2674 -0.9634 0.0182
vn -0.1194 -0.9920 0.0416
vn 0.1194 -0.9920 0.0416
vn 0.0000 -0.9988 0.0493
vn 0.2674 -0.9634 0.0182
vn 0.3518 -0.9360 0.0084
vn 0.3931 -0.9195 -0.0073
vn 0.3191 -0.9473 0.0267
vn 0.3327 -0.9264 -0.1765
vn 0.3602 -0.7791 -0.5131
vn 0.3671 -0.4595 -0.8088
vn 0.4772 -0.7412 -0.4721
vn 0.4929 -0.4245 -0.7595
vn 0.3990 -0.8978 -0.1864
vn 0.4001 -0.9165 -0.0007
vn 0.4624 -0.8863 -0.0256
vn 0.5197 -0.8536 -0.0356
vn 0.4161 -0.9090 -0.0231
vn 0.5417 -0.8392 -0.0481
vn 0.2847 -0.9586 -0.0076
vn 0.1271 -0.9919 0.0047
vn 0.0000 -1.0000 0.0085
vn -0.1271 -0.9919 0.0047
vn -0.2847 -0.9586 -0.0076
vn -0.4161 -0.9090 -0.0231
vn -0.5417 -0.8392 -0.0481
vn -0.2923 -0.9548 -0.0540
vn -0.4403 -0.8966 -0.0472
vn -0.1315 -0.9897 -0.0574
vn 0.0000 -0.9985 -0.0554
vn 0.1315 -0.9897 -0.0574
vn 0.2923 -0.9548 -0.0540
vn 0.4403 -0.8966 -0.0472
vn 0.8452 -0.5315 -0.0556
vn 0.5714 -0.8201 -0.0303
vn 0.8366 -0.5428 -0.0741
vn 0.7942 -0.5981 -0.1068
vn 0.7306 -0.6701 -0.1312
vn 0.7775 -0.6093 -0.1560
vn 0.6138 -0.6949 -0.3745
vn 0.9322 -0.3507 -0.0895
vn 0.8506 -0.2153 -0.4797
vn 0.9770 0.0093 -0.2129
vn 0.9634 0.0493 -0.2634
vn 0.9841 0.0708 -0.1630
vn 0.9942 0.0689 -0.0825
vn 0.9968 0.0754 -0.0282
vn 0.8554 -0.5169 0.0334
vn 0.5602 -0.8227 -0.0962
vn 0.4352 -0.8875 -0.1516
vn 0.3029 -0.9369 -0.1747
vn 0.1409 -0.9731 -0.1822
vn 0.0000 -0.9827 -0.1853
vn -0.1409 -0.9731 -0.1822
vn -0.3029 -0.9369 -0.1747
vn -0.1479 -0.9359 -0.3197
vn -0.3067 -0.9025 -0.3023
vn 0.1479 -0.9359 -0.3197
vn 0.0000 -0.9460 -0.3241
vn 0.3067 -0.9025 -0.3023
vn 0.4268 -0.8590 -0.2827
vn 0.5034 -0.8107 -0.2989
vn 0.8671 -0.4982 -0.0042
vn 0.8096 -0.5085 -0.2933
vn 0.9926 0.0532 0.1095
vn 0.4952 0.8686 -0.0176
vn 0.5148 0.8563 0.0410
vn 0.4961 0.8654 -0.0698
vn 0.4203 0.8823 -0.2119
vn -0.8006 -0.1063 0.5897
vn -0.1764 0.9840 -0.0254
vn 0.8853 0.3016 -0.3539
vn -0.1342 0.9901 0.0407
vn -0.2101 0.9770 0.0376
vn -0.2269 0.9717 0.0660
vn 0.5014 0.8582 0.1099
vn 0.9877 0.1528 0.0335
vn 0.9538 0.2024 -0.2218
vn 0.7976 -0.4546 -0.3965
vn 0.6273 -0.5275 -0.5730
vn 0.4733 -0.5725 -0.6695
vn 0.3475 -0.6236 -0.7002
vn 0.1860 -0.6827 -0.7066
vn -0.1860 -0.6827 -0.7066
vn -0.0000 -0.6957 -0.7184
vn 0.3563 0.0724 -0.9316
vn 0.2099 0.0072 -0.9777
vn 0.4393 0.1364 -0.8879
vn 0.5575 0.1876 -0.8087
vn 0.8259 0.1629 -0.5398
vn 0.4469 0.8933 0.0487
vn 0.4716 0.8806 -0.0464
vn -0.2343 0.9699 0.0664
vn -0.2056 0.9741 0.0945
vn -0.2414 0.9704 0.0091
vn -0.2718 0.9597 0.0722
vn -0.2716 0.9611 0.0491
vn -0.1778 0.9838 0.0235
vn -0.1669 0.9859 -0.0153
vn -0.1608 0.9870 0.0018
vn -0.1451 0.9891 -0.0248
vn -0.1678 0.9858 -0.0060
vn -0.1806 0.9804 0.0783
vn -0.1754 0.9836 0.0421
vn -0.1879 0.9755 0.1143
vn -0.2641 0.9573 0.1175
vn -0.1483 0.9798 0.1338
vn 0.4572 0.8533 -0.2505
vn 0.2457 0.9199 -0.3055
vn 0.1742 0.9274 -0.3309
vn 0.1391 0.9445 -0.2977
vn 0.0933 0.9318 -0.3508
vn -0.0000 0.9179 -0.3967
vn 0.0000 -0.0055 -1.0000
vn -0.1114 0.9475 0.2998
vn 0.0000 0.9481 0.3179
vn -0.2151 0.9452 0.2455
vn -0.2526 0.9474 0.1965
vn -0.1124 0.9874 0.1110
vn -0.1110 0.9906 0.0804
vn -0.1036 0.9945 -0.0132
vn -0.1081 0.9935 0.0358
vn -0.0995 0.9950 -0.0071
vn -0.0891 0.9955 -0.0309
vn -0.0909 0.9551 0.2820
vn -0.1533 0.9581 0.2420
vn -0.2030 0.9631 0.1769
vn -0.3071 0.8995 0.3110
vn -0.5001 0.8350 0.2297
vn -0.0000 0.9559 0.2937
vn -0.1755 0.9255 0.3356
vn 0.0000 0.9992 -0.0391
vn -0.0000 0.9999 -0.0111
vn 0.0000 0.9999 -0.0165
vn 0.0000 0.9995 0.0331
vn 0.0000 0.9967 0.0813
vn 0.0000 0.9928 0.1200
vn -0.0933 0.9318 -0.3508
vn 0.1114 0.9475 0.2998
vn -0.2099 0.0072 -0.9777
vn -0.3563 0.0724 -0.9316
vn -0.1391 0.9445 -0.2977
vn 0.2151 0.9452 0.2455
vn 0.1124 0.9874 0.1110
vn 0.1110 0.9906 0.0804
vn 0.1081 0.9935 0.0358
vn 0.1036 0.9945 -0.0132
vn 0.0995 0.9950 -0.0071
vn 0.0891 0.9955 -0.0309
vn 0.1755 0.9255 0.3356
vn 0.0909 0.9551 0.2820
vn 0.0000 0.9393 0.3432
vn -0.1391 0.7063 -0.6941
vn -0.2412 0.6841 -0.6884
vn 0.0000 0.7352 -0.6779
vn 0.1391 0.7063 -0.6941
vn 0.2412 0.6841 -0.6884
vn 0.3071 0.8995 0.3110
vn 0.1533 0.9581 0.2420
vn 0.1451 0.9891 -0.0248
vn 0.1608 0.9870 0.0018
vn 0.1678 0.9858 -0.0060
vn 0.1754 0.9836 0.0421
vn 0.1806 0.9804 0.0783
vn 0.1879 0.9755 0.1143
vn -0.1742 0.9274 -0.3309
vn 0.2526 0.9474 0.1965
vn -0.4393 0.1364 -0.8879
vn -0.3475 -0.6236 -0.7002
vn -0.4733 -0.5725 -0.6695
vn -0.5575 0.1876 -0.8087
vn -0.2457 0.9199 -0.3055
vn 0.1483 0.9798 0.1338
vn 0.2641 0.9573 0.1175
vn 0.2718 0.9597 0.0722
vn 0.2716 0.9611 0.0491
vn 0.2414 0.9704 0.0091
vn 0.1778 0.9838 0.0235
vn 0.1669 0.9859 -0.0153
vn 0.5001 0.8350 0.2297
vn 0.2030 0.9631 0.1769
vn 0.4183 0.6132 -0.6701
vn 0.8006 -0.1063 0.5897
vn 0.9770 -0.1777 0.1179
vn 0.8161 -0.1414 -0.5604
vn 0.1764 0.9840 -0.0254
vn 0.1342 0.9901 0.0407
vn 0.2101 0.9770 0.0376
vn 0.2269 0.9717 0.0660
vn 0.2343 0.9699 0.0664
vn 0.2056 0.9741 0.0945
vn -0.4572 0.8533 -0.2505
vn -0.4716 0.8806 -0.0463
vn -0.8259 0.1629 -0.5398
vn -0.6273 -0.5275 -0.5730
vn -0.4268 -0.8590 -0.2827
vn -0.4352 -0.8875 -0.1516
vn -0.5034 -0.8107 -0.2989
vn -0.7976 -0.4546 -0.3965
vn -0.9538 0.2025 -0.2218
vn -0.4469 0.8933 0.0487
vn -0.5014 0.8582 0.1099
vn -0.5148 0.8563 0.0410
vn -0.4952 0.8686 -0.0176
vn -0.4961 0.8654 -0.0698
vn -0.4203 0.8823 -0.2119
vn -0.9942 0.0689 -0.0825
vn -0.9841 0.0708 -0.1630
vn -0.9968 0.0753 -0.0282
vn -0.9926 0.0532 0.1095
vn -0.9877 0.1528 0.0335
vn -0.8096 -0.5085 -0.2933
vn -0.5602 -0.8227 -0.0962
vn -0.5714 -0.8201 -0.0303
vn -0.8554 -0.5169 0.0334
vn -0.8671 -0.4982 -0.0042
vn -0.8452 -0.5315 -0.0556
vn -0.9634 0.0493 -0.2634
vn -0.8853 0.3016 -0.3539
vn -0.9770 0.0093 -0.2129
vn -0.9992 -0.0364 0.0162
vn -0.8537 0.0062 -0.5207
vn -0.5991 0.6629 -0.4491
vn -0.8988 0.4231 -0.1144
vn -0.5252 -0.8193 -0.2300
vn -0.5453 0.6606 -0.5160
vn 0.2014 -0.9562 0.2123
vn -0.1053 -0.9635 0.2461
vn -0.4933 -0.8152 -0.3034
vn -0.7943 -0.0268 -0.6069
vn -0.4776 0.8242 -0.3044
vn -0.4936 0.7808 -0.3830
vn -0.1311 0.9192 -0.3714
vn -0.1481 0.7452 -0.6502
vn -0.2007 0.4835 -0.8520
vn -0.7582 0.4039 -0.5119
vn -0.9441 0.3294 -0.0142
vn -0.9808 0.1893 0.0460
vn -0.9890 -0.0024 0.1478
vn -0.9971 0.0501 -0.0580
vn -0.9984 0.0523 0.0231
vn -0.7629 0.0513 -0.6445
vn -0.1691 0.4276 -0.8880
vn -0.2386 0.0848 -0.9674
vn -0.1161 0.7405 -0.6620
vn -0.1354 0.9275 -0.3484
vn -0.6863 -0.0564 -0.7251
vn -0.4414 0.7046 -0.5556
vn -0.1360 0.9856 -0.1003
vn -0.4312 -0.8197 -0.3770
vn -0.1214 -0.9465 0.2989
vn -0.0010 -0.9614 0.2753
vn -0.0237 -0.9527 0.3030
vn -0.0697 -0.9491 0.3073
vn -0.2992 -0.8122 -0.5008
vn -0.4315 0.0044 -0.9021
vn -0.2464 0.6684 -0.7018
vn -0.0841 0.9474 -0.3088
vn -0.0333 0.9984 -0.0459
vn -0.0831 0.9671 -0.2405
vn -0.0727 0.7700 -0.6340
vn -0.0644 0.3586 -0.9313
vn -0.1416 0.0211 -0.9897
vn -0.1445 0.0188 -0.9893
vn -0.7763 0.0179 -0.6301
vn -0.9999 0.0062 -0.0093
vn -0.9964 -0.0182 0.0826
vn -0.9998 -0.0097 -0.0173
vn -0.9998 -0.0105 0.0191
vn -0.9998 -0.0014 0.0195
vn -0.1462 0.0294 -0.9888
vn -0.7852 0.0138 -0.6191
vn -0.0245 0.0317 -0.9992
vn -0.0260 0.0377 -0.9990
vn -0.0280 0.0318 -0.9991
vn -0.0349 0.3829 -0.9231
vn -0.0272 0.7529 -0.6576
vn -0.0109 0.9588 -0.2840
vn -0.0000 0.9497 -0.3131
vn 0.0000 0.9998 -0.0181
vn 0.0000 0.6678 -0.7443
vn 0.0000 -0.0676 -0.9977
vn 0.4315 0.0044 -0.9021
vn 0.2464 0.6684 -0.7018
vn 0.0841 0.9474 -0.3088
vn 0.0333 0.9984 -0.0459
vn 0.0000 0.9446 -0.3282
vn 0.0109 0.9588 -0.2840
vn -0.0000 0.7062 -0.7080
vn 0.0000 0.3723 -0.9281
vn 0.0000 0.0320 -0.9995
vn -0.0000 0.0387 -0.9993
vn -0.0238 0.0371 -0.9990
vn -0.0000 0.0372 -0.9993
vn -0.1456 0.0371 -0.9886
vn -0.7869 0.0268 -0.6165
vn -0.7862 0.0369 -0.6168
vn -0.1548 0.0099 -0.9879
vn -0.0237 -0.0012 -0.9997
vn 0.0000 -0.0012 -1.0000
vn 0.0245 0.0317 -0.9992
vn 0.0238 0.0371 -0.9990
vn 0.0237 -0.0012 -0.9997
vn 0.0260 0.0377 -0.9990
vn 0.0280 0.0318 -0.9991
vn 0.0272 0.7529 -0.6576
vn 0.0349 0.3829 -0.9231
vn 0.0831 0.9671 -0.2405
vn 0.1360 0.9856 -0.1003
vn 0.4414 0.7046 -0.5556
vn 0.6863 -0.0564 -0.7251
vn 0.4936 0.7808 -0.3830
vn 0.1354 0.9275 -0.3484
vn 0.0727 0.7700 -0.6340
vn 0.0644 0.3586 -0.9313
vn 0.1416 0.0211 -0.9897
vn 0.1445 0.0188 -0.9893
vn 0.1462 0.0294 -0.9888
vn 0.1456 0.0371 -0.9886
vn 0.1548 0.0099 -0.9879
vn 0.1934 -0.0348 -0.9805
vn 0.0260 -0.0541 -0.9982
vn -0.0260 -0.0541 -0.9982
vn 0.0000 -0.0575 -0.9983
vn -0.1934 -0.0348 -0.9805
vn -0.8037 -0.0136 -0.5949
vn -0.7707 -0.0437 -0.6357
vn -0.1714 -0.0309 -0.9847
vn -0.0371 -0.0298 -0.9989
vn 0.0000 -0.0280 -0.9996
vn 0.0371 -0.0298 -0.9989
vn 0.1714 -0.0309 -0.9847
vn 0.8037 -0.0136 -0.5949
vn 0.7707 -0.0437 -0.6357
vn 0.7862 0.0369 -0.6168
vn 0.7852 0.0138 -0.6191
vn 0.7869 0.0268 -0.6165
vn 0.7763 0.0179 -0.6301
vn 0.2386 0.0848 -0.9674
vn 0.1691 0.4276 -0.8880
vn 0.1161 0.7405 -0.6620
vn 0.1311 0.9192 -0.3714
vn 0.1481 0.7452 -0.6502
vn 0.2007 0.4835 -0.8520
vn 0.7629 0.0513 -0.6445
vn 0.9998 -0.0097 -0.0173
vn 0.9971 0.0501 -0.0580
vn 0.9998 0.0073 -0.0198
vn 0.9994 0.0301 -0.0191
vn 0.9990 -0.0290 -0.0341
vn 0.9954 -0.0772 -0.0568
vn 0.7903 -0.1206 -0.6007
vn 0.9936 -0.0919 -0.0653
vn 0.1425 -0.0773 -0.9868
vn 0.0280 0.0046 -0.9996
vn 0.0000 0.0136 -0.9999
vn -0.0000 0.0346 -0.9994
vn -0.0280 0.0046 -0.9996
vn 0.0185 0.0314 -0.9993
vn -0.1635 0.0266 -0.9862
vn 0.0123 -0.1587 -0.9873
vn 0.7518 -0.1559 -0.6407
vn 0.9953 -0.0800 -0.0547
vn 0.9951 -0.0940 0.0315
vn 0.9982 -0.0424 0.0414
vn 0.9988 0.0045 0.0490
vn 0.9991 -0.0319 0.0292
vn 0.9998 0.0143 0.0162
vn 0.9997 0.0078 0.0211
vn 0.9808 0.1893 0.0460
vn 0.9441 0.3294 -0.0142
vn 0.9992 -0.0364 0.0162
vn 0.8988 0.4231 -0.1144
vn 0.7582 0.4039 -0.5119
vn 0.5453 0.6606 -0.5160
vn 0.5252 -0.8193 -0.2300
vn 0.8537 0.0062 -0.5207
vn 0.5991 0.6629 -0.4491
vn 0.4776 0.8242 -0.3044
vn 0.7944 -0.0268 -0.6069
vn 0.1053 -0.9635 0.2460
vn 0.4933 -0.8152 -0.3034
vn -0.2014 -0.9562 0.2123
vn -0.9770 -0.1777 0.1179
vn 0.1214 -0.9465 0.2989
vn 0.0010 -0.9614 0.2753
vn 0.4312 -0.8197 -0.3770
vn 0.0697 -0.9491 0.3073
vn 0.2992 -0.8122 -0.5008
vn 0.0237 -0.9527 0.3030
vn -0.0075 -0.7194 -0.6946
vn 0.0131 -0.7007 -0.7134
vn -0.1827 -0.7207 -0.6687
vn -0.8161 -0.1414 -0.5604
vn -0.4183 0.6132 -0.6701
vn 0.0000 -0.7091 -0.7051
vn 0.0000 -0.9509 0.3094
vn -0.0000 -0.9496 0.3135
vn 0.0000 -0.8576 -0.5143
vn -0.0131 -0.7007 -0.7134
vn 0.0075 -0.7194 -0.6946
vn 0.1827 -0.7207 -0.6687
vn 0.7632 -0.0130 0.6461
vn 0.1199 -0.0203 0.9926
vn 0.1200 -0.0101 0.9927
vn 0.7641 0.0120 0.6450
vn 0.1197 0.0091 0.9928
vn -0.0000 -0.0096 1.0000
vn -0.0000 0.0088 1.0000
vn 0.7610 0.0230 0.6484
vn 0.1206 0.0223 0.9924
vn 0.7379 -0.0210 0.6746
vn 0.0000 0.0215 0.9998
vn 0.1214 -0.0058 0.9926
vn -0.1197 0.0091 0.9928
vn -0.1200 -0.0101 0.9927
vn -0.1206 0.0223 0.9924
vn -0.1199 -0.0203 0.9926
vn -0.7632 -0.0130 0.6461
vn -0.7641 0.0120 0.6450
vn -0.7610 0.0230 0.6484
vn -0.1214 -0.0058 0.9926
vn -0.7379 -0.0210 0.6746
vn -0.0000 -0.0073 1.0000
vn 0.1217 0.0022 0.9926
vn 0.6573 -0.0055 0.7536
vn 0.9862 -0.0922 0.1378
vn 0.9706 -0.0332 0.2385
vn 0.6283 0.0954 0.7721
vn 0.1264 0.0699 0.9895
vn 0.0000 0.0012 1.0000
vn -0.1217 0.0022 0.9926
vn -0.6573 -0.0055 0.7536
vn -0.9991 -0.0319 0.0292
vn -0.9862 -0.0922 0.1378
vn -0.9951 -0.0940 0.0315
vn -0.9998 0.0143 0.0162
vn -0.9997 0.0078 0.0211
vn -0.7644 -0.0140 0.6446
vn -0.9998 0.0073 -0.0198
vn -0.9994 0.0301 -0.0191
vn -0.9990 -0.0290 -0.0341
vn -0.9954 -0.0772 -0.0568
vn -0.9982 -0.0424 0.0414
vn -0.9936 -0.0919 -0.0653
vn -0.9706 -0.0332 0.2385
vn -0.1264 0.0699 0.9895
vn -0.6283 0.0954 0.7721
vn -0.0000 0.0648 0.9979
vn 0.5501 0.3785 0.7444
vn 0.1395 0.4202 0.8966
vn 0.9265 0.1215 0.3561
vn 0.0882 0.8087 0.5816
vn 0.6004 0.6372 0.4832
vn 0.0000 0.4339 0.9010
vn -0.1395 0.4202 0.8966
vn -0.5501 0.3785 0.7444
vn -0.9265 0.1215 0.3561
vn -0.9988 0.0045 0.0490
vn -0.9522 0.1876 0.2413
vn -0.9953 -0.0800 -0.0547
vn -0.7903 -0.1206 -0.6007
vn -0.1425 -0.0773 -0.9868
vn -0.7518 -0.1559 -0.6407
vn -0.6004 0.6372 0.4832
vn -0.0882 0.8087 0.5816
vn 0.0000 0.8408 0.5414
vn 0.0216 0.9338 0.3572
vn 0.4141 0.7938 0.4454
vn 0.9522 0.1876 0.2413
vn -0.0000 0.9371 0.3490
vn 0.0004 0.9987 -0.0506
vn -0.0216 0.9338 0.3572
vn -0.0123 -0.1587 -0.9873
vn -0.0004 0.9987 -0.0506
vn -0.0000 0.9987 -0.0515
vn 0.0307 0.6346 -0.7722
vn 0.0189 0.1292 -0.9914
vn 0.0000 0.1332 -0.9911
vn 0.0000 0.6257 -0.7801
vn -0.0307 0.6346 -0.7722
vn 0.6997 0.4600 -0.5466
vn 0.1635 0.0266 -0.9862
vn 0.6768 -0.0767 -0.7322
vn -0.0189 0.1292 -0.9914
vn -0.0185 0.0314 -0.9993
vn -0.0031 0.1363 -0.9907
vn -0.0035 0.8045 -0.5939
vn -0.7156 0.6977 -0.0340
vn 0.0347 0.9988 -0.0351
vn 0.0273 0.6703 -0.7416
vn -0.6007 0.5484 -0.5817
vn -0.9956 -0.0932 0.0000
vn -0.6548 -0.2073 -0.7268
vn -0.0332 -0.0337 -0.9989
vn 0.1565 0.6639 -0.7312
vn -0.0111 -0.0651 -0.9978
vn -0.0144 -0.2106 -0.9775
vn 0.3739 -0.0200 0.9273
vn -0.0000 -0.0064 1.0000
vn 0.3580 -0.1863 0.9149
vn 0.1798 -0.7229 0.6672
vn -0.0000 -0.6878 0.7259
vn 0.7144 -0.1187 0.6896
vn 0.6838 -0.2273 0.6934
vn -0.3739 -0.0200 0.9273
vn -0.3580 -0.1863 0.9149
vn -0.0000 -0.1532 0.9882
vn 0.4372 -0.8116 0.3876
vn 0.2871 -0.8081 0.5143
vn 0.8866 -0.2510 0.3885
vn 0.5557 -0.8058 0.2045
vn 0.2796 -0.8428 0.4599
vn 0.9150 -0.1882 0.3569
vn 0.0000 -0.9999 -0.0131
vn -0.1637 -0.9853 -0.0482
vn -0.1798 -0.7229 0.6672
vn -0.7144 -0.1187 0.6896
vn -0.6838 -0.2273 0.6934
vn -0.4372 -0.8116 0.3876
vn -0.2871 -0.8081 0.5143
vn -0.0000 -0.7410 0.6715
vn 0.0000 -0.9678 0.2515
vn 0.6896 -0.6831 0.2403
vn 0.9394 -0.3286 0.0980
vn 0.4799 -0.8499 0.2175
vn 0.9715 -0.2330 0.0445
vn -0.2645 -0.9639 -0.0296
vn -0.2803 -0.9585 -0.0526
vn 0.0000 -0.6420 0.7667
vn 0.1571 -0.6878 0.7087
vn 0.1637 -0.9853 -0.0482
vn -0.2796 -0.8428 0.4599
vn -0.9150 -0.1882 0.3569
vn -0.8866 -0.2510 0.3885
vn -0.5557 -0.8058 0.2045
vn -0.6425 -0.7276 0.2406
vn -0.6896 -0.6831 0.2403
vn 0.6425 -0.7276 0.2406
vn 0.5465 -0.8372 0.0194
vn 0.3843 -0.9131 -0.1360
vn 0.0000 -0.9448 -0.3278
vn -0.3843 -0.9131 -0.1360
vn -0.5465 -0.8372 0.0194
vn 0.9120 -0.3449 -0.2221
vn 0.6000 -0.7973 0.0663
vn 0.9119 -0.3215 -0.2551
vn -0.1029 -0.9938 -0.0417
vn 0.3982 -0.7116 0.5788
vn 0.6614 -0.7462 -0.0760
vn 0.5392 -0.8019 0.2572
vn 0.3484 0.6359 0.6886
vn 0.6392 0.5690 0.5174
vn -0.3484 0.6359 0.6886
vn -0.1571 -0.6878 0.7087
vn 0.0000 0.7052 0.7090
vn 0.2645 -0.9639 -0.0296
vn -0.4799 -0.8499 0.2175
vn 0.2803 -0.9585 -0.0526
vn -0.9715 -0.2330 0.0445
vn -0.9394 -0.3286 0.0980
vn -0.9120 -0.3449 -0.2221
vn -0.7317 -0.3981 -0.5533
vn -0.4255 -0.4151 -0.8042
vn 0.0000 -0.3982 -0.9173
vn 0.4255 -0.4151 -0.8042
vn 0.7317 -0.3981 -0.5533
vn 0.5850 -0.7861 -0.1994
vn 0.7128 -0.3300 -0.6189
vn 0.1056 -0.9873 -0.1185
vn 0.6695 -0.6637 -0.3337
vn 0.8254 0.5640 0.0239
vn 0.8277 0.4583 0.3239
vn 0.1616 0.9803 0.1138
vn 0.3296 0.9310 0.1567
vn 0.0000 0.9980 0.0626
vn -0.6392 0.5690 0.5174
vn -0.1616 0.9803 0.1138
vn -0.3982 -0.7116 0.5788
vn 0.1029 -0.9938 -0.0417
vn -0.6614 -0.7462 -0.0760
vn -0.5392 -0.8019 0.2572
vn -0.6000 -0.7973 0.0663
vn -0.9119 -0.3215 -0.2551
vn -0.7128 -0.3300 -0.6189
vn 0.0000 -0.3103 -0.9506
vn -0.3839 -0.3167 -0.8674
vn 0.3839 -0.3167 -0.8674
vn 0.3025 -0.6920 -0.6555
vn 0.5322 -0.7073 -0.4653
vn 0.1930 -0.9657 -0.1737
vn 0.5571 -0.6155 -0.5575
vn 0.6960 0.6889 -0.2027
vn -0.0012 0.9984 0.0567
vn 0.4277 0.8929 0.1407
vn 0.3061 0.9520 0.0025
vn 0.0093 0.9834 -0.1813
vn 0.0615 0.9956 -0.0712
vn 0.0000 0.9718 -0.2357
vn -0.0093 0.9834 -0.1813
vn -0.3296 0.9310 0.1567
vn -0.8277 0.4583 0.3239
vn -0.6695 -0.6637 -0.3337
vn -0.8254 0.5640 0.0239
vn -0.5850 -0.7861 -0.1994
vn -0.1056 -0.9873 -0.1185
vn -0.3025 -0.6920 -0.6555
vn -0.5322 -0.7073 -0.4653
vn 0.0000 -0.6960 -0.7180
vn -0.0000 -0.9614 -0.2751
vn 0.1382 -0.9589 -0.2477
vn 0.3045 -0.6320 -0.7127
vn 0.5022 0.7227 -0.4749
vn -0.1399 0.9771 0.1601
vn 0.0621 0.9962 -0.0612
vn -0.1958 0.9682 0.1558
vn -0.1941 0.9809 -0.0128
vn 0.0970 0.9917 -0.0850
vn -0.1808 0.9564 -0.2295
vn -0.1318 0.9428 -0.3061
vn -0.0722 0.9354 -0.3462
vn 0.0722 0.9354 -0.3462
vn 0.0000 0.9334 -0.3589
vn 0.1318 0.9428 -0.3061
vn -0.0615 0.9956 -0.0712
vn -0.4277 0.8929 0.1407
vn -0.6960 0.6889 -0.2027
vn -0.3061 0.9520 0.0025
vn 0.0012 0.9984 0.0567
vn -0.5571 -0.6155 -0.5575
vn -0.1930 -0.9657 -0.1737
vn -0.1382 -0.9589 -0.2477
vn -0.0000 -0.6453 -0.7639
vn 0.0000 0.6904 -0.7235
vn 0.2423 0.7077 -0.6637
vn -0.1025 0.9754 0.1953
vn -0.1168 0.9659 0.2311
vn -0.1363 0.9885 0.0649
vn -0.1845 0.9828 -0.0101
vn -0.2023 0.9723 -0.1174
vn 0.0000 0.9923 -0.1237
vn 0.1808 0.9564 -0.2295
vn -0.0970 0.9917 -0.0850
vn -0.0621 0.9962 -0.0612
vn 0.1958 0.9682 0.1558
vn 0.1399 0.9771 0.1601
vn 0.1941 0.9809 -0.0128
vn -0.5022 0.7227 -0.4749
vn -0.3045 -0.6320 -0.7127
vn -0.2423 0.7077 -0.6637
vn 0.0000 0.9801 0.1985
vn 0.0000 0.9686 0.2484
vn -0.0714 0.9913 0.1103
vn 0.0000 0.9921 0.1252
vn 0.2023 0.9723 -0.1174
vn 0.1845 0.9828 -0.0101
vn 0.1363 0.9885 0.0649
vn 0.0714 0.9913 0.1103
vn 0.1168 0.9659 0.2311
vn 0.1025 0.9754 0.1953
vn -0.2058 0.7480 -0.6310
vn -0.0082 0.7391 -0.6735
vn -0.2065 0.1213 -0.9709
vn -0.2135 0.0621 -0.9750
vn -0.3977 0.6598 -0.6376
vn 0.0379 0.7775 0.6278
vn -0.1870 0.7338 0.6532
vn -0.1056 0.1700 -0.9798
vn 0.2297 0.7136 -0.6618
vn -0.1755 0.1239 -0.9767
vn 0.2424 0.7719 0.5877
vn -0.2428 0.1335 -0.9608
vn -0.2059 0.1434 -0.9680
vn -0.2265 0.0308 -0.9735
vn -0.2826 0.0984 -0.9542
vn -0.5812 0.5551 -0.5951
vn -0.3775 0.6101 0.6966
vn 0.1433 0.1203 0.9823
vn 0.1159 0.1027 0.9879
vn 0.1842 0.1150 0.9761
vn 0.2271 0.0913 0.9696
vn 0.4447 0.6947 0.5653
vn 0.2096 0.1166 0.9708
vn 0.4339 0.5841 -0.6859
vn 0.6386 0.5482 0.5400
vn -0.0647 0.1544 -0.9859
vn -0.1310 0.1357 -0.9820
vn -0.1138 0.1014 -0.9883
vn -0.1747 0.1443 -0.9740
vn -0.1992 0.0502 -0.9787
vn -0.2094 0.0466 -0.9767
vn -0.2229 0.0379 -0.9741
vn -0.3102 0.0230 -0.9504
vn -0.2455 0.0162 -0.9693
vn -0.1948 -0.0145 -0.9807
vn -0.8116 0.2630 -0.5217
vn -0.6336 0.3002 0.7130
vn 0.0839 0.0569 0.9948
vn 0.1601 0.0207 0.9869
vn 0.1678 0.0380 0.9851
vn 0.1814 0.0466 0.9823
vn 0.1913 0.0501 0.9802
vn 0.2103 0.0471 0.9765
vn 0.2008 0.0503 0.9783
vn 0.2259 0.0396 0.9734
vn 0.2432 0.0618 0.9680
vn 0.8275 0.2963 0.4770
vn 0.2642 0.0307 0.9640
vn 0.6215 0.3123 -0.7185
vn -0.0316 0.0827 -0.9961
vn -0.0827 0.0589 -0.9948
vn -0.1647 0.0397 -0.9855
vn -0.1541 0.0217 -0.9878
vn -0.1802 0.0471 -0.9825
vn -0.1898 0.0504 -0.9805
vn -0.1955 0.0093 -0.9807
vn -0.3431 -0.0875 -0.9352
vn -0.2717 -0.0206 -0.9622
vn -0.1960 -0.0143 -0.9805
vn -0.8178 -0.2679 -0.5094
vn -0.6366 -0.2606 0.7258
vn 0.0702 -0.0260 0.9972
vn 0.1591 -0.0038 0.9872
vn 0.1956 0.0092 0.9806
vn 0.2365 0.0217 0.9714
vn 0.8771 -0.1290 0.4626
vn 0.2771 -0.0153 0.9607
vn 0.6830 -0.1371 -0.7175
vn -0.0110 -0.0383 -0.9992
vn -0.0601 -0.0311 -0.9977
vn -0.1463 -0.0092 -0.9892
vn -0.2572 -0.0275 -0.9660
vn -0.1554 -0.0178 -0.9877
vn -0.3514 -0.1165 -0.9289
vn -0.3224 -0.1235 -0.9385
vn -0.5283 -0.3281 -0.7831
vn -0.3659 -0.4199 0.8305
vn 0.0998 -0.0362 0.9944
vn 0.1656 -0.0131 0.9861
vn 0.2443 -0.0092 0.9697
vn 0.2353 -0.0177 0.9718
vn 0.2743 -0.0392 0.9609
vn 0.7111 -0.2917 0.6398
vn 0.4902 -0.3337 -0.8052
vn -0.0026 -0.1006 -0.9949
vn -0.0808 -0.0561 -0.9951
vn 0.1138 0.1014 -0.9883
vn 0.1310 0.1357 -0.9820
vn 0.1647 0.0397 -0.9856
vn 0.0647 0.1544 -0.9859
vn 0.1056 0.1700 -0.9798
vn 0.1541 0.0217 -0.9878
vn 0.0827 0.0589 -0.9948
vn 0.1755 0.1239 -0.9767
vn 0.1747 0.1443 -0.9740
vn 0.1802 0.0471 -0.9825
vn 0.1955 0.0093 -0.9807
vn 0.0601 -0.0311 -0.9977
vn 0.1463 -0.0092 -0.9892
vn 0.0316 0.0827 -0.9961
vn 0.0110 -0.0383 -0.9992
vn -0.4338 0.5841 -0.6860
vn -0.2297 0.7136 -0.6619
vn 0.0082 0.7391 -0.6735
vn 0.2065 0.1213 -0.9709
vn 0.2059 0.1434 -0.9680
vn 0.1992 0.0502 -0.9787
vn 0.1898 0.0504 -0.9805
vn 0.2094 0.0466 -0.9767
vn 0.2572 -0.0275 -0.9660
vn 0.2717 -0.0206 -0.9621
vn 0.2455 0.0162 -0.9693
vn 0.2229 0.0379 -0.9741
vn 0.1554 -0.0178 -0.9877
vn 0.0808 -0.0561 -0.9951
vn 0.0026 -0.1006 -0.9949
vn -0.4902 -0.3337 -0.8052
vn -0.6828 -0.1371 -0.7176
vn -0.6214 0.3123 -0.7186
vn -0.8276 0.2963 0.4768
vn -0.6387 0.5482 0.5399
vn -0.4448 0.6948 0.5652
vn -0.2424 0.7719 0.5877
vn 0.2057 0.7480 -0.6310
vn -0.0378 0.7775 0.6278
vn 0.2135 0.0621 -0.9750
vn 0.2428 0.1335 -0.9608
vn 0.2826 0.0984 -0.9542
vn 0.3431 -0.0874 -0.9352
vn 0.3102 0.0229 -0.9504
vn 0.3514 -0.1165 -0.9289
vn 0.3224 -0.1234 -0.9385
vn 0.1960 -0.0143 -0.9805
vn 0.1948 -0.0145 -0.9807
vn 0.2265 0.0308 -0.9735
vn 0.3977 0.6598 -0.6375
vn 0.1870 0.7337 0.6532
vn -0.1842 0.1150 0.9761
vn -0.1433 0.1203 0.9823
vn -0.2271 0.0913 0.9696
vn -0.2096 0.1166 0.9708
vn -0.2432 0.0618 0.9680
vn -0.2642 0.0307 0.9640
vn -0.8772 -0.1290 0.4624
vn -0.7110 -0.2918 0.6398
vn -0.2771 -0.0153 0.9607
vn -0.2365 0.0217 0.9714
vn -0.2258 0.0397 0.9734
vn -0.2103 0.0471 0.9765
vn -0.2008 0.0503 0.9783
vn -0.1913 0.0501 0.9802
vn -0.1814 0.0466 0.9823
vn -0.1159 0.1027 0.9879
vn -0.1678 0.0380 0.9851
vn 0.3773 0.6100 0.6968
vn 0.5812 0.5552 -0.5949
vn 0.8177 -0.2679 -0.5095
vn 0.8116 0.2629 -0.5217
vn 0.5282 -0.3280 -0.7832
vn 0.6337 0.3002 0.7130
vn 0.6367 -0.2606 0.7257
vn -0.0839 0.0569 0.9948
vn -0.1601 0.0207 0.9869
vn -0.1956 0.0092 0.9806
vn -0.2443 -0.0092 0.9697
vn -0.2743 -0.0392 0.9609
vn -0.2353 -0.0177 0.9718
vn -0.1591 -0.0038 0.9872
vn -0.1656 -0.0131 0.9861
vn -0.0702 -0.0260 0.9972
vn 0.3660 -0.4200 0.8304
vn -0.0998 -0.0362 0.9944
vn -0.6528 0.7363 -0.1781
vn -0.6398 0.7672 0.0446
vn -0.3389 0.7593 -0.5555
vn -0.6436 0.0000 -0.7653
vn -0.4708 0.0000 -0.8822
vn -0.5860 -0.2895 -0.7568
vn -0.5859 0.2895 -0.7569
vn -0.4206 -0.2023 -0.8844
vn -0.4205 0.2022 -0.8844
vn -0.1792 0.0000 -0.9838
vn -0.4141 -0.5326 -0.7381
vn -0.3014 -0.3396 -0.8910
vn -0.3013 0.3394 -0.8911
vn 0.1803 0.2506 -0.9511
vn 0.0166 0.3801 -0.9248
vn -0.1508 0.4004 -0.9038
vn 0.0167 -0.3802 -0.9247
vn 0.1803 -0.2507 -0.9511
vn 0.2597 0.0000 -0.9657
vn -0.1507 -0.4003 -0.9039
vn -0.4140 0.5324 -0.7383
vn -0.1506 0.6656 -0.7310
vn 0.1579 0.6331 -0.7578
vn 0.4287 0.3963 -0.8119
vn 0.5396 0.0000 -0.8419
vn 0.4287 -0.3962 -0.8119
vn 0.1580 -0.6332 -0.7577
vn -0.1505 -0.6655 -0.7311
vn 0.6436 0.0000 -0.7654
vn 0.5859 -0.2895 -0.7569
vn 0.4708 0.0000 -0.8822
vn 0.5859 0.2895 -0.7570
vn 0.4205 -0.2022 -0.8845
vn 0.4140 -0.5324 -0.7384
vn 0.4205 0.2022 -0.8845
vn 0.1792 0.0000 -0.9838
vn 0.4140 0.5323 -0.7384
vn 0.3013 0.3393 -0.8911
vn 0.1508 0.4003 -0.9039
vn -0.0166 0.3802 -0.9248
vn -0.1804 0.2506 -0.9511
vn -0.2597 0.0000 -0.9657
vn -0.1804 -0.2506 -0.9511
vn -0.0166 -0.3802 -0.9248
vn 0.1508 -0.4003 -0.9039
vn 0.3013 -0.3394 -0.8911
vn 0.1505 -0.6654 -0.7311
vn -0.1580 -0.6332 -0.7577
vn -0.4287 -0.3962 -0.8119
vn -0.5394 0.0000 -0.8420
vn -0.4287 0.3962 -0.8119
vn -0.1580 0.6332 -0.7577
vn 0.1506 0.6654 -0.7311
# 1210 vertex normals

vt 0.6025 0.0775 0.0000
vt 0.6046 0.0775 0.0000
vt 0.5906 0.0674 0.0000
vt 0.5927 0.0674 0.0000
vt 0.5751 0.0618 0.0000
vt 0.5592 0.0623 0.0000
vt 0.5442 0.0687 0.0000
vt 0.5772 0.0618 0.0000
vt 0.6112 0.0913 0.0000
vt 0.5325 0.0794 0.0000
vt 0.6133 0.0913 0.0000
vt 0.5613 0.0623 0.0000
vt 0.5463 0.0687 0.0000
vt 0.5346 0.0794 0.0000
vt 0.5241 0.0931 0.0000
vt 0.6312 0.1057 0.0000
vt 0.5419 0.1047 0.0000
vt 0.6291 0.1057 0.0000
vt 0.5931 0.1053 0.0000
vt 0.2263 0.1128 0.0000
vt 0.2260 0.1199 0.0000
vt 0.2296 0.1199 0.0000
vt 0.1652 0.1121 0.0000
vt 0.2299 0.1128 0.0000
vt 0.1647 0.1191 0.0000
vt 0.5951 0.1053 0.0000
vt 0.1688 0.1121 0.0000
vt 0.1683 0.1191 0.0000
vt 0.0785 0.1111 0.0000
vt 0.0778 0.1181 0.0000
vt 0.5440 0.1047 0.0000
vt 0.5262 0.0931 0.0000
vt 0.0821 0.1111 0.0000
vt 0.0813 0.1181 0.0000
vt 0.5038 0.1043 0.0000
vt 0.0139 0.1104 0.0000
vt 0.0129 0.1173 0.0000
vt 0.0174 0.1104 0.0000
vt 0.5059 0.1043 0.0000
vt 0.0165 0.1173 0.0000
vt 0.0322 0.4336 0.0000
vt 0.0206 0.4336 0.0000
vt 0.0268 0.4190 0.0000
vt 0.0217 0.4200 0.0000
vt 0.1345 0.4880 0.0000
vt 0.1287 0.4918 0.0000
vt 0.1332 0.4860 0.0000
vt 0.1301 0.4937 0.0000
vt 0.0202 0.4219 0.0000
vt 0.1314 0.5275 0.0000
vt 0.0215 0.4402 0.0000
vt 0.1325 0.5464 0.0000
vt 0.1300 0.5265 0.0000
vt 0.1339 0.5468 0.0000
vt 0.2266 0.1283 0.0000
vt 0.2266 0.1285 0.0000
vt 0.2267 0.1284 0.0000
vt 0.2224 0.1261 0.0000
vt 0.2263 0.1285 0.0000
vt 0.1728 0.9499 0.0000
vt 0.1750 0.9487 0.0000
vt 0.1734 0.9507 0.0000
vt 0.1751 0.9482 0.0000
vt 0.2264 0.1289 0.0000
vt 0.1769 0.9496 0.0000
vt 0.1751 0.9491 0.0000
vt 0.1697 0.9470 0.0000
vt 0.1722 0.9448 0.0000
vt 0.1786 0.9294 0.0000
vt 0.1872 0.9443 0.0000
vt 0.2211 0.1281 0.0000
vt 0.2068 0.1209 0.0000
vt 0.1708 0.9527 0.0000
vt 0.1717 0.9536 0.0000
vt 0.1673 0.9503 0.0000
vt 0.1648 0.9429 0.0000
vt 0.1626 0.9479 0.0000
vt 0.1673 0.9386 0.0000
vt 0.1689 0.9213 0.0000
vt 0.1674 0.9268 0.0000
vt 0.1750 0.9077 0.0000
vt 0.1989 0.9401 0.0000
vt 0.1947 0.9253 0.0000
vt 0.2004 0.9452 0.0000
vt 0.1889 0.9491 0.0000
vt 0.1785 0.9514 0.0000
vt 0.1764 0.9502 0.0000
vt 0.2207 0.1302 0.0000
vt 0.1742 0.9515 0.0000
vt 0.2048 0.1245 0.0000
vt 0.1825 0.1118 0.0000
vt 0.1688 0.9560 0.0000
vt 0.1699 0.9568 0.0000
vt 0.1655 0.9550 0.0000
vt 0.1616 0.9542 0.0000
vt 0.1591 0.9475 0.0000
vt 0.1608 0.9411 0.0000
vt 0.1637 0.9347 0.0000
vt 0.1631 0.9286 0.0000
vt 0.1639 0.9233 0.0000
vt 0.1689 0.9104 0.0000
vt 0.1619 0.9159 0.0000
vt 0.1594 0.9058 0.0000
vt 0.1904 0.9042 0.0000
vt 0.1881 0.8813 0.0000
vt 0.1620 0.8931 0.0000
vt 0.2112 0.9234 0.0000
vt 0.2099 0.9383 0.0000
vt 0.2094 0.9428 0.0000
vt 0.2010 0.9482 0.0000
vt 0.1902 0.9518 0.0000
vt 0.2090 0.9452 0.0000
vt 0.1819 0.9544 0.0000
vt 0.1802 0.9531 0.0000
vt 0.1775 0.9535 0.0000
vt 0.1754 0.9523 0.0000
vt 0.2040 0.1281 0.0000
vt 0.1727 0.9544 0.0000
vt 0.1740 0.9551 0.0000
vt 0.1765 0.9561 0.0000
vt 0.1787 0.9572 0.0000
vt 0.1923 0.9607 0.0000
vt 0.1803 0.9613 0.0000
vt 0.2049 0.9571 0.0000
vt 0.2158 0.9501 0.0000
vt 0.2174 0.9473 0.0000
vt 0.2200 0.9421 0.0000
vt 0.2258 0.9261 0.0000
vt 0.2125 0.9029 0.0000
vt 0.2136 0.8783 0.0000
vt 0.1872 0.8684 0.0000
vt 0.2309 0.9052 0.0000
vt 0.2490 0.9103 0.0000
vt 0.2407 0.9318 0.0000
vt 0.2308 0.9492 0.0000
vt 0.2262 0.9548 0.0000
vt 0.2116 0.9661 0.0000
vt 0.2231 0.9576 0.0000
vt 0.2000 0.9745 0.0000
vt 0.1936 0.9654 0.0000
vt 0.1922 0.9700 0.0000
vt 0.1794 0.9700 0.0000
vt 0.1778 0.9603 0.0000
vt 0.1767 0.9647 0.0000
vt 0.1754 0.9592 0.0000
vt 0.1727 0.9581 0.0000
vt 0.1786 0.1218 0.0000
vt 0.1710 0.9575 0.0000
vt 0.1713 0.9611 0.0000
vt 0.1741 0.9624 0.0000
vt 0.1759 0.9698 0.0000
vt 0.1730 0.9652 0.0000
vt 0.2566 0.8855 0.0000
vt 0.1732 0.9694 0.0000
vt 0.1705 0.9688 0.0000
vt 0.1694 0.9644 0.0000
vt 0.1696 0.9638 0.0000
vt 0.0819 0.1192 0.0000
vt 0.0803 0.1097 0.0000
vt 0.0163 0.1265 0.0000
vt 0.0764 0.1041 0.0000
vt 0.1700 0.9631 0.0000
vt 0.1696 0.9603 0.0000
vt 0.1688 0.9621 0.0000
vt 0.1212 0.1022 0.0000
vt 0.1203 0.0904 0.0000
vt 0.1187 0.0823 0.0000
vt 0.1676 0.9625 0.0000
vt 0.1665 0.9629 0.0000
vt 0.1514 0.0983 0.0000
vt 0.1670 0.9600 0.0000
vt 0.1684 0.9600 0.0000
vt 0.1508 0.1063 0.0000
vt 0.1487 0.1123 0.0000
vt 0.1797 0.1168 0.0000
vt 0.1651 0.9600 0.0000
vt 0.1651 0.9629 0.0000
vt 0.1663 0.9660 0.0000
vt 0.1620 0.9591 0.0000
vt 0.1625 0.9615 0.0000
vt 0.1585 0.9540 0.0000
vt 0.1592 0.9585 0.0000
vt 0.1611 0.9635 0.0000
vt 0.1638 0.9647 0.0000
vt 0.1641 0.9669 0.0000
vt 0.1663 0.9676 0.0000
vt 0.1621 0.9663 0.0000
vt 0.1585 0.9624 0.0000
vt 0.1595 0.9654 0.0000
vt 0.1565 0.9592 0.0000
vt 0.1564 0.9464 0.0000
vt 0.1548 0.9541 0.0000
vt 0.1582 0.9407 0.0000
vt 0.1599 0.9365 0.0000
vt 0.6559 0.1906 0.0000
vt 0.6949 0.1887 0.0000
vt 0.6798 0.1609 0.0000
vt 0.6004 0.1980 0.0000
vt 0.6448 0.1627 0.0000
vt 0.5275 0.2090 0.0000
vt 0.5268 0.1711 0.0000
vt 0.5946 0.1651 0.0000
vt 0.4841 0.2037 0.0000
vt 0.4860 0.2320 0.0000
vt 0.4910 0.1731 0.0000
vt 0.4611 0.2498 0.0000
vt 0.4484 0.2013 0.0000
vt 0.4348 0.2579 0.0000
vt 0.4560 0.1691 0.0000
vt 0.8959 0.7199 0.0000
vt 0.8815 0.7181 0.0000
vt 0.8876 0.7258 0.0000
vt 0.8802 0.7244 0.0000
vt 0.8955 0.7262 0.0000
vt 0.9102 0.7268 0.0000
vt 0.9208 0.7285 0.0000
vt 0.9205 0.7225 0.0000
vt 0.9107 0.7213 0.0000
vt 0.9291 0.7241 0.0000
vt 0.9286 0.7298 0.0000
vt 0.9360 0.7334 0.0000
vt 0.7112 0.1649 0.0000
vt 0.1615 0.9323 0.0000
vt 0.7324 0.1886 0.0000
vt 0.7579 0.1994 0.0000
vt 0.7889 0.2022 0.0000
vt 0.7642 0.1643 0.0000
vt 0.9414 0.7269 0.0000
vt 0.9471 0.7391 0.0000
vt 0.9363 0.7127 0.0000
vt 0.9283 0.7120 0.0000
vt 0.9200 0.7114 0.0000
vt 0.9104 0.7110 0.0000
vt 0.8958 0.7107 0.0000
vt 0.8815 0.7106 0.0000
vt 0.9097 0.7008 0.0000
vt 0.8955 0.7011 0.0000
vt 0.8814 0.7012 0.0000
vt 0.9192 0.7005 0.0000
vt 0.9272 0.7001 0.0000
vt 0.9330 0.6997 0.0000
vt 0.9250 0.6847 0.0000
vt 0.9306 0.6843 0.0000
vt 0.9173 0.6851 0.0000
vt 0.9082 0.6855 0.0000
vt 0.8947 0.6858 0.0000
vt 0.8813 0.6860 0.0000
vt 0.9165 0.6739 0.0000
vt 0.9242 0.6734 0.0000
vt 0.9076 0.6743 0.0000
vt 0.8944 0.6746 0.0000
vt 0.8812 0.6747 0.0000
vt 0.9074 0.6638 0.0000
vt 0.9162 0.6633 0.0000
vt 0.8944 0.6641 0.0000
vt 0.8813 0.6640 0.0000
vt 0.9298 0.6729 0.0000
vt 0.9239 0.6626 0.0000
vt 0.9535 0.7320 0.0000
vt 0.9421 0.7128 0.0000
vt 0.9379 0.6990 0.0000
vt 0.9358 0.6836 0.0000
vt 0.9354 0.6721 0.0000
vt 0.9294 0.6619 0.0000
vt 0.9247 0.6541 0.0000
vt 0.9172 0.6549 0.0000
vt 0.9083 0.6555 0.0000
vt 0.8950 0.6557 0.0000
vt 0.8816 0.6554 0.0000
vt 0.8955 0.6416 0.0000
vt 0.9082 0.6437 0.0000
vt 0.8823 0.6404 0.0000
vt 0.9169 0.6451 0.0000
vt 0.9243 0.6459 0.0000
vt 0.9298 0.6533 0.0000
vt 0.9297 0.6467 0.0000
vt 0.9354 0.6611 0.0000
vt 0.8293 0.6807 0.0000
vt 0.8260 0.6692 0.0000
vt 0.8310 0.6690 0.0000
vt 0.8244 0.6804 0.0000
vt 0.8269 0.6584 0.0000
vt 0.8262 0.6967 0.0000
vt 0.8213 0.6958 0.0000
vt 0.8220 0.7117 0.0000
vt 0.8168 0.7097 0.0000
vt 0.8093 0.7318 0.0000
vt 0.8228 0.7317 0.0000
vt 0.8304 0.7103 0.0000
vt 0.8139 0.7347 0.0000
vt 0.8335 0.6962 0.0000
vt 0.8371 0.6806 0.0000
vt 0.8387 0.6693 0.0000
vt 0.8318 0.6581 0.0000
vt 0.8268 0.6495 0.0000
vt 0.9354 0.6521 0.0000
vt 0.9346 0.6446 0.0000
vt 0.9282 0.6392 0.0000
vt 0.9231 0.6368 0.0000
vt 0.9160 0.6334 0.0000
vt 0.9078 0.6306 0.0000
vt 0.8958 0.6272 0.0000
vt 0.8836 0.6247 0.0000
vt 0.9080 0.6245 0.0000
vt 0.8969 0.6212 0.0000
vt 0.9167 0.6278 0.0000
vt 0.9247 0.6317 0.0000
vt 0.9317 0.6363 0.0000
vt 0.8289 0.6426 0.0000
vt 0.8320 0.6495 0.0000
vt 0.8333 0.6437 0.0000
vt 0.8332 0.6354 0.0000
vt 0.8392 0.6586 0.0000
vt 0.8391 0.6503 0.0000
vt 0.8447 0.6812 0.0000
vt 0.8463 0.6593 0.0000
vt 0.8460 0.6700 0.0000
vt 0.8425 0.6967 0.0000
vt 0.8412 0.7107 0.0000
vt 0.8520 0.6972 0.0000
vt 0.8514 0.7111 0.0000
vt 0.8538 0.6818 0.0000
vt 0.8550 0.6599 0.0000
vt 0.8547 0.6706 0.0000
vt 0.8544 0.6515 0.0000
vt 0.8458 0.6509 0.0000
vt 0.8396 0.6425 0.0000
vt 0.8361 0.6380 0.0000
vt 0.8412 0.6343 0.0000
vt 0.8390 0.6299 0.0000
vt 0.8479 0.6302 0.0000
vt 0.8461 0.6249 0.0000
vt 0.8562 0.6268 0.0000
vt 0.8543 0.6209 0.0000
vt 0.8666 0.6237 0.0000
vt 0.8654 0.6175 0.0000
vt 0.8780 0.6221 0.0000
vt 0.8777 0.6157 0.0000
vt 0.8849 0.6186 0.0000
vt 0.8658 0.6377 0.0000
vt 0.8781 0.6372 0.0000
vt 0.8546 0.6397 0.0000
vt 0.8464 0.6414 0.0000
vt 0.8656 0.6519 0.0000
vt 0.8659 0.6605 0.0000
vt 0.8650 0.6824 0.0000
vt 0.8657 0.6711 0.0000
vt 0.8639 0.6978 0.0000
vt 0.8634 0.7114 0.0000
vt 0.8629 0.7251 0.0000
vt 0.8509 0.7249 0.0000
vt 0.8393 0.7247 0.0000
vt 0.8987 0.8411 0.0000
vt 0.9111 0.8395 0.0000
vt 0.9038 0.8669 0.0000
vt 0.8864 0.8431 0.0000
vt 0.8914 0.8674 0.0000
vt 0.9244 0.8374 0.0000
vt 0.9160 0.8662 0.0000
vt 0.8760 0.7255 0.0000
vt 0.8765 0.7118 0.0000
vt 0.8768 0.6982 0.0000
vt 0.8774 0.6828 0.0000
vt 0.8778 0.6715 0.0000
vt 0.8779 0.6608 0.0000
vt 0.8780 0.6522 0.0000
vt 0.9296 0.8655 0.0000
vt 0.9174 0.9238 0.0000
vt 0.9049 0.9240 0.0000
vt 0.9309 0.9235 0.0000
vt 0.8923 0.9242 0.0000
vt 0.8707 0.8536 0.0000
vt 0.8705 0.8679 0.0000
vt 0.8706 0.9243 0.0000
vt 0.9567 0.7396 0.0000
vt 0.8039 0.7413 0.0000
vt 0.9296 0.7955 0.0000
vt 0.9436 0.7775 0.0000
vt 0.9330 0.7823 0.0000
vt 0.8166 0.7442 0.0000
vt 0.8144 0.7859 0.0000
vt 0.7998 0.7668 0.0000
vt 0.8080 0.7878 0.0000
vt 0.9425 0.7697 0.0000
vt 0.9338 0.7756 0.0000
vt 0.8094 0.7696 0.0000
vt 0.8544 0.8674 0.0000
vt 0.8555 0.8439 0.0000
vt 0.8271 0.7773 0.0000
vt 0.8244 0.8011 0.0000
vt 0.8176 0.8035 0.0000
vt 0.9256 0.7919 0.0000
vt 0.9137 0.8058 0.0000
vt 0.9193 0.8106 0.0000
vt 0.9204 0.7818 0.0000
vt 0.9208 0.7775 0.0000
vt 0.8730 0.0973 0.0000
vt 0.8437 0.1135 0.0000
vt 0.8787 0.1069 0.0000
vt 0.8495 0.1279 0.0000
vt 0.8279 0.1367 0.0000
vt 0.8465 0.1498 0.0000
vt 0.8449 0.1699 0.0000
vt 0.8056 0.1521 0.0000
vt 0.8272 0.1909 0.0000
vt 0.1453 0.9121 0.0000
vt 0.1540 0.9119 0.0000
vt 0.1485 0.9055 0.0000
vt 0.1365 0.9138 0.0000
vt 0.1348 0.9078 0.0000
vt 0.1236 0.9171 0.0000
vt 0.8998 0.0969 0.0000
vt 0.1151 0.9190 0.0000
vt 0.1195 0.9098 0.0000
vt 0.9119 0.7781 0.0000
vt 0.8937 0.0875 0.0000
vt 0.9117 0.7817 0.0000
vt 0.9059 0.8244 0.0000
vt 0.9013 0.8194 0.0000
vt 0.9003 0.8011 0.0000
vt 0.8297 0.8190 0.0000
vt 0.8368 0.8148 0.0000
vt 0.8400 0.7778 0.0000
vt 0.8439 0.8420 0.0000
vt 0.8432 0.8668 0.0000
vt 0.8313 0.8661 0.0000
vt 0.8319 0.8405 0.0000
vt 0.8534 0.7783 0.0000
vt 0.8515 0.8270 0.0000
vt 0.8467 0.8329 0.0000
vt 0.8870 0.8311 0.0000
vt 0.8887 0.8368 0.0000
vt 0.8860 0.8193 0.0000
vt 0.8860 0.7987 0.0000
vt 0.9020 0.7817 0.0000
vt 0.9025 0.7782 0.0000
vt 0.9210 0.0875 0.0000
vt 0.9159 0.0788 0.0000
vt 0.1080 0.9115 0.0000
vt 0.1064 0.9210 0.0000
vt 0.1063 0.8991 0.0000
vt 0.1307 0.8926 0.0000
vt 0.1643 0.8715 0.0000
vt 0.1034 0.8817 0.0000
vt 0.1267 0.8764 0.0000
vt 0.0814 0.8870 0.0000
vt 0.0859 0.9045 0.0000
vt 0.0890 0.9159 0.0000
vt 0.9583 0.0745 0.0000
vt 0.0916 0.9249 0.0000
vt 0.8873 0.7777 0.0000
vt 0.9518 0.0659 0.0000
vt 0.8868 0.7810 0.0000
vt 0.8704 0.8197 0.0000
vt 0.8706 0.7973 0.0000
vt 0.8712 0.8359 0.0000
vt 0.8645 0.8375 0.0000
vt 0.8720 0.8429 0.0000
vt 0.8710 0.7805 0.0000
vt 0.8711 0.7774 0.0000
vt 0.9956 0.0615 0.0000
vt 0.9890 0.0528 0.0000
vt 0.0766 0.9288 0.0000
vt 0.0741 0.9199 0.0000
vt 0.0661 0.8910 0.0000
vt 0.0710 0.9086 0.0000
vt 0.0713 0.8429 0.0000
vt 0.0548 0.8466 0.0000
vt 0.0952 0.8385 0.0000
vt 0.1203 0.8348 0.0000
vt 0.1161 0.7837 0.0000
vt 0.0879 0.7854 0.0000
vt 0.0609 0.7890 0.0000
vt 0.0424 0.7925 0.0000
vt 0.0831 0.7212 0.0000
vt 0.0510 0.7232 0.0000
vt 0.0290 0.7266 0.0000
vt 0.1167 0.7318 0.0000
vt 0.1195 0.7011 0.0000
vt 0.0777 0.6893 0.0000
vt 0.0425 0.6899 0.0000
vt 0.0222 0.6927 0.0000
vt 0.1590 0.8271 0.0000
vt 0.1556 0.7830 0.0000
vt 0.1581 0.7423 0.0000
vt 0.1620 0.7155 0.0000
vt 0.1300 0.6686 0.0000
vt 0.1670 0.6885 0.0000
vt 0.0995 0.6351 0.0000
vt 0.0514 0.6628 0.0000
vt 0.0168 0.6648 0.0000
vt 0.0130 0.6306 0.0000
vt 0.0587 0.6331 0.0000
vt 0.0788 0.5922 0.0000
vt 0.0781 0.3304 0.0000
vt 0.0593 0.3771 0.0000
vt 0.0418 0.3204 0.0000
vt 0.1074 0.3591 0.0000
vt 0.0917 0.4145 0.0000
vt 0.1496 0.3801 0.0000
vt 0.1418 0.4486 0.0000
vt 0.2021 0.7163 0.0000
vt 0.2069 0.6882 0.0000
vt 0.2052 0.3798 0.0000
vt 0.2121 0.4546 0.0000
vt 0.1974 0.7434 0.0000
vt 0.1909 0.7853 0.0000
vt 0.1857 0.8267 0.0000
vt 0.1276 0.9807 0.0000
vt 0.0852 0.9810 0.0000
vt 0.1271 0.9524 0.0000
vt 0.0853 0.9524 0.0000
vt 0.8420 0.9239 0.0000
vt 0.8300 0.9237 0.0000
vt 0.8534 0.9241 0.0000
vt 0.8724 0.9306 0.0000
vt 0.8948 0.9409 0.0000
vt 0.8724 0.9627 0.0000
vt 0.8560 0.9295 0.0000
vt 0.8388 0.9303 0.0000
vt 0.8560 0.9701 0.0000
vt 0.8167 0.9234 0.0000
vt 0.8198 0.9302 0.0000
vt 0.8388 0.9746 0.0000
vt 0.8178 0.8657 0.0000
vt 0.8682 0.7789 0.0000
vt 0.8189 0.8398 0.0000
vt 0.8659 0.8314 0.0000
vt 0.8198 0.9772 0.0000
vt 0.2143 0.8653 0.0000
vt 0.2355 0.8807 0.0000
vt 0.2376 0.8680 0.0000
vt 0.2169 0.8296 0.0000
vt 0.2430 0.8326 0.0000
vt 0.2601 0.8727 0.0000
vt 0.2684 0.8373 0.0000
vt 0.2214 0.7889 0.0000
vt 0.2496 0.7930 0.0000
vt 0.2310 0.7333 0.0000
vt 0.2765 0.7979 0.0000
vt 0.2593 0.7405 0.0000
vt 0.2867 0.7459 0.0000
vt 0.2656 0.7124 0.0000
vt 0.2386 0.7062 0.0000
vt 0.2155 0.7120 0.0000
vt 0.2243 0.6990 0.0000
vt 0.2460 0.6799 0.0000
vt 0.2710 0.6859 0.0000
vt 0.2923 0.7173 0.0000
vt 0.2969 0.6895 0.0000
vt 0.2528 0.6619 0.0000
vt 0.2740 0.6635 0.0000
vt 0.2395 0.6708 0.0000
vt 0.2742 0.6519 0.0000
vt 0.2514 0.6527 0.0000
vt 0.2993 0.6651 0.0000
vt 0.2311 0.6583 0.0000
vt 0.2590 0.3809 0.0000
vt 0.2994 0.6505 0.0000
vt 0.2764 0.6338 0.0000
vt 0.2519 0.6356 0.0000
vt 0.2986 0.6317 0.0000
vt 0.2832 0.5877 0.0000
vt 0.2950 0.5866 0.0000
vt 0.0737 0.4912 0.0000
vt 0.0852 0.4944 0.0000
vt 0.0570 0.5509 0.0000
vt 0.0545 0.5943 0.0000
vt 0.0195 0.5879 0.0000
vt 0.0309 0.5446 0.0000
vt 0.0830 0.5574 0.0000
vt 0.0598 0.2879 0.0000
vt 0.0464 0.2714 0.0000
vt 0.9739 0.4240 0.0000
vt 0.9789 0.4261 0.0000
vt 0.9687 0.4323 0.0000
vt 0.7014 0.4254 0.0000
vt 0.7014 0.3509 0.0000
vt 0.7752 0.4429 0.0000
vt 0.7752 0.5240 0.0000
vt 0.9547 0.4259 0.0000
vt 0.9588 0.4176 0.0000
vt 0.7752 0.3733 0.0000
vt 0.9732 0.4344 0.0000
vt 0.9388 0.4455 0.0000
vt 0.9486 0.4530 0.0000
vt 0.9377 0.4197 0.0000
vt 0.9300 0.4383 0.0000
vt 0.7014 0.5156 0.0000
vt 0.7752 0.5869 0.0000
vt 0.9400 0.4096 0.0000
vt 0.9038 0.5754 0.0000
vt 0.9215 0.5718 0.0000
vt 0.9038 0.5889 0.0000
vt 0.9277 0.5843 0.0000
vt 0.9401 0.5616 0.0000
vt 0.9552 0.4584 0.0000
vt 0.7958 0.4676 0.0000
vt 0.8105 0.4578 0.0000
vt 0.8278 0.5033 0.0000
vt 0.8278 0.4544 0.0000
vt 0.7860 0.4823 0.0000
vt 0.9173 0.4285 0.0000
vt 0.7826 0.4997 0.0000
vt 0.9183 0.4125 0.0000
vt 0.7014 0.5901 0.0000
vt 0.7752 0.6509 0.0000
vt 0.9191 0.4007 0.0000
vt 0.9480 0.5714 0.0000
vt 0.9615 0.5517 0.0000
vt 0.9480 0.5462 0.0000
vt 0.9038 0.6055 0.0000
vt 0.9352 0.5999 0.0000
vt 0.7860 0.5170 0.0000
vt 0.7958 0.5317 0.0000
vt 0.8105 0.5415 0.0000
vt 0.8278 0.5449 0.0000
vt 0.8884 0.4023 0.0000
vt 0.8858 0.4336 0.0000
vt 0.7014 0.6693 0.0000
vt 0.7752 0.7395 0.0000
vt 0.8900 0.3885 0.0000
vt 0.9663 0.5280 0.0000
vt 0.9496 0.5280 0.0000
vt 0.9619 0.5837 0.0000
vt 0.9840 0.5284 0.0000
vt 0.9779 0.5588 0.0000
vt 0.9089 0.2800 0.0000
vt 0.8785 0.2836 0.0000
vt 0.8785 0.2818 0.0000
vt 0.8486 0.2861 0.0000
vt 0.8486 0.2878 0.0000
vt 0.9089 0.2783 0.0000
vt 0.8631 0.3970 0.0000
vt 0.8630 0.4372 0.0000
vt 0.8482 0.3945 0.0000
vt 0.8475 0.4395 0.0000
vt 0.8412 0.3950 0.0000
vt 0.8387 0.4409 0.0000
vt 0.7014 0.7485 0.0000
vt 0.7752 0.8215 0.0000
vt 0.8659 0.3783 0.0000
vt 0.9478 0.5097 0.0000
vt 0.9615 0.5041 0.0000
vt 0.9779 0.4977 0.0000
vt 0.7910 0.2834 0.0000
vt 0.7910 0.2851 0.0000
vt 0.7619 0.2761 0.0000
vt 0.8201 0.2894 0.0000
vt 0.8201 0.2911 0.0000
vt 0.8643 0.6003 0.0000
vt 0.8910 0.5841 0.0000
vt 0.8584 0.5825 0.0000
vt 0.8802 0.5701 0.0000
vt 0.9070 0.5592 0.0000
vt 0.8328 0.6060 0.0000
vt 0.8328 0.5869 0.0000
vt 0.8464 0.3700 0.0000
vt 0.8511 0.3720 0.0000
vt 0.7014 0.9096 0.0000
vt 0.7752 0.8973 0.0000
vt 0.7014 0.8282 0.0000
vt 0.9480 0.4840 0.0000
vt 0.9377 0.4942 0.0000
vt 0.9619 0.4719 0.0000
vt 0.7619 0.2744 0.0000
vt 0.7333 0.2708 0.0000
vt 0.9131 0.5288 0.0000
vt 0.9070 0.4981 0.0000
vt 0.8947 0.5056 0.0000
vt 0.8947 0.5511 0.0000
vt 0.8997 0.5285 0.0000
vt 0.8550 0.5721 0.0000
vt 0.8738 0.5618 0.0000
vt 0.8328 0.5757 0.0000
vt 0.7014 0.9852 0.0000
vt 0.7752 0.9678 0.0000
vt 0.9038 0.4661 0.0000
vt 0.9215 0.4839 0.0000
vt 0.9038 0.4803 0.0000
vt 0.9277 0.4707 0.0000
vt 0.9352 0.4550 0.0000
vt 0.7333 0.2691 0.0000
vt 0.7032 0.2701 0.0000
vt 0.8802 0.4863 0.0000
vt 0.8910 0.4723 0.0000
vt 0.8908 0.5281 0.0000
vt 0.8738 0.4944 0.0000
vt 0.8864 0.5099 0.0000
vt 0.8864 0.5463 0.0000
vt 0.8674 0.5406 0.0000
vt 0.8593 0.5506 0.0000
vt 0.8472 0.5572 0.0000
vt 0.8328 0.5596 0.0000
vt 0.9038 0.4491 0.0000
vt 0.6727 0.2689 0.0000
vt 0.6727 0.2706 0.0000
vt 0.7032 0.2684 0.0000
vt 0.8584 0.4735 0.0000
vt 0.8643 0.4554 0.0000
vt 0.8550 0.4840 0.0000
vt 0.8593 0.5071 0.0000
vt 0.8674 0.5171 0.0000
vt 0.8702 0.5289 0.0000
vt 0.8328 0.5289 0.0000
vt 0.8328 0.4690 0.0000
vt 0.8328 0.4495 0.0000
vt 0.8328 0.4804 0.0000
vt 0.8472 0.5004 0.0000
vt 0.8328 0.4981 0.0000
vt 0.1195 0.0056 0.0000
vt 0.0948 0.0063 0.0000
vt 0.1191 0.0072 0.0000
vt 0.1421 0.0127 0.0000
vt 0.1431 0.0113 0.0000
vt 0.1073 0.0778 0.0000
vt 0.1324 0.0781 0.0000
vt 0.1324 0.0753 0.0000
vt 0.1571 0.0756 0.0000
vt 0.1571 0.0783 0.0000
vt 0.0722 0.0145 0.0000
vt 0.0712 0.0132 0.0000
vt 0.0952 0.0078 0.0000
vt 0.0823 0.0777 0.0000
vt 0.1074 0.0751 0.0000
vt 0.2783 0.4472 0.0000
vt 0.2717 0.4747 0.0000
vt 0.2886 0.4546 0.0000
vt 0.2837 0.4772 0.0000
vt 0.2725 0.5033 0.0000
vt 0.1599 0.0230 0.0000
vt 0.2907 0.4260 0.0000
vt 0.2988 0.4371 0.0000
vt 0.1614 0.0219 0.0000
vt 0.1786 0.0759 0.0000
vt 0.1786 0.0786 0.0000
vt 0.3650 0.3320 0.0000
vt 0.3582 0.3602 0.0000
vt 0.3463 0.3517 0.0000
vt 0.3361 0.3692 0.0000
vt 0.3454 0.3820 0.0000
vt 0.3642 0.3026 0.0000
vt 0.3511 0.3291 0.0000
vt 0.3449 0.2829 0.0000
vt 0.3558 0.2744 0.0000
vt 0.0823 0.0749 0.0000
vt 0.3506 0.3055 0.0000
vt 0.0603 0.0775 0.0000
vt 0.0604 0.0748 0.0000
vt 0.0546 0.0259 0.0000
vt 0.0529 0.0248 0.0000
vt 0.2805 0.5307 0.0000
vt 0.2900 0.5234 0.0000
vt 0.2940 0.5517 0.0000
vt 0.3020 0.5392 0.0000
vt 0.2842 0.5008 0.0000
vt 0.3086 0.4827 0.0000
vt 0.3110 0.4707 0.0000
vt 0.3159 0.4602 0.0000
vt 0.3134 0.4257 0.0000
vt 0.3243 0.4531 0.0000
vt 0.1728 0.0374 0.0000
vt 0.3079 0.4107 0.0000
vt 0.1746 0.0366 0.0000
vt 0.1988 0.0762 0.0000
vt 0.1987 0.0789 0.0000
vt 0.3214 0.3806 0.0000
vt 0.3278 0.3978 0.0000
vt 0.3106 0.3531 0.0000
vt 0.3190 0.3461 0.0000
vt 0.3238 0.3356 0.0000
vt 0.3262 0.3236 0.0000
vt 0.3233 0.2990 0.0000
vt 0.3260 0.3110 0.0000
vt 0.3184 0.2885 0.0000
vt 0.3328 0.2671 0.0000
vt 0.3420 0.2526 0.0000
vt 0.0404 0.0747 0.0000
vt 0.3194 0.2527 0.0000
vt 0.3245 0.2368 0.0000
vt 0.0404 0.0774 0.0000
vt 0.0415 0.0401 0.0000
vt 0.0397 0.0395 0.0000
vt 0.3110 0.5673 0.0000
vt 0.3155 0.5535 0.0000
vt 0.3164 0.5178 0.0000
vt 0.3249 0.5248 0.0000
vt 0.3115 0.5072 0.0000
vt 0.3088 0.4952 0.0000
vt 0.3473 0.4890 0.0000
vt 0.3315 0.4258 0.0000
vt 0.3357 0.4512 0.0000
vt 0.3316 0.4109 0.0000
vt 0.1730 0.0572 0.0000
vt 0.1751 0.0569 0.0000
vt 0.2193 0.0786 0.0000
vt 0.2194 0.0759 0.0000
vt 0.3036 0.3979 0.0000
vt 0.3033 0.3805 0.0000
vt 0.2991 0.3550 0.0000
vt 0.2875 0.3173 0.0000
vt 0.3100 0.2815 0.0000
vt 0.3055 0.2342 0.0000
vt 0.3033 0.2505 0.0000
vt 0.0241 0.0746 0.0000
vt 0.0241 0.0773 0.0000
vt 0.0394 0.0557 0.0000
vt 0.0375 0.0555 0.0000
vt 0.3296 0.5698 0.0000
vt 0.3315 0.5557 0.0000
vt 0.3360 0.5266 0.0000
vt 0.3457 0.4556 0.0000
vt 0.3458 0.5223 0.0000
vt 0.3448 0.4338 0.0000
vt 0.3438 0.4226 0.0000
vt 0.1654 0.0677 0.0000
vt 0.1636 0.0678 0.0000
vt 0.2341 0.0785 0.0000
vt 0.2342 0.0758 0.0000
vt 0.2911 0.3858 0.0000
vt 0.2900 0.3724 0.0000
vt 0.2890 0.3507 0.0000
vt 0.2988 0.2796 0.0000
vt 0.2890 0.2839 0.0000
vt 0.2899 0.2571 0.0000
vt 0.2908 0.2423 0.0000
vt 0.0099 0.0745 0.0000
vt 0.0099 0.0772 0.0000
vt 0.0441 0.0678 0.0000
vt 0.0459 0.0679 0.0000
vt 0.3441 0.5619 0.0000
vt 0.3449 0.5491 0.0000
vt 0.0569 0.4219 0.0000
vt 0.0564 0.4336 0.0000
vt 0.0554 0.4200 0.0000
vt 0.4701 0.1188 0.0000
vt 0.4585 0.1188 0.0000
vt 0.4549 0.1643 0.0000
vt 0.4549 0.0733 0.0000
vt 0.4447 0.1602 0.0000
vt 0.4447 0.0775 0.0000
vt 0.3553 0.1188 0.0000
vt 0.4133 0.1977 0.0000
vt 0.4069 0.1904 0.0000
vt 0.4069 0.0472 0.0000
vt 0.2658 0.0775 0.0000
vt 0.3036 0.0472 0.0000
vt 0.3553 0.0361 0.0000
vt 0.3036 0.1904 0.0000
vt 0.2658 0.1602 0.0000
vt 0.2520 0.1188 0.0000
vt 0.3553 0.2015 0.0000
vt 0.4133 0.0399 0.0000
vt 0.3564 0.0277 0.0000
vt 0.2996 0.0399 0.0000
vt 0.2579 0.0733 0.0000
vt 0.2427 0.1188 0.0000
vt 0.2579 0.1643 0.0000
vt 0.2996 0.1977 0.0000
vt 0.3564 0.2099 0.0000
# 860 texture coords

o Perry001
g Perry001
usemtl peluches_09___Default
s off
f 1/1/1 2/2/2 3/3/3 
f 3/3/3 2/2/2 4/4/4 
f 3/3/3 5/5/5 6/6/6 
f 5/5/5 3/3/3 4/4/4 
f 7/7/7 3/3/3 6/6/6 
f 5/5/5 4/4/4 8/8/8 
f 6/6/6 5/5/5 8/8/8 
f 3/3/3 7/7/7 1/1/1 
f 9/9/9 1/1/1 10/10/10 
f 1/1/1 11/11/11 2/2/2 
f 10/10/10 1/1/1 7/7/7 
f 8/8/8 4/4/4 12/12/12 
f 6/6/6 8/8/8 12/12/12 
f 12/12/12 4/4/4 13/13/13 
f 4/4/4 2/2/2 13/13/13 
f 13/13/13 2/2/2 14/14/14 
f 2/2/2 11/11/11 14/14/14 
f 7/7/7 6/6/6 12/12/12 
f 7/7/7 12/12/12 13/13/13 
f 10/10/10 7/7/7 13/13/13 
f 15/15/15 10/10/10 14/14/14 
f 13/13/13 14/14/14 10/10/10 
f 11/11/11 1/1/1 9/9/9 
f 11/11/11 9/9/9 16/16/16 
f 17/17/17 9/9/9 15/15/15 
f 16/16/16 9/9/9 18/18/18 
f 18/18/18 9/9/9 19/19/19 
f 18/20/18 20/21/20 21/22/21 
f 20/21/20 18/20/18 19/23/19 
f 16/24/16 18/20/18 21/22/21 
f 21/22/21 20/21/20 22/25/22 
f 22/25/22 20/21/20 19/23/19 
f 19/19/19 9/9/9 17/17/17 
f 16/16/16 23/26/23 11/11/11 
f 23/27/23 16/24/16 21/22/21 
f 21/22/21 22/25/22 24/28/24 
f 23/27/23 21/22/21 24/28/24 
f 22/25/22 19/23/19 17/29/17 
f 24/28/24 22/25/22 25/30/25 
f 25/30/25 22/25/22 17/29/17 
f 15/15/15 9/9/9 10/10/10 
f 11/11/11 26/31/26 27/32/27 
f 11/11/11 23/26/23 26/31/26 
f 26/33/26 23/27/23 24/28/24 
f 24/28/24 25/30/25 28/34/28 
f 26/33/26 24/28/24 28/34/28 
f 14/14/14 11/11/11 27/32/27 
f 15/15/15 14/14/14 27/32/27 
f 29/35/29 15/15/15 27/32/27 
f 25/30/25 17/29/17 29/36/29 
f 28/34/28 25/30/25 30/37/30 
f 29/35/29 17/17/17 15/15/15 
f 30/37/30 25/30/25 29/36/29 
f 28/34/28 31/38/31 26/33/26 
f 29/35/29 27/32/27 31/39/31 
f 27/32/27 26/31/26 31/39/31 
f 30/37/30 29/36/29 31/38/31 
f 28/34/28 30/37/30 32/40/32 
f 32/40/32 30/37/30 31/38/31 
f 31/38/31 28/34/28 32/40/32 
f 33/7/33 34/1/34 35/10/35 
f 34/1/34 36/3/36 37/2/37 
f 38/6/38 36/3/36 33/7/33 
f 36/3/36 38/6/38 39/5/39 
f 36/3/36 39/5/39 40/4/40 
f 38/6/38 41/8/41 39/5/39 
f 40/4/40 39/5/39 41/8/41 
f 34/1/34 33/7/33 36/3/36 
f 36/3/36 40/4/40 37/2/37 
f 42/9/42 35/10/35 34/1/34 
f 34/1/34 37/2/37 43/11/43 
f 33/7/33 44/12/44 38/6/38 
f 44/12/44 33/7/33 45/13/45 
f 35/10/35 45/13/45 33/7/33 
f 46/15/46 47/14/47 35/10/35 
f 45/13/45 35/10/35 47/14/47 
f 41/8/41 38/6/38 44/12/44 
f 41/8/41 44/12/44 40/4/40 
f 45/13/45 40/4/40 44/12/44 
f 40/4/40 45/13/45 37/2/37 
f 45/13/45 47/14/47 37/2/37 
f 37/2/37 47/14/47 43/11/43 
f 35/10/35 42/9/42 46/15/46 
f 42/9/42 34/1/34 43/11/43 
f 42/9/42 43/11/43 48/16/48 
f 49/17/49 46/15/46 42/9/42 
f 50/19/50 49/17/49 42/9/42 
f 42/9/42 51/18/51 50/19/50 
f 51/18/51 42/9/42 48/16/48 
f 52/21/52 50/23/50 51/20/51 
f 52/21/52 51/20/51 53/22/53 
f 54/25/54 50/23/50 52/21/52 
f 53/22/53 51/20/51 48/24/48 
f 53/22/53 54/25/54 52/21/52 
f 54/25/54 49/29/49 50/23/50 
f 55/30/55 49/29/49 54/25/54 
f 56/28/56 55/30/55 54/25/54 
f 48/16/48 43/11/43 57/26/57 
f 53/22/53 56/28/56 54/25/54 
f 53/22/53 48/24/48 57/27/57 
f 56/28/56 53/22/53 57/27/57 
f 47/14/47 58/32/58 43/11/43 
f 46/15/46 58/32/58 47/14/47 
f 46/15/46 59/35/59 58/32/58 
f 59/35/59 46/15/46 49/17/49 
f 60/37/60 59/36/59 55/30/55 
f 55/30/55 59/36/59 49/29/49 
f 60/37/60 55/30/55 61/34/61 
f 58/32/58 59/35/59 62/39/62 
f 58/32/58 62/39/62 63/31/63 
f 59/36/59 60/37/60 62/38/62 
f 64/40/64 60/37/60 61/34/61 
f 62/38/62 60/37/60 64/40/64 
f 62/38/62 64/40/64 61/34/61 
f 63/33/63 62/38/62 61/34/61 
f 43/11/43 58/32/58 63/31/63 
f 43/11/43 63/31/63 57/26/57 
f 61/34/61 55/30/55 56/28/56 
f 63/33/63 56/28/56 57/27/57 
f 61/34/61 56/28/56 63/33/63 
f 65/41/65 66/42/66 67/43/67 
f 66/42/66 68/44/68 67/43/67 
f 68/45/68 69/46/69 70/47/70 
f 68/45/68 71/48/71 69/46/69 
f 66/42/66 71/49/71 68/44/68 
f 69/46/69 72/45/72 70/47/70 
f 72/45/72 73/48/73 74/50/74 
f 72/45/72 69/46/69 73/48/73 
f 66/42/66 65/41/65 75/51/75 
f 66/50/66 76/52/76 77/53/77 
f 66/50/66 75/54/75 76/52/76 
f 71/48/71 66/50/66 77/53/77 
f 71/48/71 77/53/77 69/46/69 
f 77/53/77 74/50/74 73/48/73 
f 74/50/74 77/53/77 76/52/76 
f 78/55/78 79/56/79 80/57/80 
f 81/58/81 78/55/78 82/59/82 
f 78/55/78 83/57/83 82/59/82 
f 78/55/78 80/57/80 83/57/83 
f 84/60/84 78/61/78 81/62/81 
f 84/60/84 79/63/79 78/61/78 
f 80/57/80 79/56/79 85/57/85 
f 79/56/79 86/64/86 85/57/85 
f 87/65/87 86/66/86 79/63/79 
f 88/67/88 79/63/79 84/60/84 
f 88/67/88 89/68/89 79/63/79 
f 89/68/89 90/69/90 79/63/79 
f 91/70/91 79/63/79 90/69/90 
f 91/70/91 87/65/87 79/63/79 
f 80/57/80 85/57/85 83/57/83 
f 82/59/82 83/57/83 85/57/85 
f 92/71/92 82/59/82 86/64/86 
f 82/59/82 85/57/85 86/64/86 
f 81/58/81 82/59/82 92/71/92 
f 93/72/93 81/58/81 92/71/92 
f 94/73/94 81/62/81 93/74/93 
f 94/73/94 84/60/84 81/62/81 
f 95/75/95 84/60/84 94/73/94 
f 95/75/95 88/67/88 84/60/84 
f 89/68/89 88/67/88 96/76/96 
f 88/67/88 97/77/97 96/76/96 
f 88/67/88 95/75/95 97/77/97 
f 90/69/90 89/68/89 98/78/98 
f 89/68/89 96/76/96 98/78/98 
f 99/79/99 90/69/90 100/80/100 
f 90/69/90 98/78/98 100/80/100 
f 101/81/101 90/69/90 99/79/99 
f 102/82/102 91/70/91 90/69/90 
f 101/81/101 103/83/103 90/69/90 
f 102/82/102 90/69/90 103/83/103 
f 91/70/91 104/84/104 105/85/105 
f 91/70/91 102/82/102 104/84/104 
f 87/65/87 91/70/91 106/86/106 
f 106/86/106 91/70/91 105/85/105 
f 87/65/87 107/87/107 86/66/86 
f 107/87/107 87/65/87 106/86/106 
f 92/71/92 86/64/86 108/88/108 
f 107/87/107 108/89/108 86/66/86 
f 109/90/109 92/71/92 108/88/108 
f 93/72/93 92/71/92 109/90/109 
f 110/91/110 93/72/93 109/90/109 
f 111/92/111 94/73/94 93/74/93 
f 111/92/111 93/74/93 110/93/110 
f 112/94/112 94/73/94 111/92/111 
f 112/94/112 95/75/95 94/73/94 
f 95/75/95 113/95/113 97/77/97 
f 95/75/95 112/94/112 113/95/113 
f 97/77/97 114/96/114 115/97/115 
f 97/77/97 115/97/115 96/76/96 
f 97/77/97 113/95/113 114/96/114 
f 115/97/115 98/78/98 96/76/96 
f 116/98/116 100/80/100 98/78/98 
f 115/97/115 116/98/116 98/78/98 
f 117/99/117 118/100/118 100/80/100 
f 99/79/99 100/80/100 118/100/118 
f 116/98/116 117/99/117 100/80/100 
f 119/101/119 99/79/99 120/102/120 
f 120/102/120 99/79/99 118/100/118 
f 119/101/119 101/81/101 99/79/99 
f 119/101/119 121/103/121 101/81/101 
f 103/83/103 101/81/101 122/104/122 
f 122/104/122 101/81/101 123/105/123 
f 101/81/101 124/106/124 123/105/123 
f 121/103/121 124/106/124 101/81/101 
f 125/107/125 103/83/103 122/104/122 
f 126/108/126 103/83/103 125/107/125 
f 126/108/126 102/82/102 103/83/103 
f 102/82/102 127/109/127 104/84/104 
f 102/82/102 126/108/126 127/109/127 
f 128/110/128 129/111/129 104/84/104 
f 129/111/129 105/85/105 104/84/104 
f 128/110/128 104/84/104 130/112/130 
f 130/112/130 104/84/104 127/109/127 
f 129/111/129 131/113/131 105/85/105 
f 131/113/131 132/114/132 105/85/105 
f 106/86/106 105/85/105 132/114/132 
f 107/87/107 106/86/106 133/115/133 
f 133/115/133 106/86/106 132/114/132 
f 134/116/134 107/87/107 133/115/133 
f 107/87/107 134/116/134 108/89/108 
f 109/90/109 108/88/108 135/117/135 
f 134/116/134 135/118/135 108/89/108 
f 134/116/134 136/119/136 135/118/135 
f 137/120/137 134/116/134 133/115/133 
f 137/120/137 136/119/136 134/116/134 
f 138/121/138 133/115/133 132/114/132 
f 138/121/138 137/120/137 133/115/133 
f 131/113/131 138/121/138 132/114/132 
f 131/113/131 139/122/139 140/123/140 
f 131/113/131 129/111/129 139/122/139 
f 138/121/138 131/113/131 140/123/140 
f 129/111/129 141/124/139 139/122/139 
f 129/111/129 128/110/128 141/124/139 
f 141/124/139 128/110/128 130/112/130 
f 142/125/141 130/112/130 143/126/142 
f 130/112/130 127/109/127 143/126/142 
f 141/124/139 130/112/130 142/125/141 
f 143/126/142 127/109/127 144/127/143 
f 126/108/126 144/127/143 127/109/127 
f 126/108/126 145/128/144 144/127/143 
f 145/128/144 126/108/126 125/107/125 
f 145/128/144 125/107/125 146/129/145 
f 125/107/125 122/104/122 146/129/145 
f 122/104/122 123/105/123 146/129/145 
f 146/129/145 123/105/123 147/130/146 
f 123/105/123 148/131/147 147/130/146 
f 123/105/123 124/106/124 148/131/147 
f 149/132/148 146/129/145 147/130/146 
f 149/132/148 145/128/144 146/129/145 
f 150/133/149 145/128/144 149/132/148 
f 150/133/149 151/134/150 145/128/144 
f 151/134/150 144/127/143 145/128/144 
f 152/135/151 143/126/142 144/127/143 
f 151/134/150 152/135/151 144/127/143 
f 152/135/151 153/136/152 143/126/142 
f 153/136/152 142/125/141 143/126/142 
f 154/137/139 142/125/141 155/138/153 
f 154/137/139 141/124/139 142/125/141 
f 153/136/152 155/138/153 142/125/141 
f 156/139/139 141/124/139 154/137/139 
f 156/139/139 139/140/139 141/124/139 
f 140/123/140 139/122/139 156/141/139 
f 140/123/140 156/141/139 157/142/154 
f 138/121/138 140/123/140 158/143/155 
f 158/143/155 140/123/140 159/144/156 
f 140/123/140 157/142/154 159/144/156 
f 138/121/138 160/145/157 137/120/137 
f 160/145/157 138/121/138 158/143/155 
f 160/145/157 136/119/136 137/120/137 
f 136/119/136 161/146/158 135/118/135 
f 136/119/136 160/145/157 161/146/158 
f 162/147/159 109/90/109 135/117/135 
f 135/118/135 161/146/158 162/148/159 
f 161/146/158 163/149/160 162/148/159 
f 161/146/158 164/150/161 163/149/160 
f 160/145/157 164/150/161 161/146/158 
f 160/145/157 158/143/155 164/150/161 
f 158/143/155 159/144/156 164/150/161 
f 159/144/156 157/142/154 165/151/162 
f 164/150/161 159/144/156 166/152/163 
f 159/144/156 165/151/162 166/152/163 
f 157/142/154 167/123/164 168/144/165 
f 156/141/139 167/123/164 157/142/154 
f 157/142/154 168/144/165 165/151/162 
f 169/140/139 156/139/139 170/124/139 
f 170/124/139 156/139/139 154/137/139 
f 156/141/139 169/122/139 167/123/164 
f 170/124/139 154/137/139 171/125/166 
f 171/125/166 154/137/139 155/138/153 
f 171/125/166 155/138/153 153/136/152 
f 172/126/167 153/136/152 152/135/151 
f 172/126/167 171/125/166 153/136/152 
f 173/127/168 172/126/167 152/135/151 
f 173/127/168 152/135/151 151/134/150 
f 174/128/169 151/134/150 150/133/149 
f 174/128/169 173/127/168 151/134/150 
f 175/132/170 150/133/149 176/153/171 
f 175/132/170 174/128/169 150/133/149 
f 176/153/171 150/133/149 149/132/148 
f 175/132/170 177/129/172 174/128/169 
f 178/107/173 174/128/169 177/129/172 
f 178/107/173 179/108/174 174/128/169 
f 179/108/174 173/127/168 174/128/169 
f 179/108/174 180/109/175 173/127/168 
f 180/109/175 172/126/167 173/127/168 
f 180/109/175 181/112/176 172/126/167 
f 181/112/176 171/125/166 172/126/167 
f 181/112/176 170/124/139 171/125/166 
f 169/122/139 170/124/139 182/111/177 
f 170/124/139 183/110/178 182/111/177 
f 170/124/139 181/112/176 183/110/178 
f 169/122/139 182/111/177 184/113/179 
f 169/122/139 184/113/179 167/123/164 
f 167/123/164 184/113/179 185/121/180 
f 167/123/164 186/143/181 168/144/165 
f 167/123/164 185/121/180 186/143/181 
f 187/150/182 168/144/165 186/143/181 
f 187/150/182 188/152/183 168/144/165 
f 188/152/183 165/151/162 168/144/165 
f 188/152/183 189/154/184 165/151/162 
f 189/154/184 166/152/163 165/151/162 
f 189/154/184 188/152/183 190/155/185 
f 188/152/183 191/156/186 190/155/185 
f 188/152/183 192/157/187 191/156/186 
f 193/158/188 194/159/189 188/160/183 
f 194/159/189 192/161/187 188/160/183 
f 195/149/190 188/152/183 187/150/182 
f 195/149/190 193/162/188 188/152/183 
f 196/145/191 187/150/182 186/143/181 
f 197/146/192 187/150/182 196/145/191 
f 197/146/192 195/149/190 187/150/182 
f 196/145/191 186/143/181 185/121/180 
f 184/113/179 198/114/193 185/121/180 
f 199/115/194 185/121/180 198/114/193 
f 199/115/194 200/120/195 185/121/180 
f 200/120/195 196/145/191 185/121/180 
f 184/113/179 201/85/196 198/114/193 
f 182/111/177 201/85/196 184/113/179 
f 183/110/178 202/84/197 182/111/177 
f 182/111/177 202/84/197 201/85/196 
f 181/112/176 202/84/197 183/110/178 
f 181/112/176 180/109/175 202/84/197 
f 180/109/175 203/82/198 202/84/197 
f 180/109/175 179/108/174 203/82/198 
f 179/108/174 204/83/199 203/82/198 
f 179/108/174 178/107/173 204/83/199 
f 205/104/200 178/107/173 177/129/172 
f 178/107/173 205/104/200 204/83/199 
f 203/82/198 204/83/199 206/69/201 
f 204/83/199 207/81/202 206/69/201 
f 204/83/199 205/104/200 207/81/202 
f 203/82/198 206/69/201 208/70/203 
f 202/84/197 203/82/198 208/70/203 
f 202/84/197 208/70/203 201/85/196 
f 201/85/196 209/86/204 198/114/193 
f 201/85/196 208/70/203 209/86/204 
f 209/86/204 199/115/194 198/114/193 
f 210/87/205 199/115/194 209/86/204 
f 210/87/205 211/116/206 199/115/194 
f 211/116/206 200/120/195 199/115/194 
f 211/116/206 212/119/207 200/120/195 
f 212/119/207 196/145/191 200/120/195 
f 212/119/207 197/146/192 196/145/191 
f 197/146/192 213/118/208 214/148/209 
f 213/118/208 197/146/192 212/119/207 
f 195/149/190 197/146/192 214/148/209 
f 195/149/190 214/148/209 215/163/210 
f 216/164/211 195/149/190 215/163/210 
f 193/162/188 195/149/190 216/164/211 
f 193/158/188 216/165/211 194/159/189 
f 216/165/211 217/166/212 194/159/189 
f 194/159/189 217/166/212 192/161/187 
f 217/166/212 218/167/213 192/161/187 
f 191/156/186 192/157/187 218/168/213 
f 190/155/185 191/156/186 219/169/214 
f 191/156/186 218/168/213 219/169/214 
f 217/166/212 220/170/215 218/167/213 
f 221/171/216 218/168/213 220/172/215 
f 221/171/216 219/169/214 218/168/213 
f 222/173/217 220/170/215 217/166/212 
f 216/165/211 222/173/217 217/166/212 
f 216/165/211 215/174/210 222/173/217 
f 215/174/210 214/147/209 223/175/218 
f 215/174/210 223/175/218 222/173/217 
f 214/147/209 224/90/219 223/175/218 
f 224/90/219 214/147/209 213/117/208 
f 224/90/219 213/117/208 225/88/220 
f 225/89/220 213/118/208 211/116/206 
f 213/118/208 212/119/207 211/116/206 
f 225/89/220 211/116/206 210/87/205 
f 226/65/221 210/87/205 209/86/204 
f 227/66/222 210/87/205 226/65/221 
f 227/66/222 225/89/220 210/87/205 
f 226/65/221 209/86/204 208/70/203 
f 228/63/223 208/70/203 206/69/201 
f 228/63/223 226/65/221 208/70/203 
f 228/63/223 227/66/222 226/65/221 
f 229/57/224 227/64/222 228/56/223 
f 230/59/225 227/64/222 229/57/224 
f 230/59/225 231/71/226 227/64/222 
f 231/71/226 225/88/220 227/64/222 
f 231/71/226 224/90/219 225/88/220 
f 224/90/219 231/71/226 232/72/227 
f 224/90/219 232/72/227 233/91/228 
f 223/175/218 224/90/219 233/91/228 
f 223/175/218 233/91/228 222/173/217 
f 222/173/217 233/91/228 220/170/215 
f 234/92/229 220/172/215 233/93/228 
f 234/92/229 221/171/216 220/172/215 
f 235/94/230 221/171/216 234/92/229 
f 235/94/230 236/176/231 221/171/216 
f 236/176/231 219/169/214 221/171/216 
f 236/176/231 237/177/232 219/169/214 
f 237/177/232 238/178/233 219/169/214 
f 190/155/185 219/169/214 238/178/233 
f 235/94/230 239/179/234 236/176/231 
f 239/179/234 240/180/235 236/176/231 
f 236/176/231 240/180/235 237/177/232 
f 241/75/236 242/95/237 235/94/230 
f 242/95/237 239/179/234 235/94/230 
f 241/75/236 235/94/230 243/73/238 
f 243/73/238 235/94/230 234/92/229 
f 232/74/227 234/92/229 233/93/228 
f 243/73/238 234/92/229 232/74/227 
f 231/71/226 244/58/239 232/72/227 
f 244/62/239 243/73/238 232/74/227 
f 231/71/226 230/59/225 244/58/239 
f 230/59/225 245/55/240 244/58/239 
f 230/59/225 246/57/241 245/55/240 
f 246/57/241 230/59/225 229/57/224 
f 246/57/241 229/57/224 247/57/242 
f 229/57/224 228/56/223 247/57/242 
f 245/55/240 247/57/242 228/56/223 
f 248/60/243 245/61/240 228/63/223 
f 249/67/244 228/63/223 250/68/245 
f 248/60/243 228/63/223 249/67/244 
f 250/68/245 228/63/223 206/69/201 
f 245/61/240 248/60/243 244/62/239 
f 246/57/241 247/57/242 245/55/240 
f 248/60/243 243/73/238 244/62/239 
f 248/60/243 241/75/236 243/73/238 
f 242/95/237 241/75/236 251/77/246 
f 241/75/236 249/67/244 251/77/246 
f 241/75/236 248/60/243 249/67/244 
f 242/95/237 251/77/246 252/96/247 
f 242/95/237 252/96/247 253/181/248 
f 254/182/249 242/95/237 253/181/248 
f 242/95/237 254/182/249 239/179/234 
f 254/182/249 240/180/235 239/179/234 
f 254/182/249 255/183/250 240/180/235 
f 240/180/235 255/183/250 256/184/251 
f 240/180/235 256/184/251 237/177/232 
f 237/177/232 256/184/251 238/178/233 
f 256/184/251 257/185/252 238/178/233 
f 258/186/253 238/178/233 257/185/252 
f 258/186/253 190/155/185 238/178/233 
f 258/186/253 259/178/254 190/155/185 
f 259/178/254 260/169/255 190/155/185 
f 190/155/185 260/169/255 261/156/256 
f 189/154/184 190/155/185 166/152/163 
f 190/155/185 261/156/256 166/152/163 
f 259/178/254 258/186/253 257/185/252 
f 256/184/251 262/187/257 257/185/252 
f 262/187/257 263/184/258 257/185/252 
f 259/178/254 257/185/252 263/184/258 
f 255/183/250 262/187/257 256/184/251 
f 255/183/250 254/182/249 264/188/259 
f 265/189/260 255/183/250 264/188/259 
f 255/183/250 265/189/260 262/187/257 
f 254/182/249 253/181/248 266/190/261 
f 264/188/259 254/182/249 266/190/261 
f 253/181/248 252/96/247 267/191/262 
f 253/181/248 267/191/262 268/192/263 
f 266/190/261 253/181/248 268/192/263 
f 252/96/247 269/97/264 270/193/265 
f 251/77/246 269/97/264 252/96/247 
f 252/96/247 270/193/265 267/191/262 
f 251/77/246 271/76/266 269/97/264 
f 251/77/246 249/67/244 271/76/266 
f 249/67/244 250/68/245 271/76/266 
f 250/68/245 206/69/201 272/78/267 
f 271/76/266 250/68/245 272/78/267 
f 206/69/201 273/79/268 274/80/269 
f 206/69/201 207/81/202 273/79/268 
f 272/78/267 206/69/201 274/80/269 
f 272/78/267 274/80/269 275/98/270 
f 269/97/264 272/78/267 275/98/270 
f 271/76/266 272/78/267 269/97/264 
f 269/97/264 275/98/270 276/194/271 
f 270/193/265 269/97/264 276/194/271 
f 270/195/265 276/196/271 277/197/272 
f 267/198/262 270/195/265 278/199/273 
f 270/195/265 277/197/272 278/199/273 
f 268/200/263 267/198/262 279/201/274 
f 279/201/274 267/198/262 280/202/275 
f 267/198/262 278/199/273 280/202/275 
f 268/200/263 281/203/276 266/204/261 
f 281/203/276 268/200/263 282/205/277 
f 268/200/263 279/201/274 282/205/277 
f 266/204/261 281/203/276 264/206/259 
f 281/203/276 283/207/278 264/206/259 
f 264/206/259 283/207/278 265/208/260 
f 265/189/260 284/183/279 262/187/257 
f 283/207/278 285/206/280 265/208/260 
f 265/189/260 285/188/280 284/183/279 
f 262/187/257 284/183/279 263/184/258 
f 284/183/279 286/180/281 263/184/258 
f 287/177/282 263/184/258 286/180/281 
f 287/177/282 259/178/254 263/184/258 
f 285/188/280 288/182/283 284/183/279 
f 284/183/279 288/182/283 286/180/281 
f 283/207/278 289/203/284 285/206/280 
f 289/203/284 290/204/285 285/206/280 
f 285/188/280 290/190/285 288/182/283 
f 281/203/276 291/209/286 283/207/278 
f 291/209/286 289/203/284 283/207/278 
f 282/205/277 291/209/286 281/203/276 
f 292/210/287 293/211/288 282/212/277 
f 293/211/288 291/213/286 282/212/277 
f 292/210/287 282/212/277 279/214/274 
f 292/210/287 279/214/274 280/215/275 
f 280/215/275 278/216/273 294/217/289 
f 295/218/290 280/215/275 294/217/289 
f 295/218/290 292/210/287 280/215/275 
f 278/216/273 296/219/291 294/217/289 
f 278/216/273 277/220/272 296/219/291 
f 277/220/272 297/221/292 296/219/291 
f 276/196/271 297/222/292 277/197/272 
f 298/223/293 276/194/271 275/98/270 
f 276/196/271 298/224/293 297/222/292 
f 299/99/294 275/98/270 274/80/269 
f 299/99/294 298/223/293 275/98/270 
f 300/100/295 274/80/269 273/79/268 
f 300/100/295 299/99/294 274/80/269 
f 299/225/294 300/226/295 301/227/296 
f 298/224/293 299/225/294 301/227/296 
f 298/224/293 301/227/296 297/222/292 
f 302/228/297 296/219/291 297/221/292 
f 301/229/296 302/228/297 297/221/292 
f 302/228/297 303/230/298 296/219/291 
f 303/230/298 304/231/299 296/219/291 
f 296/219/291 304/231/299 294/217/289 
f 305/232/300 294/217/289 304/231/299 
f 305/232/300 295/218/290 294/217/289 
f 295/218/290 306/233/301 292/210/287 
f 306/233/301 295/218/290 305/232/300 
f 292/210/287 307/234/302 293/211/288 
f 306/233/301 307/234/302 292/210/287 
f 293/211/288 308/210/303 309/212/304 
f 293/211/288 310/234/305 308/210/303 
f 291/213/286 293/211/288 309/212/304 
f 293/211/288 311/235/306 310/234/305 
f 307/234/302 311/235/306 293/211/288 
f 291/209/286 309/205/304 289/203/284 
f 309/205/304 312/200/307 289/203/284 
f 289/203/284 312/200/307 290/204/285 
f 290/190/285 313/181/308 288/182/283 
f 290/190/285 312/192/307 313/181/308 
f 288/182/283 314/179/309 286/180/281 
f 113/95/113 288/182/283 313/181/308 
f 288/182/283 113/95/113 314/179/309 
f 113/95/113 313/181/308 114/96/114 
f 114/96/114 313/181/308 315/191/310 
f 312/192/307 315/191/310 313/181/308 
f 316/201/311 315/198/310 312/200/307 
f 309/205/304 316/201/311 312/200/307 
f 309/212/304 308/210/303 316/214/311 
f 308/210/303 317/215/312 316/214/311 
f 308/210/303 318/218/313 317/215/312 
f 308/210/303 319/233/314 318/218/313 
f 310/234/305 319/233/314 308/210/303 
f 310/234/305 320/236/315 319/233/314 
f 310/234/305 321/237/316 320/236/315 
f 311/235/306 321/237/316 310/234/305 
f 311/235/306 322/238/317 321/237/316 
f 307/234/302 323/237/318 311/235/306 
f 323/237/318 322/238/317 311/235/306 
f 306/233/301 324/236/319 307/234/302 
f 324/236/319 323/237/318 307/234/302 
f 324/236/319 306/233/301 325/239/320 
f 306/233/301 305/232/300 325/239/320 
f 325/239/320 305/232/300 326/240/321 
f 326/240/321 305/232/300 304/231/299 
f 326/240/321 304/231/299 327/241/322 
f 303/230/298 327/241/322 304/231/299 
f 328/242/323 326/240/321 329/243/324 
f 325/239/320 326/240/321 328/242/323 
f 329/243/324 326/240/321 327/241/322 
f 324/236/319 325/239/320 330/244/325 
f 330/244/325 325/239/320 328/242/323 
f 324/236/319 331/245/326 323/237/318 
f 331/245/326 324/236/319 330/244/325 
f 323/237/318 332/246/327 322/238/317 
f 331/245/326 332/246/327 323/237/318 
f 322/238/317 333/246/328 321/237/316 
f 322/238/317 334/247/329 333/246/328 
f 332/246/327 334/247/329 322/238/317 
f 321/237/316 335/245/330 320/236/315 
f 321/237/316 333/246/328 335/245/330 
f 320/236/315 336/239/331 319/233/314 
f 320/236/315 337/244/332 336/239/331 
f 320/236/315 335/245/330 337/244/332 
f 319/233/314 338/232/333 318/218/313 
f 319/233/314 336/239/331 338/232/333 
f 318/218/313 339/217/334 317/215/312 
f 318/218/313 338/232/333 339/217/334 
f 317/215/312 339/217/334 340/216/335 
f 317/202/312 340/199/335 315/198/310 
f 316/201/311 317/202/312 315/198/310 
f 341/195/336 315/198/310 340/199/335 
f 114/96/114 315/191/310 341/193/336 
f 115/97/115 114/96/114 341/193/336 
f 342/197/337 343/196/338 341/195/336 
f 115/97/115 341/193/336 343/194/338 
f 340/199/335 342/197/337 341/195/336 
f 340/216/335 344/219/339 342/220/337 
f 339/217/334 344/219/339 340/216/335 
f 339/217/334 345/231/340 344/219/339 
f 338/232/333 345/231/340 339/217/334 
f 338/232/333 346/240/341 345/231/340 
f 336/239/331 346/240/341 338/232/333 
f 336/239/331 347/242/342 346/240/341 
f 337/244/332 347/242/342 336/239/331 
f 337/244/332 348/248/343 349/249/344 
f 337/244/332 349/249/344 347/242/342 
f 335/245/330 348/248/343 337/244/332 
f 335/245/330 350/250/345 348/248/343 
f 333/246/328 350/250/345 335/245/330 
f 333/246/328 351/251/346 350/250/345 
f 334/247/329 351/251/346 333/246/328 
f 334/247/329 352/252/347 351/251/346 
f 353/251/348 352/252/347 334/247/329 
f 332/246/327 353/251/348 334/247/329 
f 331/245/326 354/250/349 332/246/327 
f 354/250/349 353/251/348 332/246/327 
f 354/250/349 331/245/326 355/248/350 
f 331/245/326 330/244/325 355/248/350 
f 355/248/350 330/244/325 356/249/351 
f 330/244/325 328/242/323 356/249/351 
f 357/253/352 355/248/350 358/254/353 
f 355/248/350 356/249/351 358/254/353 
f 354/250/349 355/248/350 357/253/352 
f 359/255/354 354/250/349 357/253/352 
f 354/250/349 359/255/354 353/251/348 
f 353/251/348 360/256/355 352/252/347 
f 359/255/354 360/256/355 353/251/348 
f 360/256/355 351/251/346 352/252/347 
f 361/255/356 350/250/345 351/251/346 
f 360/256/355 361/255/356 351/251/346 
f 362/253/357 348/248/343 350/250/345 
f 361/255/356 362/253/357 350/250/345 
f 363/254/358 349/249/344 348/248/343 
f 362/253/357 363/254/358 348/248/343 
f 349/249/344 364/257/359 347/242/342 
f 365/258/360 364/257/359 349/249/344 
f 363/254/358 365/258/360 349/249/344 
f 347/242/342 366/243/361 346/240/341 
f 347/242/342 364/257/359 366/243/361 
f 346/240/341 367/241/362 345/231/340 
f 346/240/341 366/243/361 367/241/362 
f 345/231/340 368/230/363 344/219/339 
f 345/231/340 367/241/362 368/230/363 
f 369/228/364 344/219/339 368/230/363 
f 344/219/339 369/228/364 370/221/365 
f 344/219/339 370/221/365 342/220/337 
f 342/197/337 370/222/365 343/196/338 
f 369/228/364 371/229/366 370/221/365 
f 370/222/365 371/227/366 372/224/367 
f 370/222/365 372/224/367 343/196/338 
f 369/228/364 373/259/368 371/229/366 
f 373/259/368 369/228/364 374/260/369 
f 369/228/364 368/230/363 374/260/369 
f 374/260/369 368/230/363 375/261/370 
f 367/241/362 375/261/370 368/230/363 
f 367/241/362 376/262/371 375/261/370 
f 366/243/361 376/262/371 367/241/362 
f 366/243/361 364/257/359 376/262/371 
f 364/257/359 377/263/372 376/262/371 
f 365/258/360 378/264/373 364/257/359 
f 364/257/359 378/264/373 377/263/372 
f 379/265/374 378/264/373 365/258/360 
f 380/266/375 365/258/360 363/254/358 
f 380/266/375 379/265/374 365/258/360 
f 381/267/376 363/254/358 362/253/357 
f 381/267/376 380/266/375 363/254/358 
f 382/268/377 381/267/376 362/253/357 
f 382/268/377 362/253/357 361/255/356 
f 383/269/378 361/255/356 360/256/355 
f 383/269/378 382/268/377 361/255/356 
f 359/255/354 383/269/378 360/256/355 
f 383/269/378 359/255/354 384/268/379 
f 359/255/354 357/253/352 384/268/379 
f 384/268/379 357/253/352 385/267/380 
f 357/253/352 358/254/353 385/267/380 
f 383/269/378 384/268/379 386/270/381 
f 386/270/381 384/268/379 387/271/382 
f 384/268/379 385/267/380 387/271/382 
f 388/270/383 382/268/377 383/269/378 
f 389/272/384 388/270/383 383/269/378 
f 389/272/384 383/269/378 386/270/381 
f 390/271/385 381/267/376 382/268/377 
f 388/270/383 390/271/385 382/268/377 
f 391/273/386 380/266/375 381/267/376 
f 390/271/385 391/273/386 381/267/376 
f 391/273/386 392/274/387 380/266/375 
f 392/274/387 379/265/374 380/266/375 
f 379/265/374 393/275/388 378/264/373 
f 392/274/387 394/276/389 379/265/374 
f 394/276/389 393/275/388 379/265/374 
f 378/264/373 395/277/390 377/263/372 
f 378/264/373 393/275/388 395/277/390 
f 396/278/391 377/279/372 397/280/392 
f 396/278/391 376/281/371 377/279/372 
f 377/279/372 395/282/390 397/280/392 
f 398/283/393 375/284/370 376/281/371 
f 398/283/393 376/281/371 396/278/391 
f 399/285/394 375/284/370 398/283/393 
f 399/285/394 374/286/369 375/284/370 
f 373/287/368 374/286/369 399/285/394 
f 400/288/395 399/285/394 401/289/396 
f 400/288/395 402/290/397 399/285/394 
f 402/290/397 373/287/368 399/285/394 
f 401/289/396 399/285/394 398/283/393 
f 403/291/398 398/283/393 396/278/391 
f 401/289/396 398/283/393 403/291/398 
f 403/291/398 396/278/391 404/292/399 
f 404/292/399 396/278/391 397/280/392 
f 405/293/400 397/280/392 406/294/401 
f 395/282/390 406/294/401 397/280/392 
f 404/292/399 397/280/392 405/293/400 
f 395/282/390 407/295/402 406/294/401 
f 393/275/388 407/296/402 395/277/390 
f 393/275/388 394/276/389 407/296/402 
f 394/276/389 408/297/403 407/296/402 
f 394/276/389 409/298/404 408/297/403 
f 409/298/404 394/276/389 392/274/387 
f 410/299/405 392/274/387 391/273/386 
f 410/299/405 409/298/404 392/274/387 
f 411/300/406 391/273/386 390/271/385 
f 411/300/406 410/299/405 391/273/386 
f 412/301/407 390/271/385 388/270/383 
f 412/301/407 411/300/406 390/271/385 
f 413/302/408 412/301/407 388/270/383 
f 413/302/408 388/270/383 389/272/384 
f 389/272/384 386/270/381 414/302/409 
f 415/303/410 413/302/408 389/272/384 
f 415/303/410 389/272/384 414/302/409 
f 412/301/407 413/302/408 416/304/411 
f 413/302/408 417/305/412 416/304/411 
f 413/302/408 415/303/410 417/305/412 
f 411/300/406 412/301/407 418/306/413 
f 412/301/407 416/304/411 418/306/413 
f 410/299/405 411/300/406 419/307/414 
f 411/300/406 418/306/413 419/307/414 
f 409/298/404 410/299/405 420/308/415 
f 410/299/405 419/307/414 420/308/415 
f 409/298/404 420/308/415 408/297/403 
f 407/295/402 408/309/403 421/310/416 
f 408/309/403 422/311/417 421/310/416 
f 408/309/403 420/312/415 422/311/417 
f 407/295/402 421/310/416 406/294/401 
f 405/293/400 406/294/401 423/313/418 
f 406/294/401 424/314/419 423/313/418 
f 406/294/401 421/310/416 424/314/419 
f 425/315/420 404/292/399 405/293/400 
f 426/316/421 405/293/400 423/313/418 
f 426/316/421 427/317/422 405/293/400 
f 425/315/420 405/293/400 427/317/422 
f 428/318/423 403/291/398 404/292/399 
f 428/318/423 404/292/399 425/315/420 
f 429/319/424 401/289/396 403/291/398 
f 429/319/424 403/291/398 428/318/423 
f 430/320/425 428/318/423 425/315/420 
f 431/321/426 428/318/423 430/320/425 
f 431/321/426 429/319/424 428/318/423 
f 432/322/427 425/315/420 427/317/422 
f 430/320/425 425/315/420 432/322/427 
f 433/323/428 434/324/429 427/317/422 
f 432/322/427 427/317/422 434/324/429 
f 426/316/421 433/323/428 427/317/422 
f 435/325/430 433/323/428 426/316/421 
f 436/326/431 435/325/430 426/316/421 
f 436/326/431 426/316/421 423/313/418 
f 436/326/431 423/313/418 424/314/419 
f 421/310/416 422/311/417 424/314/419 
f 437/327/432 424/314/419 422/311/417 
f 437/327/432 436/326/431 424/314/419 
f 438/328/433 422/311/417 420/312/415 
f 438/328/433 437/327/432 422/311/417 
f 439/329/434 420/312/415 419/330/414 
f 439/329/434 438/328/433 420/312/415 
f 440/331/435 439/329/434 419/330/414 
f 440/331/435 419/330/414 418/332/413 
f 441/333/436 418/332/413 416/334/411 
f 441/333/436 440/331/435 418/332/413 
f 442/335/437 416/334/411 417/336/412 
f 442/335/437 441/333/436 416/334/411 
f 443/337/438 442/335/437 417/336/412 
f 443/337/438 417/336/412 444/338/439 
f 417/305/412 415/303/410 444/339/439 
f 445/340/440 441/333/436 442/335/437 
f 446/341/441 445/340/440 442/335/437 
f 446/341/441 442/335/437 443/337/438 
f 445/340/440 447/342/442 441/333/436 
f 447/342/442 440/331/435 441/333/436 
f 448/343/443 439/329/434 440/331/435 
f 447/342/442 448/343/443 440/331/435 
f 437/327/432 438/328/433 439/329/434 
f 448/343/443 437/327/432 439/329/434 
f 436/326/431 437/327/432 448/343/443 
f 435/325/430 436/326/431 448/343/443 
f 449/344/444 435/325/430 447/342/442 
f 435/325/430 448/343/443 447/342/442 
f 435/325/430 449/344/444 433/323/428 
f 449/344/444 450/345/445 433/323/428 
f 433/323/428 450/345/445 434/324/429 
f 451/346/446 434/324/429 452/347/447 
f 451/346/446 432/322/427 434/324/429 
f 450/345/445 452/347/447 434/324/429 
f 453/348/448 432/322/427 451/346/446 
f 453/348/448 430/320/425 432/322/427 
f 454/349/449 430/320/425 453/348/448 
f 454/349/449 431/321/426 430/320/425 
f 455/350/450 431/321/426 454/349/449 
f 455/350/450 456/351/451 431/321/426 
f 456/351/451 429/319/424 431/321/426 
f 457/352/452 401/289/396 429/319/424 
f 456/351/451 457/352/452 429/319/424 
f 456/353/451 455/354/450 458/355/453 
f 457/356/452 456/353/451 459/357/454 
f 456/353/451 458/355/453 459/357/454 
f 455/354/450 460/358/455 461/359/456 
f 460/360/455 455/350/450 454/349/449 
f 455/354/450 461/359/456 458/355/453 
f 460/360/455 454/349/449 462/361/457 
f 462/361/457 454/349/449 453/348/448 
f 463/362/458 453/348/448 451/346/446 
f 462/361/457 453/348/448 463/362/458 
f 464/363/459 451/346/446 452/347/447 
f 463/362/458 451/346/446 464/363/459 
f 464/363/459 452/347/447 465/364/460 
f 450/345/445 466/365/461 452/347/447 
f 466/365/461 465/364/460 452/347/447 
f 467/366/462 466/365/461 450/345/445 
f 449/344/444 467/366/462 450/345/445 
f 449/344/444 447/342/442 445/340/440 
f 467/366/462 449/344/444 445/340/440 
f 467/366/462 445/340/440 446/341/441 
f 468/335/463 446/341/441 443/337/438 
f 469/340/464 446/341/441 468/335/463 
f 469/340/464 467/366/462 446/341/441 
f 468/335/463 443/337/438 470/336/465 
f 470/336/465 443/337/438 444/338/439 
f 415/303/410 470/305/465 444/339/439 
f 415/303/410 414/302/409 470/305/465 
f 414/302/409 471/304/466 470/305/465 
f 471/334/466 468/335/463 470/336/465 
f 472/333/467 468/335/463 471/334/466 
f 472/333/467 469/340/464 468/335/463 
f 473/342/468 469/340/464 472/333/467 
f 474/344/469 467/366/462 469/340/464 
f 473/342/468 474/344/469 469/340/464 
f 474/344/469 475/345/470 467/366/462 
f 475/345/470 466/365/461 467/366/462 
f 475/345/470 476/347/471 466/365/461 
f 476/347/471 465/364/460 466/365/461 
f 476/347/471 464/363/459 465/364/460 
f 477/346/472 464/363/459 476/347/471 
f 477/346/472 463/362/458 464/363/459 
f 478/348/473 463/362/458 477/346/472 
f 478/348/473 462/361/457 463/362/458 
f 479/349/474 462/361/457 478/348/473 
f 479/349/474 460/360/455 462/361/457 
f 480/359/475 460/358/455 481/354/476 
f 481/350/476 460/360/455 479/349/474 
f 480/359/475 482/367/477 460/358/455 
f 482/367/477 461/359/456 460/358/455 
f 483/368/478 484/369/479 461/359/456 
f 484/369/479 458/355/453 461/359/456 
f 482/367/477 483/368/478 461/359/456 
f 485/370/480 483/368/478 482/367/477 
f 486/368/481 485/370/480 482/367/477 
f 486/368/481 482/367/477 480/359/475 
f 487/369/482 486/368/481 480/359/475 
f 488/355/483 480/359/475 481/354/476 
f 487/369/482 480/359/475 488/355/483 
f 489/351/484 481/350/476 490/321/485 
f 481/350/476 479/349/474 490/321/485 
f 488/355/483 481/354/476 489/353/484 
f 490/321/485 479/349/474 491/320/486 
f 491/320/486 479/349/474 478/348/473 
f 491/320/486 478/348/473 492/322/487 
f 492/322/487 478/348/473 477/346/472 
f 492/322/487 477/346/472 493/324/488 
f 493/324/488 477/346/472 476/347/471 
f 493/324/488 476/347/471 475/345/470 
f 494/323/489 493/324/488 475/345/470 
f 494/323/489 475/345/470 474/344/469 
f 495/325/490 494/323/489 474/344/469 
f 495/325/490 474/344/469 473/342/468 
f 496/331/491 473/342/468 472/333/467 
f 497/343/492 473/342/468 496/331/491 
f 497/343/492 495/325/490 473/342/468 
f 498/332/493 472/333/467 471/334/466 
f 496/331/491 472/333/467 498/332/493 
f 414/302/409 499/301/494 471/304/466 
f 499/301/494 498/306/493 471/304/466 
f 414/302/409 386/270/381 499/301/494 
f 386/270/381 387/271/382 499/301/494 
f 499/301/494 387/271/382 500/300/495 
f 499/301/494 500/300/495 498/306/493 
f 500/300/495 501/307/496 498/306/493 
f 501/330/496 496/331/491 498/332/493 
f 502/329/497 496/331/491 501/330/496 
f 502/329/497 497/343/492 496/331/491 
f 503/327/498 497/343/492 502/329/497 
f 504/326/499 495/325/490 497/343/492 
f 503/327/498 504/326/499 497/343/492 
f 505/316/500 494/323/489 495/325/490 
f 504/326/499 505/316/500 495/325/490 
f 505/316/500 506/317/501 494/323/489 
f 506/317/501 493/324/488 494/323/489 
f 506/317/501 492/322/487 493/324/488 
f 507/315/502 492/322/487 506/317/501 
f 507/315/502 491/320/486 492/322/487 
f 508/318/503 491/320/486 507/315/502 
f 490/321/485 491/320/486 508/318/503 
f 509/319/504 490/321/485 508/318/503 
f 489/351/484 490/321/485 509/319/504 
f 510/357/505 489/353/484 511/356/506 
f 511/352/506 489/351/484 509/319/504 
f 510/357/505 488/355/483 489/353/484 
f 512/371/507 488/355/483 510/357/505 
f 512/371/507 487/369/482 488/355/483 
f 513/372/508 510/357/505 511/356/506 
f 510/357/505 513/372/508 514/373/509 
f 515/374/510 510/357/505 514/373/509 
f 515/374/510 512/371/507 510/357/505 
f 513/288/508 511/352/506 516/289/511 
f 511/352/506 509/319/504 516/289/511 
f 516/289/511 509/319/504 517/291/512 
f 509/319/504 508/318/503 517/291/512 
f 517/291/512 508/318/503 518/292/513 
f 508/318/503 507/315/502 518/292/513 
f 518/292/513 507/315/502 519/293/514 
f 519/293/514 507/315/502 506/317/501 
f 519/293/514 506/317/501 505/316/500 
f 520/313/515 519/293/514 505/316/500 
f 520/313/515 505/316/500 504/326/499 
f 521/314/516 504/326/499 503/327/498 
f 521/314/516 520/313/515 504/326/499 
f 522/328/517 503/327/498 502/329/497 
f 523/311/518 503/327/498 522/328/517 
f 523/311/518 521/314/516 503/327/498 
f 524/312/519 502/329/497 501/330/496 
f 522/328/517 502/329/497 524/312/519 
f 500/300/495 525/299/520 501/307/496 
f 525/299/520 524/308/519 501/307/496 
f 387/271/382 526/273/521 500/300/495 
f 500/300/495 526/273/521 525/299/520 
f 387/271/382 385/267/380 526/273/521 
f 385/267/380 527/266/522 526/273/521 
f 526/273/521 527/266/522 528/274/523 
f 526/273/521 528/274/523 525/299/520 
f 525/299/520 528/274/523 529/298/524 
f 525/299/520 529/298/524 524/308/519 
f 529/298/524 530/297/525 524/308/519 
f 523/311/518 524/312/519 530/309/525 
f 523/311/518 522/328/517 524/312/519 
f 523/311/518 531/310/526 521/314/516 
f 531/310/526 523/311/518 530/309/525 
f 531/310/526 532/294/527 521/314/516 
f 521/314/516 532/294/527 520/313/515 
f 532/294/527 519/293/514 520/313/515 
f 532/294/527 533/280/528 519/293/514 
f 533/280/528 518/292/513 519/293/514 
f 533/280/528 534/278/529 518/292/513 
f 534/278/529 517/291/512 518/292/513 
f 534/278/529 535/283/530 517/291/512 
f 535/283/530 516/289/511 517/291/512 
f 535/283/530 536/285/531 516/289/511 
f 513/288/508 516/289/511 536/285/531 
f 535/283/530 537/281/532 538/284/533 
f 535/283/530 534/278/529 537/281/532 
f 536/285/531 535/283/530 538/284/533 
f 534/278/529 539/279/534 537/281/532 
f 534/278/529 533/280/528 539/279/534 
f 533/280/528 540/282/535 539/279/534 
f 533/280/528 532/294/527 540/282/535 
f 532/294/527 541/295/536 540/282/535 
f 532/294/527 531/310/526 541/295/536 
f 531/310/526 530/309/525 541/295/536 
f 529/298/524 542/276/537 530/297/525 
f 542/276/537 541/296/536 530/297/525 
f 528/274/523 542/276/537 529/298/524 
f 527/266/522 543/265/538 528/274/523 
f 528/274/523 543/265/538 542/276/537 
f 385/267/380 358/254/353 527/266/522 
f 358/254/353 544/258/539 527/266/522 
f 527/266/522 544/258/539 543/265/538 
f 544/258/539 545/264/540 543/265/538 
f 543/265/538 546/275/541 542/276/537 
f 543/265/538 545/264/540 546/275/541 
f 542/276/537 546/275/541 541/296/536 
f 546/275/541 540/277/535 541/296/536 
f 546/275/541 545/264/540 540/277/535 
f 545/264/540 539/263/534 540/277/535 
f 545/264/540 547/257/542 539/263/534 
f 547/257/542 537/262/532 539/263/534 
f 547/257/542 329/243/324 537/262/532 
f 538/261/533 537/262/532 327/241/322 
f 329/243/324 327/241/322 537/262/532 
f 538/261/533 327/241/322 303/230/298 
f 548/260/543 538/261/533 303/230/298 
f 536/285/531 538/284/533 548/286/543 
f 549/290/544 536/285/531 550/287/545 
f 549/290/544 513/288/508 536/285/531 
f 550/287/545 536/285/531 548/286/543 
f 550/259/545 548/260/543 302/228/297 
f 548/260/543 303/230/298 302/228/297 
f 550/259/545 302/228/297 301/229/296 
f 551/375/546 550/259/545 301/229/296 
f 551/376/546 549/290/544 550/287/545 
f 552/377/547 549/378/544 553/379/548 
f 554/380/549 549/290/544 551/376/546 
f 555/381/550 549/382/544 552/383/547 
f 554/384/549 556/385/551 549/378/544 
f 556/385/551 553/379/548 549/378/544 
f 549/382/544 555/381/550 513/386/508 
f 513/372/508 557/387/552 514/373/509 
f 513/372/508 558/388/553 557/387/552 
f 555/381/550 558/389/553 513/386/508 
f 555/381/550 559/390/554 558/389/553 
f 559/390/554 555/381/550 560/391/555 
f 555/381/550 552/383/547 560/391/555 
f 553/379/548 561/392/556 552/377/547 
f 561/392/556 562/393/557 552/377/547 
f 552/377/547 562/393/557 560/394/555 
f 561/392/556 553/379/548 563/395/558 
f 556/385/551 564/396/559 553/379/548 
f 564/396/559 563/395/558 553/379/548 
f 564/397/559 556/398/551 565/399/560 
f 556/398/551 566/400/561 565/399/560 
f 556/398/551 554/401/549 566/400/561 
f 554/401/549 567/402/562 566/400/561 
f 568/403/563 554/401/549 551/404/546 
f 554/401/549 568/403/563 567/402/562 
f 568/403/563 551/404/546 569/405/564 
f 551/404/546 300/226/295 569/405/564 
f 551/404/546 301/227/296 300/226/295 
f 567/406/562 568/407/563 570/408/565 
f 569/102/564 571/103/566 568/407/563 
f 571/103/566 570/408/565 568/407/563 
f 566/409/561 567/406/562 572/410/567 
f 572/410/567 567/406/562 570/408/565 
f 565/411/560 566/409/561 572/410/567 
f 564/397/559 565/399/560 573/412/568 
f 573/413/568 565/411/560 574/414/569 
f 565/411/560 572/410/567 574/414/569 
f 564/396/559 575/415/570 563/395/558 
f 575/416/570 564/397/559 573/412/568 
f 576/417/571 561/392/556 563/395/558 
f 575/415/570 576/417/571 563/395/558 
f 561/392/556 576/417/571 562/393/557 
f 562/393/557 577/418/572 560/394/555 
f 562/393/557 578/419/573 577/418/572 
f 562/393/557 579/420/574 578/419/573 
f 576/417/571 579/420/574 562/393/557 
f 559/390/554 560/391/555 577/421/572 
f 580/422/575 559/390/554 577/421/572 
f 559/390/554 580/422/575 581/423/576 
f 559/390/554 581/423/576 558/389/553 
f 558/388/553 581/424/576 582/425/577 
f 558/388/553 582/425/577 557/387/552 
f 581/424/576 583/426/578 582/425/577 
f 581/424/576 584/427/579 583/426/578 
f 580/422/575 584/428/579 581/423/576 
f 580/422/575 585/429/580 584/428/579 
f 585/429/580 580/422/575 586/430/581 
f 580/422/575 577/421/572 586/430/581 
f 577/418/572 587/431/582 586/432/581 
f 578/419/573 587/431/582 577/418/572 
f 578/419/573 588/433/583 587/431/582 
f 579/420/574 588/433/583 578/419/573 
f 579/420/574 589/434/584 588/433/583 
f 590/435/585 589/434/584 579/420/574 
f 576/417/571 590/435/585 579/420/574 
f 575/415/570 591/436/586 576/417/571 
f 591/436/586 590/435/585 576/417/571 
f 575/416/570 573/412/568 592/437/587 
f 591/438/586 575/416/570 592/437/587 
f 593/439/588 592/440/587 573/413/568 
f 593/439/588 573/413/568 574/414/569 
f 594/441/589 574/414/569 595/442/590 
f 594/441/589 593/439/588 574/414/569 
f 574/414/569 572/410/567 595/442/590 
f 572/410/567 570/408/565 595/442/590 
f 571/103/566 596/106/591 570/408/565 
f 596/106/591 595/442/590 570/408/565 
f 571/103/566 569/102/564 597/101/592 
f 571/103/566 597/101/592 207/81/202 
f 596/106/591 571/103/566 207/81/202 
f 596/106/591 598/443/593 595/442/590 
f 599/131/594 598/443/593 596/106/591 
f 599/131/594 596/106/591 600/105/595 
f 596/106/591 207/81/202 600/105/595 
f 601/444/596 594/441/589 595/442/590 
f 601/444/596 595/442/590 602/445/597 
f 598/443/593 602/445/597 595/442/590 
f 603/446/598 604/447/599 594/441/589 
f 604/447/599 593/439/588 594/441/589 
f 603/446/598 594/441/589 601/444/596 
f 604/447/599 605/448/600 593/439/588 
f 605/448/600 592/440/587 593/439/588 
f 591/438/586 592/437/587 606/449/601 
f 605/448/600 606/450/601 592/440/587 
f 591/436/586 607/451/602 590/435/585 
f 607/452/602 591/438/586 606/449/601 
f 590/435/585 608/453/603 589/434/584 
f 607/451/602 608/453/603 590/435/585 
f 588/433/583 589/434/584 609/454/604 
f 589/434/584 610/455/605 609/454/604 
f 589/434/584 608/453/603 610/455/605 
f 588/433/583 609/454/604 587/431/582 
f 587/431/582 611/456/606 586/432/581 
f 587/431/582 609/454/604 611/456/606 
f 585/429/580 586/430/581 612/457/607 
f 586/432/581 611/456/606 612/458/607 
f 611/456/606 613/432/608 612/458/607 
f 611/456/606 614/431/609 613/432/608 
f 609/454/604 614/431/609 611/456/606 
f 609/454/604 615/433/610 614/431/609 
f 616/434/611 615/433/610 609/454/604 
f 610/455/605 616/434/611 609/454/604 
f 617/459/612 618/453/613 610/455/605 
f 618/453/613 616/434/611 610/455/605 
f 608/453/603 617/459/612 610/455/605 
f 607/451/602 619/460/614 608/453/603 
f 608/453/603 619/460/614 617/459/612 
f 606/449/601 620/461/615 607/452/602 
f 607/452/602 620/461/615 619/462/614 
f 620/463/615 606/450/601 605/448/600 
f 604/447/599 621/464/616 605/448/600 
f 621/464/616 620/463/615 605/448/600 
f 622/465/616 623/466/617 604/447/599 
f 623/466/617 621/464/616 604/447/599 
f 622/465/616 604/447/599 603/446/598 
f 624/467/618 603/446/598 601/444/596 
f 625/468/619 603/446/598 624/467/618 
f 625/468/619 622/465/616 603/446/598 
f 624/467/618 601/444/596 626/469/620 
f 626/469/620 601/444/596 602/445/597 
f 598/443/593 627/470/621 602/445/597 
f 626/469/620 602/445/597 627/470/621 
f 628/471/622 626/469/620 627/470/621 
f 629/472/623 626/469/620 628/471/622 
f 629/472/623 624/467/618 626/469/620 
f 630/473/624 624/467/618 629/472/623 
f 630/473/624 625/468/619 624/467/618 
f 625/468/619 630/473/624 631/474/625 
f 632/446/626 625/468/619 633/467/627 
f 622/465/616 625/468/619 632/446/626 
f 633/467/627 625/468/619 634/473/628 
f 625/468/619 631/474/625 634/473/628 
f 623/466/617 622/465/616 635/447/629 
f 635/447/629 622/465/616 632/446/626 
f 623/466/617 635/447/629 621/464/616 
f 635/447/629 636/448/630 621/464/616 
f 621/464/616 636/448/630 620/463/615 
f 620/461/615 637/452/631 619/462/614 
f 620/461/615 638/449/632 637/452/631 
f 636/448/630 638/450/632 620/463/615 
f 619/460/614 618/453/613 617/459/612 
f 619/460/614 637/451/631 618/453/613 
f 618/453/613 639/435/633 616/434/611 
f 637/451/631 639/435/633 618/453/613 
f 616/434/611 640/420/634 615/433/610 
f 639/435/633 640/420/634 616/434/611 
f 615/433/610 641/419/635 614/431/609 
f 615/433/610 640/420/634 641/419/635 
f 614/431/609 642/418/636 613/432/608 
f 614/431/609 641/419/635 642/418/636 
f 641/419/635 643/393/637 642/418/636 
f 640/420/634 643/393/637 641/419/635 
f 640/420/634 644/417/638 643/393/637 
f 639/435/633 644/417/638 640/420/634 
f 645/436/639 644/417/638 639/435/633 
f 637/451/631 645/436/639 639/435/633 
f 638/449/632 645/438/639 637/452/631 
f 638/449/632 646/437/640 645/438/639 
f 636/448/630 646/440/640 638/450/632 
f 635/447/629 647/439/641 636/448/630 
f 647/439/641 646/440/640 636/448/630 
f 647/439/641 635/447/629 648/441/642 
f 635/447/629 632/446/626 648/441/642 
f 648/441/642 632/446/626 649/444/643 
f 632/446/626 633/467/627 649/444/643 
f 649/444/643 633/467/627 650/469/644 
f 650/469/644 633/467/627 651/472/645 
f 633/467/627 634/473/628 651/472/645 
f 651/472/645 634/473/628 652/475/646 
f 634/473/628 653/476/647 652/475/646 
f 634/473/628 631/474/625 653/476/647 
f 630/473/624 654/476/648 631/474/625 
f 631/474/625 655/477/649 653/476/647 
f 631/474/625 654/476/648 655/477/649 
f 630/473/624 656/475/650 654/476/648 
f 656/475/650 630/473/624 629/472/623 
f 657/478/651 629/472/623 628/471/622 
f 656/475/650 629/472/623 657/478/651 
f 656/475/650 658/479/652 659/480/653 
f 658/479/652 656/475/650 657/478/651 
f 656/475/650 659/480/653 654/476/648 
f 654/476/648 660/481/654 655/477/649 
f 654/476/648 659/480/653 660/481/654 
f 661/482/655 655/477/649 660/481/654 
f 661/482/655 662/481/656 655/477/649 
f 662/481/656 653/476/647 655/477/649 
f 662/481/656 663/480/657 653/476/647 
f 663/480/657 652/475/646 653/476/647 
f 651/472/645 652/475/646 664/478/658 
f 663/480/657 665/479/659 652/475/646 
f 665/479/659 664/478/658 652/475/646 
f 650/469/644 651/472/645 666/471/660 
f 666/471/660 651/472/645 664/478/658 
f 649/444/643 650/469/644 667/445/661 
f 650/469/644 668/470/662 667/445/661 
f 668/470/662 650/469/644 666/471/660 
f 648/441/642 649/444/643 669/442/663 
f 669/442/663 649/444/643 667/445/661 
f 670/414/664 648/441/642 669/442/663 
f 647/439/641 648/441/642 670/414/664 
f 647/439/641 671/413/665 646/440/640 
f 671/413/665 647/439/641 670/414/664 
f 646/437/640 672/416/666 645/438/639 
f 646/437/640 671/412/665 672/416/666 
f 645/436/639 672/415/666 644/417/638 
f 672/415/666 673/395/667 644/417/638 
f 671/412/665 674/397/668 672/416/666 
f 672/415/666 674/396/668 673/395/667 
f 671/412/665 675/399/669 674/397/668 
f 675/411/669 671/413/665 670/414/664 
f 676/410/670 670/414/664 669/442/663 
f 676/410/670 675/411/669 670/414/664 
f 124/106/124 669/442/663 677/443/671 
f 669/442/663 667/445/661 677/443/671 
f 678/408/672 669/442/663 124/106/124 
f 678/408/672 676/410/670 669/442/663 
f 668/470/662 677/443/671 667/445/661 
f 677/443/671 668/470/662 679/483/673 
f 668/470/662 666/471/660 679/483/673 
f 679/483/673 666/471/660 680/484/674 
f 680/484/674 666/471/660 681/485/675 
f 666/471/660 664/478/658 681/485/675 
f 665/479/659 682/486/676 664/478/658 
f 682/486/676 681/485/675 664/478/658 
f 683/487/677 665/479/659 663/480/657 
f 683/487/677 684/488/678 665/479/659 
f 684/488/678 682/486/676 665/479/659 
f 685/489/679 663/480/657 686/490/680 
f 685/489/679 683/487/677 663/480/657 
f 686/490/680 663/480/657 662/481/656 
f 662/481/656 661/482/655 687/491/681 
f 686/490/680 662/481/656 687/491/681 
f 687/491/681 661/482/655 660/481/654 
f 688/492/682 687/491/681 689/490/683 
f 687/491/681 660/481/654 689/490/683 
f 688/492/682 686/490/680 687/491/681 
f 690/493/684 685/489/679 686/490/680 
f 690/493/684 686/490/680 688/492/682 
f 691/494/685 685/489/679 690/493/684 
f 692/495/686 685/496/679 691/497/685 
f 692/495/686 693/498/687 685/496/679 
f 693/498/687 683/499/677 685/496/679 
f 693/498/687 694/500/688 683/499/677 
f 694/500/688 684/501/678 683/499/677 
f 695/502/689 684/488/678 696/503/690 
f 684/488/678 695/502/689 682/486/676 
f 694/500/688 697/504/691 684/501/678 
f 697/504/691 696/505/690 684/501/678 
f 695/502/689 698/506/692 682/486/676 
f 682/486/676 698/506/692 681/485/675 
f 698/506/692 699/507/693 681/485/675 
f 680/484/674 681/485/675 699/507/693 
f 700/508/694 679/483/673 680/484/674 
f 700/508/694 680/484/674 699/507/693 
f 700/509/694 148/510/147 679/511/673 
f 148/510/147 677/512/671 679/511/673 
f 124/106/124 677/443/671 148/131/147 
f 121/103/121 678/408/672 124/106/124 
f 678/408/672 701/407/695 702/406/696 
f 678/408/672 121/103/121 701/407/695 
f 676/410/670 678/408/672 702/406/696 
f 121/103/121 120/102/120 701/407/695 
f 121/103/121 119/101/119 120/102/120 
f 703/404/697 704/401/698 701/403/695 
f 702/402/696 701/403/695 704/401/698 
f 703/404/697 701/403/695 120/405/120 
f 705/400/699 702/402/696 704/401/698 
f 676/410/670 702/406/696 705/409/699 
f 705/400/699 704/401/698 706/398/700 
f 706/385/700 704/384/698 402/378/397 
f 704/380/698 703/376/697 402/290/397 
f 402/290/397 703/376/697 373/287/368 
f 118/226/118 371/227/366 703/404/697 
f 118/226/118 703/404/697 120/405/120 
f 373/259/368 703/375/697 371/229/366 
f 402/382/397 400/386/395 707/381/701 
f 402/382/397 707/381/701 708/383/702 
f 708/377/702 709/379/703 402/378/397 
f 706/385/700 402/378/397 709/379/703 
f 675/399/669 706/398/700 674/397/668 
f 674/396/668 706/385/700 709/379/703 
f 675/399/669 705/400/699 706/398/700 
f 675/411/669 676/410/670 705/409/699 
f 710/392/704 709/379/703 708/377/702 
f 673/395/667 709/379/703 710/392/704 
f 674/396/668 709/379/703 673/395/667 
f 643/393/637 708/377/702 711/394/705 
f 707/381/701 711/391/705 708/383/702 
f 643/393/637 710/392/704 708/377/702 
f 712/389/706 713/390/707 707/381/701 
f 707/381/701 713/390/707 711/391/705 
f 400/386/395 712/389/706 707/381/701 
f 712/388/706 400/372/395 714/387/708 
f 400/372/395 715/373/709 714/387/708 
f 457/356/452 459/357/454 400/372/395 
f 400/372/395 459/357/454 715/373/709 
f 457/352/452 400/288/395 401/289/396 
f 716/424/710 712/388/706 717/425/711 
f 712/389/706 716/423/710 713/390/707 
f 712/388/706 714/387/708 717/425/711 
f 716/423/710 718/422/712 713/390/707 
f 713/390/707 718/422/712 642/421/636 
f 713/390/707 642/421/636 711/391/705 
f 642/418/636 643/393/637 711/394/705 
f 644/417/638 710/392/704 643/393/637 
f 644/417/638 673/395/667 710/392/704 
f 718/422/712 613/430/608 642/421/636 
f 716/423/710 719/428/713 718/422/712 
f 719/428/713 720/429/714 718/422/712 
f 718/422/712 720/429/714 613/430/608 
f 716/424/710 717/425/711 721/426/715 
f 716/424/710 721/426/715 719/427/713 
f 722/513/716 717/425/711 714/387/708 
f 722/513/716 723/514/717 717/425/711 
f 723/514/717 721/426/715 717/425/711 
f 724/515/718 714/387/708 715/373/709 
f 724/515/718 722/513/716 714/387/708 
f 725/374/719 715/373/709 459/357/454 
f 725/374/719 724/515/718 715/373/709 
f 726/371/720 459/357/454 458/355/453 
f 726/371/720 725/374/719 459/357/454 
f 724/516/718 725/517/719 726/518/720 
f 722/519/716 724/516/718 726/518/720 
f 723/520/717 722/519/716 484/521/479 
f 722/519/716 726/518/720 484/521/479 
f 723/514/717 727/522/721 721/426/715 
f 727/523/721 723/520/717 483/524/478 
f 723/520/717 484/521/479 483/524/478 
f 721/426/715 728/525/722 719/427/713 
f 721/426/715 727/522/721 728/525/722 
f 719/428/713 729/526/723 720/429/714 
f 729/527/723 719/427/713 728/525/722 
f 730/528/724 720/429/714 729/526/723 
f 730/528/724 612/457/607 720/429/714 
f 612/457/607 613/430/608 720/429/714 
f 584/427/579 729/527/723 728/525/722 
f 585/429/580 729/526/723 584/428/579 
f 585/429/580 730/528/724 729/526/723 
f 727/522/721 583/426/578 728/525/722 
f 584/427/579 728/525/722 583/426/578 
f 486/524/481 731/520/725 727/523/721 
f 486/524/481 727/523/721 485/529/480 
f 727/523/721 483/524/478 485/529/480 
f 727/522/721 731/514/725 583/426/578 
f 731/514/725 582/425/577 583/426/578 
f 486/524/481 487/521/482 731/520/725 
f 487/521/482 732/519/726 731/520/725 
f 731/514/725 732/513/726 582/425/577 
f 732/513/726 557/387/552 582/425/577 
f 487/521/482 512/518/507 732/519/726 
f 512/518/507 733/516/727 732/519/726 
f 732/513/726 733/515/727 557/387/552 
f 733/515/727 514/373/509 557/387/552 
f 733/515/727 515/374/510 514/373/509 
f 512/518/507 515/517/510 733/516/727 
f 730/528/724 585/429/580 612/457/607 
f 484/369/479 726/371/720 458/355/453 
f 371/227/366 118/226/118 117/225/117 
f 371/227/366 117/225/117 372/224/367 
f 117/99/117 116/98/116 372/223/367 
f 116/98/116 343/194/338 372/223/367 
f 116/98/116 115/97/115 343/194/338 
f 734/530/728 147/130/146 148/131/147 
f 700/508/694 734/530/728 148/131/147 
f 735/531/729 147/130/146 734/530/728 
f 736/532/730 735/531/729 734/530/728 
f 734/530/728 700/508/694 737/533/731 
f 734/530/728 737/533/731 738/534/732 
f 736/532/730 734/530/728 738/534/732 
f 735/531/729 149/132/148 147/130/146 
f 736/532/730 176/153/171 735/531/729 
f 176/153/171 149/132/148 735/531/729 
f 736/532/730 739/535/733 176/153/171 
f 736/532/730 738/534/732 740/536/734 
f 739/535/733 736/532/730 740/536/734 
f 741/537/735 738/534/732 737/533/731 
f 742/538/736 738/534/732 741/537/735 
f 742/538/736 740/536/734 738/534/732 
f 700/508/694 699/507/693 737/533/731 
f 741/537/735 737/533/731 699/507/693 
f 743/539/737 741/537/735 698/506/692 
f 743/539/737 742/538/736 741/537/735 
f 698/506/692 741/537/735 699/507/693 
f 744/540/738 740/536/734 742/538/736 
f 745/541/739 742/538/736 743/539/737 
f 745/541/739 744/540/738 742/538/736 
f 740/536/734 746/534/740 747/532/741 
f 744/540/738 748/538/742 740/536/734 
f 748/538/742 746/534/740 740/536/734 
f 739/535/733 740/536/734 747/532/741 
f 176/153/171 739/535/733 747/532/741 
f 175/132/170 176/153/171 749/531/743 
f 176/153/171 747/532/741 749/531/743 
f 747/532/741 750/530/744 749/531/743 
f 746/534/740 750/530/744 747/532/741 
f 746/534/740 751/533/745 750/530/744 
f 748/538/742 752/537/746 746/534/740 
f 752/537/746 751/533/745 746/534/740 
f 753/541/747 748/538/742 744/540/738 
f 753/541/747 754/539/748 748/538/742 
f 754/539/748 752/537/746 748/538/742 
f 755/542/749 744/540/738 745/541/739 
f 755/542/749 753/541/747 744/540/738 
f 756/543/750 745/541/739 757/544/751 
f 756/543/750 755/542/749 745/541/739 
f 757/544/751 745/541/739 743/539/737 
f 743/539/737 695/502/689 758/545/752 
f 695/502/689 743/539/737 698/506/692 
f 757/544/751 743/539/737 758/545/752 
f 757/544/751 759/546/753 760/547/754 
f 761/548/755 757/544/751 760/547/754 
f 761/548/755 756/543/750 757/544/751 
f 759/546/753 757/544/751 758/545/752 
f 755/542/749 756/543/750 762/549/756 
f 756/543/750 761/548/755 762/549/756 
f 753/541/747 755/542/749 763/543/757 
f 755/542/749 762/549/756 763/543/757 
f 753/541/747 764/544/758 754/539/748 
f 753/541/747 763/543/757 764/544/758 
f 754/539/748 765/506/759 752/537/746 
f 766/545/760 767/502/761 754/539/748 
f 767/502/761 765/506/759 754/539/748 
f 764/544/758 766/545/760 754/539/748 
f 752/537/746 768/507/762 751/533/745 
f 765/506/759 768/507/762 752/537/746 
f 751/533/745 769/508/763 750/530/744 
f 768/507/762 769/508/763 751/533/745 
f 750/530/744 599/131/594 770/130/764 
f 750/530/744 770/130/764 749/531/743 
f 769/508/763 599/131/594 750/530/744 
f 175/132/170 749/531/743 770/130/764 
f 177/129/172 175/132/170 770/130/764 
f 599/131/594 600/105/595 770/130/764 
f 177/129/172 770/130/764 600/105/595 
f 769/509/763 771/511/765 599/510/594 
f 771/511/765 598/512/593 599/510/594 
f 772/484/766 771/483/765 769/508/763 
f 768/507/762 772/484/766 769/508/763 
f 765/506/759 773/485/767 768/507/762 
f 773/485/767 772/484/766 768/507/762 
f 767/502/761 774/486/768 765/506/759 
f 774/486/768 773/485/767 765/506/759 
f 775/503/769 767/502/761 766/545/760 
f 775/503/769 776/488/770 767/502/761 
f 776/488/770 774/486/768 767/502/761 
f 777/546/771 766/545/760 764/544/758 
f 777/546/771 775/503/769 766/545/760 
f 763/543/757 778/548/772 764/544/758 
f 779/547/773 777/546/771 764/544/758 
f 779/547/773 764/544/758 778/548/772 
f 763/543/757 762/549/756 778/548/772 
f 762/549/756 780/550/774 778/548/772 
f 762/549/756 761/548/755 780/550/774 
f 761/548/755 781/551/775 782/552/776 
f 781/551/775 761/548/755 760/547/754 
f 761/548/755 782/552/776 780/550/774 
f 759/546/753 783/553/777 760/547/754 
f 781/551/775 760/547/754 783/553/777 
f 781/551/775 784/554/778 782/552/776 
f 781/551/775 785/555/779 784/554/778 
f 785/555/779 781/551/775 783/553/777 
f 780/550/774 782/552/776 786/556/780 
f 782/552/776 784/554/778 786/556/780 
f 778/548/772 780/550/774 787/552/781 
f 780/550/774 786/556/780 787/552/781 
f 788/551/782 778/548/772 787/552/781 
f 788/551/782 779/547/773 778/548/772 
f 789/553/783 777/546/771 779/547/773 
f 789/553/783 779/547/773 788/551/782 
f 777/546/771 789/553/783 775/503/769 
f 775/505/769 790/504/784 776/501/770 
f 789/553/783 791/557/785 775/503/769 
f 790/504/784 775/505/769 791/558/785 
f 776/501/770 792/500/786 793/499/787 
f 790/504/784 792/500/786 776/501/770 
f 658/479/652 776/488/770 793/487/787 
f 776/488/770 658/479/652 774/486/768 
f 774/486/768 657/478/651 773/485/767 
f 658/479/652 657/478/651 774/486/768 
f 773/485/767 628/471/622 772/484/766 
f 657/478/651 628/471/622 773/485/767 
f 772/484/766 628/471/622 771/483/765 
f 771/483/765 627/470/621 598/443/593 
f 628/471/622 627/470/621 771/483/765 
f 658/479/652 793/487/787 659/480/653 
f 794/489/788 659/480/653 793/487/787 
f 793/499/787 795/498/789 794/496/788 
f 792/500/786 795/498/789 793/499/787 
f 789/553/783 796/555/790 791/557/785 
f 796/555/790 789/553/783 788/551/782 
f 797/554/791 788/551/782 787/552/781 
f 797/554/791 796/555/790 788/551/782 
f 797/554/791 787/552/781 786/556/780 
f 798/559/792 797/554/791 786/556/780 
f 784/554/778 798/559/792 786/556/780 
f 798/559/792 784/554/778 799/560/793 
f 784/554/778 800/561/794 799/560/793 
f 784/554/778 785/555/779 800/561/794 
f 785/555/779 801/557/795 800/561/794 
f 785/555/779 783/553/777 801/557/795 
f 783/553/777 759/546/753 696/503/690 
f 783/553/777 696/503/690 801/557/795 
f 697/504/691 801/558/795 696/505/690 
f 802/562/796 799/560/793 803/563/797 
f 798/559/792 799/560/793 802/562/796 
f 797/554/791 798/559/792 804/560/798 
f 804/560/798 798/559/792 802/562/796 
f 795/498/789 805/495/799 794/496/788 
f 804/560/798 802/562/796 806/563/800 
f 806/563/800 802/562/796 807/564/801 
f 802/562/796 803/563/797 807/564/801 
f 807/565/801 803/566/797 808/567/802 
f 808/567/802 809/568/803 810/569/804 
f 811/570/805 808/567/802 810/569/804 
f 811/570/805 807/565/801 808/567/802 
f 691/494/685 809/568/803 808/567/802 
f 811/570/805 812/567/806 807/565/801 
f 812/567/806 806/566/800 807/565/801 
f 812/567/806 813/571/807 806/566/800 
f 813/571/807 812/567/806 814/494/808 
f 815/572/809 813/573/807 814/497/808 
f 814/497/808 794/496/788 805/495/799 
f 814/494/808 812/567/806 816/568/810 
f 794/489/788 814/494/808 817/493/811 
f 814/494/808 816/568/810 817/493/811 
f 812/567/806 810/569/804 816/568/810 
f 812/567/806 811/570/805 810/569/804 
f 809/568/803 688/492/682 810/569/804 
f 816/568/810 810/569/804 688/492/682 
f 809/568/803 690/493/684 688/492/682 
f 691/494/685 690/493/684 809/568/803 
f 688/492/682 689/490/683 817/493/811 
f 816/568/810 688/492/682 817/493/811 
f 659/480/653 689/490/683 660/481/654 
f 794/489/788 817/493/811 689/490/683 
f 659/480/653 794/489/788 689/490/683 
f 695/502/689 696/503/690 758/545/752 
f 759/546/753 758/545/752 696/503/690 
f 205/104/200 177/129/172 600/105/595 
f 205/104/200 600/105/595 207/81/202 
f 207/81/202 597/101/592 273/79/268 
f 569/102/564 273/79/268 597/101/592 
f 569/102/564 300/100/295 273/79/268 
f 328/242/323 329/243/324 547/257/542 
f 356/249/351 328/242/323 547/257/542 
f 356/249/351 547/257/542 544/258/539 
f 544/258/539 547/257/542 545/264/540 
f 358/254/353 356/249/351 544/258/539 
f 112/94/112 314/179/309 113/95/113 
f 112/94/112 818/176/812 314/179/309 
f 112/94/112 819/171/813 818/176/812 
f 819/171/813 112/94/112 111/92/111 
f 818/176/812 286/180/281 314/179/309 
f 287/177/282 818/176/812 260/169/255 
f 818/176/812 287/177/282 286/180/281 
f 819/171/813 260/169/255 818/176/812 
f 260/169/255 819/171/813 820/168/814 
f 819/171/813 821/172/815 820/168/814 
f 819/171/813 111/92/111 821/172/815 
f 111/92/111 110/93/110 821/172/815 
f 821/170/815 110/91/110 822/173/816 
f 823/166/817 821/170/815 822/173/816 
f 821/170/815 823/166/817 820/167/814 
f 823/166/817 824/161/818 820/167/814 
f 820/168/814 824/157/818 261/156/256 
f 260/169/255 820/168/814 261/156/256 
f 259/178/254 287/177/282 260/169/255 
f 824/157/818 166/152/163 261/156/256 
f 823/166/817 825/159/819 824/161/818 
f 825/159/819 166/160/163 824/161/818 
f 823/166/817 822/173/816 826/165/820 
f 825/159/819 823/166/817 826/165/820 
f 822/173/816 827/175/821 828/174/822 
f 822/173/816 110/91/110 827/175/821 
f 826/165/820 822/173/816 828/174/822 
f 110/91/110 109/90/109 827/175/821 
f 827/175/821 109/90/109 162/147/159 
f 828/174/822 827/175/821 162/147/159 
f 162/148/159 163/149/160 828/163/822 
f 163/149/160 826/164/820 828/163/822 
f 163/149/160 829/162/823 826/164/820 
f 825/159/819 826/165/820 829/158/823 
f 166/160/163 825/159/819 829/158/823 
f 166/152/163 829/162/823 163/149/160 
f 164/150/161 166/152/163 163/149/160 
f 830/574/824 831/575/825 832/576/826 
f 833/577/827 834/578/828 830/579/824 
f 830/579/824 835/580/829 833/577/827 
f 832/576/826 836/581/830 830/574/824 
f 836/581/830 835/582/829 830/574/824 
f 831/583/825 830/579/824 834/578/828 
f 837/579/831 831/583/825 834/578/828 
f 838/576/832 831/575/825 837/574/831 
f 838/576/832 839/584/833 831/575/825 
f 839/584/833 832/576/826 831/575/825 
f 836/581/830 832/576/826 840/585/834 
f 839/584/833 841/586/835 832/576/826 
f 841/586/835 840/585/834 832/576/826 
f 842/587/836 836/581/830 843/588/837 
f 836/581/830 840/585/834 843/588/837 
f 836/581/830 842/587/836 835/582/829 
f 835/580/829 844/589/838 833/577/827 
f 835/580/829 845/590/839 844/589/838 
f 842/587/836 845/591/839 835/582/829 
f 834/592/828 833/593/827 846/594/840 
f 846/594/840 833/593/827 847/595/841 
f 833/593/827 844/596/838 847/595/841 
f 848/593/842 834/592/828 846/594/840 
f 837/579/831 834/578/828 848/577/842 
f 849/580/843 837/579/831 848/577/842 
f 850/581/844 837/574/831 849/582/843 
f 850/581/844 838/576/832 837/574/831 
f 851/585/845 838/576/832 850/581/844 
f 851/585/845 852/586/846 838/576/832 
f 852/586/846 839/584/833 838/576/832 
f 852/586/846 853/597/847 839/584/833 
f 853/597/847 841/586/835 839/584/833 
f 840/598/834 841/599/835 854/600/848 
f 841/599/835 853/601/847 854/600/848 
f 840/598/834 854/600/848 843/602/837 
f 842/587/836 843/588/837 855/603/849 
f 854/600/848 855/604/849 843/602/837 
f 856/605/850 842/587/836 855/603/849 
f 842/587/836 856/605/850 845/591/839 
f 845/590/839 857/606/851 844/589/838 
f 845/590/839 858/607/852 857/606/851 
f 856/605/850 858/608/852 845/591/839 
f 847/595/841 844/596/838 859/609/853 
f 844/596/838 860/610/854 859/609/853 
f 844/596/838 857/611/851 860/610/854 
f 861/612/855 847/595/841 862/613/856 
f 847/595/841 859/609/853 862/613/856 
f 846/594/840 847/595/841 861/612/855 
f 848/593/842 846/594/840 863/595/857 
f 863/595/857 846/594/840 861/612/855 
f 864/596/858 848/593/842 863/595/857 
f 849/580/843 848/577/842 864/589/858 
f 865/590/859 849/580/843 864/589/858 
f 866/587/860 849/582/843 865/591/859 
f 866/587/860 850/581/844 849/582/843 
f 867/588/861 850/581/844 866/587/860 
f 867/588/861 851/585/845 850/581/844 
f 867/602/861 854/600/848 851/598/845 
f 854/600/848 852/599/846 851/598/845 
f 854/600/848 853/601/847 852/599/846 
f 868/614/862 854/600/848 869/604/863 
f 854/600/848 867/602/861 869/604/863 
f 870/614/864 854/600/848 871/615/865 
f 854/600/848 872/616/866 871/615/865 
f 854/600/848 873/617/867 872/616/866 
f 854/600/848 870/614/864 855/604/849 
f 873/617/867 854/600/848 874/616/868 
f 854/600/848 875/615/869 874/616/868 
f 854/600/848 868/614/862 875/615/869 
f 876/618/870 855/603/849 870/619/864 
f 876/618/870 856/605/850 855/603/849 
f 856/605/850 876/618/870 858/608/852 
f 858/607/852 877/620/871 857/606/851 
f 858/607/852 878/621/872 877/620/871 
f 876/618/870 878/622/872 858/608/852 
f 857/611/851 879/623/873 860/610/854 
f 857/611/851 877/624/871 879/623/873 
f 860/610/854 880/625/874 859/609/853 
f 881/626/875 860/610/854 879/623/873 
f 881/626/875 882/627/876 860/610/854 
f 882/627/876 880/625/874 860/610/854 
f 880/625/874 862/613/856 859/609/853 
f 861/628/855 862/629/856 883/630/877 
f 862/629/856 884/631/878 883/630/877 
f 862/629/856 880/632/874 884/631/878 
f 885/630/879 886/629/880 861/628/855 
f 885/630/879 861/628/855 887/633/881 
f 861/628/855 883/630/877 887/633/881 
f 863/595/857 861/612/855 886/613/880 
f 864/596/858 863/595/857 888/609/882 
f 888/609/882 863/595/857 886/613/880 
f 889/611/883 864/596/858 890/610/884 
f 890/610/884 864/596/858 888/609/882 
f 865/590/859 864/589/858 889/606/883 
f 891/607/885 865/590/859 889/606/883 
f 892/605/886 865/591/859 891/608/885 
f 892/605/886 866/587/860 865/591/859 
f 869/603/863 866/587/860 892/605/886 
f 869/603/863 867/588/861 866/587/860 
f 893/618/887 868/619/862 869/603/863 
f 893/618/887 869/603/863 892/605/886 
f 893/618/887 894/634/888 868/619/862 
f 894/634/888 875/635/869 868/619/862 
f 894/634/888 895/636/889 875/635/869 
f 895/636/889 874/637/868 875/635/869 
f 895/636/889 896/638/890 874/637/868 
f 874/637/868 896/638/890 873/639/867 
f 896/638/890 872/637/866 873/639/867 
f 896/638/890 897/636/891 872/637/866 
f 897/636/891 871/635/865 872/637/866 
f 897/636/891 898/634/892 871/635/865 
f 898/634/892 870/619/864 871/635/865 
f 898/634/892 876/618/870 870/619/864 
f 876/618/870 898/634/892 878/622/872 
f 878/621/872 899/640/893 877/620/871 
f 878/621/872 900/641/894 899/640/893 
f 898/634/892 900/642/894 878/622/872 
f 877/624/871 899/643/893 879/623/873 
f 901/644/895 879/623/873 899/643/893 
f 902/645/896 879/623/873 901/644/895 
f 902/645/896 881/626/875 879/623/873 
f 903/646/897 881/647/875 902/648/896 
f 903/646/897 904/649/898 881/647/875 
f 904/649/898 882/650/876 881/647/875 
f 904/649/898 880/632/874 882/650/876 
f 880/632/874 904/649/898 884/631/878 
f 883/651/877 884/652/878 905/653/899 
f 884/652/878 906/654/900 905/653/899 
f 884/652/878 904/655/898 906/654/900 
f 887/656/881 883/651/877 907/657/901 
f 883/651/877 905/653/899 907/657/901 
f 885/651/879 887/656/881 907/657/901 
f 885/630/879 908/631/902 886/629/880 
f 885/651/879 909/653/903 908/652/902 
f 885/651/879 907/657/901 909/653/903 
f 908/631/902 910/632/904 886/629/880 
f 888/609/882 886/613/880 910/625/904 
f 890/610/884 888/609/882 910/625/904 
f 911/623/905 889/611/883 890/610/884 
f 911/623/905 890/610/884 912/626/906 
f 912/626/906 890/610/884 913/627/907 
f 890/610/884 910/625/904 913/627/907 
f 889/611/883 911/623/905 914/624/908 
f 891/607/885 889/606/883 914/620/908 
f 915/621/909 891/607/885 914/620/908 
f 893/618/887 891/608/885 915/622/909 
f 893/618/887 892/605/886 891/608/885 
f 894/634/888 893/618/887 915/622/909 
f 895/636/889 894/634/888 916/642/910 
f 894/634/888 915/622/909 916/642/910 
f 895/636/889 917/658/911 896/638/890 
f 917/658/911 895/636/889 918/659/912 
f 895/636/889 916/642/910 918/659/912 
f 917/658/911 897/636/891 896/638/890 
f 898/634/892 897/636/891 900/642/894 
f 897/636/891 919/659/913 900/642/894 
f 897/636/891 917/658/911 919/659/913 
f 920/660/914 900/641/894 919/661/913 
f 900/641/894 921/662/915 899/640/893 
f 900/641/894 920/660/914 921/662/915 
f 922/663/916 899/643/893 921/664/915 
f 922/663/916 901/644/895 899/643/893 
f 923/665/917 901/644/895 922/663/916 
f 923/665/917 902/645/896 901/644/895 
f 924/666/918 902/648/896 923/667/917 
f 924/666/918 903/646/897 902/648/896 
f 903/668/897 924/669/918 925/670/919 
f 904/655/898 903/668/897 926/671/920 
f 903/668/897 927/672/921 926/671/920 
f 903/668/897 925/670/919 927/672/921 
f 904/655/898 926/671/920 906/654/900 
f 905/653/899 906/654/900 928/673/922 
f 906/654/900 929/674/923 928/673/922 
f 906/654/900 926/671/920 929/674/923 
f 907/657/901 905/653/899 930/675/924 
f 905/653/899 928/673/922 930/675/924 
f 907/657/901 930/675/924 909/653/903 
f 931/673/925 909/653/903 930/675/924 
f 909/653/903 932/654/926 908/652/902 
f 909/653/903 931/673/925 932/654/926 
f 933/655/927 908/652/902 932/654/926 
f 908/631/902 933/649/927 910/632/904 
f 910/632/904 933/649/927 913/650/907 
f 933/649/927 912/647/906 913/650/907 
f 911/623/905 912/626/906 934/645/928 
f 933/649/927 935/646/929 912/647/906 
f 935/646/929 934/648/928 912/647/906 
f 911/623/905 936/643/930 914/624/908 
f 911/623/905 937/644/931 936/643/930 
f 937/644/931 911/623/905 934/645/928 
f 915/621/909 914/620/908 936/640/930 
f 916/641/910 915/621/909 936/640/930 
f 918/661/912 916/641/910 938/660/932 
f 938/660/932 916/641/910 939/662/933 
f 916/641/910 936/640/930 939/662/933 
f 940/676/934 918/661/912 938/660/932 
f 918/661/912 940/676/934 917/677/911 
f 940/676/934 919/661/913 917/677/911 
f 940/676/934 920/660/914 919/661/913 
f 941/678/935 920/679/914 940/680/934 
f 941/678/935 942/681/936 920/679/914 
f 942/681/936 921/664/915 920/679/914 
f 942/681/936 922/663/916 921/664/915 
f 943/682/937 922/663/916 942/681/936 
f 943/682/937 923/665/917 922/663/916 
f 944/683/938 923/667/917 943/684/937 
f 944/683/938 924/666/918 923/667/917 
f 924/669/918 945/685/939 925/670/919 
f 924/669/918 944/686/938 945/685/939 
f 927/672/921 925/670/919 946/687/940 
f 947/688/941 925/670/919 945/685/939 
f 947/688/941 948/689/942 925/670/919 
f 948/689/942 946/687/940 925/670/919 
f 926/671/920 927/672/921 949/690/943 
f 927/672/921 946/687/940 949/690/943 
f 926/671/920 949/690/943 929/674/923 
f 950/691/944 929/674/923 949/690/943 
f 950/691/944 951/692/945 929/674/923 
f 951/692/945 928/673/922 929/674/923 
f 951/692/945 952/693/946 928/673/922 
f 952/693/946 930/675/924 928/673/922 
f 931/673/925 930/675/924 953/693/947 
f 952/693/946 954/694/948 930/675/924 
f 954/694/948 953/693/947 930/675/924 
f 955/692/949 931/673/925 953/693/947 
f 931/673/925 956/674/950 932/654/926 
f 931/673/925 955/692/949 956/674/950 
f 956/674/950 957/671/951 932/654/926 
f 957/671/951 933/655/927 932/654/926 
f 957/671/951 935/668/929 933/655/927 
f 935/646/929 958/666/952 934/648/928 
f 959/672/953 935/668/929 957/671/951 
f 959/672/953 960/670/954 935/668/929 
f 960/670/954 958/669/952 935/668/929 
f 937/644/931 934/645/928 961/665/955 
f 958/666/952 961/667/955 934/648/928 
f 937/644/931 962/663/956 936/643/930 
f 962/663/956 937/644/931 961/665/955 
f 936/643/930 962/663/956 939/664/933 
f 962/663/956 963/681/957 939/664/933 
f 939/664/933 963/681/957 938/679/932 
f 938/679/932 941/678/935 940/680/934 
f 963/681/957 941/678/935 938/679/932 
f 963/681/957 964/695/958 941/678/935 
f 964/695/958 942/681/936 941/678/935 
f 964/695/958 943/682/937 942/681/936 
f 965/696/959 943/684/937 964/697/958 
f 965/696/959 966/698/960 943/684/937 
f 966/698/960 944/683/938 943/684/937 
f 944/686/938 967/699/961 945/685/939 
f 944/686/938 966/700/960 967/699/961 
f 968/701/962 945/685/939 967/699/961 
f 968/701/962 947/688/941 945/685/939 
f 969/702/963 947/688/941 968/701/962 
f 969/702/963 970/703/964 947/688/941 
f 970/703/964 948/689/942 947/688/941 
f 970/703/964 971/704/965 948/689/942 
f 948/689/942 971/704/965 946/687/940 
f 971/704/965 949/690/943 946/687/940 
f 971/704/965 950/691/944 949/690/943 
f 972/705/966 950/691/944 971/704/965 
f 950/691/944 972/705/966 951/692/945 
f 972/705/966 952/693/946 951/692/945 
f 972/705/966 954/694/948 952/693/946 
f 954/694/948 972/705/966 953/693/947 
f 972/705/966 955/692/949 953/693/947 
f 972/705/966 973/691/967 955/692/949 
f 973/691/967 956/674/950 955/692/949 
f 973/691/967 974/690/968 956/674/950 
f 974/690/968 957/671/951 956/674/950 
f 974/690/968 959/672/953 957/671/951 
f 974/690/968 975/687/969 959/672/953 
f 975/687/969 960/670/954 959/672/953 
f 960/670/954 976/688/970 977/685/971 
f 975/687/969 978/689/972 960/670/954 
f 978/689/972 976/688/970 960/670/954 
f 960/670/954 977/685/971 958/669/952 
f 958/666/952 979/683/973 961/667/955 
f 977/685/971 979/686/973 958/669/952 
f 962/663/956 961/665/955 980/682/974 
f 979/683/973 980/684/974 961/667/955 
f 963/681/957 962/663/956 980/682/974 
f 980/682/974 964/695/958 963/681/957 
f 980/684/974 965/696/959 964/697/958 
f 981/698/975 965/696/959 980/684/974 
f 982/706/976 965/707/959 981/700/975 
f 982/706/976 966/700/960 965/707/959 
f 966/700/960 982/706/976 967/699/961 
f 983/708/977 967/699/961 982/706/976 
f 983/708/977 968/701/962 967/699/961 
f 984/709/978 968/701/962 983/708/977 
f 984/709/978 969/702/963 968/701/962 
f 969/702/963 984/709/978 972/705/966 
f 969/702/963 972/705/966 970/703/964 
f 972/705/966 971/704/965 970/703/964 
f 984/709/978 985/710/979 972/705/966 
f 972/705/966 986/704/980 973/691/967 
f 986/704/980 972/705/966 987/703/981 
f 987/703/981 972/705/966 988/702/982 
f 972/705/966 989/709/983 988/702/982 
f 972/705/966 985/710/979 989/709/983 
f 986/704/980 974/690/968 973/691/967 
f 986/704/980 975/687/969 974/690/968 
f 975/687/969 986/704/980 978/689/972 
f 986/704/980 987/703/981 978/689/972 
f 978/689/972 987/703/981 976/688/970 
f 976/688/970 990/701/984 977/685/971 
f 976/688/970 988/702/982 990/701/984 
f 987/703/981 988/702/982 976/688/970 
f 977/685/971 990/701/984 991/699/985 
f 977/685/971 991/699/985 979/686/973 
f 979/683/973 981/698/975 980/684/974 
f 991/699/985 981/700/975 979/686/973 
f 991/699/985 982/706/976 981/700/975 
f 991/699/985 983/708/977 982/706/976 
f 990/701/984 983/708/977 991/699/985 
f 990/701/984 989/709/983 983/708/977 
f 985/710/979 983/708/977 989/709/983 
f 985/710/979 984/709/978 983/708/977 
f 988/702/982 989/709/983 990/701/984 
f 992/711/986 993/712/987 994/713/988 
f 994/713/988 995/714/989 992/711/986 
f 995/714/989 996/715/990 992/711/986 
f 993/716/987 992/717/986 997/718/991 
f 992/717/986 998/719/992 997/718/991 
f 992/717/986 996/720/990 998/719/992 
f 999/721/993 993/712/987 1000/722/994 
f 999/721/993 1001/723/995 993/712/987 
f 1001/723/995 994/713/988 993/712/987 
f 1000/724/994 993/716/987 1002/725/996 
f 993/716/987 997/718/991 1002/725/996 
f 995/726/989 994/727/988 1003/728/997 
f 994/727/988 1004/729/998 1003/728/997 
f 994/727/988 1001/730/995 1004/729/998 
f 995/714/989 1005/731/999 996/715/990 
f 1005/732/999 995/726/989 1006/733/1000 
f 995/726/989 1003/728/997 1006/733/1000 
f 1005/731/999 1007/734/1001 996/715/990 
f 996/720/990 1008/735/1002 998/719/992 
f 996/720/990 1007/736/1001 1008/735/1002 
f 997/737/991 998/738/992 1009/739/1003 
f 998/738/992 1010/740/1004 1009/739/1003 
f 998/738/992 1008/741/1002 1010/740/1004 
f 1002/742/996 997/737/991 1011/743/1005 
f 997/737/991 1009/739/1003 1011/743/1005 
f 1012/744/1006 1013/745/1007 1002/742/996 
f 1000/724/994 1002/725/996 1013/746/1007 
f 1012/744/1006 1002/742/996 1014/747/1008 
f 1002/742/996 1011/743/1005 1014/747/1008 
f 1015/748/1009 1000/724/994 1016/749/1010 
f 1017/750/1011 1000/722/994 1015/751/1009 
f 1017/750/1011 999/721/993 1000/722/994 
f 1016/749/1010 1000/724/994 1013/746/1007 
f 999/752/993 1018/753/1012 1001/730/995 
f 1017/754/1011 1019/755/1013 999/752/993 
f 1019/755/1013 1018/753/1012 999/752/993 
f 1001/730/995 1020/756/1014 1004/729/998 
f 1001/730/995 1018/753/1012 1020/756/1014 
f 1021/757/1015 1004/729/998 1020/756/1014 
f 1021/757/1015 1022/758/1016 1004/729/998 
f 1022/758/1016 1003/728/997 1004/729/998 
f 1022/758/1016 1023/759/1017 1003/728/997 
f 1023/759/1017 1006/733/1000 1003/728/997 
f 1005/732/999 1006/733/1000 1024/760/1018 
f 1023/759/1017 1025/761/1019 1006/733/1000 
f 1025/761/1019 1024/760/1018 1006/733/1000 
f 1005/731/999 1026/762/1020 1007/734/1001 
f 1026/763/1020 1005/732/999 1024/760/1018 
f 1026/762/1020 1027/764/1021 1007/734/1001 
f 1007/736/1001 1028/765/1022 1008/735/1002 
f 1007/736/1001 1027/766/1021 1028/765/1022 
f 1008/741/1002 1029/767/1023 1010/740/1004 
f 1008/741/1002 1028/768/1022 1029/767/1023 
f 1030/769/1024 1010/740/1004 1029/767/1023 
f 1030/769/1024 1031/770/1025 1010/740/1004 
f 1031/770/1025 1009/739/1003 1010/740/1004 
f 1031/770/1025 1032/771/1026 1009/739/1003 
f 1032/771/1026 1011/743/1005 1009/739/1003 
f 1032/771/1026 1033/772/1027 1011/743/1005 
f 1033/772/1027 1014/747/1008 1011/743/1005 
f 1012/744/1006 1014/747/1008 1034/773/1028 
f 1033/772/1027 1035/774/1029 1014/747/1008 
f 1035/774/1029 1034/773/1028 1014/747/1008 
f 1036/775/1030 1037/776/1031 1012/744/1006 
f 1037/776/1031 1013/745/1007 1012/744/1006 
f 1036/775/1030 1012/744/1006 1034/773/1028 
f 1037/776/1031 1016/777/1010 1013/745/1007 
f 1015/748/1009 1016/749/1010 1038/778/1032 
f 1039/779/1033 1016/777/1010 1037/776/1031 
f 1039/779/1033 1038/780/1032 1016/777/1010 
f 1040/781/1034 1015/748/1009 1038/778/1032 
f 1041/782/1035 1015/751/1009 1040/783/1034 
f 1041/782/1035 1017/750/1011 1015/751/1009 
f 1041/784/1035 1042/785/1036 1017/754/1011 
f 1042/785/1036 1019/755/1013 1017/754/1011 
f 1019/755/1013 1043/786/1037 1018/753/1012 
f 1042/785/1036 1044/787/1038 1019/755/1013 
f 1044/787/1038 1043/786/1037 1019/755/1013 
f 1018/753/1012 1045/788/1039 1020/756/1014 
f 1018/753/1012 1043/786/1037 1045/788/1039 
f 1046/789/1040 1020/756/1014 1045/788/1039 
f 1046/789/1040 1021/757/1015 1020/756/1014 
f 1046/789/1040 1047/790/1041 1021/757/1015 
f 1047/790/1041 1022/758/1016 1021/757/1015 
f 1023/759/1017 1022/758/1016 1047/790/1041 
f 1025/761/1019 1023/759/1017 1047/790/1041 
f 1048/791/1042 1025/761/1019 1049/792/1043 
f 1025/761/1019 1047/790/1041 1049/792/1043 
f 1025/761/1019 1048/791/1042 1024/760/1018 
f 1026/763/1020 1024/760/1018 1050/793/1044 
f 1048/791/1042 1050/793/1044 1024/760/1018 
f 1026/762/1020 1050/794/1044 1051/795/1045 
f 1026/762/1020 1051/795/1045 1027/764/1021 
f 1027/766/1021 1051/796/1045 1028/765/1022 
f 1052/797/1046 1028/765/1022 1051/796/1045 
f 1028/768/1022 1052/798/1046 1029/767/1023 
f 1053/799/1047 1029/767/1023 1052/798/1046 
f 1053/799/1047 1030/769/1024 1029/767/1023 
f 1054/800/1048 1030/769/1024 1053/799/1047 
f 1054/800/1048 1055/801/1049 1030/769/1024 
f 1055/801/1049 1031/770/1025 1030/769/1024 
f 1055/801/1049 1032/771/1026 1031/770/1025 
f 1033/772/1027 1032/771/1026 1055/801/1049 
f 1035/774/1029 1033/772/1027 1055/801/1049 
f 1035/774/1029 1055/801/1049 1034/773/1028 
f 1055/801/1049 1036/775/1030 1034/773/1028 
f 1055/801/1049 1056/802/1050 1036/775/1030 
f 1056/802/1050 1037/776/1031 1036/775/1030 
f 1056/802/1050 1039/779/1033 1037/776/1031 
f 1038/780/1032 1039/779/1033 1057/803/1051 
f 1039/779/1033 1058/804/1052 1057/803/1051 
f 1039/779/1033 1056/802/1050 1058/804/1052 
f 1040/781/1034 1038/778/1032 1057/805/1051 
f 1059/806/1053 1040/781/1034 1057/805/1051 
f 1060/807/1054 1040/783/1034 1059/808/1053 
f 1060/807/1054 1041/782/1035 1040/783/1034 
f 1041/784/1035 1060/809/1054 1042/785/1036 
f 1060/809/1054 1061/810/1055 1042/785/1036 
f 1061/810/1055 1044/787/1038 1042/785/1036 
f 1061/810/1055 1062/811/1056 1044/787/1038 
f 1062/811/1056 1047/790/1041 1044/787/1038 
f 1044/787/1038 1047/790/1041 1043/786/1037 
f 1047/790/1041 1045/788/1039 1043/786/1037 
f 1047/790/1041 1046/789/1040 1045/788/1039 
f 1049/792/1043 1047/790/1041 1063/812/1057 
f 1062/811/1056 1064/813/1058 1047/790/1041 
f 1065/814/1059 1049/792/1043 1063/812/1057 
f 1048/791/1042 1049/792/1043 1065/814/1059 
f 1066/815/1060 1048/791/1042 1065/814/1059 
f 1048/791/1042 1066/815/1060 1050/793/1044 
f 1050/794/1044 1067/816/1061 1051/795/1045 
f 1050/794/1044 1066/817/1060 1067/816/1061 
f 1052/797/1046 1051/796/1045 1067/818/1061 
f 1068/819/1062 1052/797/1046 1067/818/1061 
f 1068/820/1062 1053/799/1047 1052/798/1046 
f 1069/821/1063 1053/799/1047 1068/820/1062 
f 1069/821/1063 1054/800/1048 1053/799/1047 
f 1069/821/1063 1070/822/1064 1054/800/1048 
f 1070/822/1064 1055/801/1049 1054/800/1048 
f 1056/802/1050 1055/801/1049 1071/823/1065 
f 1055/801/1049 1072/824/1066 1071/823/1065 
f 1056/802/1050 1071/823/1065 1058/804/1052 
f 1073/825/1067 1058/804/1052 1071/823/1065 
f 1073/825/1067 1074/826/1068 1058/804/1052 
f 1074/826/1068 1057/803/1051 1058/804/1052 
f 1074/827/1068 1075/828/1069 1057/805/1051 
f 1075/828/1069 1059/806/1053 1057/805/1051 
f 1075/829/1069 1060/807/1054 1059/808/1053 
f 1075/829/1069 1076/830/1070 1060/807/1054 
f 1060/809/1054 1076/831/1070 1061/810/1055 
f 1076/831/1070 1077/832/1071 1061/810/1055 
f 1077/832/1071 1062/811/1056 1061/810/1055 
f 1077/832/1071 1064/813/1058 1062/811/1056 
f 1072/824/1066 1073/825/1067 1071/823/1065 
f 1078/755/1072 1079/753/1073 1080/786/1074 
f 1081/754/1075 1082/752/1076 1078/755/1072 
f 1082/752/1076 1079/753/1073 1078/755/1072 
f 1083/787/1077 1078/755/1072 1080/786/1074 
f 1083/787/1077 1084/785/1078 1078/755/1072 
f 1084/785/1078 1081/754/1075 1078/755/1072 
f 1082/752/1076 1085/730/1079 1079/753/1073 
f 1086/756/1080 1079/753/1073 1085/730/1079 
f 1086/756/1080 1087/788/1081 1079/753/1073 
f 1087/788/1081 1080/786/1074 1079/753/1073 
f 1088/790/1082 1080/786/1074 1087/788/1081 
f 1088/790/1082 1083/787/1077 1080/786/1074 
f 1084/785/1078 1083/787/1077 1089/810/1083 
f 1083/787/1077 1090/811/1084 1089/810/1083 
f 1083/787/1077 1088/790/1082 1090/811/1084 
f 1091/784/1085 1084/785/1078 1092/809/1086 
f 1084/785/1078 1089/810/1083 1092/809/1086 
f 1084/785/1078 1091/784/1085 1081/754/1075 
f 1093/751/1087 1081/750/1075 1091/782/1085 
f 1093/751/1087 1094/722/1088 1081/750/1075 
f 1094/722/1088 1082/721/1076 1081/750/1075 
f 1094/722/1088 1095/712/1089 1082/721/1076 
f 1082/721/1076 1095/712/1089 1085/723/1079 
f 1095/712/1089 1096/713/1090 1085/723/1079 
f 1097/729/1091 1085/730/1079 1096/727/1090 
f 1097/729/1091 1086/756/1080 1085/730/1079 
f 1098/757/1092 1086/756/1080 1097/729/1091 
f 1098/757/1092 1099/789/1093 1086/756/1080 
f 1099/789/1093 1087/788/1081 1086/756/1080 
f 1099/789/1093 1088/790/1082 1087/788/1081 
f 1099/789/1093 1098/757/1092 1088/790/1082 
f 1098/757/1092 1100/758/1094 1088/790/1082 
f 1101/812/1095 1088/790/1082 1102/792/1096 
f 1102/792/1096 1088/790/1082 1103/761/1097 
f 1088/790/1082 1104/759/1098 1103/761/1097 
f 1088/790/1082 1100/758/1094 1104/759/1098 
f 1088/790/1082 1105/813/1099 1090/811/1084 
f 1089/810/1083 1090/811/1084 1106/832/1100 
f 1090/811/1084 1105/813/1099 1106/832/1100 
f 1092/809/1086 1089/810/1083 1107/831/1101 
f 1089/810/1083 1106/832/1100 1107/831/1101 
f 1107/830/1101 1108/829/1102 1092/807/1086 
f 1108/829/1102 1109/808/1103 1092/807/1086 
f 1109/808/1103 1110/783/1104 1092/807/1086 
f 1110/783/1104 1091/782/1085 1092/807/1086 
f 1110/783/1104 1093/751/1087 1091/782/1085 
f 1111/778/1105 1093/748/1087 1110/781/1104 
f 1111/778/1105 1112/749/1106 1093/748/1087 
f 1112/749/1106 1094/724/1088 1093/748/1087 
f 1112/749/1106 1113/746/1107 1094/724/1088 
f 1113/746/1107 1114/725/1108 1094/724/1088 
f 1114/725/1108 1095/716/1089 1094/724/1088 
f 1095/712/1089 1115/711/1109 1096/713/1090 
f 1114/725/1108 1116/718/1110 1095/716/1089 
f 1116/718/1110 1115/717/1109 1095/716/1089 
f 1115/711/1109 1117/714/1111 1096/713/1090 
f 1118/728/1112 1096/727/1090 1117/726/1111 
f 1118/728/1112 1097/729/1091 1096/727/1090 
f 1100/758/1094 1097/729/1091 1118/728/1112 
f 1100/758/1094 1098/757/1092 1097/729/1091 
f 1104/759/1098 1100/758/1094 1118/728/1112 
f 1103/761/1097 1104/759/1098 1119/733/1113 
f 1104/759/1098 1118/728/1112 1119/733/1113 
f 1102/792/1096 1103/761/1097 1120/791/1114 
f 1120/791/1114 1103/761/1097 1121/760/1115 
f 1103/761/1097 1119/733/1113 1121/760/1115 
f 1122/814/1116 1101/812/1095 1102/792/1096 
f 1122/814/1116 1102/792/1096 1120/791/1114 
f 1123/815/1117 1122/814/1116 1120/791/1114 
f 1123/815/1117 1120/791/1114 1124/793/1118 
f 1120/791/1114 1121/760/1115 1124/793/1118 
f 1124/793/1118 1121/760/1115 1125/763/1119 
f 1121/760/1115 1126/732/1120 1125/763/1119 
f 1121/760/1115 1119/733/1113 1126/732/1120 
f 1119/733/1113 1117/726/1111 1126/732/1120 
f 1119/733/1113 1118/728/1112 1117/726/1111 
f 1115/711/1109 1127/715/1121 1117/714/1111 
f 1127/715/1121 1126/731/1120 1117/714/1111 
f 1116/718/1110 1128/719/1122 1115/717/1109 
f 1128/719/1122 1127/720/1121 1115/717/1109 
f 1129/743/1123 1116/737/1110 1114/742/1108 
f 1129/743/1123 1130/739/1124 1116/737/1110 
f 1130/739/1124 1128/738/1122 1116/737/1110 
f 1113/745/1107 1131/744/1125 1114/742/1108 
f 1132/747/1126 1114/742/1108 1131/744/1125 
f 1132/747/1126 1129/743/1123 1114/742/1108 
f 1131/744/1125 1113/745/1107 1133/776/1127 
f 1113/745/1107 1112/777/1106 1133/776/1127 
f 1111/780/1105 1134/779/1128 1112/777/1106 
f 1134/779/1128 1133/776/1127 1112/777/1106 
f 1134/779/1128 1111/780/1105 1135/803/1129 
f 1135/805/1129 1111/778/1105 1110/781/1104 
f 1135/805/1129 1110/781/1104 1109/806/1103 
f 1108/828/1102 1135/805/1129 1109/806/1103 
f 1136/827/1130 1135/805/1129 1108/828/1102 
f 1137/804/1131 1135/803/1129 1136/826/1130 
f 1135/803/1129 1137/804/1131 1134/779/1128 
f 1137/804/1131 1138/802/1132 1134/779/1128 
f 1134/779/1128 1138/802/1132 1133/776/1127 
f 1131/744/1125 1133/776/1127 1139/775/1133 
f 1138/802/1132 1139/775/1133 1133/776/1127 
f 1140/773/1134 1131/744/1125 1139/775/1133 
f 1140/773/1134 1132/747/1126 1131/744/1125 
f 1141/774/1135 1132/747/1126 1140/773/1134 
f 1141/774/1135 1142/772/1136 1132/747/1126 
f 1142/772/1136 1129/743/1123 1132/747/1126 
f 1142/772/1136 1143/771/1137 1129/743/1123 
f 1143/771/1137 1130/739/1124 1129/743/1123 
f 1130/739/1124 1144/740/1138 1128/738/1122 
f 1143/771/1137 1145/770/1139 1130/739/1124 
f 1145/770/1139 1144/740/1138 1130/739/1124 
f 1128/719/1122 1146/735/1140 1127/720/1121 
f 1144/740/1138 1146/741/1140 1128/738/1122 
f 1127/715/1121 1147/734/1141 1126/731/1120 
f 1146/735/1140 1147/736/1141 1127/720/1121 
f 1147/734/1141 1125/762/1119 1126/731/1120 
f 1124/794/1118 1125/762/1119 1148/795/1142 
f 1147/734/1141 1149/764/1143 1125/762/1119 
f 1149/764/1143 1148/795/1142 1125/762/1119 
f 1123/817/1117 1124/794/1118 1150/816/1144 
f 1124/794/1118 1148/795/1142 1150/816/1144 
f 1151/765/1145 1152/797/1146 1148/796/1142 
f 1152/797/1146 1150/818/1144 1148/796/1142 
f 1151/765/1145 1148/796/1142 1149/766/1143 
f 1151/765/1145 1149/766/1143 1147/736/1141 
f 1146/735/1140 1151/765/1145 1147/736/1141 
f 1144/740/1138 1153/767/1147 1146/741/1140 
f 1153/767/1147 1151/768/1145 1146/741/1140 
f 1145/770/1139 1154/769/1148 1144/740/1138 
f 1154/769/1148 1153/767/1147 1144/740/1138 
f 1154/769/1148 1145/770/1139 1155/801/1149 
f 1145/770/1139 1143/771/1137 1155/801/1149 
f 1155/801/1149 1143/771/1137 1142/772/1136 
f 1141/774/1135 1155/801/1149 1142/772/1136 
f 1155/801/1149 1141/774/1135 1140/773/1134 
f 1155/801/1149 1140/773/1134 1139/775/1133 
f 1138/802/1132 1155/801/1149 1139/775/1133 
f 1137/804/1131 1156/823/1150 1138/802/1132 
f 1156/823/1150 1155/801/1149 1138/802/1132 
f 1156/823/1150 1137/804/1131 1157/825/1151 
f 1137/804/1131 1136/826/1130 1157/825/1151 
f 1158/824/1152 1156/823/1150 1157/825/1151 
f 1156/823/1150 1158/824/1152 1155/801/1149 
f 1159/800/1153 1155/801/1149 1160/822/1154 
f 1154/769/1148 1155/801/1149 1159/800/1153 
f 1161/799/1155 1154/769/1148 1159/800/1153 
f 1154/769/1148 1161/799/1155 1153/767/1147 
f 1153/767/1147 1152/798/1146 1151/768/1145 
f 1161/799/1155 1152/798/1146 1153/767/1147 
f 1152/797/1146 1162/819/1156 1150/818/1144 
f 1161/799/1155 1162/820/1156 1152/798/1146 
f 1162/820/1156 1161/799/1155 1163/821/1157 
f 1161/799/1155 1159/800/1153 1163/821/1157 
f 1163/821/1157 1159/800/1153 1160/822/1154 
f 1164/833/1158 1165/834/1159 1166/835/1160 
f 1167/836/1161 1168/837/1162 1169/838/1163 
f 1167/836/1161 1170/839/1164 1168/837/1162 
f 1168/837/1162 1171/840/1165 1169/838/1163 
f 1170/839/1164 1172/841/1166 1168/837/1162 
f 1173/842/1167 1168/837/1162 1172/841/1166 
f 1173/842/1167 1171/840/1165 1168/837/1162 
f 1169/838/1163 1171/840/1165 1174/843/1168 
f 1171/840/1165 1175/844/1169 1174/843/1168 
f 1171/840/1165 1173/842/1167 1175/844/1169 
f 1176/845/1170 1173/842/1167 1172/841/1166 
f 1177/846/1171 1173/842/1167 1178/847/1172 
f 1173/842/1167 1179/848/1173 1178/847/1172 
f 1173/842/1167 1176/845/1170 1179/848/1173 
f 1180/849/1174 1173/842/1167 1181/850/1175 
f 1173/842/1167 1182/851/1176 1181/850/1175 
f 1173/842/1167 1177/846/1171 1182/851/1176 
f 1173/842/1167 1183/852/1177 1175/844/1169 
f 1173/842/1167 1180/849/1174 1183/852/1177 
f 1170/839/1164 1184/853/1178 1172/841/1166 
f 1184/853/1178 1176/845/1170 1172/841/1166 
f 1184/853/1178 1185/854/1179 1176/845/1170 
f 1185/854/1179 1179/848/1173 1176/845/1170 
f 1185/854/1179 1186/855/1180 1179/848/1173 
f 1186/855/1180 1178/847/1172 1179/848/1173 
f 1177/846/1171 1178/847/1172 1186/855/1180 
f 1187/856/1181 1177/846/1171 1186/855/1180 
f 1182/851/1176 1177/846/1171 1187/856/1181 
f 1188/857/1182 1182/851/1176 1187/856/1181 
f 1188/857/1182 1189/858/1183 1182/851/1176 
f 1189/858/1183 1181/850/1175 1182/851/1176 
f 1189/858/1183 1190/859/1184 1181/850/1175 
f 1190/859/1184 1180/849/1174 1181/850/1175 
f 1183/852/1177 1180/849/1174 1190/859/1184 
f 1191/860/1185 1183/852/1177 1190/859/1184 
f 1175/844/1169 1183/852/1177 1191/860/1185 
f 1174/843/1168 1175/844/1169 1191/860/1185 
f 1192/836/1186 1193/838/1187 1194/837/1188 
f 1195/839/1189 1192/836/1186 1194/837/1188 
f 1193/838/1187 1196/840/1190 1194/837/1188 
f 1193/838/1187 1197/843/1191 1196/840/1190 
f 1198/841/1192 1195/839/1189 1194/837/1188 
f 1199/842/1193 1194/837/1188 1196/840/1190 
f 1199/842/1193 1198/841/1192 1194/837/1188 
f 1200/853/1194 1195/839/1189 1198/841/1192 
f 1201/845/1195 1200/853/1194 1198/841/1192 
f 1198/841/1192 1199/842/1193 1201/845/1195 
f 1199/842/1193 1202/848/1196 1201/845/1195 
f 1199/842/1193 1203/847/1197 1202/848/1196 
f 1203/847/1197 1199/842/1193 1204/846/1198 
f 1199/842/1193 1205/851/1199 1204/846/1198 
f 1199/842/1193 1206/850/1200 1205/851/1199 
f 1206/850/1200 1199/842/1193 1207/849/1201 
f 1199/842/1193 1208/852/1202 1207/849/1201 
f 1199/842/1193 1209/844/1203 1208/852/1202 
f 1209/844/1203 1199/842/1193 1196/840/1190 
f 1197/843/1191 1209/844/1203 1196/840/1190 
f 1197/843/1191 1210/860/1204 1209/844/1203 
f 1210/860/1204 1208/852/1202 1209/844/1203 
f 1210/860/1204 1211/859/1205 1208/852/1202 
f 1211/859/1205 1207/849/1201 1208/852/1202 
f 1207/849/1201 1211/859/1205 1206/850/1200 
f 1206/850/1200 1212/858/1206 1205/851/1199 
f 1211/859/1205 1212/858/1206 1206/850/1200 
f 1213/857/1207 1214/856/1208 1205/851/1199 
f 1214/856/1208 1204/846/1198 1205/851/1199 
f 1212/858/1206 1213/857/1207 1205/851/1199 
f 1214/856/1208 1215/855/1209 1204/846/1198 
f 1215/855/1209 1203/847/1197 1204/846/1198 
f 1203/847/1197 1215/855/1209 1202/848/1196 
f 1202/848/1196 1216/854/1210 1201/845/1195 
f 1215/855/1209 1216/854/1210 1202/848/1196 
f 1216/854/1210 1200/853/1194 1201/845/1195 
# 0 polygons - 2318 triangles

