# 3ds Max Wavefront OBJ Exporter v0.99 - (c)2007 guruware
# File Created: 09.05.2025 00:32:54

mtllib Cuerpo_doctor.mtl

#
# object doofenshmirtz_
#

v  -3.6947 0.7898 10.8612
v  -3.6854 0.7851 10.8467
v  -3.6784 0.7877 10.8494
v  -3.6726 0.9021 10.7752
v  -3.6790 0.9111 10.7555
v  -3.6717 0.8973 10.7598
v  -3.6787 0.9161 10.7744
v  -3.6651 0.9279 10.7541
v  -3.6664 0.9309 10.7760
v  -3.6757 0.8973 10.7904
v  -3.6839 0.9111 10.7927
v  -3.6709 0.9279 10.7975
v  -3.6505 0.9213 10.7986
v  -3.6467 0.9235 10.7787
v  -3.6452 0.9213 10.7584
v  -3.6446 0.9080 10.7276
v  -3.6676 0.9125 10.7275
v  -3.6828 0.8990 10.7371
v  -3.6742 0.8864 10.7469
v  -3.6815 0.8864 10.8023
v  -3.6923 0.8990 10.8094
v  -3.6801 0.9125 10.8226
v  -3.6579 0.9080 10.8285
v  -3.6634 0.9109 10.7579
v  -3.6639 0.8972 10.7340
v  -3.6642 0.8985 10.7581
v  -3.6659 0.8862 10.7423
v  -3.6689 0.8985 10.7939
v  -3.6749 0.8972 10.8173
v  -3.6747 0.8862 10.8088
v  -3.6682 0.9109 10.7943
v  -3.6896 0.8668 10.8144
v  -3.7042 0.8564 10.7982
v  -3.6921 0.8435 10.8276
v  -3.6924 0.8703 10.8038
v  -3.7107 0.8241 10.7702
v  -3.7081 0.8268 10.7961
v  -3.7079 0.8515 10.7864
v  -3.7004 0.8339 10.8196
v  -3.6976 0.7794 10.8075
v  -3.6827 0.7289 10.8158
v  -3.6835 0.7286 10.7738
v  -3.6700 0.6655 10.7755
v  -3.6719 0.7289 10.7334
v  -3.6548 0.6657 10.7294
v  -3.6591 0.5862 10.7770
v  -3.6431 0.5864 10.7244
v  -3.6561 0.5001 10.7775
v  -3.6572 0.5864 10.8319
v  -3.6546 0.5002 10.8349
v  -3.6493 0.5875 10.8821
v  -3.6464 0.5008 10.8892
v  -3.6994 0.7785 10.7717
v  -3.7016 0.8268 10.7458
v  -3.6885 0.7794 10.7376
v  -3.6711 0.7310 10.8599
v  -3.6673 0.6657 10.8240
v  -3.6563 0.6671 10.8720
v  -3.6574 0.4140 10.7772
v  -3.6564 0.4140 10.8380
v  -3.6398 0.5002 10.7222
v  -3.6224 0.5875 10.6780
v  -3.6318 0.6671 10.6860
v  -3.6492 0.7310 10.6939
v  -3.6665 0.7851 10.7029
v  -3.6880 0.8339 10.7252
v  -3.6972 0.8564 10.7449
v  -3.7038 0.8515 10.7552
v  -3.7095 0.8482 10.7703
v  -3.6177 0.5008 10.6719
v  -3.6408 0.4140 10.7188
v  -3.6179 0.4140 10.6684
v  -3.6789 0.8668 10.7330
v  -3.6843 0.8703 10.7424
v  -3.6778 0.8435 10.7197
v  -3.4267 0.4140 10.7434
v  -3.4413 0.3330 10.8057
v  -3.4223 0.4140 10.8082
v  -3.4447 0.3330 10.7453
v  -3.4273 0.4140 10.7444
v  -3.4631 0.4140 10.6869
v  -3.4912 0.3330 10.6858
v  -3.5244 0.4140 10.6647
v  -3.5652 0.3330 10.6625
v  -3.6248 0.3330 10.6662
v  -3.6470 0.3330 10.7173
v  -3.6615 0.3330 10.7767
v  -3.6629 0.3330 10.8378
v  -3.6548 0.3330 10.8929
v  -3.5237 0.4140 10.6624
v  -3.4623 0.4140 10.6850
v  -3.4433 0.4140 10.8697
v  -3.4603 0.3330 10.8632
v  -3.4929 0.4140 10.9169
v  -3.5206 0.3330 10.9085
v  -3.5580 0.4140 10.9228
v  -3.6474 0.4140 10.8925
v  -3.5981 0.3330 10.9119
v  -3.5582 0.4140 10.9204
v  -3.4931 0.4140 10.9148
v  -3.4437 0.4140 10.8685
v  -3.6459 0.7948 10.6680
v  -3.6528 0.7956 10.6594
v  -3.6224 0.8008 10.6488
v  -3.6717 0.7898 10.6865
v  -3.6604 0.7906 10.6931
v  -3.6590 0.7877 10.7020
v  -3.6589 0.8856 10.8238
v  -3.6794 0.8564 10.8308
v  -3.6058 0.8468 10.8557
v  -3.6854 0.8503 10.8293
v  -3.6409 0.8083 10.8644
v  -3.6696 0.7313 10.8655
v  -3.6043 0.7559 10.8909
v  -3.6523 0.6676 10.8815
v  -3.5757 0.6833 10.9082
v  -3.6431 0.5878 10.8920
v  -3.5637 0.5939 10.9196
v  -3.4849 0.6046 10.9141
v  -3.5038 0.7050 10.9044
v  -3.5447 0.7910 10.8813
v  -3.6837 0.8606 10.8241
v  -3.5058 0.8164 10.8516
v  -3.5804 0.8778 10.8304
v  -3.6491 0.9020 10.8042
v  -3.6452 0.9095 10.7789
v  -3.6656 0.9040 10.7761
v  -3.6423 0.9020 10.7533
v  -3.6467 0.8856 10.7318
v  -3.6706 0.8606 10.7252
v  -3.6649 0.8564 10.7198
v  -3.6709 0.8503 10.7198
v  -3.6190 0.8083 10.6973
v  -3.6463 0.7313 10.6889
v  -3.5693 0.8877 10.7888
v  -3.5693 0.8778 10.7458
v  -3.5872 0.8468 10.7148
v  -3.5767 0.7559 10.6812
v  -3.5216 0.7910 10.7059
v  -3.4761 0.7050 10.6942
v  -3.4408 0.7229 10.7422
v  -3.4917 0.8164 10.7447
v  -3.4368 0.7282 10.8063
v  -3.4892 0.8238 10.7994
v  -3.5446 0.6833 10.6719
v  -3.6253 0.6676 10.6778
v  -3.6138 0.5878 10.6701
v  -3.5301 0.5939 10.6640
v  -3.4553 0.6046 10.6897
v  -3.4227 0.6173 10.7420
v  -3.4183 0.6202 10.8088
v  -3.4573 0.7229 10.8673
v  -3.4146 0.5081 10.7413
v  -3.4508 0.5074 10.6849
v  -3.4145 0.4140 10.7393
v  -3.4500 0.4140 10.6821
v  -3.4143 0.3215 10.7379
v  -3.4493 0.3215 10.6773
v  -3.4139 0.2175 10.7350
v  -3.4486 0.2177 10.6721
v  -3.4136 0.1211 10.7331
v  -3.4482 0.1211 10.6684
v  -3.4133 0.0192 10.7311
v  -3.4481 0.0192 10.6671
v  -3.4260 0.0192 10.7338
v  -3.4612 0.0192 10.6729
v  -3.4092 0.5080 10.8100
v  -3.4095 0.4140 10.8099
v  -3.4095 0.3215 10.8099
v  -3.4095 0.2175 10.8099
v  -3.4095 0.1212 10.8099
v  -3.4095 0.0192 10.8099
v  -3.4224 0.0192 10.8082
v  -3.4337 0.0192 10.8850
v  -3.4452 0.0192 10.8792
v  -3.4334 0.1211 10.8830
v  -3.4331 0.2175 10.8812
v  -3.4328 0.3215 10.8783
v  -3.4326 0.4140 10.8768
v  -3.4322 0.5081 10.8748
v  -3.4399 0.6173 10.8721
v  -3.4837 0.0192 10.9378
v  -3.4949 0.0192 10.9287
v  -3.4835 0.1211 10.9365
v  -3.4830 0.2177 10.9329
v  -3.4824 0.3215 10.9276
v  -3.4817 0.4140 10.9228
v  -3.4818 0.5074 10.9199
v  -3.6667 0.8415 10.6748
v  -3.6857 0.8371 10.7009
v  -3.6709 0.8789 10.6976
v  -3.6867 0.8712 10.7173
v  -3.6428 0.8797 10.6942
v  -3.6369 0.8438 10.6669
v  -3.6691 0.7799 10.6835
v  -3.6540 0.7309 10.6780
v  -3.6385 0.6666 10.6750
v  -3.6261 0.5877 10.6729
v  -3.6188 0.5880 10.6630
v  -3.6094 0.5881 10.6609
v  -3.6244 0.6657 10.6581
v  -3.6048 0.6654 10.6491
v  -3.6022 0.7282 10.6391
v  -3.6345 0.7297 10.6529
v  -3.6038 0.7636 10.6354
v  -3.6437 0.7714 10.6525
v  -3.6629 0.8493 10.6951
v  -3.6636 0.8516 10.6963
v  -3.6550 0.7813 10.6849
v  -3.6374 0.7742 10.6623
v  -3.6660 0.8732 10.7115
v  -3.6988 0.8965 10.7640
v  -3.6990 0.8982 10.7717
v  -3.6930 0.9038 10.7602
v  -3.6958 0.8957 10.7506
v  -3.7011 0.8910 10.7580
v  -3.7033 0.8842 10.7474
v  -3.7052 0.8845 10.7562
v  -3.7105 0.8783 10.7568
v  -3.7125 0.8735 10.7486
v  -3.7185 0.8685 10.7564
v  -3.7198 0.8601 10.7516
v  -3.7232 0.8656 10.7686
v  -3.7262 0.8565 10.7682
v  -3.7243 0.8601 10.7859
v  -3.7218 0.8685 10.7816
v  -3.7181 0.8735 10.7907
v  -3.7140 0.8783 10.7833
v  -3.7094 0.8842 10.7943
v  -3.7091 0.8845 10.7853
v  -3.7046 0.8910 10.7845
v  -3.7144 0.8746 10.7617
v  -3.7174 0.8724 10.7693
v  -3.7165 0.8746 10.7776
v  -3.6962 0.9038 10.7846
v  -3.6853 0.9128 10.7736
v  -3.6934 0.9067 10.7725
v  -3.6890 0.9086 10.7900
v  -3.7014 0.8957 10.7931
v  -3.6956 0.8980 10.8018
v  -3.7071 0.8816 10.8034
v  -3.7194 0.8666 10.7982
v  -3.7008 0.8965 10.7794
v  -3.6845 0.9086 10.7568
v  -3.6879 0.8980 10.7437
v  -3.6986 0.8816 10.7392
v  -3.7118 0.8666 10.7410
v  -3.7937 0.8898 10.7845
v  -3.7507 0.8841 10.7821
v  -3.7890 0.9038 10.7941
v  -3.7466 0.8942 10.7875
v  -3.7827 0.9177 10.7933
v  -3.7431 0.9037 10.7865
v  -3.7521 0.8800 10.7749
v  -3.7948 0.8835 10.7730
v  -3.8433 0.8851 10.7779
v  -3.8419 0.8930 10.7981
v  -3.8385 0.9109 10.8146
v  -3.8201 0.9322 10.8117
v  -3.8040 0.9415 10.7888
v  -3.7772 0.9259 10.7811
v  -3.7944 0.9444 10.7592
v  -3.7721 0.9259 10.7425
v  -3.7960 0.9415 10.7282
v  -3.7733 0.9286 10.7620
v  -3.7402 0.9108 10.7789
v  -3.7384 0.9132 10.7666
v  -3.6987 0.8965 10.7639
v  -3.7370 0.9108 10.7543
v  -3.7011 0.8910 10.7579
v  -3.7378 0.9037 10.7461
v  -3.7743 0.9177 10.7293
v  -3.8056 0.9322 10.7018
v  -3.7802 0.9038 10.7269
v  -3.8226 0.9109 10.6942
v  -3.8302 0.8930 10.7093
v  -3.7872 0.8898 10.7349
v  -3.8369 0.8851 10.7284
v  -3.7912 0.8835 10.7458
v  -3.7496 0.8800 10.7550
v  -3.7463 0.8841 10.7484
v  -3.7144 0.8746 10.7616
v  -3.7105 0.8783 10.7567
v  -3.7409 0.8942 10.7443
v  -3.7052 0.8845 10.7560
v  -3.8408 0.8820 10.7531
v  -3.7936 0.8810 10.7593
v  -3.7516 0.8778 10.7649
v  -3.4614 0.1211 10.6738
v  -3.5232 0.2180 10.6542
v  -3.5227 0.1212 10.6504
v  -3.4618 0.2177 10.6772
v  -3.5238 0.3215 10.6597
v  -3.4625 0.3215 10.6823
v  -3.4264 0.2175 10.7374
v  -3.4262 0.1212 10.7357
v  -3.4224 0.1212 10.8082
v  -3.5601 0.1212 10.9346
v  -3.5596 0.2180 10.9308
v  -3.4949 0.1211 10.9279
v  -3.4944 0.2177 10.9245
v  -3.4449 0.1212 10.8774
v  -3.4447 0.2175 10.8756
v  -3.4224 0.2176 10.8082
v  -3.4269 0.3215 10.7412
v  -3.6171 0.3215 10.6620
v  -3.6158 0.2184 10.6570
v  -3.6154 0.1213 10.6535
v  -3.6151 0.0192 10.6527
v  -3.5589 0.3215 10.9253
v  -3.4937 0.3215 10.9194
v  -3.4442 0.3215 10.8717
v  -3.4224 0.3215 10.8082
v  -3.5224 0.0192 10.6485
v  -3.5604 0.0192 10.9365
v  -3.6488 0.0192 10.9085
v  -3.6489 0.1213 10.9076
v  -3.6483 0.2184 10.9042
v  -3.6484 0.3215 10.8990
v  -3.4763 0.2610 10.8011
v  -3.5224 0.2192 10.7951
v  -3.4786 0.2636 10.7437
v  -3.4935 0.2636 10.8559
v  -3.5240 0.2202 10.7456
v  -3.5000 0.2715 10.7018
v  -3.5430 0.2469 10.6765
v  -3.5909 0.2701 10.6598
v  -3.6354 0.2782 10.6645
v  -3.5316 0.2333 10.7023
v  -3.6452 0.2823 10.6858
v  -3.6536 0.2509 10.6860
v  -3.6418 0.2447 10.6645
v  -3.6084 0.2301 10.6580
v  -3.5762 0.2127 10.6664
v  -3.5645 0.2086 10.6948
v  -3.5837 0.2127 10.7233
v  -3.5774 0.2088 10.7480
v  -3.5762 0.2075 10.7879
v  -3.6269 0.2194 10.7812
v  -3.5877 0.2088 10.8263
v  -3.6342 0.2200 10.8207
v  -3.6002 0.2127 10.8484
v  -3.6692 0.2823 10.8687
v  -3.6690 0.2796 10.8362
v  -3.6648 0.2805 10.7762
v  -3.6661 0.2451 10.8242
v  -3.6598 0.2451 10.7770
v  -3.6237 0.2200 10.7412
v  -3.6214 0.2208 10.7260
v  -3.6536 0.2451 10.7297
v  -3.6549 0.2447 10.7139
v  -3.6533 0.2796 10.7173
v  -3.6358 0.2208 10.8359
v  -3.6714 0.2447 10.8390
v  -3.6773 0.2509 10.8664
v  -3.6654 0.2782 10.8919
v  -3.6236 0.2701 10.9078
v  -3.5730 0.2469 10.9041
v  -3.5249 0.2715 10.8909
v  -3.5368 0.2202 10.8423
v  -3.5553 0.2333 10.8822
v  -3.5891 0.2086 10.8810
v  -3.6077 0.2127 10.9052
v  -3.6409 0.2301 10.9051
v  -3.6715 0.2447 10.8902
v  -3.6152 0.5864 10.6659
v  -3.6081 0.1213 10.6485
v  -3.6083 0.2184 10.6522
v  -3.6091 0.3215 10.6574
v  -3.6096 0.4140 10.6622
v  -3.6080 0.5009 10.6652
v  -3.5241 0.5033 10.6601
v  -3.5233 0.4140 10.6561
v  -3.5227 0.3215 10.6510
v  -3.5220 0.2181 10.6454
v  -3.5215 0.1212 10.6411
v  -3.6076 0.0192 10.6473
v  -3.5211 0.0192 10.6386
v  -3.6458 0.4140 10.8925
v  -3.5589 0.3215 10.9242
v  -3.4948 0.3215 10.9182
v  -3.5617 0.0192 10.9464
v  -3.6430 0.0192 10.9155
v  -3.6432 0.1213 10.9143
v  -3.6424 0.2184 10.9107
v  -3.6419 0.3215 10.9055
v  -3.6410 0.4140 10.9008
v  -3.6388 0.5009 10.8983
v  -3.5590 0.5033 10.9249
v  -3.5592 0.4140 10.9289
v  -3.5600 0.3215 10.9341
v  -3.5608 0.2181 10.9397
v  -3.5613 0.1212 10.9439
v  -3.6564 0.6657 10.9008
v  -3.6543 0.5877 10.8861
v  -3.6497 0.5880 10.8975
v  -3.6656 0.6666 10.8809
v  -3.6674 0.7297 10.9033
v  -3.6799 0.7309 10.8740
v  -3.6412 0.5881 10.9020
v  -3.6398 0.6654 10.9146
v  -3.6399 0.7282 10.9249
v  -3.6424 0.7636 10.9281
v  -3.6765 0.7714 10.9013
v  -3.6930 0.7799 10.8647
v  -3.6910 0.8789 10.8506
v  -3.7012 0.8712 10.8275
v  -3.7045 0.8371 10.8436
v  -3.6930 0.8415 10.8738
v  -3.6834 0.7956 10.8921
v  -3.6648 0.8797 10.8612
v  -3.6662 0.8438 10.8891
v  -3.6569 0.8008 10.9103
v  -3.6510 0.6665 10.8970
v  -3.6454 0.5864 10.8957
v  -3.6202 0.6665 10.6633
v  -3.6305 0.7298 10.6608
v  -3.6616 0.7298 10.8967
v  -3.7860 1.2636 10.6855
v  -3.7649 1.2910 10.6973
v  -3.7673 1.2549 10.7068
v  -3.7892 1.2975 10.6720
v  -3.7803 1.3008 10.7145
v  -3.8040 1.3077 10.6874
v  -3.8182 1.2912 10.6491
v  -3.8331 1.2991 10.6528
v  -3.8525 1.2665 10.6304
v  -3.8173 1.2664 10.6541
v  -3.8361 1.2648 10.6610
v  -3.8423 1.2898 10.6644
v  -3.8214 1.2967 10.6943
v  -3.7951 1.2901 10.7258
v  -3.7693 1.2914 10.7269
v  -3.7535 1.2818 10.7084
v  -3.7549 1.2443 10.7210
v  -3.7438 1.2656 10.7231
v  -3.7413 1.2344 10.7297
v  -3.7183 1.2322 10.6996
v  -3.7161 1.2344 10.7317
v  -3.7049 1.2322 10.7066
v  -3.7013 1.2140 10.6805
v  -3.7825 1.2809 10.7410
v  -3.7518 1.2699 10.7537
v  -3.7967 1.2527 10.7236
v  -3.8143 1.2631 10.7003
v  -3.7850 1.2409 10.7391
v  -3.6946 1.2140 10.6840
v  -3.6954 1.2079 10.6715
v  -3.7115 1.2473 10.6885
v  -3.6887 1.2079 10.6750
v  -3.6982 1.2473 10.6955
v  -3.7097 1.2656 10.7224
v  -3.7085 1.2570 10.7625
v  -3.7202 1.2343 10.7615
v  -3.7501 1.2340 10.7555
v  -3.7098 1.2902 10.7523
v  -3.7358 1.2699 10.7615
v  -3.7344 1.2991 10.7543
v  -3.7134 1.3269 10.7275
v  -3.7334 1.3320 10.7328
v  -3.7324 1.3468 10.6812
v  -3.7403 1.3422 10.6828
v  -3.7255 1.3256 10.6427
v  -3.7390 1.3226 10.6834
v  -3.7210 1.3209 10.6803
v  -3.7417 1.3051 10.7102
v  -3.7138 1.3017 10.7111
v  -3.7429 1.2859 10.7212
v  -3.7114 1.2841 10.7214
v  -3.7215 1.3418 10.6809
v  -3.7508 1.2965 10.7469
v  -3.7501 1.3269 10.7258
v  -3.7295 1.2891 10.7857
v  -3.7233 1.2797 10.8030
v  -3.6981 1.2960 10.8025
v  -3.7073 1.2766 10.7857
v  -3.6883 1.2926 10.7911
v  -3.6615 1.3077 10.8009
v  -3.7001 1.3058 10.7924
v  -3.7156 1.2614 10.7936
v  -3.7284 1.2658 10.8044
v  -3.7438 1.2731 10.7818
v  -3.7600 1.2625 10.7953
v  -3.7544 1.2752 10.7777
v  -3.7868 1.2613 10.7821
v  -3.7844 1.2772 10.7650
v  -3.8156 1.2588 10.7700
v  -3.8118 1.2751 10.7536
v  -3.8491 1.2663 10.7379
v  -3.8071 1.2730 10.7318
v  -3.8407 1.2564 10.7193
v  -3.8084 1.2409 10.7308
v  -3.8403 1.2351 10.7194
v  -3.8501 1.2298 10.7499
v  -3.8761 1.2132 10.7224
v  -3.8735 1.2147 10.7138
v  -3.8771 1.2261 10.7082
v  -3.8939 1.2055 10.7106
v  -3.8798 1.2372 10.7208
v  -3.8551 1.2496 10.7534
v  -3.8191 1.2347 10.7678
v  -3.7963 1.2339 10.7808
v  -3.8839 1.2240 10.7288
v  -3.8186 1.2126 10.8214
v  -3.8053 1.2275 10.7961
v  -3.8188 1.2025 10.8119
v  -3.7748 1.2130 10.8365
v  -3.7657 1.2351 10.8178
v  -3.7723 1.2422 10.8267
v  -3.7808 1.2211 10.8418
v  -3.8063 1.2366 10.8088
v  -3.7563 1.2350 10.7958
v  -3.7868 1.1849 10.8498
v  -3.7792 1.1739 10.8451
v  -3.8262 1.1789 10.8148
v  -3.8250 1.1885 10.8236
v  -3.7452 1.2250 10.8511
v  -3.7033 1.2243 10.8499
v  -3.7097 1.2457 10.8350
v  -3.7071 1.2357 10.8278
v  -3.7222 1.2406 10.8009
v  -3.7511 1.2331 10.8303
v  -3.7455 1.2389 10.8370
v  -3.7507 1.2160 10.8476
v  -3.6987 1.2152 10.8427
v  -3.7014 1.2004 10.8570
v  -3.7448 1.1998 10.8584
v  -3.6972 1.1930 10.8545
v  -3.7504 1.1922 10.8562
v  -3.8469 0.9290 10.8193
v  -3.9003 0.9051 10.8120
v  -3.8981 0.8895 10.7968
v  -3.9467 0.9020 10.8011
v  -3.9492 0.8826 10.7891
v  -3.9881 0.8991 10.7860
v  -3.9955 0.8728 10.7735
v  -4.0179 0.8974 10.7695
v  -4.0335 0.8650 10.7579
v  -4.0437 0.8984 10.7493
v  -4.0552 0.8676 10.7451
v  -4.0493 0.8988 10.7256
v  -4.0624 0.8686 10.7239
v  -4.0499 0.8676 10.7053
v  -4.0256 0.8650 10.6985
v  -4.0378 0.8984 10.7042
v  -4.0340 0.9284 10.7276
v  -4.0284 0.9267 10.7535
v  -4.0036 0.9254 10.7753
v  -3.9769 0.9251 10.7917
v  -3.9419 0.9259 10.8056
v  -3.8997 0.9265 10.8151
v  -3.8542 0.9680 10.8216
v  -3.8391 1.0056 10.8271
v  -3.8204 0.9854 10.8214
v  -3.8605 1.0070 10.8266
v  -3.8712 0.9916 10.8240
v  -3.8971 0.9453 10.8180
v  -3.9350 0.9463 10.8096
v  -3.9673 0.9491 10.7962
v  -3.9899 0.9510 10.7798
v  -4.0109 0.9542 10.7572
v  -4.0159 0.9559 10.7300
v  -4.0220 0.9267 10.7041
v  -4.0076 0.8974 10.6914
v  -4.0040 0.9542 10.7052
v  -3.9924 0.9254 10.6895
v  -3.9744 0.8991 10.6831
v  -3.9780 0.9510 10.6886
v  -3.9623 0.9251 10.6805
v  -3.9307 0.9020 10.6792
v  -3.9849 0.8728 10.6933
v  -3.9362 0.8826 10.6901
v  -3.8848 0.8895 10.6959
v  -3.8723 1.0158 10.8281
v  -3.8721 1.0078 10.8267
v  -3.8790 0.9992 10.8245
v  -3.8921 0.9858 10.8220
v  -3.9231 0.9805 10.8131
v  -3.9555 0.9759 10.7999
v  -3.9776 0.9765 10.7828
v  -3.9938 0.9772 10.7596
v  -3.9983 0.9773 10.7323
v  -3.9869 0.9772 10.7072
v  -3.8879 0.9967 10.8240
v  -3.9244 0.9914 10.8193
v  -3.9563 0.9867 10.8064
v  -3.9785 0.9866 10.7884
v  -3.9947 0.9866 10.7595
v  -3.9992 0.9863 10.7322
v  -3.9878 0.9866 10.7070
v  -3.9652 0.9765 10.6891
v  -3.9517 0.9491 10.6787
v  -3.9249 0.9259 10.6761
v  -3.8830 0.9051 10.6808
v  -3.8295 0.9290 10.6876
v  -3.8361 0.9680 10.6835
v  -3.8199 1.0056 10.6821
v  -3.8518 0.9916 10.6767
v  -3.8519 1.0078 10.6739
v  -3.8593 0.9992 10.6742
v  -3.9646 0.9866 10.6833
v  -3.9394 0.9759 10.6781
v  -3.9172 0.9463 10.6741
v  -3.8816 0.9265 10.6778
v  -3.8783 0.9453 10.6758
v  -3.8725 0.9858 10.6732
v  -3.8679 0.9967 10.6724
v  -3.9044 0.9914 10.6675
v  -3.9047 0.9805 10.6738
v  -3.9386 0.9867 10.6716
v  -3.8408 1.0070 10.6769
v  -3.8518 1.0158 10.6725
v  -3.8414 1.0217 10.6743
v  -3.8563 1.0209 10.6700
v  -3.8509 1.0259 10.6691
v  -3.8824 1.0264 10.6680
v  -3.8771 1.0328 10.6671
v  -3.9085 1.0339 10.6746
v  -3.9031 1.0466 10.6767
v  -3.9205 1.0491 10.6927
v  -3.9373 1.0342 10.6889
v  -3.9406 1.0576 10.7159
v  -3.9606 1.0344 10.7104
v  -3.9437 1.0210 10.6884
v  -3.9646 1.0216 10.7099
v  -3.9493 1.0114 10.6891
v  -3.9681 1.0125 10.7095
v  -3.8731 1.0547 10.6681
v  -3.8561 1.0699 10.6662
v  -3.9524 1.0023 10.6891
v  -3.9238 1.0021 10.6761
v  -3.9199 1.0099 10.6750
v  -3.9145 1.0200 10.6742
v  -3.8877 1.0155 10.6692
v  -3.8600 1.0129 10.6707
v  -3.8913 1.0076 10.6704
v  -4.0441 1.0334 10.7263
v  -4.0721 1.0357 10.7142
v  -4.0434 1.0357 10.7218
v  -4.0423 1.0490 10.7144
v  -4.0153 1.0357 10.7261
v  -4.0116 1.0478 10.7195
v  -3.9884 1.0357 10.7286
v  -3.9833 1.0453 10.7206
v  -3.9791 1.0673 10.7247
v  -3.9520 1.0692 10.7287
v  -3.9273 1.0760 10.7339
v  -4.0719 1.0486 10.7055
v  -4.1054 1.0427 10.7052
v  -4.1070 1.0356 10.7109
v  -4.0743 1.0334 10.7223
v  -4.1090 1.0334 10.7177
v  -4.1089 1.0356 10.7249
v  -4.1349 1.0335 10.7143
v  -4.1070 1.0576 10.7057
v  -4.0774 1.0715 10.7080
v  -4.0426 1.0737 10.7181
v  -4.0117 1.0712 10.7225
v  -4.1280 1.0441 10.7152
v  -3.9808 1.0735 10.7346
v  -3.9565 1.0749 10.7378
v  -4.0130 1.0773 10.7304
v  -4.0438 1.0811 10.7263
v  -4.0850 1.0775 10.7210
v  -4.1150 1.0617 10.7169
v  -4.1102 1.0576 10.7299
v  -4.1088 1.0427 10.7308
v  -4.0742 1.0357 10.7307
v  -4.0809 1.0715 10.7353
v  -4.0448 1.0737 10.7347
v  -4.0138 1.0712 10.7383
v  -3.9817 1.0673 10.7447
v  -3.9545 1.0692 10.7478
v  -3.9361 1.0778 10.7405
v  -3.9293 1.0760 10.7492
v  -3.9217 1.0881 10.7424
v  -3.9190 1.0878 10.7444
v  -3.9172 1.0928 10.7430
v  -3.9166 1.0927 10.7441
v  -3.9201 1.1039 10.7441
v  -4.0454 1.0490 10.7383
v  -3.9218 1.1163 10.7468
v  -3.9295 1.1092 10.7530
v  -3.9326 1.1316 10.7868
v  -3.9194 1.1447 10.7853
v  -3.9221 1.1357 10.7643
v  -3.9341 1.1167 10.7652
v  -3.9230 1.1262 10.7529
v  -3.9165 1.1152 10.7432
v  -3.9196 1.1042 10.7427
v  -3.9196 1.1039 10.7412
v  -3.9164 1.0927 10.7422
v  -3.9186 1.0878 10.7412
v  -3.9206 1.1163 10.7382
v  -3.9265 1.1092 10.7302
v  -3.9208 1.1316 10.6968
v  -3.9165 1.1357 10.7212
v  -3.9084 1.1447 10.7016
v  -3.9278 1.1167 10.7172
v  -3.9203 1.1262 10.7320
v  -3.8309 1.0975 10.6647
v  -3.8078 1.1193 10.6762
v  -3.8173 1.0971 10.6694
v  -3.8465 1.1215 10.6662
v  -3.8514 1.1528 10.6799
v  -3.8729 1.1414 10.6712
v  -3.8730 1.1576 10.6919
v  -3.8945 1.1465 10.6844
v  -3.8898 1.1566 10.7084
v  -3.8988 1.1530 10.7253
v  -3.9078 1.1356 10.7443
v  -3.9041 1.1530 10.7648
v  -3.8997 1.1566 10.7836
v  -3.7382 1.2005 10.7242
v  -3.7525 1.1632 10.7092
v  -3.7644 1.2004 10.7166
v  -3.7844 1.1632 10.6956
v  -3.7687 1.1166 10.6931
v  -3.7764 1.0939 10.6893
v  -3.7843 1.0710 10.6884
v  -3.8274 1.0749 10.6676
v  -3.8544 1.0927 10.6607
v  -3.8668 1.1211 10.6628
v  -3.8824 1.1336 10.6672
v  -3.9061 1.1386 10.6818
v  -3.8252 1.1643 10.6901
v  -3.7957 1.2008 10.7123
v  -3.7941 1.0234 10.6882
v  -3.7878 1.0627 10.6852
v  -3.7991 1.0620 10.6765
v  -3.8101 1.0316 10.6809
v  -3.8457 1.0318 10.6685
v  -3.8184 1.0330 10.6787
v  -3.8033 0.9854 10.6925
v  -4.0512 0.8544 10.7412
v  -4.0558 0.8519 10.7247
v  -3.9466 0.8729 10.7646
v  -3.9950 0.8623 10.7563
v  -4.0319 0.8529 10.7485
v  -4.0277 0.8485 10.7284
v  -4.0471 0.8544 10.7101
v  -4.0265 0.8529 10.7081
v  -3.9889 0.8623 10.7100
v  -3.9917 0.8580 10.7332
v  -3.9432 0.8691 10.7395
v  -3.8901 0.8776 10.7465
v  -3.8945 0.8810 10.7727
v  -3.8875 0.8810 10.7202
v  -3.9399 0.8729 10.7145
v  -3.9443 0.9586 10.7965
v  -3.9127 0.9571 10.8044
v  -3.9060 0.9322 10.7445
v  -3.8815 0.9553 10.8108
v  -3.8358 0.9392 10.7538
v  -3.9628 0.9910 10.7808
v  -3.9657 0.9603 10.7811
v  -3.9821 0.9626 10.7585
v  -3.9630 0.9409 10.7370
v  -3.9295 0.9586 10.6843
v  -3.8969 0.9571 10.6850
v  -3.8652 0.9553 10.6867
v  -3.8250 0.9881 10.7552
v  -3.8777 1.0038 10.8176
v  -3.9114 0.9977 10.8087
v  -3.9424 0.9918 10.7980
v  -3.9541 0.9603 10.6937
v  -3.8781 1.0154 10.8137
v  -3.8276 1.0481 10.7548
v  -3.9120 0.9980 10.8096
v  -3.9779 0.9910 10.7583
v  -3.9820 0.9634 10.7345
v  -3.9758 0.9626 10.7113
v  -3.9515 0.9910 10.6946
v  -3.9273 0.9918 10.6833
v  -3.8946 0.9977 10.6811
v  -3.8597 1.0038 10.6812
v  -3.8611 1.0154 10.6849
v  -3.8966 1.0555 10.7457
v  -3.9077 1.0215 10.8049
v  -3.8950 0.9980 10.6800
v  -3.9822 0.9907 10.7345
v  -3.9719 0.9910 10.7125
v  -3.8920 1.0215 10.6858
v  -3.9230 1.0199 10.6916
v  -3.9513 1.0459 10.7385
v  -3.9457 1.0208 10.7032
v  -3.9551 1.0208 10.7741
v  -3.9647 1.0212 10.7555
v  -3.9361 1.0199 10.7912
v  -3.9404 0.9921 10.7970
v  -3.9626 0.9916 10.7793
v  -3.9744 0.9911 10.7585
v  -3.9694 1.0217 10.7361
v  -3.9599 1.0212 10.7186
v  -3.9685 0.9911 10.7132
v  -3.9516 0.9916 10.6962
v  -3.9256 0.9921 10.6848
v  -3.9797 0.9909 10.7348
v  -3.7478 1.1632 10.7385
v  -3.7700 1.1159 10.7624
v  -3.7653 1.1162 10.7293
v  -3.7518 1.1632 10.7648
v  -3.7547 1.1632 10.7912
v  -3.7741 1.1162 10.7956
v  -3.7766 1.0937 10.7616
v  -3.7818 1.0934 10.7967
v  -3.7820 1.0695 10.7608
v  -3.7888 1.0695 10.7962
v  -3.7879 1.0339 10.7601
v  -3.7972 1.0337 10.7948
v  -3.7933 0.9858 10.7593
v  -3.8035 0.9856 10.7928
v  -3.7945 0.9856 10.7243
v  -3.7879 1.0337 10.7241
v  -3.7795 1.0695 10.7249
v  -3.7725 1.0934 10.7263
v  -3.7393 1.2006 10.7861
v  -3.7492 1.2005 10.8075
v  -3.7669 1.1632 10.8183
v  -3.7868 1.1166 10.8298
v  -3.7952 1.0939 10.8313
v  -3.8030 1.0710 10.8301
v  -3.8126 1.0234 10.8279
v  -3.7342 1.2006 10.7475
v  -3.7363 1.2008 10.7668
v  -3.9289 0.9952 10.6756
v  -3.8948 0.9999 10.6718
v  -3.8630 1.0050 10.6717
v  -3.8957 1.0002 10.6717
v  -3.9280 0.9952 10.6769
v  -3.8805 1.0129 10.8277
v  -3.8834 1.0050 10.8260
v  -3.9111 1.0076 10.8199
v  -3.9149 1.0002 10.8175
v  -3.9409 1.0021 10.8060
v  -3.9448 0.9952 10.8041
v  -3.9652 1.0023 10.7859
v  -3.9686 0.9951 10.7845
v  -3.9781 1.0023 10.7618
v  -3.9816 0.9952 10.7613
v  -3.9837 1.0021 10.7342
v  -3.9870 0.9949 10.7338
v  -3.9747 0.9952 10.7087
v  -3.9712 1.0023 10.7091
v  -3.9561 0.9951 10.6896
v  -3.9140 0.9999 10.8176
v  -3.9460 0.9952 10.8050
v  -3.9679 0.9951 10.7858
v  -3.9839 0.9951 10.7609
v  -3.9884 0.9949 10.7336
v  -3.9770 0.9951 10.7084
v  -3.9551 0.9951 10.6886
v  -3.9222 1.1035 10.7355
v  -3.9184 1.0928 10.7447
v  -3.9239 1.1035 10.7490
v  -3.9189 1.0870 10.7458
v  -3.9239 1.0624 10.7645
v  -3.9469 1.0576 10.7632
v  -3.9223 1.0753 10.7521
v  -3.8918 1.0611 10.8209
v  -3.8940 1.0547 10.8269
v  -3.8800 1.0703 10.8277
v  -3.9167 1.0547 10.8057
v  -3.9208 1.0466 10.8108
v  -3.9334 1.0491 10.7908
v  -3.9234 1.0565 10.7876
v  -3.9344 1.0561 10.7755
v  -3.8078 1.2008 10.8042
v  -3.8013 1.1632 10.8232
v  -3.7764 1.2004 10.8081
v  -3.8421 1.1643 10.8180
v  -3.8288 1.1193 10.8359
v  -3.8700 1.1528 10.8211
v  -3.8653 1.1640 10.8010
v  -3.8878 1.1576 10.8038
v  -3.8807 1.1632 10.7692
v  -3.8882 1.1632 10.7468
v  -3.8752 1.1632 10.7272
v  -3.8520 1.1640 10.7004
v  -3.8292 1.2011 10.7919
v  -3.8442 1.2008 10.7698
v  -3.8516 1.2009 10.7516
v  -3.8397 1.2008 10.7360
v  -3.8195 1.2011 10.7187
v  -3.9044 1.1296 10.6828
v  -3.9166 1.1258 10.6981
v  -3.9245 1.1100 10.7165
v  -3.8501 1.0749 10.8390
v  -3.8981 1.0328 10.8268
v  -3.8674 1.0318 10.8335
v  -3.8298 1.0316 10.8308
v  -3.8204 1.0620 10.8379
v  -3.8071 1.0627 10.8323
v  -3.9777 1.0221 10.7350
v  -3.9716 1.0216 10.7627
v  -3.9757 1.0306 10.7353
v  -3.9676 1.0344 10.7632
v  -3.9570 1.0210 10.7890
v  -3.9506 1.0342 10.7901
v  -3.9324 1.0200 10.8101
v  -3.9265 1.0339 10.8114
v  -3.9030 1.0264 10.8245
v  -3.8723 1.0259 10.8316
v  -3.8385 1.0330 10.8307
v  -3.8618 1.0217 10.8290
v  -3.8773 1.0209 10.8292
v  -3.9078 1.0155 10.8219
v  -3.9374 1.0099 10.8080
v  -3.9621 1.0114 10.7868
v  -3.9750 1.0125 10.7622
v  -3.9811 1.0129 10.7346
v  -4.0446 1.0357 10.7308
v  -4.0164 1.0357 10.7340
v  -4.0145 1.0478 10.7413
v  -3.9869 1.0453 10.7475
v  -3.9896 1.0357 10.7385
v  -3.9897 1.0334 10.7335
v  -4.0177 1.0334 10.7298
v  -4.0763 1.0486 10.7392
v  -3.8779 1.0927 10.8388
v  -3.8781 1.0699 10.8330
v  -3.8398 1.0971 10.8400
v  -3.8542 1.0975 10.8410
v  -3.8689 1.1215 10.8355
v  -3.8893 1.1211 10.8336
v  -3.8930 1.1414 10.8238
v  -3.9032 1.1336 10.8253
v  -3.9104 1.1465 10.8055
v  -3.9224 1.1386 10.8050
v  -3.9283 1.1258 10.7866
v  -3.9311 1.1100 10.7668
v  -3.9205 1.1296 10.8045
v  -3.8004 1.0446 10.8580
v  -3.8114 1.0202 10.8597
v  -3.7903 1.0234 10.8760
v  -3.7758 1.0412 10.8802
v  -3.7723 1.0606 10.8742
v  -3.7886 1.0689 10.8568
v  -3.7926 1.0433 10.8422
v  -3.7808 1.0677 10.8410
v  -3.7652 1.0594 10.8580
v  -3.7687 1.0400 10.8639
v  -3.7833 1.0221 10.8598
v  -3.8043 1.0190 10.8435
v  -3.9280 1.1055 10.7545
v  -3.9247 1.1055 10.7291
v  -3.9181 1.0870 10.7398
v  -3.9198 1.0753 10.7329
v  -3.9181 1.0624 10.7205
v  -3.7822 1.0190 10.6753
v  -3.7847 1.0202 10.6577
v  -3.7576 1.0221 10.6649
v  -3.7602 1.0234 10.6473
v  -3.7450 1.0412 10.6472
v  -3.7425 1.0400 10.6647
v  -3.7433 1.0606 10.6538
v  -3.7407 1.0594 10.6714
v  -3.7636 1.0689 10.6664
v  -3.7600 1.0677 10.6837
v  -3.7214 1.2372 10.7572
v  -3.7226 1.2341 10.7442
v  -3.7453 1.2459 10.7461
v  -3.7424 1.2392 10.7345
v  -3.7590 1.2402 10.7334
v  -3.7461 1.2489 10.7518
v  -3.7709 1.2431 10.7379
v  -3.7801 1.2465 10.7488
v  -3.7868 1.2495 10.7602
v  -3.7832 1.2465 10.7729
v  -3.7772 1.2431 10.7859
v  -3.7668 1.2402 10.7933
v  -3.7506 1.2392 10.7965
v  -3.7289 1.2341 10.7923
v  -3.7245 1.2372 10.7801
v  -3.7226 1.2401 10.7687
v  -3.7468 1.2519 10.7573
v  -3.7478 1.2549 10.7654
v  -3.7489 1.2519 10.7734
v  -3.7497 1.2489 10.7789
v  -3.7504 1.2459 10.7845
v  -3.7746 1.0446 10.6622
v  -3.7711 1.0433 10.6794
v  -3.9179 1.0928 10.7411
v  -3.9116 1.0565 10.6983
v  -3.9254 1.0561 10.7072
v  -3.9006 1.0547 10.6826
v  -3.8725 1.0611 10.6744
v  -3.8592 1.0703 10.6709
v  -3.6648 0.9135 10.7762
v  -3.6747 0.7948 10.8857
v  -3.6821 0.7906 10.8576
v  -3.6791 0.7813 10.8670
v  -3.6678 0.7742 10.8935
v  -3.5242 0.3215 10.6608
v  -3.6164 0.4140 10.6689
v  -3.4638 0.3215 10.6832
v  -3.6844 0.8516 10.8538
v  -3.6840 0.8493 10.8551
v  -3.6827 0.8732 10.8384
v  -3.7276 1.2845 10.7666
v  -3.6987 1.3012 10.7806
v  -3.6874 1.2397 10.7962
v  -3.6902 1.2314 10.8044
v  -3.6764 1.2196 10.7941
v  -3.6811 1.2147 10.8006
v  -3.6692 1.1923 10.7826
v  -3.6726 1.1852 10.7881
v  -3.6772 1.1900 10.7557
v  -3.6840 1.1835 10.7533
v  -3.6850 1.2146 10.7632
v  -3.6940 1.2312 10.7649
v  -3.6905 1.2397 10.7679
v  -3.6795 1.2196 10.7661
v  -3.7108 0.8521 10.7527
v  -3.7170 0.8484 10.7694
v  -3.7154 0.8521 10.7871
v  -3.7098 0.8584 10.7999
v  -3.6972 0.8732 10.8058
v  -3.6856 0.8913 10.8041
v  -3.6792 0.9039 10.7914
v  -3.6758 0.9088 10.7748
v  -3.6748 0.9039 10.7579
v  -3.6777 0.8913 10.7440
v  -3.6885 0.8732 10.7393
v  -3.7022 0.8584 10.7417
v  -3.6986 0.8816 10.7391
v  -3.6880 0.8980 10.7436
v  -3.6846 0.9086 10.7567
v  -3.9181 1.1479 10.6688
v  -3.8906 1.1339 10.6521
v  -3.9148 1.1311 10.6716
v  -3.8911 1.1496 10.6507
v  -3.9061 1.1386 10.6814
v  -3.9325 1.1378 10.6937
v  -3.9284 1.1220 10.6935
v  -3.8824 1.1394 10.6666
v  -3.8594 1.1384 10.6559
v  -3.8627 1.1452 10.6456
v  -3.8614 1.1318 10.6567
v  -3.8829 1.1300 10.6684
v  -3.9370 1.1197 10.7189
v  -3.9322 1.1099 10.7168
v  -3.9207 1.1316 10.6964
v  -3.9047 1.1296 10.6820
v  -3.8644 1.1342 10.6469
v  -3.8382 1.1350 10.6471
v  -3.8341 1.1338 10.6490
v  -3.9188 1.1218 10.6985
v  -3.9278 1.1167 10.7168
v  -3.9244 1.1100 10.7161
v  -3.9246 1.1055 10.7287
v  -3.9264 1.1092 10.7299
v  -3.9341 1.1083 10.7345
v  -3.9314 1.1029 10.7337
v  -3.9322 1.1039 10.7375
v  -3.9330 1.1074 10.7371
v  -3.9365 1.1076 10.7398
v  -3.9377 1.1113 10.7399
v  -3.9354 1.1109 10.7404
v  -3.9353 1.1078 10.7399
v  -3.9266 1.1051 10.7375
v  -3.9288 1.1075 10.7393
v  -3.9339 1.1074 10.7441
v  -3.9377 1.1113 10.7403
v  -3.9332 1.1029 10.7480
v  -3.9384 1.1099 10.7641
v  -3.9276 1.1051 10.7455
v  -3.9293 1.1075 10.7432
v  -3.9357 1.1083 10.7465
v  -3.9355 1.1078 10.7409
v  -3.9331 1.1039 10.7441
v  -3.9366 1.1076 10.7408
v  -3.9425 1.1197 10.7608
v  -3.9302 1.1218 10.7852
v  -3.9408 1.1220 10.7875
v  -3.9209 1.1296 10.8048
v  -3.9334 1.1311 10.8122
v  -3.9034 1.1300 10.8236
v  -3.9447 1.1378 10.7864
v  -3.9034 1.1394 10.8255
v  -3.8856 1.1318 10.8404
v  -3.8839 1.1384 10.8418
v  -3.9150 1.1339 10.8373
v  -3.8910 1.1342 10.8492
v  -3.8658 1.1350 10.8557
v  -3.8612 1.1338 10.8549
v  -3.8897 1.1452 10.8507
v  -3.9159 1.1496 10.8385
v  -3.9372 1.1479 10.8141
v  -3.8813 1.0922 10.8331
v  -3.8860 1.1004 10.7824
v  -3.9040 1.1248 10.8219
v  -3.8769 1.1004 10.7131
v  -3.8592 1.0922 10.6653
v  -3.8840 1.1248 10.6703
v  -3.8899 1.1159 10.8298
v  -3.8683 1.1159 10.6662
v  -3.8230 0.9682 10.7202
v  -3.8189 0.9592 10.7560
v  -3.8343 0.9591 10.7253
v  -3.8959 0.9680 10.7089
v  -3.8345 0.9773 10.7252
v  -3.8969 0.9771 10.7157
v  -3.9278 0.9766 10.7218
v  -3.9376 0.9674 10.7160
v  -3.9495 0.9765 10.7388
v  -3.9642 0.9673 10.7368
v  -3.8322 0.9682 10.7895
v  -3.8417 0.9591 10.7816
v  -3.8967 0.9589 10.7157
v  -3.9276 0.9584 10.7219
v  -3.9493 0.9583 10.7388
v  -3.9440 0.9674 10.7638
v  -3.9329 0.9766 10.7607
v  -3.9046 0.9771 10.7746
v  -3.8419 0.9773 10.7816
v  -3.8191 0.9774 10.7559
v  -3.8041 0.9684 10.7579
v  -3.9054 0.9680 10.7813
v  -3.9327 0.9584 10.7608
v  -3.9044 0.9589 10.7746
v  -3.8535 0.9496 10.7975
v  -3.8747 0.9855 10.8035
v  -3.9041 0.9495 10.7920
v  -3.9107 0.9855 10.8002
v  -3.9332 0.9495 10.7860
v  -3.9392 0.9855 10.7901
v  -3.9549 0.9495 10.7708
v  -3.9607 0.9855 10.7736
v  -3.9678 0.9495 10.7535
v  -3.9734 0.9855 10.7547
v  -3.9694 0.9495 10.7361
v  -3.9748 0.9846 10.7351
v  -3.9684 0.9855 10.7171
v  -3.9633 0.9495 10.7197
v  -3.9513 0.9855 10.7021
v  -3.9464 0.9495 10.7064
v  -3.9262 0.9855 10.6917
v  -3.9215 0.9495 10.6973
v  -3.8960 0.9855 10.6894
v  -3.8918 0.9495 10.6990
v  -3.8604 0.9855 10.6956
v  -3.8416 0.9496 10.7068
v  -3.8427 0.9496 10.7157
v  -3.8619 0.9855 10.7062
v  -3.8901 0.9495 10.7085
v  -3.8945 0.9855 10.7007
v  -3.9203 0.9495 10.7076
v  -3.9251 0.9855 10.7031
v  -3.9416 0.9495 10.7147
v  -3.9467 0.9855 10.7113
v  -3.9546 0.9495 10.7242
v  -3.9597 0.9855 10.7220
v  -3.9599 0.9495 10.7374
v  -3.9653 0.9855 10.7367
v  -3.9638 0.9855 10.7522
v  -3.9582 0.9495 10.7514
v  -3.9539 0.9855 10.7660
v  -3.9481 0.9495 10.7640
v  -3.9351 0.9855 10.7794
v  -3.9293 0.9495 10.7763
v  -3.9063 0.9855 10.7898
v  -3.9000 0.9495 10.7833
v  -3.8733 0.9855 10.7929
v  -3.8522 0.9496 10.7886
v  -3.8678 0.9874 10.7895
v  -3.8691 0.9874 10.7990
v  -3.9075 0.9874 10.7847
v  -3.9110 0.9874 10.7941
v  -3.9326 0.9874 10.7851
v  -3.9293 0.9874 10.7756
v  -3.9489 0.9874 10.7709
v  -3.9435 0.9874 10.7641
v  -3.9583 0.9874 10.7544
v  -3.9508 0.9874 10.7521
v  -3.9591 0.9874 10.7375
v  -3.9518 0.9874 10.7384
v  -3.9474 0.9874 10.7255
v  -3.9539 0.9874 10.7213
v  -3.9371 0.9874 10.7158
v  -3.9405 0.9874 10.7079
v  -3.9205 0.9874 10.7084
v  -3.9212 0.9874 10.6983
v  -3.8970 0.9874 10.7053
v  -3.8980 0.9874 10.6952
v  -3.8562 0.9874 10.7014
v  -3.8575 0.9874 10.7110
v  -3.8473 1.0237 10.7056
v  -3.9044 1.0253 10.7024
v  -3.9280 1.0253 10.7073
v  -3.9447 1.0253 10.7148
v  -3.9548 1.0253 10.7245
v  -3.9593 1.0253 10.7374
v  -3.9584 1.0253 10.7511
v  -3.9510 1.0253 10.7631
v  -3.9370 1.0253 10.7746
v  -3.9153 1.0253 10.7854
v  -3.8593 1.0237 10.7972
v  -3.9188 1.0253 10.7953
v  -3.8609 1.0237 10.8084
v  -3.9402 1.0253 10.7841
v  -3.9564 1.0253 10.7699
v  -3.9658 1.0253 10.7534
v  -3.9666 1.0253 10.7365
v  -3.9615 1.0253 10.7202
v  -3.9481 1.0253 10.7069
v  -3.9288 1.0253 10.6974
v  -3.9052 1.0253 10.6920
v  -3.8458 1.0237 10.6944
v  -3.8469 1.0783 10.7839
v  -3.8462 1.0844 10.7779
v  -3.8451 1.0927 10.7924
v  -3.8460 1.0927 10.7758
v  -3.8462 1.1010 10.7779
v  -3.8525 1.0927 10.7604
v  -3.8530 1.0771 10.7645
v  -3.8544 1.0657 10.7758
v  -3.8479 1.0761 10.7921
v  -3.8562 1.0615 10.7910
v  -3.8469 1.1071 10.7839
v  -3.8530 1.1083 10.7645
v  -3.8638 1.0927 10.7482
v  -3.8646 1.0717 10.7537
v  -3.8664 1.0563 10.7688
v  -3.8689 1.0507 10.7895
v  -3.8715 1.0563 10.8101
v  -3.8581 1.0657 10.8064
v  -3.8490 1.0783 10.8002
v  -3.8479 1.1093 10.7921
v  -3.8544 1.1197 10.7758
v  -3.8646 1.1137 10.7537
v  -3.8788 1.0927 10.7406
v  -3.8795 1.0688 10.7469
v  -3.8816 1.0513 10.7641
v  -3.8845 1.0449 10.7876
v  -3.8874 1.0513 10.8110
v  -3.8894 1.0688 10.8282
v  -3.8733 1.0717 10.8253
v  -3.8595 1.0771 10.8175
v  -3.8497 1.0844 10.8062
v  -3.8795 1.1166 10.7469
v  -3.8664 1.1291 10.7688
v  -3.8816 1.1341 10.7641
v  -3.8689 1.1348 10.7895
v  -3.8845 1.1405 10.7876
v  -3.8562 1.1239 10.7910
v  -3.9039 1.0513 10.8091
v  -3.9010 1.0449 10.7855
v  -3.8981 1.0513 10.7621
v  -3.8960 1.0688 10.7449
v  -3.8952 1.0927 10.7386
v  -3.8960 1.1166 10.7449
v  -3.8981 1.1341 10.7621
v  -3.9010 1.1405 10.7855
v  -3.9039 1.1341 10.8091
v  -3.8874 1.1341 10.8110
v  -3.9166 1.0507 10.7837
v  -3.9140 1.0563 10.7630
v  -3.9122 1.0717 10.7479
v  -3.9115 1.0927 10.7424
v  -3.9122 1.1137 10.7479
v  -3.9140 1.1291 10.7630
v  -3.9166 1.1348 10.7837
v  -3.9261 1.1083 10.7555
v  -3.9255 1.0927 10.7514
v  -3.9274 1.1197 10.7668
v  -3.9293 1.1239 10.7820
v  -3.9191 1.1291 10.8043
v  -3.9061 1.1166 10.8262
v  -3.8894 1.1166 10.8282
v  -3.8715 1.1291 10.8101
v  -3.8733 1.1137 10.8253
v  -3.8581 1.1197 10.8064
v  -3.8595 1.1083 10.8175
v  -3.8490 1.1071 10.8002
v  -3.8497 1.1010 10.8062
v  -3.9210 1.1137 10.8194
v  -3.9312 1.1197 10.7974
v  -3.9326 1.1083 10.8086
v  -3.9358 1.1010 10.7670
v  -3.9365 1.1071 10.7729
v  -3.9376 1.0761 10.7811
v  -3.9385 1.0783 10.7892
v  -3.9405 1.0927 10.7807
v  -3.9365 1.0783 10.7729
v  -3.9358 1.0844 10.7670
v  -3.9261 1.0771 10.7555
v  -3.9355 1.0927 10.7647
v  -3.9376 1.1093 10.7811
v  -3.9385 1.1071 10.7892
v  -3.9393 1.1010 10.7952
v  -3.9331 1.0927 10.8127
v  -3.9396 1.0927 10.7973
v  -3.9393 1.0844 10.7952
v  -3.9326 1.0771 10.8086
v  -3.9312 1.0657 10.7974
v  -3.9293 1.0615 10.7820
v  -3.9274 1.0657 10.7668
v  -3.9210 1.0717 10.8194
v  -3.9068 1.0927 10.8325
v  -3.9217 1.0927 10.8250
v  -3.9061 1.0688 10.8262
v  -3.8902 1.0927 10.8345
v  -3.9191 1.0563 10.8043
v  -3.8740 1.0927 10.8308
v  -3.8600 1.0927 10.8217
v  -3.8500 1.0927 10.8084
v  -3.9264 1.1010 10.6876
v  -3.9166 1.1083 10.6762
v  -3.9161 1.0927 10.6720
v  -3.9271 1.1070 10.6935
v  -3.9180 1.1197 10.6874
v  -3.9281 1.0761 10.7017
v  -3.9291 1.0783 10.7098
v  -3.9310 1.0927 10.7014
v  -3.9271 1.0783 10.6935
v  -3.9264 1.0844 10.6876
v  -3.9166 1.0771 10.6762
v  -3.9261 1.0927 10.6854
v  -3.9281 1.1093 10.7017
v  -3.9198 1.1239 10.7026
v  -3.9218 1.1197 10.7180
v  -3.9291 1.1070 10.7098
v  -3.9231 1.1083 10.7292
v  -3.9299 1.1010 10.7158
v  -3.9237 1.0927 10.7333
v  -3.9301 1.0927 10.7180
v  -3.9299 1.0844 10.7158
v  -3.9231 1.0771 10.7292
v  -3.9218 1.0657 10.7180
v  -3.9198 1.0615 10.7026
v  -3.9180 1.0657 10.6874
v  -3.8571 1.1291 10.6895
v  -3.8450 1.1197 10.6963
v  -3.8551 1.1137 10.6744
v  -3.8701 1.1166 10.6676
v  -3.8722 1.1341 10.6847
v  -3.8693 1.0927 10.6613
v  -3.8595 1.1347 10.7101
v  -3.8749 1.1411 10.7082
v  -3.8469 1.1239 10.7117
v  -3.8385 1.1093 10.7127
v  -3.8780 1.1341 10.7316
v  -3.8621 1.1291 10.7307
v  -3.8487 1.1197 10.7270
v  -3.8396 1.1070 10.7208
v  -3.8358 1.0927 10.7130
v  -3.8945 1.0513 10.7296
v  -3.8780 1.0513 10.7316
v  -3.8800 1.0688 10.7488
v  -3.8916 1.0449 10.7061
v  -3.8751 1.0449 10.7082
v  -3.8887 1.0513 10.6827
v  -3.8722 1.0513 10.6847
v  -3.8867 1.0688 10.6655
v  -3.8701 1.0688 10.6676
v  -3.8859 1.0927 10.6592
v  -3.8867 1.1166 10.6655
v  -3.8887 1.1341 10.6827
v  -3.8917 1.1411 10.7062
v  -3.8945 1.1341 10.7296
v  -3.9072 1.0507 10.7043
v  -3.9046 1.0563 10.6836
v  -3.9028 1.0717 10.6685
v  -3.9021 1.0927 10.6630
v  -3.9028 1.1137 10.6685
v  -3.9046 1.1291 10.6836
v  -3.9072 1.1347 10.7043
v  -3.9097 1.1291 10.7249
v  -3.8967 1.1166 10.7468
v  -3.8800 1.1166 10.7488
v  -3.8639 1.1137 10.7458
v  -3.8501 1.1083 10.7381
v  -3.8403 1.1010 10.7268
v  -3.9116 1.1137 10.7400
v  -3.8406 1.0927 10.7290
v  -3.8403 1.0844 10.7268
v  -3.8506 1.0927 10.7423
v  -3.8501 1.0771 10.7381
v  -3.8646 1.0927 10.7514
v  -3.8639 1.0717 10.7458
v  -3.8808 1.0927 10.7551
v  -3.8967 1.0688 10.7468
v  -3.9097 1.0563 10.7249
v  -3.9116 1.0717 10.7400
v  -3.8974 1.0927 10.7531
v  -3.9122 1.0927 10.7455
v  -3.8376 1.0783 10.7045
v  -3.8368 1.0844 10.6985
v  -3.8365 1.0927 10.6964
v  -3.8368 1.1010 10.6985
v  -3.8431 1.0927 10.6811
v  -3.8436 1.0771 10.6851
v  -3.8450 1.0657 10.6963
v  -3.8385 1.0761 10.7127
v  -3.8469 1.0615 10.7117
v  -3.8376 1.1070 10.7045
v  -3.8436 1.1083 10.6851
v  -3.8545 1.0927 10.6688
v  -3.8551 1.0717 10.6744
v  -3.8571 1.0563 10.6895
v  -3.8595 1.0507 10.7101
v  -3.8621 1.0563 10.7307
v  -3.8487 1.0657 10.7270
v  -3.8396 1.0783 10.7208
# 1405 vertices

vn 0.4034 -0.9005 0.1621
vn -0.7193 -0.4221 0.5518
vn -0.7029 0.1960 0.6838
vn -0.4453 -0.3786 0.8114
vn -0.7717 0.2325 0.5920
vn -0.3712 0.9276 -0.0420
vn -0.1835 0.9729 0.1408
vn -0.8990 -0.3786 0.2199
vn -0.8426 0.1960 0.5017
vn -0.0556 0.9276 0.3694
vn 0.4197 0.9075 0.0181
vn 0.2769 0.9371 -0.2124
vn 0.0913 0.9075 -0.4100
vn 0.6427 0.1153 -0.7574
vn -0.5413 0.8363 -0.0873
vn -0.6374 0.2129 0.7406
vn -0.3294 -0.2804 0.9016
vn -0.9562 -0.2804 0.0845
vn -0.8804 0.2129 0.4237
vn -0.0560 0.8363 0.5454
vn 0.8981 0.1153 -0.4245
vn 0.7338 -0.5870 -0.3419
vn 0.5768 -0.8142 -0.0662
vn 0.7643 -0.4885 -0.4209
vn 0.7145 -0.0904 -0.6938
vn 0.7105 -0.1646 -0.6842
vn 0.8552 -0.0904 -0.5103
vn 0.6046 -0.4885 -0.6292
vn 0.8449 -0.1646 -0.5089
vn 0.5203 -0.5870 -0.6202
vn 0.2133 -0.8142 -0.5399
vn -0.2520 0.4523 0.8555
vn -0.3765 0.2486 0.8924
vn -0.1760 0.2563 0.9504
vn -0.2759 0.5263 0.8043
vn -0.2643 0.5445 0.7960
vn -0.7890 -0.1055 0.6052
vn -0.5447 -0.0547 0.8368
vn -0.5746 0.0785 0.8147
vn -0.3010 0.0995 0.9484
vn -0.4263 -0.1492 0.8922
vn -0.5460 -0.2111 0.8108
vn -0.5721 -0.2241 0.7890
vn -0.7678 -0.2524 0.5889
vn -0.7801 -0.1824 0.5984
vn -0.9103 -0.2241 0.3482
vn -0.9176 -0.1618 0.3632
vn -0.7907 -0.0824 0.6066
vn -0.9110 -0.0639 0.4074
vn -0.7934 -0.0081 0.6086
vn -0.6295 -0.0639 0.7744
vn -0.6422 -0.0020 0.7665
vn -0.5879 -0.0434 0.8077
vn -0.5907 0.0015 0.8069
vn -0.7659 -0.2611 0.5875
vn -0.9494 -0.0547 0.3093
vn -0.9246 -0.2111 0.3172
vn -0.4934 -0.1890 0.8490
vn -0.5886 -0.1618 0.7921
vn -0.5342 -0.1291 0.8354
vn -0.7927 0.0440 0.6081
vn -0.6413 0.0522 0.7655
vn -0.9067 -0.0020 0.4217
vn -0.9325 -0.0434 0.3586
vn -0.9453 -0.1291 0.2995
vn -0.9479 -0.1890 0.2566
vn -0.9722 -0.1492 0.1806
vn -0.9940 0.0995 0.0450
vn -0.9595 0.2486 0.1324
vn -0.9357 0.0785 0.3438
vn -0.7925 0.0497 0.6079
vn -0.9324 0.0015 0.3614
vn -0.9055 0.0522 0.4211
vn -0.9983 0.0577 -0.0053
vn -0.8916 0.4523 0.0218
vn -0.8483 0.5263 0.0581
vn -0.8373 0.5445 0.0490
vn -0.9636 0.2563 -0.0763
vn -0.4560 0.2168 0.8632
vn 0.0377 0.9989 -0.0289
vn -0.7722 0.2299 0.5923
vn -0.2435 0.9590 -0.1452
vn 0.4518 -0.2085 -0.8674
vn -0.0767 -0.1795 -0.9808
vn -0.4647 -0.0794 -0.8819
vn -0.5528 -0.0574 -0.8313
vn -0.6524 -0.0181 -0.7577
vn -0.9850 0.0690 -0.1582
vn -0.8966 0.0708 0.4372
vn -0.7924 0.0510 0.6079
vn -0.6546 0.0708 0.7527
vn -0.1025 0.0690 0.9923
vn 0.7722 -0.2299 -0.5923
vn 0.4164 0.1320 0.8995
vn 0.0739 0.2011 0.9768
vn -0.9518 0.2168 0.2168
vn 0.0772 0.9590 0.2728
vn -0.9243 0.2011 -0.3245
vn 0.7314 -0.0794 0.6773
vn -0.7609 0.1320 -0.6353
vn -0.2536 0.0577 0.9656
vn 0.5628 -0.0181 0.8264
vn 0.6597 -0.0574 0.7494
vn 0.9274 -0.1795 0.3282
vn 0.9549 -0.2085 -0.2116
vn -0.0410 -0.9829 -0.1798
vn -0.0495 -0.9819 -0.1828
vn -0.0473 -0.9786 -0.2004
vn -0.0072 -0.9769 -0.2137
vn -0.0225 -0.9493 -0.3137
vn -0.0535 -0.9049 -0.4223
vn 0.3025 0.6507 0.6965
vn 0.2406 0.4020 0.8835
vn 0.5910 0.4949 0.6370
vn 0.2112 0.2918 0.9329
vn 0.2927 0.1984 0.9354
vn 0.4103 0.2932 0.8635
vn 0.3449 0.1449 0.9274
vn 0.5249 0.2250 0.8209
vn 0.4041 0.0936 0.9099
vn 0.5830 0.1311 0.8019
vn 0.4099 0.0633 0.9099
vn 0.5983 0.1060 0.7942
vn 0.9542 0.1272 0.2706
vn 0.8669 0.2394 0.4372
vn 0.7536 0.4136 0.5109
vn 0.0652 0.5128 0.8561
vn 0.0441 0.6967 0.7160
vn 0.8088 0.5875 0.0262
vn 0.6014 0.7705 0.2115
vn 0.2422 0.8971 0.3695
vn 0.0140 0.8694 0.4939
vn 0.0080 0.9999 -0.0061
vn -0.2039 0.9664 0.1564
vn -0.4734 0.8694 -0.1415
vn -0.2941 0.8971 -0.3297
vn -0.6801 0.6967 -0.2281
vn -0.5943 0.6507 -0.4726
vn -0.8099 0.5128 -0.2848
vn -0.7910 0.4020 -0.4612
vn -0.8463 0.2918 -0.4457
vn -0.7278 0.2932 -0.6200
vn -0.8276 0.1984 -0.5251
vn -0.8064 0.1449 -0.5734
vn 0.3605 0.8908 -0.2765
vn -0.0484 0.7705 -0.6356
vn -0.4621 0.4949 -0.7359
vn -0.6569 0.2250 -0.7196
vn -0.2982 0.4136 -0.8602
vn -0.1976 0.2394 -0.9506
vn 0.3505 0.3161 -0.8816
vn 0.1843 0.5875 -0.7880
vn 0.7477 0.3347 -0.5735
vn 0.6019 0.6515 -0.4617
vn -0.6234 0.1311 -0.7708
vn -0.7741 0.0936 -0.6261
vn -0.7726 0.0633 -0.6317
vn -0.6121 0.1060 -0.7837
vn -0.0141 0.1272 -0.9918
vn 0.4330 0.1273 -0.8924
vn 0.7871 0.1267 -0.6037
vn 0.9423 0.3161 -0.1101
vn 0.4476 0.0390 -0.8934
vn 0.2158 0.0408 -0.9756
vn 0.4542 0.0088 -0.8909
vn 0.2341 0.0212 -0.9720
vn 0.4693 0.0118 -0.8830
vn 0.2607 0.0269 -0.9651
vn 0.4809 0.0112 -0.8767
vn 0.2791 0.0229 -0.9600
vn 0.4903 0.0088 -0.8715
vn 0.2893 0.0159 -0.9571
vn 0.3687 -0.6579 -0.6567
vn 0.1965 -0.7243 -0.6609
vn 0.0002 -1.0000 -0.0000
vn 0.0001 -1.0000 0.0000
vn 0.7929 0.0369 -0.6082
vn 0.7934 0.0002 -0.6086
vn 0.7934 0.0009 -0.6087
vn 0.7934 0.0016 -0.6086
vn 0.7935 0.0010 -0.6086
vn 0.5903 -0.6681 -0.4528
vn 0.0002 -1.0000 -0.0002
vn 0.7298 -0.6579 -0.1860
vn 0.0001 -1.0000 -0.0001
vn 0.9688 0.0088 -0.2478
vn 0.9714 0.0112 -0.2373
vn 0.9744 0.0118 -0.2244
vn 0.9781 0.0088 -0.2078
vn 0.9788 0.0390 -0.2008
vn 0.9741 0.1273 -0.1870
vn 0.6892 -0.7243 -0.0186
vn -0.0000 -1.0000 -0.0001
vn 0.9994 0.0159 -0.0314
vn 0.9995 0.0229 -0.0208
vn 0.9996 0.0269 -0.0017
vn 0.9994 0.0212 0.0258
vn 0.9982 0.0408 0.0443
vn -0.9546 0.2558 -0.1524
vn -0.7767 -0.0890 0.6236
vn -0.8356 0.5264 -0.1572
vn -0.7607 0.0930 0.6424
vn -0.3036 -0.2591 0.9169
vn -0.4778 -0.3281 0.8149
vn -0.8369 -0.2066 0.5069
vn -0.9760 0.1267 -0.1769
vn -0.3389 -0.1996 0.9194
vn -0.7429 0.2496 0.6212
vn -0.7121 0.6483 -0.2694
vn -0.4724 0.6939 -0.5435
vn -0.6342 0.6389 -0.4354
vn -0.8232 0.3785 -0.4233
vn -0.8887 0.2569 -0.3797
vn -0.2228 -0.1661 0.9606
vn -0.7314 -0.2962 0.6143
vn -0.4503 -0.3005 0.8408
vn -0.7986 -0.2597 0.5430
vn -0.2403 -0.1936 0.9512
vn -0.7399 -0.1998 0.6424
vn -0.1610 -0.1132 0.9804
vn -0.7095 -0.1230 0.6939
vn -0.9846 -0.1106 0.1356
vn -0.9724 -0.0925 -0.2143
vn -0.8496 -0.0921 -0.5193
vn -0.9818 -0.1312 -0.1374
vn -0.9303 -0.1200 -0.3466
vn -0.9231 -0.1240 -0.3639
vn -0.9802 -0.1482 -0.1314
vn -0.9272 -0.1063 -0.3593
vn -0.9870 -0.1501 -0.0576
vn 0.9741 -0.0248 -0.2248
vn 0.9405 0.0655 -0.3334
vn 0.8709 0.0563 -0.4881
vn 0.9985 -0.0430 -0.0351
vn 0.9911 -0.1283 0.0340
vn 0.9934 -0.0977 -0.0596
vn 0.8460 0.1093 -0.5219
vn 0.6276 0.2098 -0.7497
vn -0.5190 0.8538 -0.0402
vn -0.2783 0.9489 -0.1485
vn -0.4078 0.9100 -0.0752
vn -0.2490 0.9575 -0.1455
vn -0.1957 0.9527 -0.2324
vn -0.1867 0.9545 -0.2326
vn -0.1803 0.9495 -0.2569
vn -0.0521 -0.9005 -0.4316
vn 0.9124 -0.4075 0.0372
vn 0.9376 -0.3255 -0.1221
vn 0.9125 -0.4075 0.0373
vn 0.9305 -0.2667 -0.2512
vn 0.8580 -0.1184 -0.4999
vn 0.8257 -0.1403 -0.5464
vn -0.6994 0.5605 0.4435
vn -0.6586 0.5576 0.5052
vn -0.6727 0.6798 0.2921
vn -0.7601 0.6098 0.2244
vn -0.7101 0.5672 0.4172
vn -0.7855 0.5746 0.2298
vn -0.6905 0.5966 0.4089
vn -0.6588 0.6278 0.4146
vn -0.8012 0.5271 0.2833
vn -0.7769 0.4750 0.4133
vn -0.8632 0.3388 0.3744
vn -0.7060 0.4564 0.5416
vn -0.7533 0.3141 0.5778
vn -0.5852 0.3388 0.7367
vn -0.6005 0.4750 0.6432
vn -0.4812 0.5271 0.7004
vn -0.5711 0.6278 0.5288
vn -0.4255 0.5746 0.6991
vn -0.5738 0.5966 0.5610
vn -0.5870 0.5672 0.5777
vn -0.6352 0.6262 0.4521
vn -0.6105 0.6387 0.4683
vn -0.6013 0.6262 0.4964
vn -0.4564 0.6798 0.5741
vn -0.4682 0.8074 0.3591
vn -0.5629 0.7048 0.4318
vn -0.3266 0.7566 0.5664
vn -0.4137 0.6098 0.6760
vn -0.2868 0.6397 0.7131
vn -0.2938 0.5386 0.7897
vn -0.4235 0.4418 0.7908
vn -0.6096 0.5605 0.5606
vn -0.6317 0.7566 0.1687
vn -0.7631 0.6396 0.0922
vn -0.8389 0.5386 0.0791
vn -0.8736 0.4418 0.2041
vn 0.7533 -0.2429 -0.6112
vn 0.8327 -0.4519 -0.3200
vn 0.7444 -0.1700 -0.6458
vn 0.8504 -0.4378 -0.2920
vn 0.7970 -0.6038 0.0127
vn 0.7949 -0.6063 -0.0244
vn 0.4793 -0.7580 0.4424
vn 0.4525 -0.6850 0.5709
vn 0.7851 -0.3524 0.5093
vn 0.7260 -0.2071 0.6558
vn 0.8710 -0.0670 0.4867
vn 0.7902 0.0532 0.6105
vn 0.7318 -0.0713 0.6778
vn 0.7552 0.0661 0.6521
vn 0.5422 -0.5254 0.6557
vn 0.2056 -0.8796 0.4290
vn 0.2759 -0.8505 0.4477
vn 0.3154 -0.8755 0.3660
vn 0.2944 -0.9244 0.2424
vn 0.4962 -0.8087 0.3160
vn 0.7797 -0.4886 0.3915
vn 0.9473 0.0603 0.3146
vn 0.7667 0.6310 0.1185
vn 0.7348 0.6775 -0.0320
vn 0.6386 0.7693 -0.0198
vn 0.4639 0.8113 -0.3559
vn 0.6959 0.6572 0.2897
vn 0.1846 0.7693 -0.6116
vn 0.2213 0.6775 -0.7014
vn 0.4011 0.8628 -0.3077
vn 0.5734 0.8118 0.1108
vn 0.6934 0.6029 0.3947
vn 0.5640 0.8080 0.1704
vn 0.3029 0.9243 -0.2323
vn 0.2803 0.9355 -0.2150
vn -0.0185 0.8080 -0.5889
vn 0.0416 0.8118 -0.5825
vn -0.2015 0.6029 -0.7719
vn -0.0995 0.6572 -0.7472
vn 0.0842 0.6310 -0.7712
vn -0.0584 0.0603 -0.9965
vn -0.2884 -0.3524 -0.8903
vn -0.2444 -0.0670 -0.9674
vn -0.1761 -0.4886 -0.8545
vn -0.1766 -0.8087 -0.5611
vn -0.3032 -0.7580 -0.5775
vn -0.1579 -0.9244 -0.3471
vn -0.2718 -0.8755 -0.3994
vn -0.3610 -0.8505 -0.3825
vn -0.4342 -0.6850 -0.5850
vn -0.3611 -0.8796 -0.3098
vn -0.4928 -0.5253 -0.6936
vn -0.4453 -0.2071 -0.8711
vn -0.4650 -0.0713 -0.8824
vn -0.3849 0.0531 -0.9214
vn -0.4342 0.0661 -0.8984
vn -0.1091 -0.9905 0.0837
vn -0.2193 -0.9698 -0.1065
vn 0.0715 -0.9923 0.1008
vn -0.0060 -1.0000 0.0046
vn 0.0734 -0.9846 0.1589
vn -0.0346 -0.9990 0.0265
vn -0.1345 -0.9846 -0.1121
vn -0.0903 -0.9935 0.0692
vn 0.0460 -0.9698 0.2394
vn -0.0788 -0.9923 -0.0952
vn 0.0788 -0.0202 0.9967
vn 0.5812 -0.0453 0.8125
vn 0.5805 -0.0264 0.8138
vn 0.0862 -0.0346 0.9957
vn 0.5812 -0.0523 0.8121
vn 0.0940 -0.0415 0.9947
vn -0.4703 -0.0122 0.8824
vn -0.4795 -0.0086 0.8775
vn -0.7934 -0.0010 0.6086
vn -0.6356 -0.0264 -0.7716
vn -0.6342 -0.0453 -0.7718
vn -0.9422 -0.0202 -0.3344
vn -0.9393 -0.0346 -0.3412
vn -0.9718 -0.0086 0.2358
vn -0.9742 -0.0122 0.2255
vn -0.7934 -0.0021 0.6086
vn -0.4619 -0.0155 0.8868
vn 0.0954 -0.0397 0.9946
vn 0.5852 -0.0572 0.8089
vn 0.7257 -0.0550 0.6858
vn 0.7259 -0.0429 0.6865
vn 0.7298 -0.0228 0.6833
vn 0.7347 -0.0131 0.6783
vn 0.7334 -0.0699 0.6762
vn -0.6338 -0.0523 -0.7718
vn -0.9364 -0.0415 -0.3486
vn -0.9762 -0.0155 0.2163
vn -0.7934 -0.0018 0.6086
vn -0.4572 -0.0123 0.8893
vn -0.7934 0.0010 0.6086
vn -0.6296 -0.0572 -0.7748
vn -0.9360 -0.0397 -0.3499
vn -0.9774 -0.0123 0.2112
vn 0.5792 -0.0181 0.8150
vn 0.0765 -0.0101 0.9970
vn -0.4776 -0.0055 0.8785
vn -0.7934 -0.0020 0.6086
vn -0.9723 -0.0055 0.2337
vn -0.9432 -0.0101 -0.3322
vn -0.6371 -0.0181 -0.7706
vn -0.4647 -0.0131 -0.8854
vn -0.4709 -0.0228 -0.8819
vn -0.4749 -0.0429 -0.8790
vn -0.4743 -0.0550 -0.8786
vn -0.4631 -0.0699 -0.8835
vn 0.6363 -0.5974 -0.4881
vn 0.3810 -0.8772 -0.2922
vn 0.3570 -0.5501 -0.7549
vn 0.8216 -0.5501 -0.1492
vn 0.9075 -0.2376 0.3464
vn 0.8943 -0.4124 -0.1734
vn 0.7123 -0.4405 -0.5464
vn 0.3992 -0.4124 -0.8189
vn -0.0995 -0.2376 -0.9663
vn 0.2031 -0.8606 -0.4671
vn 0.1074 -0.4060 -0.9075
vn -0.1997 -0.3261 -0.9240
vn -0.5805 -0.0239 -0.8139
vn -0.6288 0.0037 -0.7775
vn -0.9649 0.1465 -0.2181
vn -0.9721 0.1397 -0.1886
vn 0.1481 -0.7108 -0.6876
vn -0.8939 0.2018 0.4002
vn -0.8730 0.1458 0.4655
vn -0.8779 0.1687 0.4481
vn -0.9673 0.0977 -0.2339
vn -0.6666 0.0020 -0.7455
vn -0.2229 -0.2825 -0.9330
vn 0.4344 -0.7590 -0.4849
vn 0.0103 -0.9937 -0.1116
vn -0.0641 -0.9956 -0.0687
vn 0.0086 -0.9999 -0.0066
vn -0.3364 -0.9057 0.2580
vn 0.0497 -0.9956 0.0797
vn -0.3313 -0.8985 0.2880
vn 0.1105 -0.9937 0.0190
vn -0.0393 0.1465 0.9884
vn -0.6758 0.1458 0.7225
vn -0.6181 0.2018 0.7597
vn -0.7613 0.0802 0.6434
vn -0.7904 0.0871 0.6063
vn -0.7933 -0.0218 0.6085
vn -0.7399 -0.4682 0.4831
vn -0.6878 -0.4986 0.5276
vn -0.3640 -0.8985 0.2453
vn -0.3644 -0.9024 0.2300
vn -0.6583 -0.4682 0.5894
vn -0.6597 -0.2295 0.7157
vn -0.8187 0.0802 0.5686
vn -0.3166 -0.9024 0.2924
vn -0.8621 -0.2295 0.4517
vn -0.6602 0.1687 0.7319
vn -0.0697 0.1397 0.9877
vn 0.5880 0.0037 0.8088
vn 0.6357 -0.0239 0.7716
vn 0.8407 -0.3261 0.4323
vn 0.9044 -0.4060 0.1315
vn 0.5038 -0.8606 -0.0751
vn 0.7025 -0.7108 0.0351
vn 0.5809 -0.7590 -0.2940
vn 0.8434 -0.2825 0.4571
vn 0.5473 0.0020 0.8369
vn -0.0248 0.0977 0.9949
vn 0.8824 -0.0078 -0.4705
vn 0.9421 0.0035 -0.3353
vn 0.9959 0.0348 0.0832
vn 0.4711 -0.0489 -0.8807
vn -0.9029 0.0221 -0.4292
vn -0.9826 0.0173 -0.1852
vn -0.8955 0.0401 -0.4432
vn -0.9770 0.0330 -0.2105
vn -0.8832 0.0465 -0.4667
vn -0.9665 0.0394 -0.2538
vn -0.9093 0.0459 -0.4136
vn -0.9892 0.0442 -0.1395
vn -0.8979 0.0336 -0.4389
vn -0.9840 0.0214 -0.1766
vn -0.6068 0.0548 -0.7930
vn -0.6037 0.0463 -0.7959
vn -0.6035 0.0486 -0.7959
vn -0.6042 0.0545 -0.7950
vn -0.6043 0.0478 -0.7953
vn -0.6046 0.0304 -0.7959
vn -0.6919 -0.6489 -0.3166
vn -0.4601 -0.6492 -0.6057
vn -0.4452 0.0468 -0.8942
vn -0.4461 0.0614 -0.8929
vn -0.4335 0.0447 -0.9001
vn -0.4269 0.0514 -0.9028
vn -0.4222 0.0446 -0.9054
vn -0.4166 0.0264 -0.9087
vn -0.3673 -0.4340 -0.8226
vn 0.0001 -1.0000 0.0001
vn -0.9284 -0.3380 -0.1542
vn 0.4377 0.0177 0.8989
vn 0.6712 0.0157 0.7412
vn 0.6176 0.0157 0.7864
vn 0.7686 0.0135 0.6396
vn 0.7676 0.0124 0.6409
vn 0.7468 0.0614 0.6622
vn 0.6087 0.0548 0.7915
vn 0.7483 0.0468 0.6617
vn 0.4658 -0.6492 0.6013
vn -0.0000 -1.0000 -0.0002
vn 0.1265 -0.6489 0.7503
vn -0.0917 -0.3380 0.9367
vn 0.1806 0.0221 0.9833
vn -0.0757 0.0173 0.9970
vn 0.1960 0.0401 0.9798
vn -0.0499 0.0330 0.9982
vn 0.2219 0.0465 0.9740
vn -0.0053 0.0394 0.9992
vn 0.1638 0.0459 0.9854
vn -0.1216 0.0442 0.9916
vn 0.1913 0.0336 0.9810
vn -0.0844 0.0214 0.9962
vn 0.6123 0.0463 0.7893
vn 0.7570 0.0447 0.6519
vn 0.6123 0.0486 0.7891
vn 0.6113 0.0545 0.7895
vn 0.6116 0.0478 0.7897
vn 0.6121 0.0304 0.7902
vn 0.7614 0.0514 0.6463
vn 0.7651 0.0446 0.6424
vn 0.7697 0.0264 0.6378
vn 0.6994 -0.4340 0.5679
vn -0.1217 -0.1312 0.9839
vn -0.8540 -0.1230 0.5055
vn -0.0450 -0.0925 0.9947
vn -0.8121 -0.1998 0.5482
vn -0.1271 -0.1482 0.9808
vn -0.7313 -0.2597 0.6306
vn -0.9810 -0.1936 -0.0144
vn -0.9288 -0.3005 0.2171
vn -0.9887 -0.1132 -0.0985
vn -0.3861 -0.1106 0.9158
vn 0.2814 -0.0921 0.9551
vn 0.0937 -0.1200 0.9883
vn 0.1123 -0.1240 0.9859
vn 0.1068 -0.1063 0.9886
vn -0.2001 -0.1501 0.9682
vn -0.7828 -0.2962 0.5472
vn -0.9109 -0.3281 0.2504
vn -0.0647 0.5264 0.8478
vn -0.8176 0.0930 0.5683
vn -0.8035 -0.0890 0.5886
vn -0.9642 -0.2591 0.0556
vn -0.7064 -0.2066 0.6770
vn -0.1001 0.2558 0.9615
vn -0.0821 0.1267 0.9885
vn -0.9758 -0.1996 0.0891
vn -0.7924 0.2496 0.5565
vn 0.0757 0.6483 0.7576
vn 0.4025 0.6939 0.5971
vn 0.2562 0.6389 0.7254
vn 0.1955 0.3785 0.9047
vn 0.1365 0.2569 0.9567
vn -0.9855 -0.1661 -0.0337
vn 0.4681 0.0909 -0.8790
vn 0.9649 0.0561 -0.2567
vn 0.6523 0.1047 -0.7506
vn 0.6853 0.0696 -0.7250
vn 0.1777 0.0659 -0.9819
vn 0.2199 0.0712 -0.9729
vn 0.9867 0.1213 0.1083
vn 0.9757 0.1352 -0.1725
vn 0.9953 0.0883 0.0387
vn 0.9800 0.1693 -0.1042
vn 0.9019 0.1742 -0.3952
vn 0.9408 0.2005 -0.2732
vn 0.2205 0.0883 -0.9714
vn 0.4194 0.1352 -0.8977
vn 0.1511 0.1213 -0.9811
vn 0.3546 0.1693 -0.9196
vn 0.6154 0.1742 -0.7687
vn 0.5077 0.2005 -0.8379
vn 0.8940 0.1047 -0.4356
vn 0.4980 0.0561 -0.8654
vn 0.9702 0.0909 -0.2244
vn 0.8778 0.0696 -0.4740
vn 0.9944 0.0659 0.0827
vn 0.9967 0.0712 0.0397
vn 0.7987 0.1818 -0.5736
vn 0.9274 0.1881 -0.3232
vn 0.8869 0.1679 -0.4304
vn 0.9913 0.1234 -0.0451
vn 0.9942 0.0917 -0.0558
vn 0.9901 0.0897 0.1077
vn 0.9855 0.1115 0.1276
vn -0.1273 -0.7132 -0.6893
vn 0.1999 0.4671 -0.8613
vn -0.2665 -0.6695 -0.6933
vn -0.0225 0.4898 -0.8715
vn 0.3315 0.9412 0.0654
vn -0.0031 0.9991 0.0416
vn -0.2558 0.3915 -0.8839
vn -0.4910 0.8677 -0.0768
vn -0.9297 -0.3596 -0.0792
vn -0.0933 -0.7091 -0.6989
vn -0.1715 -0.8115 0.5586
vn -0.3975 0.3161 0.8614
vn -0.1517 0.4741 0.8673
vn 0.0995 0.5061 0.8567
vn 0.5291 0.8482 0.0240
vn 0.3357 0.3490 -0.8749
vn -0.3714 -0.6979 -0.6124
vn -0.6211 0.2428 -0.7452
vn -0.4711 -0.8816 -0.0296
vn -0.6848 -0.6779 0.2672
vn 0.5021 -0.8034 -0.3199
vn 0.7721 -0.6341 -0.0414
vn -0.5042 -0.6804 0.5318
vn 0.0992 0.9184 0.3831
vn 0.0489 0.6218 0.7817
vn -0.3854 -0.6527 0.6522
vn -0.2519 -0.6816 0.6870
vn -0.4375 -0.8653 -0.2447
vn 0.7250 -0.6438 0.2448
vn -0.6483 -0.6171 -0.4460
vn -0.7770 0.4802 -0.4070
vn 0.3551 -0.5893 -0.7257
vn 0.4686 0.4918 -0.7338
vn 0.3193 0.2867 -0.9033
vn 0.9094 -0.0783 -0.4085
vn 0.4156 -0.8496 -0.3249
vn -0.1708 -0.9851 -0.0193
vn 0.9471 0.2973 -0.1206
vn 0.5938 0.2652 0.7596
vn 0.5698 0.4216 0.7054
vn 0.7723 0.5486 -0.3203
vn 0.3908 0.7973 0.4599
vn -0.1483 0.9882 -0.0389
vn -0.7069 0.5389 0.4581
vn -0.6149 -0.1719 -0.7697
vn -0.8028 -0.5432 0.2460
vn 0.2398 -0.6313 -0.7375
vn -0.8679 -0.4900 0.0818
vn 0.1153 -0.3734 -0.9205
vn -0.9774 -0.2050 -0.0521
vn 0.0529 -0.1060 -0.9930
vn 0.4562 0.6240 -0.6345
vn -0.3355 0.2165 0.9168
vn -0.4647 0.4424 0.7670
vn -0.0143 0.5480 0.8363
vn 0.5593 0.2379 0.7941
vn 0.7098 -0.0125 0.7043
vn 0.8717 -0.4886 0.0388
vn 0.6221 -0.7719 0.1312
vn 0.7627 -0.1767 0.6222
vn 0.2426 0.6340 0.7343
vn 0.9986 -0.0252 0.0463
vn 0.6636 0.6183 0.4210
vn 0.1616 0.7596 0.6300
vn 0.0646 0.7342 0.6759
vn 0.2034 0.9248 0.3215
vn 0.1056 0.6896 0.7164
vn 0.1943 0.9208 0.3383
vn 0.2747 0.4018 0.8735
vn -0.0092 0.9103 0.4139
vn -0.3430 0.8722 0.3487
vn -0.4783 0.6594 -0.5800
vn -0.6237 0.4767 -0.6195
vn -0.2871 -0.6157 -0.7339
vn -0.1874 -0.5633 -0.8047
vn 0.3259 -0.8018 0.5008
vn 0.3381 -0.8783 -0.3381
vn -0.0312 -0.7195 -0.6937
vn -0.8033 0.1898 -0.5646
vn -0.9415 -0.2154 -0.2592
vn -0.6498 0.6515 0.3914
vn 0.0949 0.2771 0.9562
vn 0.2382 -0.7676 0.5950
vn -0.3714 -0.7078 0.6010
vn 0.1023 0.9782 -0.1806
vn -0.1141 -0.0765 0.9905
vn 0.3195 -0.6244 0.7128
vn 0.3650 -0.6108 0.7027
vn -0.3599 0.4036 0.8412
vn -0.9192 -0.3695 -0.1361
vn -0.9491 -0.1007 -0.2983
vn 0.7372 -0.2615 -0.6230
vn 0.7771 -0.3227 -0.5403
vn 0.7202 0.6241 0.3030
vn 0.7333 0.3889 0.5577
vn -0.4101 0.6178 0.6709
vn 0.6081 0.7584 0.2344
vn 0.7278 -0.6375 -0.2528
vn 0.6462 -0.1340 0.7513
vn 0.5550 -0.7952 -0.2442
vn -0.7358 -0.6743 0.0630
vn -0.2919 -0.0393 0.9557
vn -0.2085 -0.9760 -0.0626
vn -0.0914 -0.9954 -0.0285
vn -0.0859 -0.9959 -0.0269
vn -0.2316 -0.8867 0.4002
vn 0.2372 0.4567 0.8574
vn 0.8880 0.4577 0.0450
vn 0.6587 0.7326 -0.1715
vn 0.1654 -0.1948 -0.9668
vn 0.4562 -0.5773 -0.6772
vn -0.7711 -0.2913 0.5662
vn 0.0200 0.6374 0.7703
vn -0.8152 -0.2266 0.5330
vn 0.2318 -0.1839 -0.9552
vn 0.9389 0.0956 0.3305
vn 0.5017 0.0613 0.8629
vn 0.5450 -0.7223 -0.4258
vn -0.4141 -0.7192 0.5579
vn 0.1066 0.9736 -0.2020
vn -0.0215 0.9770 -0.2121
vn 0.0334 0.9775 -0.2082
vn -0.0731 0.9738 -0.2152
vn 0.2117 -0.9771 0.0204
vn 0.1323 -0.9910 0.0185
vn 0.1062 -0.9942 0.0179
vn 0.0205 -0.9997 0.0157
vn 0.7715 -0.1148 0.6258
vn 0.7210 -0.3783 0.5806
vn 0.8433 -0.0936 0.5292
vn 0.5601 -0.4427 0.7002
vn 0.5381 -0.6831 0.4938
vn 0.4916 -0.6771 0.5476
vn 0.4820 -0.3268 0.8129
vn 0.4805 -0.4745 0.7375
vn 0.3612 -0.1735 0.9162
vn 0.3871 -0.2698 0.8817
vn 0.2239 0.0015 0.9746
vn 0.2627 -0.0193 0.9647
vn -0.1806 0.2634 0.9476
vn -0.1528 0.2437 0.9577
vn -0.7248 0.4069 0.5560
vn -0.7268 0.4012 0.5575
vn -0.9646 0.2437 -0.1006
vn -0.8637 -0.0193 -0.5037
vn -0.9621 0.2634 -0.0711
vn -0.6849 0.5049 0.5254
vn -0.1936 0.3771 0.9057
vn 0.1470 0.1609 0.9760
vn 0.3128 0.0110 0.9497
vn 0.4586 -0.0970 0.8833
vn 0.5954 -0.1274 0.7932
vn 0.7239 -0.1238 0.6787
vn 0.7446 -0.1447 0.6516
vn 0.7645 -0.1720 0.6212
vn 0.6839 -0.1588 0.7121
vn 0.6673 -0.1319 0.7330
vn 0.6108 -0.1052 0.7848
vn 0.4608 -0.0392 0.8866
vn 0.2725 0.0650 0.9599
vn 0.0716 0.2273 0.9712
vn -0.2249 0.4641 0.8567
vn -0.6418 0.5880 0.4923
vn -0.9249 0.3771 -0.0477
vn -0.8833 0.0015 -0.4688
vn -0.8858 0.4641 -0.0048
vn -0.9046 0.1609 -0.3948
vn -0.7913 -0.1735 -0.5863
vn -0.9195 0.2273 -0.3207
vn -0.8362 0.0110 -0.5482
vn -0.6602 -0.3268 -0.6762
vn -0.7513 -0.2698 -0.6023
vn -0.5878 -0.4745 -0.6552
vn -0.4015 -0.6771 -0.6166
vn 0.7028 -0.1886 0.6859
vn 0.6811 -0.1652 0.7133
vn 0.6455 -0.1513 0.7486
vn 0.6097 -0.1325 0.7815
vn 0.4711 -0.2686 0.8402
vn 0.2721 -0.2019 0.9409
vn -0.0403 -0.0714 0.9966
vn -0.3256 0.2070 0.9226
vn -0.7571 0.2991 0.5808
vn -0.9754 0.2070 0.0755
vn 0.6701 -0.1635 0.7240
vn 0.4675 -0.4679 0.7500
vn 0.2743 -0.4944 0.8249
vn -0.0407 -0.4091 0.9116
vn -0.4013 -0.1163 0.9086
vn -0.7894 -0.1006 0.6056
vn -0.9815 -0.1163 0.1521
vn -0.9730 -0.0714 -0.2193
vn -0.8565 0.0650 -0.5120
vn -0.7343 -0.0970 -0.6718
vn -0.5311 -0.4427 -0.7224
vn -0.3375 -0.6831 -0.6476
vn -0.3739 -0.3783 -0.8468
vn -0.4045 -0.1148 -0.9073
vn -0.2926 -0.0936 -0.9516
vn -0.4679 -0.1238 -0.8751
vn -0.4364 -0.1447 -0.8880
vn -0.5351 -0.1319 -0.8344
vn -0.5124 -0.1652 -0.8427
vn -0.5559 -0.1513 -0.8174
vn -0.8910 -0.4091 -0.1969
vn -0.8382 -0.2019 -0.5065
vn -0.7370 -0.0392 -0.6748
vn -0.6119 -0.1274 -0.7806
vn -0.5997 -0.1052 -0.7933
vn -0.5968 -0.1325 -0.7913
vn -0.5256 -0.1635 -0.8349
vn -0.6032 -0.4679 -0.6459
vn -0.6895 -0.2686 -0.6727
vn -0.7256 -0.4944 -0.4786
vn -0.5106 -0.1588 -0.8451
vn -0.4803 -0.1886 -0.8566
vn -0.4553 -0.2469 -0.8554
vn -0.5792 -0.2322 -0.7814
vn -0.5420 -0.2997 -0.7851
vn -0.7718 -0.0493 -0.6339
vn -0.7746 -0.0154 -0.6323
vn -0.8832 0.2678 -0.3849
vn -0.9012 0.2754 -0.3347
vn -0.7926 0.5831 -0.1780
vn -0.8746 0.4490 -0.1829
vn -0.6937 0.6195 -0.3674
vn -0.9608 0.2506 -0.1185
vn -0.9485 0.2601 -0.1808
vn -0.9459 0.2903 0.1451
vn -0.9608 0.2307 -0.1537
vn -0.9448 0.2862 0.1598
vn -0.8407 0.0831 -0.5351
vn -0.6647 -0.1096 -0.7391
vn -0.9697 0.2081 -0.1283
vn -0.9065 0.0595 -0.4180
vn -0.8859 0.0558 -0.4605
vn -0.8858 0.1180 -0.4488
vn -0.7513 -0.0930 -0.6534
vn -0.6178 -0.1379 -0.7741
vn -0.7726 -0.0966 -0.6275
vn 0.0231 -0.9996 -0.0177
vn -0.3374 -0.7969 -0.5012
vn -0.3804 -0.7222 -0.5778
vn -0.5262 -0.1895 -0.8290
vn -0.4313 -0.7099 -0.5568
vn -0.6133 -0.2020 -0.7636
vn -0.5157 -0.7907 -0.3299
vn -0.8516 -0.1268 -0.5086
vn -0.5612 0.6022 -0.5678
vn -0.4346 0.7983 -0.4169
vn -0.6068 0.7426 -0.2835
vn -0.5563 -0.2021 -0.8061
vn -0.7236 -0.2989 -0.6221
vn -0.3944 -0.8167 -0.4213
vn -0.0028 -1.0000 0.0021
vn -0.0011 -1.0000 0.0008
vn 0.3048 -0.8167 0.4900
vn -0.7099 -0.4465 0.5446
vn -0.8229 0.4092 -0.3941
vn -0.5796 0.5766 -0.5759
vn -0.4594 0.4995 -0.7345
vn -0.4888 0.5145 -0.7045
vn -0.6597 0.5556 0.5061
vn 0.0127 0.9999 -0.0098
vn -0.0738 0.9957 0.0566
vn 0.0837 0.9944 -0.0642
vn 0.0562 0.9975 -0.0431
vn -0.2383 0.9539 0.1828
vn -0.5268 0.7478 0.4041
vn 0.1675 0.4092 0.8970
vn 0.4134 -0.2990 0.8601
vn 0.3966 -0.7968 0.4558
vn 0.4060 0.5766 0.7090
vn 0.5903 0.4995 0.6341
vn 0.5538 0.5145 0.6547
vn 0.4030 0.6022 0.6892
vn 0.2901 0.7983 0.5278
vn -0.2530 0.9478 0.1940
vn 0.1166 0.7426 0.6595
vn -0.4378 0.8340 0.3358
vn 0.1576 0.4966 0.8535
vn -0.7870 0.1281 0.6035
vn -0.2521 0.0940 0.9631
vn -0.9539 0.0261 0.2989
vn 0.6643 -0.1895 0.7231
vn -0.9603 0.2592 -0.1027
vn -0.9706 0.2200 0.0977
vn -0.6142 0.6519 0.4447
vn -0.4541 0.7781 0.4339
vn -0.7402 0.6145 0.2729
vn -0.8493 0.4280 0.3090
vn -0.8902 0.4402 0.1169
vn -0.7469 0.3376 0.5729
vn -0.7921 0.0587 0.6076
vn -0.5358 0.0261 0.8439
vn -0.9956 0.0940 -0.0065
vn -0.7835 0.4966 -0.3734
vn -0.1496 0.2592 0.9542
vn -0.3458 0.2200 0.9122
vn -0.5887 0.6519 0.4780
vn -0.4554 0.6145 0.6442
vn -0.5368 0.7781 0.3262
vn -0.5186 0.4280 0.7402
vn -0.3435 0.4402 0.8296
vn -0.5144 0.0563 -0.8557
vn -0.4244 0.2130 -0.8801
vn -0.3837 0.0109 -0.9234
vn -0.5243 0.2993 -0.7972
vn -0.5166 0.6593 -0.5462
vn -0.6026 0.6037 -0.5220
vn -0.4331 0.8913 -0.1342
vn -0.5977 0.7950 -0.1035
vn -0.3828 0.9110 0.1538
vn -0.4207 0.7858 0.4533
vn -0.6320 0.6046 0.4848
vn -0.5468 0.7858 0.2889
vn -0.2477 0.9110 0.3298
vn -0.4631 0.2688 -0.8445
vn -0.3845 0.2481 -0.8892
vn -0.4663 0.3325 -0.8198
vn -0.4597 0.3140 -0.8307
vn -0.3628 0.1159 -0.9246
vn -0.3441 -0.0267 -0.9385
vn -0.2247 -0.0072 -0.9744
vn -0.5026 -0.1044 -0.8582
vn -0.6000 -0.0181 -0.7998
vn -0.5631 0.3256 -0.7595
vn -0.6643 0.5715 -0.4817
vn -0.6498 0.7595 0.0286
vn -0.6095 0.5354 -0.5847
vn -0.5957 0.5054 -0.6243
vn -0.4310 -0.1975 -0.8804
vn 0.0968 -0.0769 -0.9923
vn -0.3828 0.1262 -0.9152
vn -0.5023 -0.4234 -0.7540
vn -0.5302 -0.2073 -0.8221
vn -0.1233 -0.9832 -0.1344
vn -0.4019 -0.1720 -0.8994
vn -0.0634 -0.7042 0.7072
vn -0.7343 -0.3788 0.5633
vn -0.5210 -0.7542 0.3997
vn -0.1312 -0.3866 0.9129
vn 0.4016 -0.6308 0.6639
vn 0.3800 -0.8674 0.3213
vn 0.2841 -0.9518 0.1156
vn 0.3141 -0.9269 0.2053
vn 0.3527 -0.9144 0.1985
vn 0.3160 -0.8523 0.4167
vn 0.0599 -0.9971 -0.0459
vn -0.6995 -0.7042 -0.1221
vn -0.9157 -0.3866 -0.1098
vn -0.5372 -0.6308 -0.5599
vn -0.3206 -0.8523 -0.4132
vn -0.1003 -0.9144 -0.3921
vn 0.1812 -0.9736 -0.1390
vn 0.1459 -0.9829 -0.1120
vn 0.0932 -0.9931 -0.0715
vn 0.2316 -0.9654 0.1199
vn 0.2864 -0.9367 0.2015
vn 0.2189 -0.9660 0.1373
vn 0.2880 -0.9321 0.2195
vn 0.0699 -0.9961 -0.0536
vn -0.0759 -0.9660 -0.2470
vn -0.1205 -0.9367 -0.3289
vn -0.1374 -0.9321 -0.3351
vn -0.0558 -0.9654 -0.2548
vn -0.0380 -0.9518 -0.3043
vn -0.1169 -0.9269 -0.3566
vn -0.2119 -0.8674 -0.4503
vn -0.2662 0.5167 -0.8137
vn -0.3996 0.5801 -0.7098
vn 0.0340 0.9991 -0.0261
vn -0.7203 0.5534 -0.4182
vn -0.5666 0.7001 0.4346
vn 0.0205 -0.0639 -0.9977
vn 0.0127 0.4375 -0.8991
vn 0.4364 0.3177 -0.8418
vn 0.3390 0.9041 -0.2600
vn 0.7169 0.5167 0.4680
vn 0.5820 0.5801 0.5698
vn 0.2173 0.5534 0.8040
vn -0.7908 0.0812 0.6066
vn -0.8828 -0.1018 -0.4585
vn -0.4948 0.1019 -0.8630
vn -0.3113 0.0355 -0.9496
vn 0.8717 0.4375 0.2207
vn -0.7629 -0.5079 -0.4001
vn -0.5880 -0.6714 0.4511
vn -0.3849 -0.2532 -0.8876
vn 0.4195 -0.0980 -0.9024
vn 0.7585 0.2936 -0.5818
vn 0.9261 0.3177 -0.2034
vn 0.9690 -0.0639 0.2387
vn 0.8365 0.0355 0.5467
vn 0.7053 0.1019 0.7015
vn 0.2141 -0.1018 0.9715
vn 0.1887 -0.5079 0.8405
vn 0.0280 -0.9994 -0.0215
vn -0.3684 -0.6178 -0.6948
vn 0.7575 -0.2532 0.6017
vn 0.7934 0.0096 -0.6086
vn 0.9803 -0.0980 -0.1714
vn 0.5756 -0.6177 0.5358
vn 0.7311 -0.5666 0.3800
vn 0.3769 -0.8799 -0.2891
vn 0.8372 -0.5248 0.1542
vn 0.0680 -0.5248 -0.8485
vn 0.3484 -0.4649 -0.8139
vn -0.1776 -0.5666 -0.8046
vn -0.1949 -0.2515 -0.9480
vn 0.0946 -0.2869 -0.9533
vn 0.3915 -0.3079 -0.8671
vn 0.7045 -0.4601 -0.5404
vn 0.8764 -0.4649 -0.1256
vn 0.9390 -0.3079 -0.1534
vn 0.9452 -0.2869 0.1556
vn 0.8652 -0.2515 0.4339
vn 0.7520 -0.3189 -0.5769
vn 0.6576 -0.3410 -0.6717
vn 0.7500 -0.3263 -0.5753
vn 0.6762 -0.3168 -0.6651
vn 0.7379 -0.3677 -0.5660
vn 0.8192 -0.3410 -0.4611
vn 0.8176 -0.3168 -0.4808
vn 0.7666 -0.2578 -0.5881
vn 0.8323 -0.2851 -0.4755
vn 0.7764 -0.2059 -0.5956
vn 0.8578 -0.2496 -0.4493
vn 0.7837 -0.1564 -0.6012
vn 0.8835 -0.1775 -0.4335
vn 0.7911 -0.0773 -0.6068
vn 0.9218 -0.1078 -0.3724
vn 0.7930 -0.0347 -0.6083
vn 0.9411 -0.0633 -0.3321
vn 0.5985 -0.1078 -0.7938
vn 0.5646 -0.0633 -0.8230
vn 0.6476 -0.1775 -0.7410
vn 0.6563 -0.2496 -0.7121
vn 0.6749 -0.2851 -0.6806
vn 0.8118 -0.3511 -0.4665
vn 0.8936 -0.3020 -0.3321
vn 0.8844 -0.3076 -0.3510
vn 0.8712 -0.2982 -0.3900
vn 0.8779 -0.3021 -0.3715
vn 0.8934 -0.2637 -0.3637
vn 0.9163 -0.1895 -0.3528
vn 0.9558 -0.1694 -0.2402
vn 0.9739 -0.0944 -0.2065
vn 0.4797 -0.1694 -0.8609
vn 0.4518 -0.0944 -0.8871
vn 0.5782 -0.1895 -0.7936
vn 0.5828 -0.2637 -0.7686
vn 0.5863 -0.3021 -0.7516
vn 0.6024 -0.2982 -0.7404
vn 0.5682 -0.3076 -0.7633
vn 0.5523 -0.3020 -0.7770
vn 0.6610 -0.3511 -0.6632
vn 0.7321 -0.3856 -0.5616
vn -0.6924 0.6133 -0.3802
vn -0.6706 0.5530 -0.4944
vn -0.6889 0.6648 -0.2888
vn -0.6413 0.3985 -0.6558
vn -0.6416 -0.0945 -0.7612
vn -0.5840 -0.1818 -0.7911
vn -0.4774 -0.2485 -0.8428
vn -0.4902 -0.1991 -0.8486
vn -0.8542 0.0216 -0.5194
vn -0.7738 -0.1059 -0.6245
vn -0.9020 0.0925 -0.4217
vn -0.7157 -0.1518 -0.6818
vn -0.5561 -0.1660 -0.8144
vn -0.4850 -0.1628 -0.8592
vn 0.6424 -0.1661 0.7481
vn 0.6926 -0.1991 0.6933
vn 0.7041 -0.1629 0.6911
vn 0.6128 -0.1818 0.7691
vn 0.4730 -0.1519 0.8678
vn 0.4026 -0.1060 0.9092
vn 0.2804 0.0215 0.9596
vn 0.1736 0.0925 0.9805
vn -0.0468 0.2033 0.9780
vn -0.1427 0.2530 0.9569
vn -0.3658 0.3923 0.8440
vn -0.3988 0.4034 0.8236
vn -0.7214 0.4163 0.5534
vn -0.7236 0.4103 0.5551
vn -0.8988 0.4034 0.1718
vn -0.9099 0.3923 0.1346
vn -0.9612 0.2530 -0.1101
vn -0.9567 0.2033 -0.2082
vn 0.6903 -0.2485 0.6795
vn 0.5690 -0.0945 0.8169
vn 0.4672 0.3984 0.7893
vn 0.3037 0.5530 0.7758
vn 0.1878 0.6133 0.7672
vn 0.1005 0.6648 0.7402
vn -0.0148 0.7369 0.6759
vn -0.0670 0.7466 0.6619
vn -0.2548 0.7519 0.6081
vn -0.3074 0.7578 0.5755
vn -0.4910 0.7856 0.3766
vn -0.4917 0.7848 0.3772
vn -0.6355 0.7578 0.1478
vn -0.6533 0.7519 0.0886
vn -0.6567 0.7466 -0.1068
vn -0.6566 0.7369 -0.1608
vn -0.3268 -0.2806 0.9025
vn -0.9886 -0.1430 0.0473
vn -0.9524 -0.0112 -0.3046
vn -0.9848 -0.1458 0.0946
vn -0.9023 0.0016 -0.4312
vn -0.7424 0.1313 0.6569
vn -0.6247 0.1199 0.7716
vn -0.9563 -0.2806 0.0818
vn 0.3491 0.6991 0.6240
vn 0.3400 0.6372 0.6916
vn 0.3534 0.7013 0.6191
vn 0.3509 0.6124 0.7084
vn -0.0518 0.6720 0.7388
vn -0.1539 0.6906 0.7067
vn -0.1003 0.6395 0.7622
vn -0.0514 0.6464 0.7613
vn -0.2043 0.6042 0.7702
vn -0.0543 0.6562 0.7526
vn -0.0397 0.6159 0.7868
vn -0.1081 0.7771 0.6201
vn -0.1029 0.8374 0.5368
vn -0.0437 0.8881 0.4575
vn -0.0409 0.9235 0.3813
vn 0.4486 0.5054 0.7371
vn 0.6832 0.3140 0.6593
vn 0.6710 0.3325 0.6628
vn 0.4068 0.5354 0.7401
vn 0.7400 0.2129 0.6380
vn 0.3937 0.6593 0.6405
vn -0.0184 0.8212 0.5704
vn 0.0173 0.8913 0.4531
vn -0.2518 0.8287 0.4999
vn -0.5176 0.7579 0.3970
vn -0.5481 0.8287 0.1137
vn -0.5557 0.8212 -0.1300
vn 0.0576 0.6547 0.7537
vn -0.2227 0.6746 0.7038
vn -0.5556 0.7139 0.4262
vn -0.7374 0.6746 0.0327
vn -0.7130 0.6547 -0.2509
vn -0.9778 -0.2020 -0.0554
vn -0.9606 -0.2739 -0.0475
vn -0.8636 -0.5037 -0.0215
vn -0.8443 -0.5358 -0.0044
vn -0.9342 -0.3433 0.0974
vn -0.9450 -0.3057 0.1162
vn 0.6986 -0.1044 0.7078
vn 0.4100 -0.0154 0.9120
vn 0.6567 -0.2073 0.7251
vn 0.5981 -0.4234 0.6805
vn 0.7847 0.1262 0.6068
vn 0.8829 -0.0072 0.4695
vn 0.9835 -0.0769 0.1636
vn 0.7387 -0.1975 0.6445
vn -0.7595 0.2893 0.5826
vn -0.3852 0.2903 0.8760
vn -0.6630 -0.5493 0.5086
vn -0.1345 0.2506 0.9587
vn -0.0712 0.2601 0.9629
vn -0.0499 0.4490 0.8921
vn 0.2040 0.1180 0.9718
vn 0.1429 0.2678 0.9528
vn 0.4123 -0.0493 0.9097
vn 0.6178 -0.2997 0.7270
vn 0.0979 -0.9832 0.1540
vn 0.7083 -0.2469 0.6614
vn 0.6047 -0.2322 0.7619
vn 0.4364 -0.0930 0.8949
vn 0.2153 0.0558 0.9750
vn -0.1004 0.2308 0.9678
vn -0.3991 0.2862 0.8711
vn -0.7582 0.2949 0.5816
vn -0.9512 0.2526 0.1772
vn -0.7694 0.2443 0.5902
vn -0.4176 0.2527 0.8728
vn -0.1274 0.2082 0.9698
vn 0.1689 0.0595 0.9838
vn 0.4059 -0.0965 0.9088
vn 0.5876 -0.1380 0.7973
vn 0.4595 -0.7222 0.5171
vn 0.4260 -0.7099 0.5608
vn 0.5786 -0.2020 0.7902
vn 0.2706 -0.1268 0.9543
vn 0.1850 -0.7907 0.5836
vn -0.0815 -0.9947 0.0625
vn 0.0047 -1.0000 -0.0037
vn 0.6344 -0.2021 0.7461
vn 0.6170 -0.0181 0.7867
vn 0.5416 -0.1096 0.8335
vn 0.2990 0.0831 0.9506
vn 0.0898 0.2753 0.9571
vn -0.0335 0.5831 0.8117
vn 0.1751 0.6195 0.7652
vn 0.7592 0.2481 0.6017
vn 0.6957 0.2688 0.6661
vn 0.7990 0.1159 0.5900
vn 0.8173 -0.0267 0.5756
vn 0.7924 0.0109 0.6099
vn 0.6932 0.0563 0.7186
vn 0.6341 0.2993 0.7130
vn 0.5877 0.3256 0.7407
vn 0.3480 0.6037 0.7173
vn 0.2931 0.5715 0.7665
vn -0.0549 0.7950 0.6041
vn -0.1960 0.7595 0.6202
vn -0.2145 -0.5358 0.8166
vn -0.3362 -0.3433 0.8770
vn -0.3571 -0.3057 0.8826
vn -0.2030 -0.5037 0.8397
vn -0.2030 -0.2739 0.9401
vn -0.1998 -0.2020 0.9588
vn 0.0804 0.1399 0.9869
vn -0.0214 0.1881 0.9819
vn 0.0690 0.2914 0.9541
vn -0.0085 0.3473 0.9377
vn 0.0816 0.3265 0.9417
vn 0.0830 0.3291 0.9407
vn 0.0835 0.3295 0.9405
vn 0.1222 0.3167 0.9406
vn 0.0350 -0.2345 -0.9715
vn -0.2999 -0.1069 -0.9480
vn -0.1368 -0.2392 -0.9613
vn -0.2111 -0.2871 -0.9344
vn -0.0792 -0.3300 -0.9407
vn 0.0677 -0.3698 -0.9266
vn -0.8431 -0.4691 0.2629
vn -0.7941 -0.4367 0.4227
vn -0.7650 -0.4262 0.4829
vn -0.7018 -0.4131 0.5804
vn -0.6995 -0.4190 0.5790
vn -0.7404 -0.4190 0.5256
vn -0.7424 -0.4131 0.5274
vn -0.6646 -0.4262 0.6137
vn -0.6141 -0.4367 0.6575
vn -0.4724 -0.4691 0.7462
vn -0.7225 0.6905 -0.0346
vn -0.7270 0.6719 -0.1415
vn -0.5799 0.6372 -0.5076
vn -0.5933 0.6124 -0.5225
vn -0.5122 0.6991 -0.4988
vn -0.5064 0.7013 -0.5017
vn -0.3616 -0.9013 0.2387
vn -0.3298 -0.9067 0.2629
vn -0.2004 -0.9710 0.1300
vn -0.1069 -0.9939 0.0267
vn 0.2152 -0.8924 -0.3967
vn 0.2471 -0.8650 -0.4367
vn 0.5247 -0.3914 -0.7560
vn 0.5422 -0.3308 -0.7724
vn 0.5644 0.4138 -0.7143
vn 0.4850 0.6471 -0.5883
vn 0.1384 0.9878 -0.0710
vn 0.1036 0.9942 -0.0290
vn -0.0306 0.9801 0.1960
vn -0.0259 0.9801 0.1966
vn 0.6392 -0.3450 -0.6873
vn 0.6064 0.3313 -0.7229
vn 0.7437 -0.3486 -0.5705
vn 0.3243 0.3122 -0.8929
vn -0.1199 0.8713 -0.4760
vn -0.3012 0.6235 -0.7215
vn -0.5012 0.6747 -0.5418
vn -0.5332 0.3418 -0.7739
vn -0.6671 0.5375 -0.5158
vn -0.1177 0.0894 -0.9890
vn -0.1138 0.8643 -0.4899
vn -0.5327 0.7916 -0.2992
vn -0.6969 0.6978 -0.1656
vn -0.5013 0.8578 -0.1139
vn -0.6618 0.7490 0.0319
vn -0.3213 0.9143 0.2465
vn -0.4729 0.8029 0.3628
vn -0.2022 0.7490 0.6309
vn -0.0199 0.8578 0.5137
vn -0.0206 0.6978 0.7160
vn 0.1510 0.7916 0.5921
vn 0.3253 0.5375 0.7780
vn 0.3934 0.6747 0.6244
vn 0.6093 0.3418 0.7155
vn 0.6188 0.6235 0.4779
vn 0.9247 0.0894 0.3700
vn 0.9465 0.3122 -0.0819
vn 0.8294 -0.3450 -0.4393
vn 0.8553 0.3313 -0.3984
vn 0.7157 0.4316 -0.5490
vn -0.0780 0.9060 -0.4160
vn 0.1515 0.9816 -0.1162
vn 0.3815 0.9060 0.1831
vn 0.4437 0.8643 0.2369
vn 0.4287 0.8713 0.2391
vn -0.9079 0.3473 -0.2348
vn -0.9539 0.1881 -0.2338
vn -0.9037 0.2914 -0.3138
vn -0.9323 0.1400 -0.3334
vn -0.8768 0.3167 -0.3618
vn -0.8867 0.3295 -0.3243
vn -0.8870 0.3290 -0.3239
vn -0.8883 0.3265 -0.3228
vn 0.8379 -0.1070 0.5352
vn 0.9474 -0.2345 0.2179
vn 0.8930 -0.2392 0.3812
vn 0.9125 -0.3698 0.1747
vn 0.8880 -0.3300 0.3203
vn 0.8477 -0.2871 0.4460
vn -0.9071 0.1199 0.4034
vn -0.8269 0.1313 0.5468
vn 0.0478 -0.0112 0.9988
vn 0.1830 0.0016 0.9831
vn -0.3018 -0.1430 0.9426
vn -0.3466 -0.1458 0.9266
vn -0.1966 0.9801 -0.0259
vn 0.1044 0.9878 -0.1153
vn -0.1972 0.9801 -0.0213
vn 0.0549 0.9942 -0.0925
vn 0.6939 0.6471 -0.3160
vn 0.8361 0.4138 -0.3601
vn 0.8865 -0.3308 -0.3235
vn 0.8661 -0.3914 -0.3109
vn 0.4389 -0.8924 -0.1050
vn 0.4858 -0.8650 -0.1255
vn -0.0535 -0.9939 0.0963
vn -0.1775 -0.9710 0.1599
vn -0.3393 -0.9067 0.2504
vn -0.3242 -0.9013 0.2874
vn 0.0778 0.9223 0.3786
vn 0.0765 0.9033 0.4220
vn 0.0752 0.8857 0.4582
vn 0.0732 0.8584 0.5077
vn 0.1549 -0.9389 0.3072
vn 0.2537 -0.9530 0.1659
vn 0.1584 -0.9335 0.3216
vn -0.0346 -0.9182 0.3945
vn -0.0344 -0.9193 0.3921
vn -0.1783 -0.8880 0.4238
vn -0.1750 -0.8863 0.4289
vn -0.3784 -0.8790 0.2903
vn -0.3843 -0.8749 0.2948
vn -0.4555 -0.8880 0.0624
vn -0.4595 -0.8863 0.0579
vn -0.3900 -0.9182 -0.0689
vn -0.3876 -0.9193 -0.0683
vn -0.2696 -0.9335 -0.2363
vn -0.2566 -0.9389 -0.2292
vn -0.0945 -0.9530 -0.2880
vn -0.0772 -0.9566 -0.2811
vn -0.8453 -0.5002 0.1879
vn -0.0753 0.9066 0.4151
vn 0.0466 0.9616 0.2704
vn 0.0659 0.9581 0.2787
vn 0.3123 0.9194 0.2391
vn 0.3124 0.9162 0.2511
vn 0.4822 0.8690 0.1110
vn 0.4885 0.8652 0.1133
vn 0.5265 0.8468 -0.0755
vn 0.5320 0.8436 -0.0735
vn 0.4349 0.8364 -0.3336
vn 0.4387 0.8332 -0.3365
vn 0.2089 0.8436 -0.4947
vn 0.2094 0.8468 -0.4890
vn 0.0177 0.8690 -0.4945
vn 0.0171 0.8652 -0.5012
vn -0.1500 0.9194 -0.3636
vn -0.1615 0.9162 -0.3668
vn -0.2521 0.9581 -0.1359
vn -0.2491 0.9616 -0.1151
vn -0.4008 -0.4992 0.7682
vn -0.4204 0.9067 -0.0349
vn 0.2515 -0.9566 0.1474
vn -0.5452 0.8374 -0.0397
vn -0.4532 0.8881 -0.0764
vn -0.3789 0.9235 -0.0593
vn -0.6269 0.7771 -0.0562
vn -0.7410 0.6562 -0.1425
vn -0.7702 0.6159 -0.1655
vn -0.7486 0.6464 -0.1476
vn -0.7622 0.6395 -0.1007
vn -0.7969 0.6041 -0.0022
vn -0.3455 0.9223 -0.1733
vn -0.4231 0.8857 -0.1913
vn -0.3878 0.9033 -0.1832
vn -0.4714 0.8584 -0.2022
vn 0.7910 -0.0782 -0.6068
vn 0.6662 -0.5062 -0.5476
vn 0.8112 -0.0596 -0.5817
vn 0.6484 -0.5763 -0.4974
vn 0.3415 -0.8677 -0.3613
vn 0.3820 -0.8765 -0.2930
vn 0.4374 -0.8677 -0.2362
vn 0.7015 -0.5062 -0.5016
vn 0.7721 -0.0596 -0.6328
vn 0.1813 -0.9786 0.0976
vn 0.1638 -0.9819 0.0951
vn 0.1630 -0.9829 0.0861
vn 0.2046 -0.9769 0.0623
vn 0.2971 -0.9493 0.1030
vn 0.3940 -0.9049 0.1611
vn -0.0331 0.9100 0.4133
vn 0.0714 0.9489 0.3073
vn -0.0956 0.8538 0.5117
vn 0.0760 0.9575 0.2782
vn 0.1737 0.9527 0.2493
vn 0.1763 0.9545 0.2405
vn 0.2014 0.9495 0.2407
vn -0.5995 0.0157 -0.8002
vn -0.5419 0.0157 -0.8403
vn -0.7548 0.0177 -0.6557
vn -0.4186 0.0135 -0.9081
vn -0.4201 0.0124 -0.9074
vn 0.6971 0.0563 -0.7147
vn 0.5657 0.0655 -0.8220
vn 0.4695 -0.0248 -0.8826
vn 0.2926 -0.0430 -0.9553
vn 0.2239 -0.1283 -0.9661
vn 0.3150 -0.0977 -0.9440
vn 0.7233 0.1093 -0.6819
vn 0.8867 0.2098 -0.4119
vn 0.8166 -0.1700 -0.5516
vn 0.5248 -0.4519 -0.7214
vn 0.7855 -0.2429 -0.5692
vn 0.5024 -0.4378 -0.7456
vn 0.1943 -0.6038 -0.7731
vn 0.2295 -0.6063 -0.7614
vn 0.2004 -0.4075 -0.8910
vn 0.3609 -0.3255 -0.8739
vn 0.2005 -0.4075 -0.8909
vn 0.4837 -0.2667 -0.8336
vn 0.7051 -0.1184 -0.6992
vn 0.7417 -0.1403 -0.6559
vn 0.1777 0.0348 -0.9835
vn 0.5680 0.0035 -0.8230
vn 0.6830 -0.0078 -0.7303
vn 0.9727 -0.0489 -0.2268
vn 0.1321 0.1115 -0.9849
vn 0.3005 0.1234 -0.9458
vn 0.1526 0.0897 -0.9842
vn 0.3115 0.0917 -0.9458
vn 0.6455 0.1679 -0.7451
vn 0.5525 0.1881 -0.8120
vn 0.7610 0.1818 -0.6228
vn 0.1197 0.4411 -0.8895
vn 0.2538 -0.1494 -0.9557
vn 0.9175 0.3590 -0.1713
vn -0.6210 0.6653 -0.4144
vn -0.8104 0.4705 -0.3492
vn -0.7261 0.6219 0.2932
vn -0.5608 0.8073 0.1836
vn -0.4740 0.4748 -0.7415
vn -0.3749 0.9143 -0.1535
vn -0.3137 0.3199 -0.8940
vn -0.2015 -0.3583 -0.9116
vn 0.5480 -0.5139 0.6600
vn 0.7354 0.6533 -0.1799
vn 0.6866 -0.1519 0.7110
vn 0.8601 0.2838 -0.4239
vn 0.5824 -0.3751 0.7212
vn 0.7393 -0.1214 -0.6623
vn 0.4788 -0.8048 0.3507
vn -0.0305 -0.1121 -0.9932
vn -0.7240 -0.6696 -0.1655
vn -0.9966 -0.0128 -0.0809
vn -0.7295 -0.4585 -0.5076
vn -0.4019 -0.8417 -0.3607
vn 0.1254 0.5128 -0.8493
vn 0.1065 0.3697 -0.9230
vn -0.0196 -0.9997 0.0150
vn -0.2063 -0.9459 -0.2503
vn -0.2294 -0.9402 -0.2520
vn -0.0150 -0.9998 0.0115
vn 0.1882 -0.9459 0.2641
vn 0.1839 -0.9402 0.2868
vn 0.4694 -0.7298 0.4970
vn 0.4808 -0.7043 0.5223
vn 0.8056 -0.2915 0.5157
vn 0.8125 -0.2784 0.5122
vn 0.9642 0.0994 0.2457
vn 0.9719 0.1413 0.1885
vn 0.9130 0.3504 -0.2092
vn 0.8980 0.3614 -0.2511
vn 0.7174 0.4271 -0.5503
vn 0.7162 0.4303 -0.5494
vn 0.4752 0.3614 -0.8022
vn 0.4386 0.3504 -0.8276
vn 0.0697 0.1413 -0.9875
vn 0.0126 0.0994 -0.9950
vn -0.2894 -0.2915 -0.9118
vn -0.2842 -0.2784 -0.9175
vn -0.3799 -0.7043 -0.5997
vn -0.3584 -0.7298 -0.5821
vn -0.1856 -0.6640 0.7243
vn -0.5256 -0.7491 0.4032
vn -0.5255 -0.7492 0.4031
vn -0.7477 -0.6640 -0.0085
vn -0.7517 -0.6592 -0.0173
vn -0.8061 -0.3805 -0.4532
vn -0.8096 -0.3576 -0.4654
vn -0.6654 0.0333 -0.7457
vn -0.6765 0.0262 -0.7360
vn -0.4067 0.3944 -0.8240
vn -0.3829 0.4335 -0.8158
vn -0.0146 0.7746 -0.6323
vn -0.0098 0.7942 -0.6076
vn 0.3160 0.9173 -0.2424
vn 0.3037 0.9238 -0.2330
vn 0.5843 0.7942 0.1669
vn 0.6069 0.7746 0.1779
vn 0.6887 0.4335 0.5812
vn 0.6905 0.3944 0.6064
vn 0.5478 0.0333 0.8359
vn 0.5355 0.0262 0.8441
vn 0.2398 -0.3576 0.9026
vn 0.2288 -0.3805 0.8960
vn -0.1781 -0.6592 0.7305
vn -0.6423 0.7467 0.1731
vn -0.9223 -0.1181 -0.3681
vn -0.9708 -0.2373 0.0360
vn -0.5332 0.8027 -0.2672
vn 0.7822 0.5983 0.1740
vn -0.4534 0.6744 0.5827
vn -0.9216 -0.2362 0.3080
vn 0.7899 0.5688 0.2292
vn 0.7966 0.5262 0.2975
vn -0.2807 0.7956 -0.5369
vn 0.5841 -0.7925 0.1754
vn 0.6602 -0.7412 0.1216
vn -0.3008 0.5059 0.8085
vn -0.7873 -0.3942 0.4741
vn 0.8143 0.5689 0.1150
vn 0.7401 -0.6711 -0.0427
vn -0.1116 -0.9762 -0.1861
vn -0.1792 -0.9765 -0.1194
vn -0.1653 -0.9737 -0.1567
vn -0.2988 -0.9219 -0.2468
vn 0.6787 -0.1213 -0.7244
vn 0.1851 0.9709 -0.1522
vn -0.7736 -0.0913 -0.6270
vn 0.6759 -0.5649 -0.4734
vn 0.7886 0.6065 -0.1017
vn 0.4144 -0.5660 -0.7127
vn -0.1364 -0.9146 -0.3807
vn -0.2937 -0.9009 -0.3196
vn 0.5380 -0.5083 -0.6725
vn 0.6975 0.6753 -0.2396
vn -0.4165 0.4215 0.8056
vn -0.7170 -0.4321 0.5470
vn -0.8147 -0.3495 0.4627
vn -0.7287 0.6315 0.2648
vn -0.7435 -0.3727 0.5552
vn -0.4737 0.6472 0.5973
vn -0.3823 -0.8764 0.2929
vn 0.6269 -0.1707 0.7602
vn 0.1758 -0.9694 -0.1714
vn 0.9231 -0.3571 -0.1429
vn 0.8719 0.3666 0.3247
vn 0.2976 0.9271 -0.2281
vn 0.5906 -0.7081 0.3869
vn 0.6693 -0.4047 0.6231
vn 0.5744 -0.5396 0.6156
vn -0.4444 0.6315 0.6354
vn -0.6997 0.6472 0.3026
vn 0.2111 -0.9694 -0.1254
vn 0.7889 -0.5083 -0.3454
vn 0.2326 -0.9009 0.3664
vn 0.3771 -0.3571 -0.8545
vn 0.4121 0.6753 -0.6116
vn -0.0876 0.3667 -0.9262
vn -0.8860 0.4215 0.1935
vn -0.4285 -0.4048 -0.8078
vn -0.2207 -0.7082 -0.6706
vn -0.4459 -0.5399 -0.7139
vn -0.7290 -0.3724 0.5744
vn -0.5722 -0.1704 -0.8022
vn -0.6580 -0.3495 0.6670
vn -0.7141 -0.4321 0.5507
vn -0.6619 -0.3942 0.6376
vn -0.8588 0.5059 0.0811
vn 0.3026 0.6064 -0.7353
vn 0.7957 -0.5660 -0.2156
vn 0.6323 -0.5649 -0.5301
vn 0.3323 -0.9146 0.2304
vn 0.2330 -0.6711 -0.7038
vn 0.1508 -0.9762 0.1560
vn 0.0536 -0.7412 -0.6692
vn 0.1000 0.5689 -0.8163
vn -0.6803 0.6744 0.2869
vn -0.5363 -0.2362 0.8103
vn 0.0347 0.5983 -0.8005
vn -0.0168 0.5689 -0.8223
vn -0.0180 -0.7925 -0.6096
vn -0.0810 0.5263 -0.8465
vn 0.0689 -0.9765 0.2040
vn 0.1085 -0.9737 0.2002
vn 0.1610 -0.9219 0.3525
vn 0.8755 -0.1213 -0.4678
vn 0.1949 0.9709 -0.1393
vn 0.4458 0.7956 0.4102
vn 0.1199 0.8027 0.5842
vn -0.3336 0.7467 0.5755
vn -0.2863 -0.2373 0.9283
vn 0.4052 -0.0912 0.9097
vn 0.1165 -0.1181 0.9861
vn -0.3116 0.6373 0.7048
vn -0.6471 -0.0824 0.7579
vn -0.3101 -0.0891 0.9465
vn -0.0609 -0.8129 0.5793
vn 0.0532 -0.7680 0.6382
vn 0.1779 -0.7021 0.6895
vn -0.1776 -0.8133 0.5541
vn -0.1593 0.5573 0.8149
vn -0.3935 0.6501 0.6500
vn -0.2713 0.6363 0.7221
vn 0.0422 0.6387 0.7683
vn -0.7615 0.6373 0.1184
vn -0.8997 -0.0824 0.4286
vn -0.9945 -0.0891 0.0543
vn -0.5753 -0.8129 -0.0913
vn -0.6027 -0.7680 -0.2168
vn -0.6199 -0.7021 -0.3504
vn -0.5812 -0.8133 0.0279
vn -0.8284 0.5572 -0.0573
vn -0.7298 0.6501 0.2117
vn -0.7678 0.6363 0.0749
vn -0.7311 0.6387 -0.2399
vn -0.2187 -0.2273 0.9489
vn -0.2240 -0.2305 0.9469
vn -0.1441 -0.3138 0.9385
vn -0.0660 -0.3254 0.9433
vn 0.0551 -0.2660 0.9624
vn 0.0626 -0.2326 0.9706
vn -0.9282 -0.3254 -0.1806
vn -0.9152 -0.2659 -0.3026
vn -0.9212 -0.2326 -0.3119
vn -0.9438 -0.3138 -0.1040
vn -0.9726 -0.2305 -0.0289
vn -0.9732 -0.2274 -0.0346
vn -0.2300 -0.1221 0.9655
vn -0.2617 -0.1243 0.9571
vn -0.4182 -0.1335 0.8985
vn -0.4527 -0.1352 0.8814
vn -0.0637 -0.1904 0.9796
vn -0.0636 -0.1907 0.9796
vn -0.0635 -0.1917 0.9794
vn -0.0634 -0.1921 0.9793
vn 0.0201 -0.5465 0.8372
vn -0.0499 -0.1650 0.9850
vn -0.0210 -0.3323 0.9429
vn -0.1059 0.2048 0.9731
vn -0.0148 -0.9199 0.3920
vn -0.0286 -0.9419 0.3347
vn -0.0237 -0.9344 0.3553
vn -0.0404 -0.9579 0.2843
vn -0.6423 -0.3372 0.6883
vn -0.4834 -0.5788 0.6567
vn -0.2819 -0.7727 0.5687
vn -0.1732 0.4712 0.8649
vn -0.1890 0.4976 0.8466
vn -0.2013 0.5181 0.8313
vn -0.9686 -0.1351 0.2089
vn -0.9922 -0.1243 0.0048
vn -0.9762 -0.1335 0.1711
vn -0.9921 -0.1221 -0.0280
vn -0.9623 -0.1920 -0.1925
vn -0.9626 -0.1907 -0.1924
vn -0.9624 -0.1917 -0.1925
vn -0.9627 -0.1904 -0.1923
vn -0.8034 -0.5465 -0.2363
vn -0.9162 -0.3323 -0.2240
vn -0.9643 -0.1650 -0.2070
vn -0.9673 0.2048 -0.1498
vn -0.3824 -0.9199 -0.0873
vn -0.3493 -0.9344 -0.0692
vn -0.3307 -0.9419 -0.0591
vn -0.2851 -0.9579 -0.0346
vn -0.8312 -0.3372 0.4420
vn -0.7596 -0.5788 0.2967
vn -0.6223 -0.7727 0.1249
vn -0.8802 0.4712 -0.0568
vn -0.8666 0.4976 -0.0368
vn -0.8551 0.5181 -0.0209
vn -0.0639 0.0044 -0.9979
vn 0.2892 -0.9312 -0.2218
vn -0.1481 -0.8858 -0.4397
vn -0.7136 0.0010 -0.7006
vn -0.1544 0.8879 -0.4333
vn -0.3633 0.8717 -0.3290
vn -0.4068 0.8940 -0.1880
vn -0.9534 -0.0056 -0.3015
vn -0.3086 0.9213 0.2367
vn -0.7934 -0.0079 0.6086
vn 0.9473 0.0044 0.3203
vn 0.3863 -0.8858 0.2570
vn -0.3514 -0.8723 -0.3401
vn -0.3898 -0.8982 -0.2032
vn -0.2971 -0.9272 0.2279
vn 0.0442 -0.0056 0.9990
vn 0.0761 0.8940 0.4416
vn 0.2236 0.8717 0.4361
vn 0.3785 0.8879 0.2614
vn 0.2777 0.9368 -0.2130
vn 0.7934 0.0079 -0.6086
vn 0.4917 0.0010 0.8707
vn 0.0952 -0.8982 0.4292
vn 0.2374 -0.8723 0.4275
vn 0.6114 -0.2225 0.7594
vn 0.6160 -0.2280 0.7540
vn 0.5780 -0.2392 0.7802
vn 0.5432 -0.2175 0.8110
vn 0.3438 -0.2032 0.9168
vn 0.2801 -0.1672 0.9453
vn 0.0134 -0.1758 0.9843
vn -0.0271 -0.1580 0.9871
vn -0.4044 -0.1652 0.8996
vn -0.4288 -0.1521 0.8905
vn -0.7835 -0.1571 0.6012
vn -0.7869 -0.1519 0.5981
vn -0.9715 -0.1532 0.1810
vn -0.9736 -0.1652 0.1575
vn -0.9604 -0.1580 -0.2296
vn -0.9472 -0.1758 -0.2680
vn -0.8404 -0.1672 -0.5155
vn -0.7964 -0.2032 -0.5696
vn -0.6425 -0.2175 -0.7347
vn -0.6038 -0.2392 -0.7604
vn -0.5687 -0.2280 -0.7903
vn -0.5750 -0.2225 -0.7873
vn 0.5829 0.1798 0.7924
vn 0.5770 0.1847 0.7956
vn 0.6207 0.1963 0.7591
vn 0.6540 0.1784 0.7351
vn 0.7975 0.1693 0.5791
vn 0.8367 0.1396 0.5296
vn 0.9416 0.1548 0.2991
vn 0.9568 0.1407 0.2546
vn 0.9797 0.1577 -0.1239
vn 0.9757 0.1463 -0.1631
vn 0.7837 0.1560 -0.6012
vn 0.7847 0.1481 -0.6019
vn 0.4104 0.1463 -0.9001
vn 0.3735 0.1577 -0.9141
vn 0.0020 0.1407 -0.9901
vn -0.0449 0.1548 -0.9869
vn -0.2947 0.1396 -0.9453
vn -0.3527 0.1693 -0.9203
vn -0.5406 0.1784 -0.8221
vn -0.5723 0.1963 -0.7962
vn -0.6189 0.1847 -0.7635
vn -0.6143 0.1798 -0.7683
vn 0.0001 1.0000 -0.0001
vn 0.0001 1.0000 -0.0000
vn -0.0000 1.0000 0.0000
vn 0.0000 1.0000 -0.0000
vn -0.0000 1.0000 -0.0000
vn -0.0111 0.9998 0.0154
vn -0.0534 0.9977 0.0406
vn -0.0746 0.9955 0.0583
vn -0.0173 0.9998 0.0065
vn 0.0000 1.0000 0.0000
vn 0.0000 1.0000 -0.0001
vn 0.0000 -1.0000 -0.0000
vn -0.0000 -1.0000 0.0000
vn 0.6619 0.1590 0.7325
vn 0.7440 0.0881 0.6624
vn 0.6401 0.1174 0.7593
vn 0.6892 0.0692 0.7212
vn 0.8677 0.0956 0.4877
vn 0.8922 0.0880 0.4430
vn 0.9698 0.1293 0.2068
vn 0.9753 0.1340 0.1756
vn 0.9643 0.1777 -0.1965
vn 0.9586 0.1798 -0.2206
vn 0.7779 0.1969 -0.5967
vn 0.4615 0.1798 -0.8687
vn 0.4396 0.1777 -0.8804
vn 0.0831 0.1340 -0.9875
vn 0.0515 0.1293 -0.9903
vn -0.1967 0.0880 -0.9765
vn -0.2462 0.0956 -0.9645
vn -0.4470 0.0881 -0.8902
vn -0.5180 0.0692 -0.8526
vn -0.5675 0.1174 -0.8150
vn -0.5360 0.1590 -0.8291
vn 0.4374 -0.1017 0.8935
vn 0.5568 -0.1476 0.8174
vn 0.5192 -0.1972 0.8316
vn 0.5175 -0.0807 0.8519
vn 0.2260 -0.1035 0.9686
vn 0.1684 -0.0931 0.9813
vn -0.0823 -0.1338 0.9876
vn -0.1119 -0.1382 0.9841
vn -0.4630 -0.1799 0.8679
vn -0.4835 -0.1818 0.8563
vn -0.7779 -0.1970 0.5967
vn -0.9523 -0.1818 0.2451
vn -0.9582 -0.1799 0.2223
vn -0.9795 -0.1382 -0.1469
vn -0.9752 -0.1339 -0.1764
vn -0.9042 -0.0931 -0.4169
vn -0.8770 -0.1035 -0.4692
vn -0.7497 -0.1017 -0.6539
vn -0.6887 -0.0807 -0.7206
vn -0.6453 -0.1476 -0.7496
vn -0.6687 -0.1972 -0.7169
vn 0.6206 -0.3150 -0.7181
vn 0.5377 -0.1815 -0.8234
vn 0.6973 -0.1256 -0.7057
vn 0.5075 -0.0000 -0.8617
vn 0.6686 -0.0460 -0.7422
vn 0.5377 0.1815 -0.8234
vn 0.6686 0.0460 -0.7422
vn 0.1873 -0.0000 -0.9823
vn 0.2417 -0.3266 -0.9137
vn 0.3910 -0.5671 -0.7250
vn 0.7340 -0.3642 -0.5732
vn 0.5951 -0.6556 -0.4648
vn 0.7470 -0.1717 -0.6423
vn 0.6206 0.3151 -0.7180
vn 0.6973 0.1257 -0.7057
vn 0.2417 0.3266 -0.9137
vn -0.1525 -0.0000 -0.9883
vn -0.0807 -0.4332 -0.8977
vn 0.1167 -0.7529 -0.6477
vn 0.3873 -0.8709 -0.3025
vn 0.6567 -0.7529 0.0438
vn 0.7981 -0.5671 -0.2037
vn 0.8471 -0.3150 -0.4281
vn 0.8042 -0.1717 -0.5690
vn 0.7340 0.3642 -0.5732
vn 0.7470 0.1717 -0.6423
vn 0.3910 0.5671 -0.7249
vn -0.0807 0.4332 -0.8977
vn -0.4735 -0.0000 -0.8808
vn -0.3930 -0.4896 -0.7784
vn -0.1712 -0.8515 -0.4955
vn 0.1344 -0.9854 -0.1050
vn 0.4393 -0.8515 0.2862
vn 0.6599 -0.4896 0.5699
vn 0.8514 -0.4332 0.2958
vn 0.9451 -0.3266 -0.0131
vn 0.9291 -0.1815 -0.3221
vn 0.8536 -0.1257 -0.5055
vn -0.3930 0.4896 -0.7784
vn 0.1167 0.7529 -0.6477
vn -0.1712 0.8515 -0.4956
vn 0.3873 0.8709 -0.3025
vn 0.1344 0.9854 -0.1049
vn 0.5951 0.6556 -0.4648
vn 0.1712 -0.8516 0.4955
vn -0.1344 -0.9854 0.1049
vn -0.4393 -0.8516 -0.2861
vn -0.6599 -0.4896 -0.5699
vn -0.7398 0.0000 -0.6728
vn -0.6600 0.4896 -0.5699
vn -0.4393 0.8515 -0.2861
vn -0.1344 0.9854 0.1049
vn 0.1711 0.8516 0.4955
vn 0.4393 0.8515 0.2861
vn -0.3873 -0.8709 0.3025
vn -0.6567 -0.7529 -0.0438
vn -0.8514 -0.4332 -0.2958
vn -0.9219 -0.0000 -0.3875
vn -0.8514 0.4332 -0.2958
vn -0.6567 0.7529 -0.0438
vn -0.3873 0.8709 0.3025
vn -0.9165 0.3793 -0.1276
vn -0.9781 -0.0000 -0.2081
vn -0.7460 0.6593 0.0940
vn -0.5097 0.7627 0.3981
vn -0.1167 0.7529 0.6477
vn 0.3021 0.6938 0.6537
vn 0.5611 0.6938 0.4515
vn 0.6567 0.7529 0.0438
vn 0.7607 0.6180 0.1984
vn 0.7981 0.5671 -0.2037
vn 0.8784 0.4709 -0.0821
vn 0.8470 0.3151 -0.4281
vn 0.8948 0.2642 -0.3600
vn 0.8536 0.1257 -0.5055
vn 0.0082 0.6180 0.7861
vn -0.2719 0.6593 0.7010
vn -0.1587 0.5453 0.8231
vn 0.8041 0.1717 -0.5691
vn -0.9291 0.1815 0.3221
vn -0.9494 0.2482 0.1922
vn -0.9903 -0.0000 0.1389
vn -0.8471 0.3150 0.4281
vn -0.8376 0.4297 0.3372
vn -0.7340 -0.3642 0.5732
vn -0.6206 -0.3150 0.7181
vn -0.7881 -0.0000 0.6155
vn -0.8471 -0.3150 0.4281
vn -0.9291 -0.1815 0.3221
vn -0.9494 -0.2482 0.1922
vn -0.9590 -0.0000 0.2835
vn -0.7340 0.3642 0.5732
vn -0.6843 0.4961 0.5344
vn -0.5301 0.4297 0.7310
vn -0.6206 0.3150 0.7181
vn -0.4166 0.2482 0.8746
vn -0.5377 0.1815 0.8234
vn -0.3748 -0.0000 0.9271
vn -0.5075 -0.0000 0.8617
vn -0.5377 -0.1815 0.8234
vn -0.4166 -0.2482 0.8746
vn -0.5301 -0.4297 0.7310
vn -0.6843 -0.4961 0.5344
vn -0.8376 -0.4297 0.3372
vn 0.0807 -0.4332 0.8977
vn 0.4735 -0.0000 0.8808
vn 0.1525 -0.0000 0.9883
vn 0.3930 -0.4896 0.7784
vn 0.7398 -0.0000 0.6728
vn -0.1167 -0.7529 0.6477
vn -0.5097 -0.7627 0.3981
vn -0.2719 -0.6593 0.7010
vn -0.0983 -0.3793 0.9200
vn -0.0351 -0.0000 0.9994
vn -0.0344 0.1990 0.9794
vn 0.1492 0.2255 0.9628
vn 0.4583 0.2528 0.8521
vn 0.7157 0.2528 0.6511
vn 0.8979 0.2255 0.3780
vn 0.9219 -0.0000 0.3875
vn 0.9834 0.1723 0.0564
vn 0.9984 -0.0000 0.0563
vn 0.9547 0.0971 -0.2812
vn 0.9590 -0.0000 -0.2835
vn 0.8821 0.0460 -0.4688
vn 0.8821 -0.0460 -0.4688
vn -0.7460 -0.6593 0.0940
vn -0.9165 -0.3793 -0.1276
vn -0.9903 0.0000 0.1390
vn -0.7340 -0.3641 0.5732
vn -0.7881 0.0000 0.6155
vn -0.9590 0.0000 0.2835
vn -0.3748 0.0000 0.9271
vn -0.5074 0.0000 0.8617
vn -0.5302 -0.4297 0.7310
vn -0.1733 0.8463 -0.5037
vn -0.4735 0.0000 -0.8808
vn 0.3962 0.8645 -0.3094
vn 0.1486 0.9821 -0.1160
vn 0.7340 0.3641 -0.5733
vn 0.4467 0.8463 0.2902
vn 0.8471 0.3150 -0.4281
vn 0.8042 0.1717 -0.5690
vn 0.1712 -0.8515 0.4956
vn 0.4393 -0.8515 0.2861
vn -0.1344 -0.9854 0.1050
vn -0.4393 -0.8515 -0.2861
vn -0.1712 -0.8516 -0.4955
vn -0.6600 -0.4896 -0.5699
vn -0.4467 0.8463 -0.2902
vn -0.1486 0.9821 0.1160
vn 0.1733 0.8463 0.5037
vn -0.9219 0.0000 -0.3875
vn -0.3962 0.8645 0.3094
vn -0.9781 0.0000 -0.2081
vn -0.7460 0.6593 0.0939
vn 0.3021 0.6938 0.6538
vn 0.9590 0.0000 -0.2835
vn 0.9984 0.0000 0.0564
vn 0.9219 0.0000 0.3875
vn -0.7460 -0.6593 0.0939
vn 0.4735 0.0000 0.8808
vn 0.1525 0.0000 0.9883
vn -0.0983 -0.3793 0.9201
vn -0.0351 0.0000 0.9994
vn 0.9834 0.1722 0.0564
vn 0.6973 -0.1257 -0.7057
vn 0.5074 0.0000 -0.8617
vn 0.1873 0.0000 -0.9823
vn 0.3910 -0.5671 -0.7249
vn 0.7340 -0.3641 -0.5732
vn 0.7469 -0.1717 -0.6423
vn 0.6206 0.3150 -0.7181
vn 0.2418 0.3266 -0.9137
vn -0.1525 0.0000 -0.9883
vn 0.7469 0.1717 -0.6424
# 1966 vertex normals

vt 0.0996 0.7621 0.0000
vt 0.2355 0.7621 0.0000
vt 0.2349 0.7045 0.0000
vt 0.0996 0.6261 0.0000
vt 0.1356 0.6992 0.0000
vt 0.0996 0.6992 0.0000
vt 0.1356 0.6261 0.0000
vt 0.1682 0.6992 0.0000
vt 0.1682 0.6261 0.0000
vt 0.2355 0.6992 0.0000
vt 0.2355 0.6261 0.0000
vt 0.1682 0.7621 0.0000
vt 0.1356 0.7621 0.0000
vt 0.0996 0.6859 0.0000
vt 0.2355 0.6859 0.0000
vt 0.8140 0.8214 0.0000
vt 0.8063 0.8245 0.0000
vt 0.8213 0.8284 0.0000
vt 0.8085 0.8204 0.0000
vt 0.8069 0.8155 0.0000
vt 0.7916 0.8342 0.0000
vt 0.8054 0.8334 0.0000
vt 0.8002 0.8260 0.0000
vt 0.8176 0.8313 0.0000
vt 0.8312 0.8459 0.0000
vt 0.8109 0.8476 0.0000
vt 0.8146 0.8627 0.0000
vt 0.7916 0.8628 0.0000
vt 0.7916 0.8817 0.0000
vt 0.8193 0.8817 0.0000
vt 0.7916 0.9055 0.0000
vt 0.8245 0.9054 0.0000
vt 0.7916 0.9313 0.0000
vt 0.8282 0.9313 0.0000
vt 0.8540 0.9051 0.0000
vt 0.8622 0.9311 0.0000
vt 0.7916 0.8479 0.0000
vt 0.8379 0.8621 0.0000
vt 0.8460 0.8812 0.0000
vt 0.7916 0.9571 0.0000
vt 0.8317 0.9571 0.0000
vt 0.7916 0.8270 0.0000
vt 0.8669 0.9571 0.0000
vt 0.8333 0.9571 0.0000
vt 0.7916 0.9813 0.0000
vt 0.8327 0.9813 0.0000
vt 0.8682 0.9571 0.0000
vt 0.8692 0.9813 0.0000
vt 0.8776 0.9571 0.0000
vt 0.8785 0.9813 0.0000
vt 0.8705 0.9813 0.0000
vt 0.8336 0.9813 0.0000
vt 0.1676 0.7259 0.0000
vt 0.1506 0.7621 0.0000
vt 0.0996 0.7264 0.0000
vt 0.2199 0.7621 0.0000
vt 0.2151 0.7256 0.0000
vt 0.2355 0.7254 0.0000
vt 0.1846 0.6941 0.0000
vt 0.1846 0.7129 0.0000
vt 0.1846 0.7169 0.0000
vt 0.1846 0.7257 0.0000
vt 0.1846 0.7281 0.0000
vt 0.1744 0.6941 0.0000
vt 0.1662 0.6941 0.0000
vt 0.1744 0.6762 0.0000
vt 0.1846 0.6762 0.0000
vt 0.1744 0.6601 0.0000
vt 0.1846 0.6601 0.0000
vt 0.1662 0.6762 0.0000
vt 0.1662 0.6601 0.0000
vt 0.1087 0.6587 0.0000
vt 0.1044 0.6600 0.0000
vt 0.1087 0.6424 0.0000
vt 0.1044 0.6430 0.0000
vt 0.0996 0.6614 0.0000
vt 0.1026 0.6813 0.0000
vt 0.1105 0.6779 0.0000
vt 0.1176 0.6748 0.0000
vt 0.0996 0.6437 0.0000
vt 0.1044 0.6261 0.0000
vt 0.1087 0.6261 0.0000
vt 0.1176 0.6261 0.0000
vt 0.1176 0.6424 0.0000
vt 0.1176 0.6587 0.0000
vt 0.1176 0.6683 0.0000
vt 0.1070 0.6835 0.0000
vt 0.1015 0.7051 0.0000
vt 0.1045 0.7050 0.0000
vt 0.1025 0.7128 0.0000
vt 0.1051 0.7127 0.0000
vt 0.1038 0.7238 0.0000
vt 0.1059 0.7236 0.0000
vt 0.1074 0.7525 0.0000
vt 0.1087 0.7233 0.0000
vt 0.1135 0.7228 0.0000
vt 0.1087 0.7125 0.0000
vt 0.1149 0.7122 0.0000
vt 0.1158 0.7046 0.0000
vt 0.1087 0.7048 0.0000
vt 0.1176 0.6901 0.0000
vt 0.1132 0.6865 0.0000
vt 0.1051 0.6862 0.0000
vt 0.2355 0.6941 0.0000
vt 0.2355 0.6466 0.0000
vt 0.0996 0.7131 0.0000
vt 0.1266 0.7339 0.0000
vt 0.1023 0.7621 0.0000
vt 0.1177 0.7621 0.0000
vt 0.1817 0.7621 0.0000
vt 0.1780 0.7370 0.0000
vt 0.2355 0.7405 0.0000
vt 0.7855 0.8885 0.0000
vt 0.7813 0.8880 0.0000
vt 0.7880 0.8864 0.0000
vt 0.7930 0.8888 0.0000
vt 0.7886 0.8902 0.0000
vt 0.7942 0.8922 0.0000
vt 0.7893 0.8921 0.0000
vt 0.7886 0.8940 0.0000
vt 0.7928 0.8954 0.0000
vt 0.7882 0.8969 0.0000
vt 0.7907 0.8994 0.0000
vt 0.7813 0.8978 0.0000
vt 0.7813 0.9005 0.0000
vt 0.7856 0.8951 0.0000
vt 0.7813 0.8958 0.0000
vt 0.7813 0.8837 0.0000
vt 0.7813 0.8855 0.0000
vt 0.7904 0.8849 0.0000
vt 0.7973 0.8881 0.0000
vt 0.7990 0.8930 0.0000
vt 0.7970 0.8975 0.0000
vt 0.2152 0.9562 0.0000
vt 0.2266 0.9562 0.0000
vt 0.2152 0.9471 0.0000
vt 0.2266 0.9469 0.0000
vt 0.2152 0.9336 0.0000
vt 0.2266 0.9336 0.0000
vt 0.2484 0.9449 0.0000
vt 0.2484 0.9336 0.0000
vt 0.2484 0.9562 0.0000
vt 0.2484 0.9664 0.0000
vt 0.2266 0.9767 0.0000
vt 0.2152 0.9767 0.0000
vt 0.2054 0.9767 0.0000
vt 0.2054 0.9562 0.0000
vt 0.2054 0.9472 0.0000
vt 0.2054 0.9336 0.0000
vt 0.2054 0.9237 0.0000
vt 0.1951 0.9336 0.0000
vt 0.1946 0.9237 0.0000
vt 0.1848 0.9336 0.0000
vt 0.2054 0.9123 0.0000
vt 0.1848 0.9237 0.0000
vt 0.1939 0.9123 0.0000
vt 0.2054 0.8905 0.0000
vt 0.1951 0.8905 0.0000
vt 0.1848 0.9123 0.0000
vt 0.1848 0.8905 0.0000
vt 0.2484 0.9767 0.0000
vt 0.2003 0.8257 0.0000
vt 0.2054 0.8044 0.0000
vt 0.1848 0.8044 0.0000
vt 0.2030 0.8143 0.0000
vt 0.1874 0.8151 0.0000
vt 0.1903 0.8274 0.0000
vt 0.6248 0.9010 0.0000
vt 0.6307 0.8522 0.0000
vt 0.6351 0.9010 0.0000
vt 0.6209 0.8523 0.0000
vt 0.6260 0.8000 0.0000
vt 0.6166 0.8000 0.0000
vt 0.5846 0.8524 0.0000
vt 0.5866 0.9010 0.0000
vt 0.5386 0.9010 0.0000
vt 0.5386 0.8524 0.0000
vt 0.5815 0.8000 0.0000
vt 0.6110 0.7534 0.0000
vt 0.6199 0.7534 0.0000
vt 0.6209 0.8520 0.0000
vt 0.6248 0.9009 0.0000
vt 0.6269 0.9524 0.0000
vt 0.6098 0.7534 0.0000
vt 0.5386 0.8000 0.0000
vt 0.5780 0.7534 0.0000
vt 0.5386 0.7534 0.0000
vt 0.6380 0.9523 0.0000
vt 0.6269 0.9523 0.0000
vt 0.5888 0.9523 0.0000
vt 0.5386 0.9523 0.0000
vt 0.8982 0.3746 0.0000
vt 0.8982 0.3590 0.0000
vt 0.8982 0.3304 0.0000
vt 0.8982 0.3571 0.0000
vt 0.8982 0.3608 0.0000
vt 0.8982 0.3353 0.0000
vt 0.8529 0.3304 0.0000
vt 0.8163 0.3304 0.0000
vt 0.8982 0.3388 0.0000
vt 0.8163 0.3425 0.0000
vt 0.8163 0.3454 0.0000
vt 0.8163 0.3408 0.0000
vt 0.8982 0.3407 0.0000
vt 0.8982 0.3494 0.0000
vt 0.8723 0.3607 0.0000
vt 0.8756 0.3746 0.0000
vt 0.8529 0.3746 0.0000
vt 0.8529 0.3606 0.0000
vt 0.8163 0.3501 0.0000
vt 0.8163 0.3746 0.0000
vt 0.8163 0.3604 0.0000
vt 0.8529 0.3557 0.0000
vt 0.8163 0.3525 0.0000
vt 0.0996 0.6910 0.0000
vt 0.2355 0.7265 0.0000
vt 0.1846 0.7621 0.0000
vt 0.1844 0.7621 0.0000
vt 0.1842 0.7621 0.0000
vt 0.1841 0.7621 0.0000
vt 0.1846 0.7460 0.0000
vt 0.1832 0.7460 0.0000
vt 0.1997 0.7281 0.0000
vt 0.1997 0.7460 0.0000
vt 0.1997 0.7621 0.0000
vt 0.2185 0.7460 0.0000
vt 0.2185 0.7281 0.0000
vt 0.2185 0.7621 0.0000
vt 0.2355 0.6910 0.0000
vt 0.0996 0.6531 0.0000
vt 0.0996 0.7046 0.0000
vt 0.8895 0.1521 0.0000
vt 0.8496 0.1521 0.0000
vt 0.8895 0.1641 0.0000
vt 0.8741 0.1521 0.0000
vt 0.8739 0.1521 0.0000
vt 0.8734 0.1521 0.0000
vt 0.8895 0.1729 0.0000
vt 0.8895 0.1620 0.0000
vt 0.8895 0.1814 0.0000
vt 0.8743 0.1521 0.0000
vt 0.8895 0.1721 0.0000
vt 0.8496 0.1921 0.0000
vt 0.8895 0.1921 0.0000
vt 0.9142 0.1122 0.0000
vt 0.9295 0.1122 0.0000
vt 0.9218 0.0770 0.0000
vt 0.9193 0.0954 0.0000
vt 0.9219 0.0760 0.0000
vt 0.9295 0.1521 0.0000
vt 0.9142 0.1521 0.0000
vt 0.9295 0.1921 0.0000
vt 0.9097 0.1921 0.0000
vt 0.8984 0.1921 0.0000
vt 0.9019 0.1921 0.0000
vt 0.8895 0.1122 0.0000
vt 0.9694 0.1921 0.0000
vt 0.9694 0.1521 0.0000
vt 0.8895 0.0323 0.0000
vt 0.8895 0.0722 0.0000
vt 0.9295 0.0323 0.0000
vt 0.9218 0.0722 0.0000
vt 0.9295 0.0722 0.0000
vt 0.9218 0.0746 0.0000
vt 0.9894 0.1921 0.0000
vt 0.9442 0.1061 0.0000
vt 0.8772 0.1921 0.0000
vt 0.8296 0.0926 0.0000
vt 0.8296 0.1921 0.0000
vt 0.9478 0.1921 0.0000
vt 0.8803 0.1204 0.0000
vt 0.9894 0.0874 0.0000
vt 0.2399 0.9735 0.0000
vt 0.2457 0.9738 0.0000
vt 0.2484 0.9655 0.0000
vt 0.2167 0.9735 0.0000
vt 0.2192 0.9767 0.0000
vt 0.2124 0.9748 0.0000
vt 0.2130 0.9767 0.0000
vt 0.2054 0.9740 0.0000
vt 0.1978 0.9744 0.0000
vt 0.1978 0.9767 0.0000
vt 0.1912 0.9746 0.0000
vt 0.1912 0.9767 0.0000
vt 0.1844 0.9746 0.0000
vt 0.1844 0.9767 0.0000
vt 0.1844 0.9723 0.0000
vt 0.1912 0.9720 0.0000
vt 0.1978 0.9721 0.0000
vt 0.2054 0.9721 0.0000
vt 0.2118 0.9732 0.0000
vt 0.2159 0.9726 0.0000
vt 0.2339 0.9733 0.0000
vt 0.2360 0.9667 0.0000
vt 0.2444 0.9628 0.0000
vt 0.2238 0.9679 0.0000
vt 0.2196 0.9699 0.0000
vt 0.2152 0.9717 0.0000
vt 0.2112 0.9714 0.0000
vt 0.2054 0.9699 0.0000
vt 0.1978 0.9699 0.0000
vt 0.1912 0.9699 0.0000
vt 0.1844 0.9702 0.0000
vt 0.2157 0.9682 0.0000
vt 0.2173 0.9685 0.0000
vt 0.2153 0.9689 0.0000
vt 0.2142 0.9705 0.0000
vt 0.2102 0.9683 0.0000
vt 0.2054 0.9656 0.0000
vt 0.1978 0.9655 0.0000
vt 0.1912 0.9654 0.0000
vt 0.1844 0.9657 0.0000
vt 0.2132 0.9692 0.0000
vt 0.2097 0.9671 0.0000
vt 0.2054 0.9644 0.0000
vt 0.1978 0.9644 0.0000
vt 0.1912 0.9644 0.0000
vt 0.1844 0.9648 0.0000
vt 0.2189 0.9672 0.0000
vt 0.2159 0.9659 0.0000
vt 0.2182 0.9636 0.0000
vt 0.2122 0.9619 0.0000
vt 0.2134 0.9602 0.0000
vt 0.2054 0.9591 0.0000
vt 0.2054 0.9572 0.0000
vt 0.1980 0.9557 0.0000
vt 0.1980 0.9592 0.0000
vt 0.1912 0.9544 0.0000
vt 0.1912 0.9593 0.0000
vt 0.1980 0.9602 0.0000
vt 0.1912 0.9603 0.0000
vt 0.1980 0.9612 0.0000
vt 0.1912 0.9613 0.0000
vt 0.2128 0.9558 0.0000
vt 0.2203 0.9544 0.0000
vt 0.1980 0.9622 0.0000
vt 0.2054 0.9621 0.0000
vt 0.2054 0.9611 0.0000
vt 0.2054 0.9601 0.0000
vt 0.2110 0.9637 0.0000
vt 0.2140 0.9679 0.0000
vt 0.2099 0.9652 0.0000
vt 0.1844 0.9591 0.0000
vt 0.1912 0.9576 0.0000
vt 0.1912 0.9574 0.0000
vt 0.1912 0.9571 0.0000
vt 0.1871 0.9544 0.0000
vt 0.1912 0.9533 0.0000
vt 0.1912 0.9575 0.0000
vt 0.1912 0.9581 0.0000
vt 0.1912 0.9568 0.0000
vt 0.1844 0.9582 0.0000
vt 0.1844 0.9544 0.0000
vt 0.1844 0.9564 0.0000
vt 0.1844 0.9535 0.0000
vt 0.1844 0.9524 0.0000
vt 0.1912 0.9524 0.0000
vt 0.1844 0.9512 0.0000
vt 0.1912 0.9512 0.0000
vt 0.1912 0.9492 0.0000
vt 0.1863 0.9485 0.0000
vt 0.1912 0.9486 0.0000
vt 0.1949 0.9475 0.0000
vt 0.1948 0.9468 0.0000
vt 0.1912 0.9466 0.0000
vt 0.1912 0.9473 0.0000
vt 0.1880 0.9470 0.0000
vt 0.1844 0.9484 0.0000
vt 0.1844 0.9492 0.0000
vt 0.2174 0.9495 0.0000
vt 0.2217 0.9483 0.0000
vt 0.2244 0.9513 0.0000
vt 0.2113 0.9478 0.0000
vt 0.2054 0.9455 0.0000
vt 0.2054 0.9471 0.0000
vt 0.1981 0.9460 0.0000
vt 0.1981 0.9468 0.0000
vt 0.1947 0.9458 0.0000
vt 0.1912 0.9457 0.0000
vt 0.1844 0.9467 0.0000
vt 0.2484 0.9383 0.0000
vt 0.2484 0.9441 0.0000
vt 0.2271 0.9396 0.0000
vt 0.2271 0.9449 0.0000
vt 0.2484 0.9492 0.0000
vt 0.2484 0.9521 0.0000
vt 0.2484 0.9544 0.0000
vt 0.2271 0.9544 0.0000
vt 0.2094 0.9493 0.0000
vt 0.2074 0.9486 0.0000
vt 0.2054 0.9479 0.0000
vt 0.1981 0.9476 0.0000
vt 0.2054 0.9441 0.0000
vt 0.2054 0.9383 0.0000
vt 0.2407 0.9603 0.0000
vt 0.2206 0.9611 0.0000
vt 0.2297 0.9638 0.0000
vt 0.1912 0.8055 0.0000
vt 0.1844 0.8044 0.0000
vt 0.1844 0.8055 0.0000
vt 0.1912 0.8044 0.0000
vt 0.1978 0.8044 0.0000
vt 0.1912 0.8139 0.0000
vt 0.2054 0.8120 0.0000
vt 0.1912 0.8088 0.0000
vt 0.1912 0.8064 0.0000
vt 0.1844 0.8063 0.0000
vt 0.1844 0.8083 0.0000
vt 0.1844 0.8136 0.0000
vt 0.1844 0.8180 0.0000
vt 0.1912 0.8181 0.0000
vt 0.2054 0.8182 0.0000
vt 0.1974 0.8474 0.0000
vt 0.2054 0.8474 0.0000
vt 0.1921 0.8474 0.0000
vt 0.7267 0.1426 0.0000
vt 0.7327 0.1440 0.0000
vt 0.6342 0.1667 0.0000
vt 0.7365 0.1456 0.0000
vt 0.6342 0.1603 0.0000
vt 0.7054 0.1114 0.0000
vt 0.7063 0.1410 0.0000
vt 0.6732 0.1390 0.0000
vt 0.6342 0.1592 0.0000
vt 0.6342 0.1157 0.0000
vt 0.7467 0.1160 0.0000
vt 0.7394 0.1143 0.0000
vt 0.7288 0.1124 0.0000
vt 0.7404 0.0909 0.0000
vt 0.6342 0.0611 0.0000
vt 0.7410 0.1140 0.0000
vt 0.6719 0.1101 0.0000
vt 0.6342 0.1383 0.0000
vt 0.6342 0.0543 0.0000
vt 0.7324 0.0853 0.0000
vt 0.6342 0.1095 0.0000
vt 0.7164 0.0867 0.0000
vt 0.6342 0.0630 0.0000
vt 0.6927 0.0859 0.0000
vt 0.6646 0.0855 0.0000
vt 0.7267 0.1121 0.0000
vt 0.7026 0.1109 0.0000
vt 0.6715 0.1100 0.0000
vt 0.6342 0.0851 0.0000
vt 0.6342 0.1093 0.0000
vt 0.1964 0.8800 0.0000
vt 0.1878 0.8749 0.0000
vt 0.1964 0.8749 0.0000
vt 0.1878 0.8800 0.0000
vt 0.1878 0.8721 0.0000
vt 0.1964 0.8720 0.0000
vt 0.1878 0.8687 0.0000
vt 0.1964 0.8690 0.0000
vt 0.1878 0.8648 0.0000
vt 0.1964 0.8647 0.0000
vt 0.1878 0.8615 0.0000
vt 0.1953 0.8615 0.0000
vt 0.1878 0.8586 0.0000
vt 0.1943 0.8586 0.0000
vt 0.1964 0.8858 0.0000
vt 0.2054 0.8858 0.0000
vt 0.2054 0.8800 0.0000
vt 0.2054 0.8749 0.0000
vt 0.2054 0.8720 0.0000
vt 0.2054 0.8697 0.0000
vt 0.2054 0.8645 0.0000
vt 0.2032 0.8617 0.0000
vt 0.2009 0.8586 0.0000
vt 0.1878 0.8858 0.0000
vt 0.0631 0.5578 0.0000
vt 0.0919 0.5748 0.0000
vt 0.0581 0.5739 0.0000
vt 0.0969 0.5588 0.0000
vt 0.1288 0.5742 0.0000
vt 0.1287 0.5592 0.0000
vt 0.1376 0.5742 0.0000
vt 0.1399 0.5585 0.0000
vt 0.0642 0.5452 0.0000
vt 0.0959 0.5584 0.0000
vt 0.0641 0.5577 0.0000
vt 0.0958 0.5451 0.0000
vt 0.1272 0.5451 0.0000
vt 0.1354 0.5446 0.0000
vt 0.0375 0.5456 0.0000
vt 0.0380 0.5585 0.0000
vt 0.0214 0.5453 0.0000
vt 0.0219 0.5581 0.0000
vt 0.0121 0.5453 0.0000
vt 0.0130 0.5582 0.0000
vt 0.0389 0.5584 0.0000
vt 0.0338 0.5745 0.0000
vt 0.0197 0.5585 0.0000
vt 0.0139 0.5748 0.0000
vt 0.0115 0.5585 0.0000
vt 0.0058 0.5748 0.0000
vt 0.1959 0.8603 0.0000
vt 0.1767 0.8589 0.0000
vt 0.1681 0.8668 0.0000
vt 0.0977 0.9767 0.0000
vt 0.2033 0.8044 0.0000
vt 0.0977 0.8044 0.0000
vt 0.2033 0.9767 0.0000
vt 0.2700 0.9767 0.0000
vt 0.2700 0.8044 0.0000
vt 0.1577 0.8809 0.0000
vt 0.1640 0.8971 0.0000
vt 0.1640 0.8715 0.0000
vt 0.1778 0.9767 0.0000
vt 0.1950 0.8044 0.0000
vt 0.8727 0.4778 0.0000
vt 0.9133 0.4613 0.0000
vt 0.8212 0.4165 0.0000
vt 0.9262 0.5906 0.0000
vt 0.9807 0.6032 0.0000
vt 0.9782 0.7287 0.0000
vt 0.9088 0.7032 0.0000
vt 0.9181 0.7830 0.0000
vt 0.8390 0.7964 0.0000
vt 0.1981 0.9441 0.0000
vt 0.1917 0.9441 0.0000
vt 0.1844 0.9441 0.0000
vt 0.1981 0.9383 0.0000
vt 0.1912 0.9383 0.0000
vt 0.1844 0.9383 0.0000
vt 0.7503 0.9503 0.0000
vt 0.7503 0.8745 0.0000
vt 0.7857 0.9503 0.0000
vt 0.7882 0.8745 0.0000
vt 0.8261 0.9503 0.0000
vt 0.8261 0.8745 0.0000
vt 0.1844 0.9601 0.0000
vt 0.1844 0.9610 0.0000
vt 0.1912 0.9622 0.0000
vt 0.1844 0.9620 0.0000
vt 0.5055 0.4764 0.0000
vt 0.4380 0.6431 0.0000
vt 0.6670 0.5746 0.0000
vt 0.6262 0.7221 0.0000
vt 0.7786 0.7023 0.0000
vt 0.8565 0.5937 0.0000
vt 0.8492 0.4762 0.0000
vt 0.7132 0.4268 0.0000
vt 0.1762 0.8716 0.0000
vt 0.1707 0.8697 0.0000
vt 0.1719 0.8743 0.0000
vt 0.1675 0.8726 0.0000
vt 0.1670 0.8762 0.0000
vt 0.1699 0.8786 0.0000
vt 0.1737 0.8790 0.0000
vt 0.1763 0.8761 0.0000
vt 0.8017 0.8745 0.0000
vt 0.8017 0.9503 0.0000
vt 0.1694 0.8892 0.0000
vt 0.1667 0.8896 0.0000
vt 0.1672 0.8843 0.0000
vt 0.1642 0.8845 0.0000
vt 0.1657 0.8801 0.0000
vt 0.1628 0.8803 0.0000
vt 0.1627 0.8758 0.0000
vt 0.1657 0.8756 0.0000
vt 0.1635 0.8715 0.0000
vt 0.1665 0.8713 0.0000
vt 0.1648 0.8673 0.0000
vt 0.1677 0.8671 0.0000
vt 0.1684 0.8622 0.0000
vt 0.1656 0.8619 0.0000
vt 0.0941 0.5398 0.0000
vt 0.1036 0.5040 0.0000
vt 0.0944 0.5397 0.0000
vt 0.1017 0.5070 0.0000
vt 0.0864 0.4955 0.0000
vt 0.0874 0.5020 0.0000
vt 0.0760 0.5011 0.0000
vt 0.0708 0.5400 0.0000
vt 0.0491 0.5396 0.0000
vt 0.0893 0.5399 0.0000
vt 0.0864 0.4925 0.0000
vt 0.0682 0.4982 0.0000
vt 0.0335 0.5394 0.0000
vt 0.0630 0.4949 0.0000
vt 0.0213 0.5397 0.0000
vt 0.0595 0.4920 0.0000
vt 0.0146 0.5396 0.0000
vt 0.1039 0.5012 0.0000
vt 0.0864 0.4896 0.0000
vt 0.0865 0.4867 0.0000
vt 0.1838 0.8905 0.0000
vt 0.0941 0.5548 0.0000
vt 0.0984 0.5613 0.0000
vt 0.0940 0.5613 0.0000
vt 0.0863 0.5548 0.0000
vt 0.0864 0.5613 0.0000
vt 0.0765 0.5613 0.0000
vt 0.0762 0.5548 0.0000
vt 0.0641 0.5548 0.0000
vt 0.0641 0.5613 0.0000
vt 0.0517 0.5613 0.0000
vt 0.0520 0.5548 0.0000
vt 0.0419 0.5548 0.0000
vt 0.0418 0.5613 0.0000
vt 0.0342 0.5613 0.0000
vt 0.0341 0.5548 0.0000
vt 0.0298 0.5613 0.0000
vt 0.0295 0.5548 0.0000
vt 0.0278 0.5613 0.0000
vt 0.0276 0.5548 0.0000
vt 0.0300 0.5548 0.0000
vt 0.0334 0.5548 0.0000
vt 0.0337 0.5613 0.0000
vt 0.0412 0.5613 0.0000
vt 0.0410 0.5548 0.0000
vt 0.0519 0.5548 0.0000
vt 0.0764 0.5613 0.0000
vt 0.0763 0.5548 0.0000
vt 0.0870 0.5613 0.0000
vt 0.0872 0.5548 0.0000
vt 0.0947 0.5548 0.0000
vt 0.0945 0.5613 0.0000
vt 0.0982 0.5548 0.0000
vt 0.1004 0.5613 0.0000
vt 0.1005 0.5548 0.0000
vt 0.0987 0.5548 0.0000
vt 0.9736 0.1472 0.0000
vt 0.9699 0.1544 0.0000
vt 0.9697 0.1696 0.0000
vt 0.8419 0.1048 0.0000
vt 0.9028 0.1514 0.0000
vt 0.9693 0.1921 0.0000
vt 0.9894 0.1168 0.0000
vt 0.3511 0.8605 0.0000
vt 0.3671 0.8566 0.0000
vt 0.3656 0.8572 0.0000
vt 0.3511 0.8604 0.0000
vt 0.3782 0.8502 0.0000
vt 0.3759 0.8522 0.0000
vt 0.3821 0.8350 0.0000
vt 0.3797 0.8380 0.0000
vt 0.3769 0.8215 0.0000
vt 0.3791 0.8165 0.0000
vt 0.3653 0.8103 0.0000
vt 0.3667 0.8036 0.0000
vt 0.3511 0.8054 0.0000
vt 0.3511 0.7985 0.0000
vt 0.7826 0.9087 0.0000
vt 0.7732 0.9098 0.0000
vt 0.7732 0.9123 0.0000
vt 0.7826 0.9111 0.0000
vt 0.7889 0.9068 0.0000
vt 0.7892 0.9093 0.0000
vt 0.7909 0.9023 0.0000
vt 0.7915 0.9048 0.0000
vt 0.7897 0.8994 0.0000
vt 0.7892 0.8974 0.0000
vt 0.7824 0.8956 0.0000
vt 0.7823 0.8942 0.0000
vt 0.7732 0.8941 0.0000
vt 0.7732 0.8930 0.0000
vt 0.7680 0.8946 0.0000
vt 0.7172 0.8997 0.0000
vt 0.7172 0.8946 0.0000
vt 0.7680 0.9002 0.0000
vt 0.8189 0.8946 0.0000
vt 0.7680 0.8822 0.0000
vt 0.7172 0.8822 0.0000
vt 0.8189 0.8998 0.0000
vt 0.8189 0.9037 0.0000
vt 0.7680 0.9039 0.0000
vt 0.8697 0.9042 0.0000
vt 0.8697 0.9007 0.0000
vt 0.7680 0.8749 0.0000
vt 0.7172 0.8739 0.0000
vt 0.8189 0.8822 0.0000
vt 0.8697 0.8946 0.0000
vt 0.9206 0.8946 0.0000
vt 0.9206 0.8997 0.0000
vt 0.9206 0.9037 0.0000
vt 0.9206 0.9078 0.0000
vt 0.8443 0.9078 0.0000
vt 0.7426 0.9078 0.0000
vt 0.7172 0.9037 0.0000
vt 0.8697 0.8822 0.0000
vt 0.8189 0.8749 0.0000
vt 0.8697 0.8739 0.0000
vt 0.9206 0.8822 0.0000
vt 0.9206 0.8739 0.0000
vt 0.8697 0.8682 0.0000
vt 0.8189 0.8682 0.0000
vt 0.7680 0.8682 0.0000
vt 0.7172 0.8682 0.0000
vt 0.7172 0.8627 0.0000
vt 0.7680 0.8627 0.0000
vt 0.7172 0.8569 0.0000
vt 0.7680 0.8569 0.0000
vt 0.7680 0.8061 0.0000
vt 0.7172 0.8061 0.0000
vt 0.9206 0.8682 0.0000
vt 0.8697 0.8627 0.0000
vt 0.8189 0.8627 0.0000
vt 0.8189 0.8569 0.0000
vt 0.9206 0.8627 0.0000
vt 0.8697 0.8569 0.0000
vt 0.9206 0.8569 0.0000
vt 0.7522 0.9119 0.0000
vt 0.8205 0.9119 0.0000
vt 0.7863 0.8436 0.0000
vt 0.7863 0.9119 0.0000
vt 0.7884 0.8745 0.0000
vt 0.7884 0.9503 0.0000
vt 0.7941 0.9119 0.0000
vt 0.7889 0.8436 0.0000
vt 0.7986 0.9119 0.0000
vt 0.7904 0.8436 0.0000
vt 0.7865 0.9119 0.0000
vt 0.7908 0.9119 0.0000
vt 0.3248 0.6267 0.0000
vt 0.3383 0.6241 0.0000
vt 0.3273 0.6298 0.0000
vt 0.3242 0.6437 0.0000
vt 0.3268 0.6437 0.0000
vt 0.3307 0.6575 0.0000
vt 0.3290 0.6606 0.0000
vt 0.3383 0.6632 0.0000
vt 0.3383 0.6677 0.0000
vt 0.3518 0.6267 0.0000
vt 0.3493 0.6298 0.0000
vt 0.3476 0.6606 0.0000
vt 0.3459 0.6575 0.0000
vt 0.3498 0.6437 0.0000
vt 0.3383 0.6196 0.0000
vt 0.3524 0.6437 0.0000
vt 0.1219 0.5967 0.0000
vt 0.1058 0.6031 0.0000
vt 0.1268 0.6184 0.0000
vt 0.1107 0.6242 0.0000
vt 0.1297 0.6327 0.0000
vt 0.1136 0.6377 0.0000
vt 0.1320 0.6453 0.0000
vt 0.1159 0.6490 0.0000
vt 0.1335 0.6554 0.0000
vt 0.1174 0.6572 0.0000
vt 0.1339 0.6631 0.0000
vt 0.1178 0.6631 0.0000
vt 0.1174 0.6690 0.0000
vt 0.1335 0.6707 0.0000
vt 0.1159 0.6772 0.0000
vt 0.1320 0.6808 0.0000
vt 0.1136 0.6884 0.0000
vt 0.1297 0.6934 0.0000
vt 0.1107 0.7020 0.0000
vt 0.1268 0.7078 0.0000
vt 0.1058 0.7230 0.0000
vt 0.1219 0.7294 0.0000
vt 0.1425 0.6030 0.0000
vt 0.1264 0.6093 0.0000
vt 0.1470 0.6235 0.0000
vt 0.1309 0.6293 0.0000
vt 0.1500 0.6381 0.0000
vt 0.1339 0.6431 0.0000
vt 0.1520 0.6491 0.0000
vt 0.1359 0.6526 0.0000
vt 0.1531 0.6569 0.0000
vt 0.1370 0.6586 0.0000
vt 0.1535 0.6632 0.0000
vt 0.1374 0.6632 0.0000
vt 0.1370 0.6678 0.0000
vt 0.1531 0.6696 0.0000
vt 0.1359 0.6738 0.0000
vt 0.1520 0.6773 0.0000
vt 0.1339 0.6833 0.0000
vt 0.1500 0.6883 0.0000
vt 0.1309 0.6971 0.0000
vt 0.1470 0.7029 0.0000
vt 0.1264 0.7171 0.0000
vt 0.1425 0.7234 0.0000
vt 0.2092 0.6653 0.0000
vt 0.2044 0.6653 0.0000
vt 0.2094 0.6884 0.0000
vt 0.2049 0.6899 0.0000
vt 0.2118 0.7034 0.0000
vt 0.2074 0.7047 0.0000
vt 0.2128 0.7165 0.0000
vt 0.2161 0.7136 0.0000
vt 0.2211 0.7194 0.0000
vt 0.2196 0.7240 0.0000
vt 0.2272 0.7212 0.0000
vt 0.2272 0.7260 0.0000
vt 0.2348 0.7240 0.0000
vt 0.2333 0.7194 0.0000
vt 0.2416 0.7165 0.0000
vt 0.2383 0.7136 0.0000
vt 0.2426 0.7034 0.0000
vt 0.2470 0.7047 0.0000
vt 0.2496 0.6899 0.0000
vt 0.2450 0.6884 0.0000
vt 0.2500 0.6653 0.0000
vt 0.2453 0.6653 0.0000
vt 0.2098 0.5999 0.0000
vt 0.2051 0.5999 0.0000
vt 0.2101 0.6271 0.0000
vt 0.2056 0.6285 0.0000
vt 0.2081 0.6428 0.0000
vt 0.2126 0.6415 0.0000
vt 0.2135 0.6541 0.0000
vt 0.2169 0.6514 0.0000
vt 0.2204 0.6614 0.0000
vt 0.2219 0.6569 0.0000
vt 0.2281 0.6633 0.0000
vt 0.2281 0.6587 0.0000
vt 0.2342 0.6569 0.0000
vt 0.2357 0.6614 0.0000
vt 0.2392 0.6514 0.0000
vt 0.2426 0.6541 0.0000
vt 0.2436 0.6415 0.0000
vt 0.2481 0.6428 0.0000
vt 0.2461 0.6271 0.0000
vt 0.2506 0.6285 0.0000
vt 0.2510 0.5999 0.0000
vt 0.2464 0.5999 0.0000
vt 0.1485 0.6100 0.0000
vt 0.1536 0.6336 0.0000
vt 0.1670 0.6018 0.0000
vt 0.1721 0.6256 0.0000
vt 0.1747 0.6393 0.0000
vt 0.1563 0.6463 0.0000
vt 0.1766 0.6497 0.0000
vt 0.1581 0.6547 0.0000
vt 0.1776 0.6573 0.0000
vt 0.1591 0.6599 0.0000
vt 0.1779 0.6640 0.0000
vt 0.1595 0.6640 0.0000
vt 0.1591 0.6680 0.0000
vt 0.1776 0.6706 0.0000
vt 0.1581 0.6732 0.0000
vt 0.1766 0.6783 0.0000
vt 0.1563 0.6817 0.0000
vt 0.1747 0.6887 0.0000
vt 0.1536 0.6944 0.0000
vt 0.1721 0.7023 0.0000
vt 0.1670 0.7262 0.0000
vt 0.1485 0.7179 0.0000
vt 0.1757 0.6306 0.0000
vt 0.1889 0.5976 0.0000
vt 0.1704 0.6058 0.0000
vt 0.1942 0.6227 0.0000
vt 0.1969 0.6361 0.0000
vt 0.1784 0.6433 0.0000
vt 0.1990 0.6480 0.0000
vt 0.1805 0.6535 0.0000
vt 0.2003 0.6580 0.0000
vt 0.1819 0.6607 0.0000
vt 0.2007 0.6660 0.0000
vt 0.1822 0.6660 0.0000
vt 0.1819 0.6712 0.0000
vt 0.2003 0.6740 0.0000
vt 0.1805 0.6785 0.0000
vt 0.1990 0.6839 0.0000
vt 0.1784 0.6887 0.0000
vt 0.1969 0.6959 0.0000
vt 0.1757 0.7013 0.0000
vt 0.1942 0.7093 0.0000
vt 0.1889 0.7344 0.0000
vt 0.1704 0.7262 0.0000
vt 0.2005 0.6735 0.0000
vt 0.1963 0.6735 0.0000
vt 0.1984 0.6792 0.0000
vt 0.1920 0.6735 0.0000
vt 0.1942 0.6792 0.0000
vt 0.1878 0.6735 0.0000
vt 0.1899 0.6792 0.0000
vt 0.1920 0.6679 0.0000
vt 0.1963 0.6679 0.0000
vt 0.2005 0.6679 0.0000
vt 0.2048 0.6735 0.0000
vt 0.2048 0.6679 0.0000
vt 0.2026 0.6792 0.0000
vt 0.1836 0.6735 0.0000
vt 0.1857 0.6792 0.0000
vt 0.1878 0.6679 0.0000
vt 0.1920 0.6622 0.0000
vt 0.1963 0.6622 0.0000
vt 0.2005 0.6622 0.0000
vt 0.2048 0.6622 0.0000
vt 0.2090 0.6622 0.0000
vt 0.2090 0.6679 0.0000
vt 0.2090 0.6735 0.0000
vt 0.2069 0.6792 0.0000
vt 0.1793 0.6735 0.0000
vt 0.1814 0.6792 0.0000
vt 0.1836 0.6679 0.0000
vt 0.1878 0.6622 0.0000
vt 0.1920 0.6566 0.0000
vt 0.1963 0.6566 0.0000
vt 0.2005 0.6566 0.0000
vt 0.2048 0.6566 0.0000
vt 0.2090 0.6566 0.0000
vt 0.2132 0.6566 0.0000
vt 0.2132 0.6622 0.0000
vt 0.2132 0.6679 0.0000
vt 0.2132 0.6735 0.0000
vt 0.2111 0.6792 0.0000
vt 0.1878 0.6566 0.0000
vt 0.1836 0.6622 0.0000
vt 0.1836 0.6566 0.0000
vt 0.1793 0.6622 0.0000
vt 0.1793 0.6566 0.0000
vt 0.1793 0.6679 0.0000
vt 0.2090 0.6509 0.0000
vt 0.2048 0.6509 0.0000
vt 0.2005 0.6509 0.0000
vt 0.1963 0.6509 0.0000
vt 0.1920 0.6509 0.0000
vt 0.1878 0.6509 0.0000
vt 0.1836 0.6509 0.0000
vt 0.1793 0.6509 0.0000
vt 0.1751 0.6509 0.0000
vt 0.1751 0.6566 0.0000
vt 0.2048 0.6453 0.0000
vt 0.2005 0.6453 0.0000
vt 0.1963 0.6453 0.0000
vt 0.1920 0.6453 0.0000
vt 0.1878 0.6453 0.0000
vt 0.1836 0.6453 0.0000
vt 0.1793 0.6453 0.0000
vt 0.1878 0.6396 0.0000
vt 0.1920 0.6396 0.0000
vt 0.1836 0.6396 0.0000
vt 0.1793 0.6396 0.0000
vt 0.1751 0.6453 0.0000
vt 0.1709 0.6509 0.0000
vt 0.1709 0.6566 0.0000
vt 0.1751 0.6622 0.0000
vt 0.1709 0.6622 0.0000
vt 0.1751 0.6679 0.0000
vt 0.1709 0.6679 0.0000
vt 0.1751 0.6735 0.0000
vt 0.1709 0.6735 0.0000
vt 0.1730 0.6792 0.0000
vt 0.1709 0.6453 0.0000
vt 0.1751 0.6396 0.0000
vt 0.1709 0.6396 0.0000
vt 0.1772 0.6792 0.0000
vt 0.1219 0.1808 0.0000
vt 0.0548 0.1421 0.0000
vt 0.0180 0.2793 0.0000
vt 0.1940 0.1088 0.0000
vt 0.1552 0.0416 0.0000
vt 0.2925 0.4763 0.0000
vt 0.3910 0.4499 0.0000
vt 0.2925 0.2793 0.0000
vt 0.1940 0.4499 0.0000
vt 0.1219 0.3778 0.0000
vt 0.0548 0.4166 0.0000
vt 0.0955 0.2793 0.0000
vt 0.2925 0.0824 0.0000
vt 0.2925 0.0048 0.0000
vt 0.4297 0.0416 0.0000
vt 0.3910 0.1088 0.0000
vt 0.5302 0.1421 0.0000
vt 0.4630 0.1808 0.0000
vt 0.5670 0.2793 0.0000
vt 0.4894 0.2793 0.0000
vt 0.4630 0.3778 0.0000
vt 0.5302 0.4166 0.0000
vt 0.4297 0.5170 0.0000
vt 0.2925 0.5538 0.0000
vt 0.1552 0.5170 0.0000
vt 0.2132 0.6453 0.0000
vt 0.2175 0.6509 0.0000
vt 0.2175 0.6453 0.0000
vt 0.2132 0.6509 0.0000
vt 0.2175 0.6566 0.0000
vt 0.2090 0.6453 0.0000
vt 0.2048 0.6396 0.0000
vt 0.2090 0.6396 0.0000
vt 0.2132 0.6396 0.0000
vt 0.2175 0.6396 0.0000
vt 0.2217 0.6396 0.0000
vt 0.2217 0.6453 0.0000
vt 0.2217 0.6509 0.0000
vt 0.2217 0.6566 0.0000
vt 0.2217 0.6622 0.0000
vt 0.2175 0.6622 0.0000
vt 0.2217 0.6679 0.0000
vt 0.2175 0.6679 0.0000
vt 0.2217 0.6735 0.0000
vt 0.2175 0.6735 0.0000
vt 0.2196 0.6792 0.0000
vt 0.2153 0.6792 0.0000
vt 0.2005 0.6396 0.0000
vt 0.1963 0.6396 0.0000
# 990 texture coords

o doofenshmirtz_
g doofenshmirtz_
usemtl peluches_10___Default
s off
f 1/1/1 2/2/1 3/3/1 
s 1
f 4/4/2 5/5/3 6/6/4 
f 7/7/5 5/5/3 4/4/2 
f 7/7/5 8/8/6 5/5/3 
f 9/9/7 8/8/6 7/7/5 
f 10/6/8 11/5/9 4/4/2 
f 4/4/2 11/5/9 7/7/5 
f 11/5/9 12/8/10 7/7/5 
f 7/7/5 12/8/10 9/9/7 
f 12/8/10 13/10/11 9/9/7 
f 9/9/7 13/10/11 14/11/12 
f 14/11/12 15/10/13 9/9/7 
f 9/9/7 15/10/13 8/8/6 
f 15/10/13 16/2/14 8/8/6 
f 8/8/6 16/2/14 17/12/15 
f 8/8/6 17/12/15 5/5/3 
f 5/5/3 17/12/15 18/13/16 
f 5/5/3 18/13/16 6/6/4 
f 6/6/4 18/13/16 19/1/17 
f 20/1/18 21/13/19 10/6/8 
f 10/6/8 21/13/19 11/5/9 
f 21/13/19 22/12/20 11/5/9 
f 11/5/9 22/12/20 12/8/10 
f 22/12/20 23/2/21 12/8/10 
f 12/8/10 23/2/21 13/10/11 
f 24/14/22 16/2/14 15/1/23 
f 25/15/24 16/2/14 24/14/22 
f 26/4/25 25/15/24 24/14/22 
f 27/11/26 25/15/24 26/4/25 
f 28/4/27 29/15/28 30/11/29 
f 31/14/30 29/15/28 28/4/27 
f 31/14/30 23/2/21 29/15/28 
f 13/1/31 23/2/21 31/14/30 
f 32/16/32 33/17/33 34/18/34 
f 32/16/32 35/19/35 33/17/33 
f 20/20/36 35/19/35 32/16/32 
f 36/21/37 37/22/38 38/23/39 
f 37/22/38 33/17/33 38/23/39 
f 37/22/38 39/24/40 33/17/33 
f 34/18/34 33/17/33 39/24/40 
f 34/18/34 39/24/40 2/25/41 
f 40/26/42 2/25/41 39/24/40 
f 41/27/43 2/25/41 40/26/42 
f 42/28/44 41/27/43 40/26/42 
f 43/29/45 41/27/43 42/28/44 
f 42/28/44 44/27/46 43/29/45 
f 44/27/46 45/30/47 43/29/45 
f 43/29/45 45/30/47 46/31/48 
f 45/30/47 47/32/49 46/31/48 
f 46/31/48 47/32/49 48/33/50 
f 48/33/50 49/32/51 46/31/48 
f 48/33/50 50/34/52 49/32/51 
f 50/34/52 51/35/53 49/32/51 
f 50/34/52 52/36/54 51/35/53 
f 42/28/44 40/26/42 53/37/55 
f 40/26/42 39/24/40 37/22/38 
f 53/37/55 40/26/42 37/22/38 
f 53/37/55 37/22/38 36/21/37 
f 36/21/37 54/22/56 53/37/55 
f 54/22/56 55/26/57 53/37/55 
f 53/37/55 55/26/57 42/28/44 
f 55/26/57 44/27/46 42/28/44 
f 41/27/43 56/38/58 2/25/41 
f 57/30/59 56/38/58 41/27/43 
f 43/29/45 57/30/59 41/27/43 
f 46/31/48 57/30/59 43/29/45 
f 46/31/48 49/32/51 57/30/59 
f 49/32/51 58/39/60 57/30/59 
f 49/32/51 51/35/53 58/39/60 
f 57/30/59 58/39/60 56/38/58 
f 59/40/61 60/41/62 50/34/52 
f 59/40/61 50/34/52 48/33/50 
f 48/33/50 61/34/63 59/40/61 
f 47/32/49 61/34/63 48/33/50 
f 47/32/49 62/35/64 61/34/63 
f 63/39/65 62/35/64 47/32/49 
f 45/30/47 63/39/65 47/32/49 
f 64/38/66 63/39/65 45/30/47 
f 44/27/46 64/38/66 45/30/47 
f 65/25/67 64/38/66 44/27/46 
f 55/26/57 65/25/67 44/27/46 
f 66/24/68 65/25/67 55/26/57 
f 54/22/56 66/24/68 55/26/57 
f 67/17/69 66/24/68 54/22/56 
f 68/23/70 67/17/69 54/22/56 
f 68/23/70 54/22/56 36/21/37 
f 69/42/71 68/23/70 36/21/37 
f 36/21/37 38/23/39 69/42/71 
f 62/35/64 70/36/72 61/34/63 
f 61/34/63 71/41/73 59/40/61 
f 61/34/63 70/36/72 71/41/73 
f 70/36/72 72/43/74 71/41/73 
f 73/16/75 74/19/76 19/20/77 
f 67/17/69 74/19/76 73/16/75 
f 75/18/78 67/17/69 73/16/75 
f 66/24/68 67/17/69 75/18/78 
f 65/25/67 66/24/68 75/18/78 
f 76/44/79 77/45/80 78/40/81 
f 79/46/82 77/45/80 76/44/79 
f 79/46/82 80/44/83 77/45/80 
f 81/47/84 80/44/83 79/46/82 
f 82/48/85 81/47/84 79/46/82 
f 83/49/86 81/47/84 82/48/85 
f 84/50/87 83/49/86 82/48/85 
f 72/43/74 83/49/86 84/50/87 
f 85/51/88 72/43/74 84/50/87 
f 71/41/73 72/43/74 85/51/88 
f 71/41/73 85/51/88 86/52/89 
f 59/40/61 71/41/73 86/52/89 
f 87/45/90 59/40/61 86/52/89 
f 88/52/91 59/40/61 87/45/90 
f 88/52/91 60/41/62 59/40/61 
f 88/52/91 89/51/92 60/41/62 
f 80/44/83 78/40/93 77/45/80 
f 90/49/94 82/48/85 91/47/95 
f 82/48/85 79/46/82 91/47/95 
f 91/47/95 79/46/82 76/44/79 
f 92/44/96 77/45/80 93/46/97 
f 78/40/81 77/45/80 92/44/96 
f 94/47/98 95/48/99 96/49/100 
f 94/47/98 93/46/97 95/48/99 
f 92/44/96 93/46/97 94/47/98 
f 60/41/62 52/36/54 50/34/52 
f 60/41/62 97/43/101 52/36/54 
f 89/51/92 97/43/101 60/41/62 
f 98/50/102 97/43/101 89/51/92 
f 98/50/102 99/49/103 97/43/101 
f 95/48/99 99/49/103 98/50/102 
f 95/48/99 100/47/104 99/49/103 
f 93/46/97 100/47/104 95/48/99 
f 93/46/97 101/44/105 100/47/104 
f 77/45/80 101/44/105 93/46/97 
f 77/45/80 78/40/93 101/44/105 
f 102/53/106 103/54/107 104/55/108 
f 105/56/109 103/54/107 102/53/106 
f 106/57/110 105/56/109 102/53/106 
f 107/58/111 105/56/109 106/57/110 
f 108/59/112 109/60/113 110/59/114 
f 111/61/115 3/62/116 112/60/117 
f 112/60/117 3/62/116 113/63/118 
f 112/60/117 113/63/118 114/60/119 
f 114/60/119 113/63/118 115/63/120 
f 114/60/119 115/63/120 116/60/121 
f 116/60/121 115/63/120 117/63/122 
f 116/60/121 117/63/122 118/60/123 
f 118/60/123 119/59/124 116/60/121 
f 116/60/121 119/59/124 120/59/125 
f 116/60/121 120/59/125 114/60/119 
f 121/59/126 114/60/119 120/59/125 
f 110/59/114 114/60/119 121/59/126 
f 110/59/114 112/60/117 114/60/119 
f 109/60/113 112/60/117 110/59/114 
f 109/60/113 111/61/115 112/60/117 
f 122/60/127 111/61/115 109/60/113 
f 108/59/112 122/60/127 109/60/113 
f 30/59/128 122/60/127 108/59/112 
f 123/64/129 110/59/114 121/59/126 
f 124/64/130 110/59/114 123/64/129 
f 124/64/130 108/59/112 110/59/114 
f 125/64/131 108/59/112 124/64/130 
f 125/64/131 30/59/128 108/59/112 
f 28/64/132 30/59/128 125/64/131 
f 126/65/133 28/64/132 125/64/131 
f 127/65/134 28/64/132 126/65/133 
f 126/65/133 26/64/135 127/65/134 
f 128/64/136 26/64/135 126/65/133 
f 128/64/136 27/59/137 26/64/135 
f 129/59/138 27/59/137 128/64/136 
f 129/59/138 130/60/139 27/59/137 
f 131/60/140 130/60/139 129/59/138 
f 131/60/140 132/61/141 130/60/139 
f 133/60/142 132/61/141 131/60/140 
f 133/60/142 107/62/143 132/61/141 
f 134/63/144 107/62/143 133/60/142 
f 135/65/145 128/64/136 126/65/133 
f 136/64/146 128/64/136 135/65/145 
f 136/64/146 129/59/138 128/64/136 
f 137/59/147 129/59/138 136/64/146 
f 137/59/147 131/60/140 129/59/138 
f 137/59/147 133/60/142 131/60/140 
f 138/60/148 133/60/142 137/59/147 
f 139/59/149 138/60/148 137/59/147 
f 140/59/150 138/60/148 139/59/149 
f 140/59/150 139/59/149 141/64/151 
f 141/64/151 139/59/149 142/64/152 
f 141/64/151 142/64/152 143/65/153 
f 143/65/153 142/64/152 144/65/154 
f 142/64/152 136/64/146 144/65/154 
f 144/65/154 136/64/146 135/65/145 
f 142/64/152 137/59/147 136/64/146 
f 139/59/149 137/59/147 142/64/152 
f 138/60/148 140/59/150 145/60/155 
f 138/60/148 134/63/144 133/60/142 
f 146/63/156 134/63/144 138/60/148 
f 145/60/155 146/63/156 138/60/148 
f 147/63/157 146/63/156 145/60/155 
f 148/60/158 147/63/157 145/60/155 
f 145/60/155 149/59/159 148/60/158 
f 140/59/150 149/59/159 145/60/155 
f 149/59/159 140/59/150 150/64/160 
f 150/64/160 140/59/150 141/64/151 
f 150/64/160 141/64/151 151/65/161 
f 151/65/161 141/64/151 143/65/153 
f 143/65/153 152/64/162 151/65/161 
f 143/65/153 123/64/129 152/64/162 
f 144/65/154 123/64/129 143/65/153 
f 144/65/154 124/64/130 123/64/129 
f 135/65/145 124/64/130 144/65/154 
f 135/65/145 125/64/131 124/64/130 
f 126/65/133 125/64/131 135/65/145 
f 153/66/163 149/59/159 150/64/160 
f 154/67/164 149/59/159 153/66/163 
f 155/68/165 154/67/164 153/66/163 
f 156/69/166 154/67/164 155/68/165 
f 157/68/167 156/69/166 155/68/165 
f 158/69/168 156/69/166 157/68/167 
f 159/68/169 158/69/168 157/68/167 
f 160/69/170 158/69/168 159/68/169 
f 161/68/171 160/69/170 159/68/169 
f 162/69/172 160/69/170 161/68/171 
f 163/68/173 162/69/172 161/68/171 
f 164/69/174 162/69/172 163/68/173 
f 165/68/175 164/69/174 163/68/173 
f 166/69/176 164/69/174 165/68/175 
f 167/70/177 150/64/160 151/65/161 
f 153/66/163 150/64/160 167/70/177 
f 168/71/178 153/66/163 167/70/177 
f 155/68/165 153/66/163 168/71/178 
f 169/71/179 155/68/165 168/71/178 
f 157/68/167 155/68/165 169/71/179 
f 170/71/180 157/68/167 169/71/179 
f 159/68/169 157/68/167 170/71/180 
f 171/71/181 159/68/169 170/71/180 
f 161/68/171 159/68/169 171/71/181 
f 172/71/182 161/68/171 171/71/181 
f 163/68/173 161/68/171 172/71/182 
f 173/71/183 163/68/173 172/71/182 
f 165/68/175 163/68/173 173/71/183 
f 173/71/183 174/68/184 175/68/185 
f 172/71/182 174/68/184 173/71/183 
f 172/71/182 176/68/186 174/68/184 
f 171/71/181 176/68/186 172/71/182 
f 171/71/181 177/68/187 176/68/186 
f 170/71/180 177/68/187 171/71/181 
f 170/71/180 178/68/188 177/68/187 
f 169/71/179 178/68/188 170/71/180 
f 169/71/179 179/68/189 178/68/188 
f 168/71/178 179/68/189 169/71/179 
f 168/71/178 180/66/190 179/68/189 
f 167/70/177 180/66/190 168/71/178 
f 167/70/177 181/64/191 180/66/190 
f 151/65/161 181/64/191 167/70/177 
f 151/65/161 152/64/162 181/64/191 
f 175/68/185 182/69/192 183/69/193 
f 174/68/184 182/69/192 175/68/185 
f 174/68/184 184/69/194 182/69/192 
f 176/68/186 184/69/194 174/68/184 
f 176/68/186 185/69/195 184/69/194 
f 177/68/187 185/69/195 176/68/186 
f 177/68/187 186/69/196 185/69/195 
f 178/68/188 186/69/196 177/68/187 
f 178/68/188 187/69/197 186/69/196 
f 179/68/189 187/69/197 178/68/188 
f 179/68/189 188/67/198 187/69/197 
f 180/66/190 188/67/198 179/68/189 
f 180/66/190 119/59/124 188/67/198 
f 181/64/191 119/59/124 180/66/190 
f 181/64/191 120/59/125 119/59/124 
f 152/64/162 120/59/125 181/64/191 
f 152/64/162 121/59/126 120/59/125 
f 123/64/129 121/59/126 152/64/162 
f 189/72/199 190/73/200 191/74/201 
f 190/73/200 192/75/202 191/74/201 
f 190/73/200 75/76/203 192/75/202 
f 65/77/204 75/76/203 190/73/200 
f 105/78/205 65/77/204 190/73/200 
f 105/78/205 190/73/200 189/72/199 
f 103/79/206 105/78/205 189/72/199 
f 73/80/207 192/75/202 75/76/203 
f 192/75/202 73/80/207 18/81/208 
f 191/74/201 192/75/202 18/81/208 
f 191/74/201 18/81/208 17/82/209 
f 17/82/209 16/83/210 191/74/201 
f 16/83/210 193/84/211 191/74/201 
f 191/74/201 193/84/211 189/72/199 
f 193/84/211 194/85/212 189/72/199 
f 189/72/199 194/85/212 103/79/206 
f 103/79/206 194/85/212 104/86/213 
f 18/81/208 73/80/207 19/4/214 
f 65/77/204 195/87/215 64/88/216 
f 195/87/215 196/89/217 64/88/216 
f 64/88/216 196/89/217 63/90/218 
f 196/89/217 197/91/219 63/90/218 
f 63/90/218 197/91/219 62/92/220 
f 197/91/219 198/93/221 62/92/220 
f 62/92/220 198/93/221 70/94/222 
f 198/93/221 199/95/223 70/94/222 
f 70/94/222 199/95/223 200/96/224 
f 199/95/223 201/97/225 200/96/224 
f 200/96/224 201/97/225 202/98/226 
f 202/98/226 201/97/225 203/99/227 
f 201/97/225 204/100/228 203/99/227 
f 203/99/227 204/100/228 205/101/229 
f 205/101/229 204/100/228 206/102/230 
f 206/102/230 204/100/228 196/89/217 
f 195/87/215 206/102/230 196/89/217 
f 199/95/223 198/93/221 201/97/225 
f 197/91/219 201/97/225 198/93/221 
f 204/100/228 201/97/225 197/91/219 
f 196/89/217 204/100/228 197/91/219 
f 207/103/231 208/14/232 132/4/233 
f 194/1/234 208/14/232 207/103/231 
f 104/2/235 194/1/234 207/103/231 
f 207/103/231 102/104/236 104/2/235 
f 106/105/237 102/104/236 207/103/231 
f 132/4/233 106/105/237 207/103/231 
f 107/11/238 106/105/237 132/4/233 
f 107/106/239 209/107/240 65/108/241 
f 65/108/241 209/107/240 195/109/242 
f 195/109/242 209/107/240 206/110/243 
f 209/107/240 210/111/244 206/110/243 
f 206/110/243 210/111/244 205/112/245 
s off
f 107/3/246 65/2/246 105/1/246 
s 1
f 193/1/247 208/15/248 194/2/249 
f 211/14/250 208/15/248 193/1/247 
f 132/11/251 208/15/248 211/14/250 
f 130/4/252 132/11/251 211/14/250 
f 212/113/253 213/114/254 214/115/255 
f 214/115/255 215/116/256 212/113/253 
f 212/113/253 215/116/256 216/117/257 
f 217/118/258 216/117/257 215/116/256 
f 217/118/258 218/119/259 216/117/257 
f 219/120/260 218/119/259 217/118/258 
f 217/118/258 220/121/261 219/120/260 
f 219/120/260 220/121/261 221/122/262 
f 220/121/261 222/123/263 221/122/262 
f 221/122/262 222/123/263 223/124/264 
f 224/125/265 223/124/264 222/123/263 
f 225/123/266 223/124/264 224/125/265 
f 226/122/267 223/124/264 225/123/266 
f 225/123/266 227/121/268 226/122/267 
f 228/120/269 226/122/267 227/121/268 
f 228/120/269 227/121/268 229/118/270 
f 229/118/270 230/119/271 228/120/269 
f 229/118/270 231/117/272 230/119/271 
f 219/120/260 221/122/262 232/126/273 
f 232/126/273 221/122/262 233/127/274 
f 221/122/262 223/124/264 233/127/274 
f 226/122/267 233/127/274 223/124/264 
f 234/126/275 233/127/274 226/122/267 
f 234/126/275 226/122/267 228/120/269 
f 235/115/276 236/128/277 237/129/278 
f 235/115/276 238/130/279 236/128/277 
f 239/116/280 238/130/279 235/115/276 
f 239/116/280 240/131/281 238/130/279 
f 239/116/280 241/132/282 240/131/281 
f 229/118/270 241/132/282 239/116/280 
f 229/118/270 227/121/268 241/132/282 
f 241/132/282 227/121/268 242/133/283 
f 242/133/283 227/121/268 225/123/266 
f 239/116/280 231/117/272 229/118/270 
f 239/116/280 243/113/284 231/117/272 
f 235/115/276 243/113/284 239/116/280 
f 235/115/276 213/114/254 243/113/284 
f 237/129/278 213/114/254 235/115/276 
f 237/129/278 214/115/255 213/114/254 
f 236/128/277 214/115/255 237/129/278 
f 236/128/277 244/130/285 214/115/255 
f 214/115/255 244/130/285 215/116/256 
f 244/130/285 245/131/286 215/116/256 
f 215/116/256 245/131/286 246/132/287 
f 215/116/256 246/132/287 217/118/258 
f 217/118/258 246/132/287 220/121/261 
f 246/132/287 247/133/288 220/121/261 
f 220/121/261 247/133/288 222/123/263 
f 130/11/289 211/15/290 27/4/291 
f 211/15/290 25/14/292 27/4/291 
f 16/1/293 25/14/292 211/15/290 
f 193/2/294 16/1/293 211/15/290 
f 248/134/295 249/135/296 250/136/297 
f 250/136/297 249/135/296 251/137/298 
f 250/136/297 251/137/298 252/138/299 
f 252/138/299 251/137/298 253/139/300 
f 253/139/300 230/140/301 231/141/302 
f 251/137/298 230/140/301 253/139/300 
f 251/137/298 228/142/303 230/140/301 
f 249/135/296 228/142/303 251/137/298 
f 249/135/296 234/143/304 228/142/303 
f 254/144/305 234/143/304 249/135/296 
f 248/134/295 254/144/305 249/135/296 
f 255/145/306 254/144/305 248/134/295 
f 248/134/295 256/146/307 255/145/306 
f 248/134/295 257/147/308 256/146/307 
f 250/136/297 257/147/308 248/134/295 
f 250/136/297 258/148/309 257/147/308 
f 259/149/310 258/148/309 250/136/297 
f 252/138/299 259/149/310 250/136/297 
f 259/149/310 252/150/311 260/151/312 
f 260/151/312 261/152/313 262/153/314 
f 260/151/312 252/150/311 261/152/313 
f 252/150/311 253/154/315 261/152/313 
f 262/153/314 263/152/316 264/151/317 
f 262/153/314 265/155/318 263/152/316 
f 262/153/314 261/152/313 265/155/318 
f 261/152/313 266/156/319 265/155/318 
f 261/152/313 253/154/315 266/156/319 
f 253/154/315 231/157/320 266/156/319 
f 266/156/319 231/157/320 243/158/321 
f 266/156/319 243/158/321 267/159/322 
f 267/159/322 243/158/321 213/160/323 
f 267/159/322 213/160/323 268/158/324 
f 269/156/325 267/159/322 268/158/324 
f 269/156/325 268/158/324 270/157/326 
f 271/154/327 269/156/325 270/157/326 
f 263/152/316 269/156/325 271/154/327 
f 263/152/316 271/154/327 272/150/328 
f 264/151/317 263/152/316 272/150/328 
f 264/151/317 272/150/328 273/149/329 
f 263/152/316 265/155/318 269/156/325 
f 265/155/318 267/159/322 269/156/325 
f 265/155/318 266/156/319 267/159/322 
f 274/136/330 273/149/329 272/138/331 
f 275/148/332 273/149/329 274/136/330 
f 274/136/330 276/147/333 275/148/332 
f 277/134/334 276/147/333 274/136/330 
f 278/146/335 276/147/333 277/134/334 
f 277/134/334 279/145/336 278/146/335 
f 277/134/334 280/144/337 279/145/336 
f 281/135/338 280/144/337 277/134/334 
f 281/135/338 282/143/339 280/144/337 
f 283/142/340 282/143/339 281/135/338 
f 281/135/338 284/137/341 283/142/340 
f 283/142/340 284/137/341 285/140/342 
f 284/137/341 271/139/343 285/140/342 
f 285/140/342 271/139/343 270/141/344 
f 277/134/334 274/136/330 281/135/338 
f 281/135/338 274/136/330 284/137/341 
f 274/136/330 272/138/331 284/137/341 
f 284/137/341 272/138/331 271/139/343 
f 282/143/339 233/161/345 280/162/346 
f 256/163/347 286/164/348 255/165/349 
f 255/165/349 286/164/348 287/166/350 
f 279/165/351 287/166/350 286/164/348 
f 280/162/346 287/166/350 279/165/351 
f 280/162/346 288/167/352 287/166/350 
f 233/161/345 288/167/352 280/162/346 
f 233/161/345 254/162/353 288/167/352 
f 234/143/304 254/162/353 233/161/345 
f 255/165/349 287/166/350 254/162/353 
f 254/162/353 287/166/350 288/167/352 
f 279/165/351 286/164/348 278/163/354 
f 289/168/355 290/169/356 291/170/357 
f 292/171/358 290/169/356 289/168/355 
f 292/171/358 293/172/359 290/169/356 
f 294/173/360 293/172/359 292/171/358 
f 295/174/361 294/173/360 292/171/358 
f 295/174/361 292/171/358 296/175/362 
f 297/176/363 295/174/361 296/175/362 
f 296/175/362 292/171/358 289/168/355 
f 298/170/364 299/169/365 300/168/366 
f 300/168/366 299/169/365 301/171/367 
f 300/168/366 301/171/367 302/175/368 
f 302/175/368 301/171/367 303/174/369 
f 302/175/368 303/174/369 297/176/363 
f 297/176/363 303/174/369 304/177/370 
f 304/177/370 295/174/361 297/176/363 
f 304/177/370 305/178/371 295/174/361 
f 305/178/371 294/173/360 295/174/361 
f 305/178/371 81/179/372 294/173/360 
f 81/179/372 83/180/373 294/173/360 
f 294/173/360 83/180/373 293/172/359 
f 83/180/373 306/173/374 293/172/359 
f 293/172/359 306/173/374 307/181/375 
f 293/172/359 307/181/375 290/169/356 
f 290/169/356 307/181/375 308/182/376 
f 290/169/356 308/182/376 291/170/357 
f 291/170/357 308/182/376 309/183/377 
f 306/173/374 83/180/373 72/184/378 
f 299/169/365 310/172/379 301/171/367 
f 301/171/367 310/172/379 311/173/380 
f 301/171/367 311/173/380 303/174/369 
f 303/174/369 311/173/380 312/178/381 
f 303/174/369 312/178/381 304/177/370 
f 304/177/370 312/178/381 313/185/382 
f 313/185/382 305/178/371 304/177/370 
f 313/185/382 80/186/383 305/178/371 
f 80/186/383 81/179/372 305/178/371 
f 78/187/384 80/186/383 313/185/382 
f 310/172/379 99/180/385 311/173/380 
f 311/173/380 99/180/385 100/179/386 
f 311/173/380 100/179/386 312/178/381 
f 312/178/381 100/179/386 101/186/387 
f 312/178/381 101/186/387 313/185/382 
f 313/185/382 101/186/387 78/187/384 
f 309/183/377 314/188/388 291/170/357 
f 314/188/388 166/189/389 291/170/357 
f 291/170/357 166/189/389 289/168/355 
f 166/189/389 165/190/390 289/168/355 
f 289/168/355 165/190/390 296/175/362 
f 165/190/390 173/191/391 296/175/362 
f 296/175/362 173/191/391 297/176/363 
f 297/176/363 173/191/391 302/175/368 
f 302/175/368 173/191/391 175/190/392 
f 302/175/368 175/190/392 300/168/366 
f 300/168/366 175/190/392 183/189/393 
f 300/168/366 183/189/393 298/170/364 
f 298/170/364 183/189/393 315/188/394 
f 298/170/364 315/188/394 316/183/395 
f 316/183/395 317/182/396 298/170/364 
f 298/170/364 317/182/396 299/169/365 
f 317/182/396 318/181/397 299/169/365 
f 299/169/365 318/181/397 310/172/379 
f 318/181/397 319/173/398 310/172/379 
f 310/172/379 319/173/398 99/180/385 
f 97/184/399 99/180/385 319/173/398 
f 320/192/400 321/192/401 322/193/402 
f 323/193/403 321/192/401 320/192/400 
f 95/194/404 323/193/403 93/195/405 
f 93/195/405 323/193/403 320/192/400 
f 93/195/405 320/192/400 77/192/406 
f 77/192/406 320/192/400 79/195/407 
f 320/192/400 322/193/402 79/195/407 
f 79/195/407 322/193/402 82/194/408 
f 321/192/401 324/196/409 322/193/402 
f 324/196/409 325/197/410 322/193/402 
f 322/193/402 325/197/410 82/194/408 
f 325/197/410 326/194/411 82/194/408 
f 82/194/408 326/194/411 84/198/412 
f 326/194/411 327/198/413 84/198/412 
f 84/198/412 327/198/413 85/199/414 
f 327/198/413 328/199/415 85/199/414 
f 325/197/410 329/200/416 326/194/411 
f 324/196/409 329/200/416 325/197/410 
f 330/201/417 86/202/418 85/199/414 
f 85/199/414 328/199/415 330/201/417 
f 328/199/415 331/203/419 330/201/417 
f 328/199/415 332/199/420 331/203/419 
f 333/198/421 332/199/420 328/199/415 
f 327/198/413 333/198/421 328/199/415 
f 334/194/422 333/198/421 327/198/413 
f 326/194/411 334/194/422 327/198/413 
f 335/204/423 334/194/422 326/194/411 
f 329/200/416 335/204/423 326/194/411 
f 336/205/424 335/204/423 329/200/416 
f 324/196/409 336/205/424 329/200/416 
f 336/205/424 324/196/409 337/206/425 
f 337/206/425 324/196/409 338/207/426 
f 339/208/427 337/206/425 338/207/426 
f 338/207/426 340/206/428 339/208/427 
f 339/208/427 340/206/428 341/209/429 
f 340/206/428 342/205/430 341/209/429 
f 89/199/431 88/202/432 343/201/433 
f 343/201/433 88/202/432 344/210/434 
f 87/211/435 344/210/434 88/202/432 
f 345/211/436 344/210/434 87/211/435 
f 345/211/436 346/212/437 344/210/434 
f 347/211/438 346/212/437 345/211/436 
f 347/211/438 341/209/429 346/212/437 
f 339/208/427 341/209/429 347/211/438 
f 347/211/438 348/209/439 339/208/427 
f 348/209/439 337/206/425 339/208/427 
f 348/209/439 336/205/424 337/206/425 
f 349/213/440 336/205/424 348/209/439 
f 350/212/441 349/213/440 348/209/439 
f 351/214/442 349/213/440 350/212/441 
f 352/210/443 351/214/442 350/212/441 
f 331/203/419 351/214/442 352/210/443 
f 330/201/417 331/203/419 352/210/443 
f 352/210/443 86/202/418 330/201/417 
f 86/202/418 352/210/443 87/211/435 
f 87/211/435 352/210/443 345/211/436 
f 352/210/443 350/212/441 345/211/436 
f 345/211/436 350/212/441 347/211/438 
f 350/212/441 348/209/439 347/211/438 
f 341/209/429 342/205/430 353/213/444 
f 341/209/429 353/213/444 346/212/437 
f 346/212/437 353/213/444 354/214/445 
f 346/212/437 354/214/445 344/210/434 
f 344/210/434 354/214/445 355/203/446 
f 344/210/434 355/203/446 343/201/433 
f 343/201/433 355/203/446 356/199/447 
f 343/201/433 356/199/447 89/199/431 
f 89/199/431 356/199/447 357/198/448 
f 89/199/431 357/198/448 98/198/449 
f 98/198/449 357/198/448 358/194/450 
f 98/198/449 358/194/450 95/194/404 
f 95/194/404 358/194/450 359/197/451 
f 95/194/404 359/197/451 323/193/403 
f 323/193/403 359/197/451 360/196/452 
f 323/193/403 360/196/452 321/192/401 
f 321/192/401 360/196/452 338/207/426 
f 338/207/426 324/196/409 321/192/401 
f 358/194/450 361/200/453 359/197/451 
f 359/197/451 361/200/453 360/196/452 
f 338/207/426 360/196/452 340/206/428 
f 340/206/428 360/196/452 342/205/430 
f 361/200/453 342/205/430 360/196/452 
f 361/200/453 362/204/454 342/205/430 
f 358/194/450 362/204/454 361/200/453 
f 358/194/450 363/194/455 362/204/454 
f 357/198/448 363/194/455 358/194/450 
f 357/198/448 364/198/456 363/194/455 
f 356/199/447 364/198/456 357/198/448 
f 356/199/447 365/199/457 364/198/456 
f 355/203/446 365/199/457 356/199/447 
f 366/215/458 70/216/459 200/1/460 
f 147/4/461 70/216/459 366/215/458 
f 367/217/462 308/217/463 368/217/464 
f 308/217/463 307/218/465 368/217/464 
f 368/217/464 307/218/465 369/217/466 
f 307/218/465 306/219/467 369/217/466 
f 369/217/466 306/219/467 370/217/468 
f 306/219/467 72/220/469 370/217/468 
f 370/217/468 72/220/469 371/221/470 
f 72/220/469 70/222/471 371/221/470 
f 371/221/470 70/222/471 147/63/157 
f 147/63/157 148/223/472 371/221/470 
f 148/223/472 372/224/473 371/221/470 
f 371/221/470 372/224/473 373/225/474 
f 373/225/474 370/217/468 371/221/470 
f 369/217/466 370/217/468 373/225/474 
f 374/225/475 369/217/466 373/225/474 
f 368/217/464 369/217/466 374/225/475 
f 375/225/476 368/217/464 374/225/475 
f 367/217/462 368/217/464 375/225/476 
f 376/225/477 367/217/462 375/225/476 
f 377/217/478 367/217/462 376/225/477 
f 378/225/479 377/217/478 376/225/477 
f 154/226/480 148/223/472 149/227/481 
f 372/224/473 148/223/472 154/226/480 
f 156/228/482 372/224/473 154/226/480 
f 373/225/474 372/224/473 156/228/482 
f 158/228/483 373/225/474 156/228/482 
f 374/225/475 373/225/474 158/228/483 
f 160/228/484 374/225/475 158/228/483 
f 375/225/476 374/225/475 160/228/484 
f 162/228/485 375/225/476 160/228/484 
f 376/225/477 375/225/476 162/228/485 
f 164/228/486 376/225/477 162/228/485 
f 378/225/479 376/225/477 164/228/486 
f 164/228/486 166/228/176 378/225/479 
f 166/228/176 314/225/487 378/225/479 
f 378/225/479 314/225/487 377/217/478 
f 314/225/487 309/217/488 377/217/478 
f 377/217/478 309/217/488 367/217/462 
f 309/217/488 308/217/463 367/217/462 
f 379/184/489 380/172/490 96/180/491 
f 381/173/492 96/180/491 380/172/490 
f 94/179/493 96/180/491 381/173/492 
f 119/227/494 118/223/495 188/226/496 
f 382/225/497 315/225/498 183/228/193 
f 383/217/499 315/225/498 382/225/497 
f 383/217/499 316/217/500 315/225/498 
f 384/217/501 316/217/500 383/217/499 
f 384/217/501 317/217/502 316/217/500 
f 385/217/503 317/217/502 384/217/501 
f 385/217/503 318/218/504 317/217/502 
f 386/217/505 318/218/504 385/217/503 
f 386/217/505 319/219/506 318/218/504 
f 387/217/507 319/219/506 386/217/505 
f 387/217/507 97/220/508 319/219/506 
f 388/221/509 97/220/508 387/217/507 
f 388/221/509 52/222/510 97/220/508 
f 117/63/122 52/222/510 388/221/509 
f 388/221/509 118/223/495 117/63/122 
f 388/221/509 389/224/511 118/223/495 
f 188/226/496 118/223/495 389/224/511 
f 188/226/496 389/224/511 187/228/512 
f 390/225/513 389/224/511 388/221/509 
f 388/221/509 387/217/507 390/225/513 
f 390/225/513 387/217/507 386/217/505 
f 390/225/513 386/217/505 391/225/514 
f 391/225/514 386/217/505 385/217/503 
f 391/225/514 385/217/503 392/225/515 
f 392/225/515 385/217/503 384/217/501 
f 392/225/515 384/217/501 393/225/516 
f 393/225/516 384/217/501 383/217/499 
f 393/225/516 383/217/499 382/225/497 
f 187/228/512 389/224/511 390/225/513 
f 187/228/512 390/225/513 186/228/517 
f 186/228/517 390/225/513 391/225/514 
f 186/228/517 391/225/514 185/228/518 
f 185/228/518 391/225/514 392/225/515 
f 185/228/518 392/225/515 184/228/519 
f 184/228/519 392/225/515 393/225/516 
f 184/228/519 393/225/516 182/228/520 
f 182/228/520 393/225/516 382/225/497 
f 382/225/497 183/228/193 182/228/520 
f 394/97/521 395/93/522 396/95/523 
f 395/93/522 394/97/521 397/91/524 
f 397/91/524 394/97/521 398/100/525 
f 397/91/524 398/100/525 399/89/526 
f 58/90/527 397/91/524 399/89/526 
f 58/90/527 399/89/526 56/88/528 
f 51/92/529 397/91/524 58/90/527 
f 51/92/529 395/93/522 397/91/524 
f 52/94/530 395/93/522 51/92/529 
f 52/94/530 396/95/523 395/93/522 
f 400/96/531 396/95/523 52/94/530 
f 400/96/531 394/97/521 396/95/523 
f 401/98/532 394/97/521 400/96/531 
f 402/99/533 394/97/521 401/98/532 
f 402/99/533 398/100/525 394/97/521 
f 403/101/534 398/100/525 402/99/533 
f 404/102/535 398/100/525 403/101/534 
f 399/89/526 398/100/525 404/102/535 
f 399/89/526 404/102/535 405/87/536 
f 56/88/528 399/89/526 405/87/536 
f 56/88/528 405/87/536 2/77/537 
f 406/74/538 407/75/539 408/73/540 
f 407/75/539 34/76/541 408/73/540 
f 408/73/540 34/76/541 2/77/537 
f 408/73/540 2/77/537 1/78/542 
f 409/72/543 408/73/540 1/78/542 
f 409/72/543 1/78/542 410/79/544 
f 406/74/538 408/73/540 409/72/543 
f 34/76/541 407/75/539 32/80/545 
f 21/81/546 32/80/545 407/75/539 
f 21/81/546 407/75/539 406/74/538 
f 22/82/547 21/81/546 406/74/538 
f 406/74/538 23/83/548 22/82/547 
f 406/74/538 411/84/549 23/83/548 
f 409/72/543 411/84/549 406/74/538 
f 409/72/543 412/85/550 411/84/549 
f 410/79/544 412/85/550 409/72/543 
f 413/86/551 412/85/550 410/79/544 
f 20/4/552 32/80/545 21/81/546 
f 414/215/553 117/11/554 115/4/555 
f 414/215/553 415/229/556 117/11/554 
f 414/215/553 400/2/557 415/229/556 
f 401/1/558 400/2/557 414/215/553 
f 203/1/559 416/229/560 202/2/561 
f 417/215/562 416/229/560 203/1/559 
f 146/11/563 416/229/560 417/215/562 
f 134/4/564 146/11/563 417/215/562 
f 401/2/565 414/229/566 402/1/567 
f 402/1/567 414/229/566 418/215/568 
f 418/215/568 414/229/566 115/11/569 
f 418/215/568 115/11/569 113/4/570 
f 146/4/571 147/11/572 416/215/573 
f 147/11/572 366/229/574 416/215/573 
f 366/229/574 200/2/575 416/215/573 
f 416/215/573 200/2/575 202/1/576 
f 107/4/577 134/11/578 209/230/579 
f 417/229/580 209/230/579 134/11/578 
f 210/231/581 209/230/579 417/229/580 
f 205/1/582 210/231/581 417/229/580 
f 205/1/582 417/229/580 203/2/583 
f 419/232/584 420/233/585 421/234/586 
f 419/232/584 422/233/587 420/233/585 
f 422/233/587 423/235/588 420/233/585 
f 422/233/587 424/236/589 423/235/588 
f 425/233/590 424/236/589 422/233/587 
f 425/233/590 426/237/591 424/236/589 
f 427/238/592 426/237/591 425/233/590 
f 427/238/592 425/233/590 428/239/593 
f 428/239/593 425/233/590 422/233/587 
f 428/239/593 422/233/587 419/232/584 
f 429/240/594 427/238/592 428/239/593 
f 430/232/595 427/238/592 429/240/594 
f 430/232/595 426/237/591 427/238/592 
f 431/232/596 426/237/591 430/232/595 
f 431/232/596 424/236/589 426/237/591 
f 432/232/597 424/236/589 431/232/596 
f 432/232/597 423/235/588 424/236/589 
f 433/241/598 423/235/588 432/232/597 
f 433/241/598 420/233/585 423/235/588 
f 434/233/599 420/233/585 433/241/598 
f 434/233/599 421/234/586 420/233/585 
f 435/242/600 421/234/586 434/233/599 
f 436/233/601 435/242/600 434/233/599 
f 436/233/601 437/243/602 435/242/600 
f 438/243/603 437/243/602 436/233/601 
f 438/243/603 439/243/604 437/243/602 
f 440/243/605 439/243/604 438/243/603 
f 438/243/603 441/243/606 440/243/605 
f 433/241/598 442/232/607 443/233/608 
f 432/232/597 442/232/607 433/241/598 
f 444/244/609 442/232/607 432/232/597 
f 444/244/609 432/232/597 445/244/610 
f 445/244/610 432/232/597 431/232/596 
f 445/244/610 431/232/596 429/240/594 
f 429/240/594 431/232/596 430/232/595 
f 446/244/611 442/232/607 444/244/609 
f 447/243/612 440/243/605 441/243/606 
f 447/243/612 441/243/606 448/233/613 
f 448/233/613 441/243/606 449/233/614 
f 438/243/603 449/233/614 441/243/606 
f 436/233/601 449/233/614 438/243/603 
f 450/233/615 448/233/613 451/233/616 
f 447/243/612 448/233/613 450/233/615 
f 450/233/615 451/233/616 447/243/612 
f 451/233/616 440/243/605 447/243/612 
f 451/233/616 452/233/617 440/243/605 
f 440/243/605 452/233/617 439/243/604 
f 453/233/618 439/243/604 452/233/617 
f 454/243/619 439/243/604 453/233/618 
f 454/243/619 437/243/602 439/243/604 
f 455/243/620 437/243/602 454/243/619 
f 455/243/620 435/242/600 437/243/602 
f 446/244/611 435/242/600 455/243/620 
f 446/244/611 421/234/586 435/242/600 
f 444/244/609 421/234/586 446/244/611 
f 444/244/609 419/232/584 421/234/586 
f 445/244/610 419/232/584 444/244/609 
f 445/244/610 428/239/593 419/232/584 
f 429/240/594 428/239/593 445/244/610 
f 456/233/621 457/233/622 453/233/618 
f 458/233/623 457/233/622 456/233/621 
f 458/233/623 456/233/621 459/233/624 
f 459/233/624 460/233/625 458/233/623 
f 459/233/624 461/233/626 460/233/625 
f 462/233/627 460/233/625 461/233/626 
f 462/233/627 461/233/626 463/233/628 
f 463/233/628 464/233/629 462/233/627 
f 465/233/630 464/233/629 463/233/628 
f 465/233/630 466/233/631 464/233/629 
f 467/233/632 466/233/631 465/233/630 
f 467/233/632 468/233/633 466/233/631 
f 467/233/632 469/233/634 468/233/633 
f 469/233/634 436/233/601 468/233/633 
f 469/233/634 452/233/617 436/233/601 
f 436/233/601 452/233/617 449/233/614 
f 451/233/616 449/233/614 452/233/617 
f 448/233/613 449/233/614 451/233/616 
f 453/233/618 452/233/617 456/233/621 
f 456/233/621 452/233/617 469/233/634 
f 456/233/621 469/233/634 467/233/632 
f 467/233/632 459/233/624 456/233/621 
f 465/233/630 459/233/624 467/233/632 
f 465/233/630 470/233/635 459/233/624 
f 470/233/635 461/233/626 459/233/624 
f 463/233/628 461/233/626 470/233/635 
f 463/233/628 470/233/635 465/233/630 
f 471/233/636 457/233/622 458/233/623 
f 458/233/623 460/233/625 471/233/636 
f 472/233/637 471/233/636 460/233/625 
f 472/233/637 460/233/625 462/233/627 
f 464/233/629 472/233/637 462/233/627 
f 466/233/631 472/233/637 464/233/629 
f 466/233/631 471/233/636 472/233/637 
f 466/233/631 468/233/633 471/233/636 
f 468/233/633 443/233/608 471/233/636 
f 468/233/633 436/233/601 443/233/608 
f 433/241/598 443/233/608 436/233/601 
f 433/241/598 436/233/601 434/233/599 
f 471/233/636 443/233/608 457/233/622 
f 473/245/638 474/246/639 475/246/640 
f 474/246/639 476/247/641 475/246/640 
f 475/246/640 476/247/641 477/247/642 
f 475/246/640 477/247/642 478/248/643 
f 479/245/644 475/246/640 478/248/643 
f 473/245/638 475/246/640 479/245/644 
f 474/246/639 480/249/645 476/247/641 
f 481/246/646 480/249/645 474/246/639 
f 481/246/646 474/246/639 473/245/638 
f 482/245/647 481/246/646 473/245/638 
f 483/246/648 481/246/646 482/245/647 
f 484/245/649 483/246/648 482/245/647 
f 484/245/649 485/250/650 483/246/648 
f 484/245/649 486/251/651 485/250/650 
f 486/251/651 487/250/652 485/250/650 
f 486/251/651 488/251/653 487/250/652 
f 488/251/653 489/251/654 487/250/652 
f 490/232/655 489/251/654 488/251/653 
f 490/232/655 491/232/656 489/251/654 
f 492/244/657 491/232/656 490/232/655 
f 492/244/657 493/244/658 491/232/656 
f 494/252/659 493/244/658 492/244/657 
f 494/252/659 495/253/660 493/244/658 
f 493/244/658 495/253/660 496/254/661 
f 493/244/658 497/232/662 491/232/656 
f 493/244/658 496/254/661 497/232/662 
f 498/255/663 496/254/661 495/253/660 
f 497/232/662 496/254/661 498/255/663 
f 497/232/662 498/255/663 499/251/664 
f 491/232/656 497/232/662 499/251/664 
f 491/232/656 499/251/664 489/251/654 
f 489/251/654 499/251/664 500/250/665 
f 489/251/654 500/250/665 487/250/652 
f 487/250/652 500/250/665 501/252/666 
f 487/250/652 501/252/666 502/252/667 
f 502/252/667 501/252/666 446/244/611 
f 501/252/666 492/244/657 446/244/611 
f 446/244/611 492/244/657 490/232/655 
f 446/244/611 490/232/655 442/232/607 
f 442/232/607 490/232/655 488/251/653 
f 442/232/607 488/251/653 486/251/651 
f 442/232/607 486/251/651 443/256/668 
f 443/256/668 486/251/651 484/245/649 
f 501/252/666 494/252/659 492/244/657 
f 500/250/665 494/252/659 501/252/666 
f 500/250/665 503/250/669 494/252/659 
f 499/251/664 503/250/669 500/250/665 
f 499/251/664 498/255/663 503/250/669 
f 494/252/659 503/250/669 495/252/670 
f 495/252/670 503/250/669 498/252/671 
f 504/250/672 505/252/673 506/252/674 
f 507/257/675 506/252/674 505/252/673 
f 507/257/675 505/252/673 508/257/676 
f 507/257/675 508/257/676 509/258/677 
f 509/258/677 510/258/678 507/257/675 
f 509/258/677 511/250/679 510/258/678 
f 509/258/677 485/250/650 511/250/679 
f 485/250/650 502/252/667 511/250/679 
f 485/250/650 487/250/652 502/252/667 
f 483/258/680 485/250/650 509/258/677 
f 509/258/677 512/257/681 483/258/680 
f 509/258/677 508/257/676 512/257/681 
f 508/257/676 502/252/667 512/257/681 
f 508/257/676 505/252/673 502/252/667 
f 511/250/679 502/252/667 505/252/673 
f 511/250/679 505/252/673 504/250/672 
f 510/258/678 511/250/679 504/250/672 
f 510/258/678 504/250/672 513/258/682 
f 507/257/675 510/258/678 513/258/682 
f 507/257/675 513/258/682 514/257/683 
f 514/257/683 506/252/674 507/257/675 
f 514/257/683 515/252/684 506/252/674 
f 516/250/685 506/252/674 515/252/684 
f 516/250/685 515/252/684 514/257/683 
f 513/258/682 516/250/685 514/257/683 
f 513/258/682 504/250/672 516/250/685 
f 504/250/672 506/252/674 516/250/685 
f 446/259/686 455/260/687 502/261/688 
f 502/261/688 455/260/687 512/262/689 
f 517/246/690 518/246/691 519/246/692 
f 519/246/692 518/246/691 520/263/693 
f 519/246/692 520/263/693 521/264/694 
f 521/264/694 520/263/693 522/263/695 
f 521/264/694 522/263/695 512/262/689 
f 512/262/689 522/263/695 523/246/696 
f 512/262/689 523/246/696 483/246/648 
f 483/246/648 523/246/696 481/246/646 
f 521/264/694 480/249/645 481/246/646 
f 521/264/694 481/246/646 519/246/692 
f 519/246/692 481/246/646 523/246/696 
f 519/246/692 523/246/696 517/246/690 
f 517/246/690 523/246/696 522/263/695 
f 517/246/690 522/263/695 524/263/697 
f 524/263/697 522/263/695 520/263/693 
f 524/263/697 520/263/693 525/263/698 
f 525/263/698 520/263/693 518/246/691 
f 525/263/698 518/246/691 526/246/699 
f 518/246/691 527/246/700 526/246/699 
f 526/246/699 527/246/700 528/263/701 
f 529/263/702 528/263/701 527/246/700 
f 525/263/698 528/263/701 529/263/702 
f 525/263/698 529/263/702 524/263/697 
f 524/263/697 529/263/702 527/246/700 
f 524/263/697 527/246/700 517/246/690 
f 517/246/690 527/246/700 518/246/691 
f 526/246/699 528/263/701 525/263/698 
f 482/265/703 457/266/704 484/267/705 
f 484/267/705 457/266/704 443/268/706 
f 521/269/707 512/270/708 454/271/709 
f 454/271/709 512/270/708 455/272/710 
f 530/273/711 258/274/712 259/275/713 
f 531/276/714 258/274/712 530/273/711 
f 531/276/714 257/161/715 258/274/712 
f 531/276/714 532/277/716 257/161/715 
f 533/278/717 532/277/716 531/276/714 
f 533/278/717 534/279/718 532/277/716 
f 535/280/719 534/279/718 533/278/717 
f 535/280/719 536/146/720 534/279/718 
f 537/281/721 536/146/720 535/280/719 
f 537/281/721 538/282/722 536/146/720 
f 539/283/723 538/282/722 537/281/721 
f 539/283/723 540/284/724 538/282/722 
f 541/285/725 540/284/724 539/283/723 
f 541/285/725 542/286/726 540/284/724 
f 543/284/727 542/286/726 541/285/725 
f 544/282/728 543/284/727 545/283/729 
f 545/283/729 543/284/727 541/285/725 
f 545/283/729 541/285/725 546/287/730 
f 546/287/730 541/285/725 539/283/723 
f 546/287/730 539/283/723 547/288/731 
f 547/288/731 539/283/723 537/281/721 
f 547/288/731 537/281/721 548/289/732 
f 548/289/732 537/281/721 535/280/719 
f 548/289/732 535/280/719 549/290/733 
f 549/290/733 535/280/719 533/278/717 
f 549/290/733 533/278/717 550/291/734 
f 550/291/734 533/278/717 531/276/714 
f 550/291/734 531/276/714 551/292/735 
f 551/292/735 531/276/714 530/273/711 
f 551/292/735 530/273/711 552/293/736 
f 552/293/736 530/273/711 259/275/713 
f 552/293/736 259/275/713 553/294/737 
f 553/294/737 259/275/713 554/295/738 
f 553/294/737 555/296/739 556/297/740 
f 553/294/737 556/297/740 552/293/736 
f 552/293/736 556/297/740 557/298/741 
f 552/293/736 557/298/741 551/292/735 
f 551/292/735 557/298/741 558/299/742 
f 551/292/735 558/299/742 550/291/734 
f 550/291/734 558/299/742 559/300/743 
f 550/291/734 559/300/743 549/290/733 
f 549/290/733 559/300/743 560/301/744 
f 549/290/733 560/301/744 548/289/732 
f 548/289/732 560/301/744 561/302/745 
f 548/289/732 561/302/745 547/288/731 
f 547/288/731 561/302/745 562/303/746 
f 547/288/731 562/303/746 546/287/730 
f 546/287/730 562/303/746 563/288/747 
f 546/287/730 563/288/747 545/283/729 
f 545/283/729 563/288/747 564/281/748 
f 545/283/729 564/281/748 544/282/728 
f 565/302/749 563/288/747 562/303/746 
f 565/302/749 566/289/750 563/288/747 
f 566/289/750 564/281/748 563/288/747 
f 566/289/750 567/280/751 564/281/748 
f 568/301/752 566/289/750 565/302/749 
f 568/301/752 569/290/753 566/289/750 
f 569/290/753 567/280/751 566/289/750 
f 569/290/753 570/278/754 567/280/751 
f 544/282/728 564/281/748 571/146/755 
f 567/280/751 571/146/755 564/281/748 
f 567/280/751 572/279/756 571/146/755 
f 570/278/754 572/279/756 567/280/751 
f 570/278/754 573/277/757 572/279/756 
f 574/304/758 575/305/759 555/296/739 
f 555/296/739 575/305/759 556/297/740 
f 575/305/759 576/306/760 556/297/740 
f 556/297/740 576/306/760 577/307/761 
f 556/297/740 577/307/761 557/298/741 
f 557/298/741 577/307/761 578/308/762 
f 557/298/741 578/308/762 558/299/742 
f 558/299/742 578/308/762 579/309/763 
f 558/299/742 579/309/763 559/300/743 
f 559/300/743 579/309/763 580/310/764 
f 559/300/743 580/310/764 560/301/744 
f 560/301/744 580/310/764 581/311/765 
f 560/301/744 581/311/765 561/302/745 
f 561/302/745 581/311/765 582/312/766 
f 561/302/745 582/312/766 562/303/746 
f 562/303/746 582/312/766 565/302/749 
f 583/311/767 565/302/749 582/312/766 
f 583/311/767 568/301/752 565/302/749 
f 576/306/760 584/313/768 577/307/761 
f 577/307/761 584/313/768 585/314/769 
f 577/307/761 585/314/769 578/308/762 
f 578/308/762 585/314/769 586/315/770 
f 578/308/762 586/315/770 579/309/763 
f 579/309/763 586/315/770 587/316/771 
f 579/309/763 587/316/771 580/310/764 
f 580/310/764 587/316/771 588/317/772 
f 580/310/764 588/317/772 581/311/765 
f 581/311/765 588/317/772 582/312/766 
f 588/317/772 589/318/773 582/312/766 
f 582/312/766 589/318/773 590/317/774 
f 582/312/766 590/317/774 583/311/767 
f 583/311/767 590/317/774 591/310/775 
f 591/310/775 568/301/752 583/311/767 
f 591/310/775 592/300/776 568/301/752 
f 592/300/776 569/290/753 568/301/752 
f 592/300/776 593/291/777 569/290/753 
f 593/291/777 570/278/754 569/290/753 
f 593/291/777 594/276/778 570/278/754 
f 594/276/778 573/277/757 570/278/754 
f 594/276/778 276/161/779 573/277/757 
f 275/274/780 276/161/779 594/276/778 
f 594/276/778 595/273/781 275/274/780 
f 275/274/780 595/273/781 273/275/782 
f 596/293/783 273/275/782 595/273/781 
f 597/294/784 273/275/782 596/293/783 
f 598/297/785 597/294/784 596/293/783 
f 599/305/786 598/297/785 600/306/787 
f 591/310/775 590/317/774 601/316/788 
f 591/310/775 601/316/788 602/309/789 
f 602/309/789 592/300/776 591/310/775 
f 602/309/789 603/299/790 592/300/776 
f 603/299/790 593/291/777 592/300/776 
f 603/299/790 604/292/791 593/291/777 
f 604/292/791 594/276/778 593/291/777 
f 604/292/791 595/273/781 594/276/778 
f 596/293/783 595/273/781 604/292/791 
f 605/298/792 596/293/783 604/292/791 
f 598/297/785 596/293/783 605/298/792 
f 606/307/793 598/297/785 605/298/792 
f 600/306/787 598/297/785 606/307/793 
f 606/307/793 607/313/794 600/306/787 
f 606/307/793 608/314/795 607/313/794 
f 609/308/796 608/314/795 606/307/793 
f 609/308/796 610/315/797 608/314/795 
f 602/309/789 610/315/797 609/308/796 
f 602/309/789 601/316/788 610/315/797 
f 606/307/793 605/298/792 609/308/796 
f 609/308/796 603/299/790 602/309/789 
f 609/308/796 605/298/792 603/299/790 
f 605/298/792 604/292/791 603/299/790 
f 611/296/798 597/294/784 598/297/785 
f 599/305/786 611/296/798 598/297/785 
f 612/304/799 611/296/798 599/305/786 
f 612/304/799 613/319/800 611/296/798 
f 612/304/799 614/320/801 613/319/800 
f 614/320/801 615/321/802 613/319/800 
f 614/320/801 616/322/803 615/321/802 
f 616/322/803 617/323/804 615/321/802 
f 616/322/803 618/324/805 617/323/804 
f 619/325/806 617/323/804 618/324/805 
f 619/325/806 618/324/805 620/326/807 
f 620/326/807 618/324/805 621/327/808 
f 620/326/807 621/327/808 622/328/809 
f 622/328/809 621/327/808 623/329/810 
f 624/330/811 623/329/810 621/327/808 
f 625/331/812 623/329/810 624/330/811 
f 626/332/813 625/331/812 624/330/811 
f 627/333/814 625/331/812 626/332/813 
f 628/334/815 617/323/804 619/325/806 
f 629/335/816 617/323/804 628/334/815 
f 630/336/817 626/332/813 631/337/818 
f 631/337/818 626/332/813 632/338/819 
f 626/332/813 624/330/811 632/338/819 
f 632/338/819 624/330/811 633/339/820 
f 624/330/811 621/327/808 633/339/820 
f 633/339/820 621/327/808 618/324/805 
f 633/339/820 618/324/805 616/322/803 
f 634/340/821 633/339/820 616/322/803 
f 634/340/821 616/322/803 614/320/801 
f 635/341/822 634/340/821 614/320/801 
f 635/341/822 614/320/801 612/304/799 
f 632/338/819 633/339/820 634/340/821 
f 636/342/823 632/338/819 634/340/821 
f 631/337/818 632/338/819 636/342/823 
f 636/342/823 634/340/821 635/341/822 
f 637/343/824 638/329/825 639/329/826 
f 638/329/825 640/344/827 639/329/826 
f 639/329/826 640/344/827 641/329/828 
f 641/329/828 640/344/827 642/345/829 
f 643/329/830 641/329/828 642/345/829 
f 643/329/830 642/345/829 644/346/831 
f 623/329/810 643/329/830 644/346/831 
f 623/329/810 644/346/831 645/328/832 
f 622/328/809 623/329/810 645/328/832 
f 645/328/832 646/347/833 622/328/809 
f 622/328/809 646/347/833 647/348/834 
f 638/329/825 648/349/835 640/344/827 
f 649/350/836 648/349/835 638/329/825 
f 638/329/825 650/329/837 649/350/836 
f 651/343/838 650/329/837 638/329/825 
f 652/343/839 650/329/837 651/343/838 
f 651/343/838 653/329/840 652/343/839 
f 653/329/840 654/343/841 652/343/839 
f 652/343/839 654/343/841 650/329/837 
f 649/350/836 650/329/837 654/343/841 
f 654/343/841 655/351/842 649/350/836 
f 649/350/836 655/351/842 648/349/835 
f 656/328/843 648/349/835 655/351/842 
f 657/328/844 648/349/835 656/328/843 
f 657/328/844 640/344/827 648/349/835 
f 658/328/845 640/344/827 657/328/844 
f 658/328/845 642/345/829 640/344/827 
f 645/328/832 642/345/829 658/328/845 
f 645/328/832 644/346/831 642/345/829 
f 654/343/841 659/352/846 655/351/842 
f 660/353/847 661/353/848 645/328/832 
f 645/328/832 658/328/845 660/353/847 
f 660/353/847 658/328/845 662/353/849 
f 657/328/844 662/353/849 658/328/845 
f 663/353/850 662/353/849 657/328/844 
f 656/328/843 663/353/850 657/328/844 
f 664/353/851 663/353/850 656/328/843 
f 656/328/843 655/351/842 664/353/851 
f 664/353/851 655/351/842 665/354/852 
f 659/352/846 665/354/852 655/351/842 
f 666/351/853 665/354/852 659/352/846 
f 666/351/853 659/352/846 654/343/841 
f 654/343/841 667/350/854 666/351/853 
f 653/329/840 667/350/854 654/343/841 
f 668/329/855 667/350/854 653/329/840 
f 668/329/855 653/329/840 651/343/838 
f 651/343/838 637/343/824 668/329/855 
f 651/343/838 638/329/825 637/343/824 
f 664/353/851 665/354/852 666/351/853 
f 666/351/853 669/328/856 664/353/851 
f 664/353/851 669/328/856 663/353/850 
f 669/328/856 670/328/857 663/353/850 
f 663/353/850 670/328/857 662/353/849 
f 671/328/858 662/353/849 670/328/857 
f 660/353/847 662/353/849 671/328/858 
f 671/328/858 672/328/859 660/353/847 
f 660/353/847 672/328/859 661/353/848 
f 673/347/860 661/353/848 672/328/859 
f 673/347/860 674/355/861 661/353/848 
f 675/348/862 674/355/861 673/347/860 
f 675/348/862 676/356/863 674/355/861 
f 677/357/864 676/356/863 675/348/862 
f 676/356/863 677/357/864 678/358/865 
f 677/357/864 679/359/866 678/358/865 
f 678/358/865 679/359/866 680/360/867 
f 671/328/858 670/328/857 681/344/868 
f 682/361/869 680/360/867 683/362/870 
f 684/363/871 685/364/872 686/365/873 
f 684/363/871 686/365/873 687/366/874 
f 687/366/874 686/365/873 688/367/875 
f 687/366/874 688/367/875 683/362/870 
f 683/362/870 688/367/875 682/361/869 
f 688/367/875 689/368/876 682/361/869 
f 682/361/869 689/368/876 680/360/867 
f 690/369/877 680/360/867 689/368/876 
f 678/358/865 680/360/867 690/369/877 
f 690/369/877 691/360/878 678/358/865 
f 691/360/878 692/359/879 678/358/865 
f 678/358/865 692/359/879 693/357/880 
f 678/358/865 693/357/880 676/356/863 
f 676/356/863 693/357/880 647/348/834 
f 676/356/863 647/348/834 674/355/861 
f 674/355/861 647/348/834 646/347/833 
f 674/355/861 646/347/833 661/353/848 
f 645/328/832 661/353/848 646/347/833 
f 691/360/878 694/361/881 695/362/882 
f 696/363/883 697/365/884 698/364/885 
f 699/366/886 697/365/884 696/363/883 
f 699/366/886 700/367/887 697/365/884 
f 695/362/882 700/367/887 699/366/886 
f 695/362/882 694/361/881 700/367/887 
f 694/361/881 689/368/876 700/367/887 
f 691/360/878 689/368/876 694/361/881 
f 690/369/877 689/368/876 691/360/878 
f 701/370/888 702/371/889 703/372/890 
f 704/373/891 702/371/889 701/370/888 
f 704/373/891 705/374/892 702/371/889 
f 706/375/893 705/374/892 704/373/891 
f 706/375/893 707/376/894 705/374/892 
f 708/377/895 707/376/894 706/375/893 
f 709/378/896 707/376/894 708/377/895 
f 708/377/895 698/364/885 709/378/896 
f 709/378/896 698/364/885 710/379/897 
f 698/364/885 697/365/884 710/379/897 
f 710/379/897 697/365/884 711/380/898 
f 700/367/887 711/380/898 697/365/884 
f 700/367/887 689/368/876 711/380/898 
f 688/367/875 711/380/898 689/368/876 
f 686/365/873 711/380/898 688/367/875 
f 686/365/873 712/379/899 711/380/898 
f 685/364/872 712/379/899 686/365/873 
f 685/364/872 713/378/900 712/379/899 
f 714/381/901 715/382/902 716/383/903 
f 716/383/903 715/382/902 717/384/904 
f 715/382/902 718/385/905 717/384/904 
f 717/384/904 718/385/905 702/371/889 
f 718/385/905 719/386/906 702/371/889 
f 702/371/889 719/386/906 703/372/890 
f 720/387/907 703/372/890 719/386/906 
f 721/388/908 703/372/890 720/387/907 
f 721/388/908 701/370/888 703/372/890 
f 722/389/909 701/370/888 721/388/908 
f 722/389/909 704/373/891 701/370/888 
f 723/390/910 704/373/891 722/389/909 
f 723/390/910 706/375/893 704/373/891 
f 724/391/911 706/375/893 723/390/910 
f 724/391/911 708/377/895 706/375/893 
f 725/392/912 708/377/895 724/391/911 
f 725/392/912 698/364/885 708/377/895 
f 696/363/883 698/364/885 725/392/912 
f 726/393/913 702/371/889 705/374/892 
f 717/384/904 702/371/889 726/393/913 
f 727/394/914 717/384/904 726/393/913 
f 716/383/903 717/384/904 727/394/914 
f 728/395/915 729/387/916 720/387/907 
f 720/387/907 729/387/916 730/388/917 
f 720/387/907 730/388/917 721/388/908 
f 721/388/908 730/388/917 731/396/918 
f 721/388/908 731/396/918 732/396/919 
f 733/397/920 732/396/919 731/396/918 
f 733/397/920 731/396/918 728/395/915 
f 728/395/915 734/295/921 733/397/920 
f 597/294/784 733/397/920 734/295/921 
f 597/294/784 734/295/921 273/275/782 
f 611/296/798 613/319/800 597/294/784 
f 613/319/800 733/397/920 597/294/784 
f 613/319/800 615/321/802 733/397/920 
f 615/321/802 732/396/919 733/397/920 
f 615/321/802 617/323/804 732/396/919 
f 732/396/919 617/323/804 721/388/908 
f 629/335/816 721/388/908 617/323/804 
f 722/389/909 721/388/908 629/335/816 
f 735/398/922 542/399/923 736/400/924 
f 735/398/922 540/401/925 542/399/923 
f 538/402/926 540/401/925 735/398/922 
f 536/163/927 737/403/928 534/404/929 
f 536/163/927 738/405/930 737/403/928 
f 538/402/926 738/405/930 536/163/927 
f 538/402/926 739/406/931 738/405/930 
f 735/398/922 739/406/931 538/402/926 
f 740/407/932 739/406/931 735/398/922 
f 740/407/932 735/398/922 736/400/924 
f 736/400/924 741/398/933 740/407/932 
f 736/400/924 542/399/923 741/398/933 
f 543/401/934 741/398/933 542/399/923 
f 544/402/935 741/398/933 543/401/934 
f 544/402/935 742/406/936 741/398/933 
f 544/402/935 743/405/937 742/406/936 
f 744/408/938 742/406/936 743/405/937 
f 744/408/938 743/405/937 745/409/939 
f 745/409/939 738/405/930 744/408/938 
f 745/409/939 737/403/928 738/405/930 
f 746/410/940 737/403/928 745/409/939 
f 740/407/932 741/398/933 742/406/936 
f 740/407/932 742/406/936 744/408/938 
f 744/408/938 739/406/931 740/407/932 
f 744/408/938 738/405/930 739/406/931 
f 534/404/929 747/411/941 532/412/942 
f 534/404/929 737/403/928 747/411/941 
f 746/410/940 747/411/941 737/403/928 
f 256/413/943 747/411/941 746/410/940 
f 256/413/943 532/412/942 747/411/941 
f 257/414/944 532/412/942 256/413/943 
f 286/415/945 746/410/940 278/413/946 
f 256/413/943 746/410/940 286/415/945 
f 278/413/946 573/412/947 276/414/948 
f 278/413/946 748/411/949 573/412/947 
f 746/410/940 748/411/949 278/413/946 
f 746/410/940 749/403/950 748/411/949 
f 745/409/939 749/403/950 746/410/940 
f 745/409/939 743/405/937 749/403/950 
f 573/412/947 748/411/949 572/404/951 
f 572/404/951 748/411/949 749/403/950 
f 572/404/951 749/403/950 571/163/952 
f 571/163/952 749/403/950 743/405/937 
f 571/163/952 743/405/937 544/402/935 
f 750/416/953 751/417/954 752/418/955 
f 752/418/955 751/417/954 753/419/956 
f 752/418/955 753/419/956 754/420/957 
f 755/421/958 756/422/959 757/423/960 
f 755/421/958 750/416/953 756/422/959 
f 756/422/959 750/416/953 758/424/961 
f 758/424/961 750/416/953 752/418/955 
f 758/424/961 752/418/955 759/416/962 
f 759/416/962 752/418/955 760/417/963 
f 752/418/955 761/419/964 760/417/963 
f 754/420/957 761/419/964 752/418/955 
f 754/420/957 762/425/965 761/419/964 
f 754/420/957 753/419/956 762/425/965 
f 763/426/966 762/425/965 753/419/956 
f 763/426/966 753/419/956 764/427/967 
f 764/427/967 753/419/956 751/417/954 
f 764/427/967 751/417/954 765/428/968 
f 765/428/968 751/417/954 750/416/953 
f 765/428/968 750/416/953 755/421/958 
f 757/423/960 756/422/959 758/424/961 
f 758/424/961 759/416/962 766/422/969 
f 767/429/970 768/430/971 762/425/965 
f 767/429/970 762/425/965 763/426/966 
f 763/426/966 769/431/972 767/429/970 
f 755/421/958 757/423/960 770/432/973 
f 770/432/973 757/423/960 771/433/974 
f 757/423/960 758/424/961 771/433/974 
f 771/433/974 758/424/961 772/423/975 
f 766/422/969 772/423/975 758/424/961 
f 766/422/969 773/421/976 772/423/975 
f 759/416/962 773/421/976 766/422/969 
f 759/416/962 774/428/977 773/421/976 
f 760/417/963 774/428/977 759/416/962 
f 760/417/963 775/427/978 774/428/977 
f 761/419/964 775/427/978 760/417/963 
f 761/419/964 776/426/979 775/427/978 
f 762/425/965 776/426/979 761/419/964 
f 762/425/965 777/429/980 776/426/979 
f 768/430/971 777/429/980 762/425/965 
f 778/434/981 777/429/980 768/430/971 
f 778/434/981 768/430/971 767/429/970 
f 767/429/970 779/435/982 778/434/981 
f 776/426/979 777/429/980 780/431/983 
f 770/432/973 771/433/974 781/436/984 
f 781/436/984 771/433/974 782/432/985 
f 771/433/974 772/423/975 782/432/985 
f 782/432/985 772/423/975 773/421/976 
f 783/435/986 777/429/980 778/434/981 
f 778/434/981 784/437/987 783/435/986 
f 778/434/981 785/438/988 784/437/987 
f 784/437/987 785/438/988 786/439/989 
f 785/438/988 787/439/990 788/440/991 
f 785/438/988 789/437/992 787/439/990 
f 778/434/981 789/437/992 785/438/988 
f 778/434/981 779/435/982 789/437/992 
f 767/429/970 769/431/972 779/435/982 
f 769/431/972 789/437/992 779/435/982 
f 769/431/972 790/441/993 789/437/992 
f 789/437/992 790/441/993 791/442/994 
f 789/437/992 791/442/994 787/439/990 
f 787/439/990 791/442/994 792/443/995 
f 787/439/990 792/443/995 788/440/991 
f 788/440/991 792/443/995 793/444/996 
f 788/440/991 793/444/996 785/438/988 
f 785/438/988 793/444/996 794/440/997 
f 785/438/988 794/440/997 786/439/989 
f 786/439/989 794/440/997 795/443/998 
f 786/439/989 795/443/998 796/442/999 
f 784/437/987 786/439/989 796/442/999 
f 796/442/999 797/441/1000 784/437/987 
f 784/437/987 797/441/1000 780/431/983 
f 784/437/987 780/431/983 783/435/986 
f 783/435/986 780/431/983 777/429/980 
f 793/444/996 795/443/998 794/440/997 
f 793/444/996 798/445/1001 795/443/998 
f 792/443/995 798/445/1001 793/444/996 
f 799/446/1002 800/447/1003 801/448/1004 
f 799/446/1002 802/449/1005 800/447/1003 
f 802/449/1005 803/446/1006 800/447/1003 
f 800/447/1003 803/446/1006 804/448/1007 
f 800/447/1003 804/448/1007 805/450/1008 
f 805/450/1008 804/448/1007 806/451/1009 
f 805/450/1008 806/451/1009 807/452/1010 
f 807/452/1010 806/451/1009 808/453/1011 
f 807/452/1010 808/453/1011 809/454/1012 
f 809/454/1012 808/453/1011 810/455/1013 
f 809/454/1012 810/455/1013 811/456/1014 
f 811/456/1014 810/455/1013 812/457/1015 
f 811/456/1014 812/457/1015 262/458/1016 
f 262/458/1016 812/457/1015 260/459/1017 
f 813/457/1018 262/458/1016 264/459/1019 
f 813/457/1018 811/456/1014 262/458/1016 
f 814/455/1020 811/456/1014 813/457/1018 
f 814/455/1020 809/454/1012 811/456/1014 
f 815/453/1021 809/454/1012 814/455/1020 
f 815/453/1021 807/452/1010 809/454/1012 
f 816/451/1022 807/452/1010 815/453/1021 
f 816/451/1022 805/450/1008 807/452/1010 
f 801/448/1004 805/450/1008 816/451/1022 
f 801/448/1004 800/447/1003 805/450/1008 
f 817/460/1023 818/461/1024 803/446/1006 
f 803/446/1006 818/461/1024 819/462/1025 
f 803/446/1006 819/462/1025 804/448/1007 
f 804/448/1007 819/462/1025 820/463/1026 
f 804/448/1007 820/463/1026 806/451/1009 
f 806/451/1009 820/463/1026 821/464/1027 
f 806/451/1009 821/464/1027 808/453/1011 
f 808/453/1011 821/464/1027 822/465/1028 
f 808/453/1011 822/465/1028 810/455/1013 
f 810/455/1013 822/465/1028 823/466/1029 
f 810/455/1013 823/466/1029 812/457/1015 
f 812/457/1015 823/466/1029 554/467/1030 
f 812/457/1015 554/467/1030 260/459/1017 
f 260/459/1017 554/467/1030 259/468/1031 
f 734/467/1032 264/459/1019 273/468/1033 
f 734/467/1032 813/457/1018 264/459/1019 
f 728/466/1034 813/457/1018 734/467/1032 
f 728/466/1034 814/455/1020 813/457/1018 
f 720/465/1035 814/455/1020 728/466/1034 
f 720/465/1035 815/453/1021 814/455/1020 
f 719/464/1036 815/453/1021 720/465/1035 
f 719/464/1036 816/451/1022 815/453/1021 
f 718/463/1037 816/451/1022 719/464/1036 
f 718/463/1037 801/448/1004 816/451/1022 
f 715/462/1038 801/448/1004 718/463/1037 
f 715/462/1038 799/446/1002 801/448/1004 
f 714/461/1039 799/446/1002 715/462/1038 
f 799/446/1002 714/461/1039 824/460/1040 
f 824/460/1040 802/449/1005 799/446/1002 
f 825/469/1041 802/449/1005 824/460/1040 
f 825/469/1041 817/460/1023 802/449/1005 
f 802/449/1005 817/460/1023 803/446/1006 
f 826/470/1042 608/471/1043 610/472/1044 
f 827/473/1045 608/471/1043 826/470/1042 
f 827/473/1045 607/474/1046 608/471/1043 
f 828/475/1047 607/474/1046 827/473/1045 
f 828/475/1047 600/476/1048 607/474/1046 
f 599/477/1049 600/476/1048 828/475/1047 
f 631/478/1050 829/479/1051 830/480/1052 
f 636/481/1053 829/479/1051 631/478/1050 
f 636/481/1053 828/475/1047 829/479/1051 
f 635/482/1054 828/475/1047 636/481/1053 
f 635/482/1054 599/477/1049 828/475/1047 
f 612/483/1055 599/477/1049 635/482/1054 
f 831/482/1056 575/477/1057 574/483/1058 
f 831/482/1056 832/475/1059 575/477/1057 
f 833/481/1060 832/475/1059 831/482/1056 
f 833/481/1060 834/479/1061 832/475/1059 
f 835/478/1062 834/479/1061 833/481/1060 
f 835/478/1062 836/480/1063 834/479/1061 
f 837/484/1064 836/480/1063 835/478/1062 
f 837/484/1064 838/485/1065 836/480/1063 
f 839/486/1066 838/485/1065 837/484/1064 
f 839/486/1066 840/487/1067 838/485/1065 
f 841/488/1068 840/487/1067 839/486/1066 
f 841/488/1068 842/489/1069 840/487/1067 
f 841/488/1068 843/487/1070 842/489/1069 
f 844/486/1071 843/487/1070 841/488/1068 
f 844/486/1071 845/485/1072 843/487/1070 
f 630/484/1073 845/485/1072 844/486/1071 
f 630/484/1073 830/480/1052 845/485/1072 
f 631/478/1050 830/480/1052 630/484/1073 
f 832/475/1059 576/476/1074 575/477/1057 
f 832/475/1059 584/474/1075 576/476/1074 
f 846/473/1076 584/474/1075 832/475/1059 
f 846/473/1076 585/471/1077 584/474/1075 
f 847/470/1078 585/471/1077 846/473/1076 
f 847/470/1078 586/472/1079 585/471/1077 
f 848/490/1080 586/472/1079 847/470/1078 
f 848/490/1080 587/491/1081 586/472/1079 
f 849/492/1082 587/491/1081 848/490/1080 
f 849/492/1082 588/493/1083 587/491/1081 
f 850/494/1084 588/493/1083 849/492/1082 
f 850/494/1084 589/495/1085 588/493/1083 
f 590/493/1086 589/495/1085 850/494/1084 
f 851/492/1087 590/493/1086 850/494/1084 
f 851/492/1087 601/491/1088 590/493/1086 
f 852/490/1089 601/491/1088 851/492/1087 
f 852/490/1089 610/472/1044 601/491/1088 
f 826/470/1042 610/472/1044 852/490/1089 
s off
f 695/496/1090 853/497/1090 691/498/1090 
s 1
f 680/499/1091 854/500/1092 855/501/1093 
f 680/499/1091 679/502/1094 854/500/1092 
f 854/500/1092 679/502/1094 677/503/1095 
f 854/500/1092 677/503/1095 856/504/1096 
s off
f 855/505/1097 683/506/1097 680/507/1097 
s 1
f 857/504/1098 675/508/1099 858/503/1100 
f 857/504/1098 859/509/1101 675/508/1099 
f 675/508/1099 859/509/1101 856/501/1102 
f 675/508/1099 856/501/1102 677/499/1103 
f 860/510/1104 861/511/1105 862/512/1106 
f 863/513/1107 861/511/1105 860/510/1104 
f 863/513/1107 864/514/1108 861/511/1105 
f 863/513/1107 865/515/1109 864/514/1108 
f 866/516/1110 865/515/1109 863/513/1107 
f 866/516/1110 867/517/1111 865/515/1109 
f 857/518/1112 867/517/1111 866/516/1110 
f 868/394/1113 869/384/1114 870/383/1115 
f 868/394/1113 871/393/1116 869/384/1114 
f 871/393/1116 872/371/1117 869/384/1114 
f 871/393/1116 873/374/1118 872/371/1117 
f 874/519/1119 873/374/1118 871/393/1116 
f 874/519/1119 875/376/1120 873/374/1118 
f 874/519/1119 713/378/900 875/376/1120 
f 876/520/1121 713/378/900 874/519/1119 
f 876/520/1121 712/379/899 713/378/900 
f 877/521/1122 712/379/899 876/520/1121 
f 877/521/1122 711/380/898 712/379/899 
f 710/379/897 711/380/898 877/521/1122 
f 878/520/1123 710/379/897 877/521/1122 
f 709/378/896 710/379/897 878/520/1123 
f 878/520/1123 879/519/1124 709/378/896 
f 879/519/1124 707/376/894 709/378/896 
f 879/519/1124 705/374/892 707/376/894 
f 726/393/913 705/374/892 879/519/1124 
f 880/522/1125 871/393/1116 868/394/1113 
f 880/522/1125 874/519/1119 871/393/1116 
f 881/523/1126 874/519/1119 880/522/1125 
f 881/523/1126 876/520/1121 874/519/1119 
f 882/524/1127 876/520/1121 881/523/1126 
f 882/524/1127 877/521/1122 876/520/1121 
f 878/520/1123 877/521/1122 882/524/1127 
f 883/523/1128 878/520/1123 882/524/1127 
f 883/523/1128 879/519/1124 878/520/1123 
f 884/522/1129 879/519/1124 883/523/1128 
f 884/522/1129 726/393/913 879/519/1124 
f 727/394/914 726/393/913 884/522/1129 
f 725/525/1130 885/526/1131 696/527/1132 
f 696/527/1132 885/526/1131 886/528/1133 
f 696/527/1132 886/528/1133 699/529/1134 
f 699/529/1134 886/528/1133 887/530/1135 
f 888/388/1136 889/323/1137 890/396/1138 
f 890/396/1138 891/396/1139 888/388/1136 
f 888/388/1136 891/396/1139 892/388/1140 
f 892/388/1140 822/387/1141 888/388/1136 
f 892/388/1140 893/387/1142 822/387/1141 
f 822/387/1141 893/387/1142 823/395/1143 
f 894/531/1144 895/331/1145 896/343/1146 
f 896/343/1146 895/331/1145 897/329/1147 
f 897/329/1147 895/331/1145 898/330/1148 
f 897/329/1147 898/330/1148 899/327/1149 
f 899/327/1149 898/330/1148 900/339/1150 
f 899/327/1149 900/339/1150 901/324/1151 
f 901/324/1151 900/339/1150 902/322/1152 
f 901/324/1151 902/322/1152 889/323/1137 
f 889/323/1137 902/322/1152 903/321/1153 
f 889/323/1137 903/321/1153 890/396/1138 
f 890/396/1138 903/321/1153 904/397/1154 
f 890/396/1138 904/397/1154 891/396/1139 
f 904/397/1154 823/395/1143 891/396/1139 
f 904/397/1154 554/295/738 823/395/1143 
f 553/294/737 554/295/738 904/397/1154 
f 553/294/737 904/397/1154 905/319/1155 
f 905/319/1155 904/397/1154 903/321/1153 
f 905/319/1155 903/321/1153 906/320/1156 
f 906/320/1156 903/321/1153 902/322/1152 
f 906/320/1156 902/322/1152 907/340/1157 
f 907/340/1157 902/322/1152 900/339/1150 
f 907/340/1157 900/339/1150 908/338/1158 
f 908/338/1158 900/339/1150 898/330/1148 
f 908/338/1158 898/330/1148 909/332/1159 
f 909/332/1159 898/330/1148 895/331/1145 
f 909/332/1159 895/331/1145 910/333/1160 
f 910/333/1160 895/331/1145 894/531/1144 
f 910/333/1160 894/531/1144 911/532/1161 
f 911/532/1161 894/531/1144 627/333/814 
f 627/333/814 894/531/1144 625/331/812 
f 894/531/1144 896/343/1146 625/331/812 
f 625/331/812 896/343/1146 623/329/810 
f 630/336/817 627/333/814 626/332/813 
f 844/533/1162 627/333/814 630/336/817 
f 844/533/1162 911/532/1161 627/333/814 
f 844/533/1162 841/534/1163 911/532/1161 
f 911/532/1161 841/534/1163 839/533/1164 
f 911/532/1161 839/533/1164 910/333/1160 
f 910/333/1160 839/533/1164 837/336/1165 
f 910/333/1160 837/336/1165 909/332/1159 
f 909/332/1159 837/336/1165 835/337/1166 
f 909/332/1159 835/337/1166 908/338/1158 
f 908/338/1158 835/337/1166 833/342/1167 
f 908/338/1158 833/342/1167 907/340/1157 
f 907/340/1157 833/342/1167 831/341/1168 
f 907/340/1157 831/341/1168 906/320/1156 
f 906/320/1156 831/341/1168 574/304/758 
f 906/320/1156 574/304/758 905/319/1155 
f 905/319/1155 574/304/758 555/296/739 
f 905/319/1155 555/296/739 553/294/737 
f 912/329/1169 913/329/1170 681/344/868 
f 681/344/868 913/329/1170 914/345/1171 
f 681/344/868 914/345/1171 671/328/858 
f 671/328/858 914/345/1171 672/328/859 
f 914/345/1171 915/346/1172 672/328/859 
f 672/328/859 915/346/1172 897/329/1147 
f 916/329/1173 897/329/1147 915/346/1172 
f 896/343/1146 897/329/1147 916/329/1173 
f 916/329/1173 917/343/1174 896/343/1146 
f 913/329/1170 917/343/1174 916/329/1173 
f 918/343/1175 917/343/1174 913/329/1170 
f 912/329/1169 918/343/1175 913/329/1170 
f 914/345/1171 916/329/1173 915/346/1172 
f 913/329/1170 916/329/1173 914/345/1171 
f 896/343/1146 643/329/830 623/329/810 
f 896/343/1146 917/343/1174 643/329/830 
f 917/343/1174 641/329/828 643/329/830 
f 918/343/1175 641/329/828 917/343/1174 
f 639/329/826 641/329/828 918/343/1175 
f 637/343/824 639/329/826 918/343/1175 
f 637/343/824 918/343/1175 912/329/1169 
f 668/329/855 637/343/824 912/329/1169 
f 668/329/855 912/329/1169 681/344/868 
f 681/344/868 919/349/1176 668/329/855 
f 681/344/868 670/328/857 919/349/1176 
f 669/328/856 919/349/1176 670/328/857 
f 666/351/853 919/349/1176 669/328/856 
f 666/351/853 667/350/854 919/349/1176 
f 668/329/855 919/349/1176 667/350/854 
f 920/389/1177 921/335/1178 888/388/1136 
f 888/388/1136 921/335/1178 889/323/1137 
f 861/334/1179 889/323/1137 921/335/1178 
f 864/325/1180 889/323/1137 861/334/1179 
f 864/325/1180 901/324/1151 889/323/1137 
f 865/326/1181 901/324/1151 864/325/1180 
f 865/326/1181 899/327/1149 901/324/1151 
f 858/328/1182 899/327/1149 865/326/1181 
f 858/328/1182 897/329/1147 899/327/1149 
f 672/328/859 897/329/1147 858/328/1182 
f 672/328/859 858/328/1182 673/347/860 
f 673/347/860 858/328/1182 675/348/862 
f 870/383/1115 819/382/1183 818/381/1184 
f 870/383/1115 869/384/1114 819/382/1183 
f 819/382/1183 869/384/1114 820/385/1185 
f 820/385/1185 869/384/1114 872/371/1117 
f 820/385/1185 872/371/1117 821/386/1186 
f 821/386/1186 872/371/1117 922/372/1187 
f 821/386/1186 922/372/1187 822/387/1141 
f 888/388/1136 822/387/1141 922/372/1187 
f 888/388/1136 922/372/1187 923/370/1188 
f 888/388/1136 923/370/1188 920/389/1177 
f 920/389/1177 923/370/1188 924/373/1189 
f 920/389/1177 924/373/1189 925/390/1190 
f 925/390/1190 924/373/1189 926/375/1191 
f 925/390/1190 926/375/1191 927/391/1192 
f 927/391/1192 926/375/1191 928/377/1193 
f 927/391/1192 928/377/1193 929/392/1194 
f 929/392/1194 928/377/1193 685/364/872 
f 929/392/1194 685/364/872 684/363/871 
f 928/377/1193 713/378/900 685/364/872 
f 928/377/1193 875/376/1120 713/378/900 
f 926/375/1191 875/376/1120 928/377/1193 
f 926/375/1191 873/374/1118 875/376/1120 
f 924/373/1189 873/374/1118 926/375/1191 
f 924/373/1189 872/371/1117 873/374/1118 
f 923/370/1188 872/371/1117 924/373/1189 
f 923/370/1188 922/372/1187 872/371/1117 
f 930/528/1195 687/529/1196 931/530/1197 
f 930/528/1195 684/527/1198 687/529/1196 
f 932/526/1199 684/527/1198 930/528/1195 
f 929/525/1200 684/527/1198 932/526/1199 
f 892/535/1201 891/536/1202 933/537/1203 
f 933/537/1203 891/536/1202 934/538/1204 
f 933/537/1203 934/538/1204 935/539/1205 
f 933/537/1203 935/539/1205 936/540/1206 
f 936/540/1206 937/541/1207 933/537/1203 
f 933/537/1203 937/541/1207 938/542/1208 
f 933/537/1203 938/542/1208 892/535/1201 
f 823/543/1209 893/544/1210 939/545/1211 
f 939/545/1211 893/544/1210 940/546/1212 
f 939/545/1211 940/546/1212 941/547/1213 
f 941/547/1213 942/548/1213 939/545/1211 
f 939/545/1211 942/548/1213 943/549/1213 
f 939/545/1211 943/549/1213 944/550/1214 
f 823/543/1209 939/545/1211 944/550/1214 
f 855/530/1215 945/551/1216 683/552/1217 
f 683/552/1217 945/551/1216 931/526/1218 
f 683/552/1217 931/526/1218 687/525/1219 
f 699/525/1220 887/526/1221 695/552/1222 
f 695/552/1222 887/526/1221 946/551/1223 
f 695/552/1222 946/551/1223 853/530/1224 
f 693/499/1225 947/501/1226 647/508/1227 
f 647/508/1227 947/501/1226 948/509/1228 
f 647/508/1227 948/509/1228 949/504/1229 
f 647/508/1227 949/504/1229 622/503/1230 
f 728/553/1231 731/554/1232 950/555/1233 
f 950/555/1233 731/554/1232 951/556/1234 
f 950/555/1233 951/556/1234 952/557/1235 
f 951/556/1234 953/558/1236 952/557/1235 
f 952/557/1235 953/558/1236 954/559/1237 
f 952/557/1235 954/559/1237 955/560/1238 
f 955/560/1238 954/559/1237 956/561/1239 
f 955/560/1238 956/561/1239 957/562/1240 
f 957/562/1240 956/561/1239 958/563/1241 
f 957/562/1240 958/563/1241 959/564/1242 
f 959/564/1242 958/563/1241 729/565/1243 
f 729/565/1243 958/563/1241 730/566/1244 
f 824/567/1245 960/568/1246 825/569/1247 
f 961/570/1248 960/568/1246 824/567/1245 
f 961/570/1248 962/571/1249 960/568/1246 
f 963/572/1250 962/571/1249 961/570/1248 
f 963/572/1250 964/573/1251 962/571/1249 
f 716/574/1252 964/573/1251 963/572/1250 
f 716/574/1252 727/575/1253 964/573/1251 
f 714/576/1254 961/570/1248 824/567/1245 
f 714/576/1254 963/572/1250 961/570/1248 
f 716/574/1252 963/572/1250 714/576/1254 
f 962/571/1249 965/577/1255 960/568/1246 
f 964/573/1251 965/577/1255 962/571/1249 
f 964/573/1251 966/578/1256 965/577/1255 
f 964/573/1251 727/575/1253 966/578/1256 
f 727/575/1253 884/579/1257 966/578/1256 
f 966/578/1256 884/579/1257 967/580/1258 
f 883/581/1259 967/580/1258 884/579/1257 
f 968/582/1260 967/580/1258 883/581/1259 
f 882/583/1261 968/582/1260 883/581/1259 
f 881/581/1262 968/582/1260 882/583/1261 
f 881/581/1262 969/580/1263 968/582/1260 
f 880/579/1264 969/580/1263 881/581/1262 
f 880/579/1264 970/578/1265 969/580/1263 
f 868/575/1266 970/578/1265 880/579/1264 
f 868/575/1266 971/573/1267 970/578/1265 
f 870/574/1268 971/573/1267 868/575/1266 
f 870/574/1268 972/572/1269 971/573/1267 
f 818/576/1270 972/572/1269 870/574/1268 
f 818/576/1270 973/570/1271 972/572/1269 
f 817/567/1272 973/570/1271 818/576/1270 
f 817/567/1272 974/568/1273 973/570/1271 
f 825/569/1247 974/568/1273 817/567/1272 
f 825/569/1247 975/584/1274 974/568/1273 
f 960/568/1246 975/584/1274 825/569/1247 
f 960/568/1246 976/585/1275 975/584/1274 
f 965/577/1255 976/585/1275 960/568/1246 
f 965/577/1255 966/578/1256 976/585/1275 
f 966/578/1256 967/580/1258 976/585/1275 
f 976/585/1275 967/580/1258 977/586/1276 
f 968/582/1260 977/586/1276 967/580/1258 
f 969/580/1263 977/586/1276 968/582/1260 
f 969/580/1263 978/585/1277 977/586/1276 
f 970/578/1265 978/585/1277 969/580/1263 
f 970/578/1265 979/577/1278 978/585/1277 
f 971/573/1267 979/577/1278 970/578/1265 
f 980/571/1279 979/577/1278 971/573/1267 
f 980/571/1279 971/573/1267 972/572/1269 
f 973/570/1271 980/571/1279 972/572/1269 
f 974/568/1273 980/571/1279 973/570/1271 
f 974/568/1273 979/577/1278 980/571/1279 
f 974/568/1273 978/585/1277 979/577/1278 
f 975/584/1274 978/585/1277 974/568/1273 
f 975/584/1274 977/586/1276 978/585/1277 
f 976/585/1275 977/586/1276 975/584/1274 
f 951/538/1280 731/536/1281 981/537/1282 
f 981/537/1282 731/536/1281 730/535/1283 
f 981/537/1282 730/535/1283 958/542/1284 
f 958/542/1284 956/541/1285 981/537/1282 
f 981/537/1282 956/541/1285 954/540/1286 
f 981/537/1282 954/540/1286 953/539/1287 
f 951/538/1280 981/537/1282 953/539/1287 
f 729/544/1288 728/543/1289 982/545/1290 
f 982/545/1290 728/543/1289 950/550/1291 
f 982/545/1290 950/550/1291 952/549/1292 
f 955/548/1292 982/545/1290 952/549/1292 
f 955/548/1292 957/547/1292 982/545/1290 
f 982/545/1290 957/547/1292 959/546/1293 
f 982/545/1290 959/546/1293 729/544/1288 
f 947/504/1294 693/503/1295 983/500/1296 
f 983/500/1296 693/503/1295 692/502/1297 
f 983/500/1296 692/502/1297 691/499/1298 
f 853/501/1299 983/500/1296 691/499/1298 
f 892/566/1300 938/563/1301 893/565/1302 
f 893/565/1302 938/563/1301 940/564/1303 
f 940/564/1303 938/563/1301 941/562/1304 
f 941/562/1304 938/563/1301 937/561/1305 
f 941/562/1304 937/561/1305 942/560/1306 
f 942/560/1306 937/561/1305 936/559/1307 
f 942/560/1306 936/559/1307 943/557/1308 
f 943/557/1308 936/559/1307 935/558/1309 
f 943/557/1308 935/558/1309 934/556/1310 
f 943/557/1308 934/556/1310 944/555/1311 
f 944/555/1311 934/556/1310 891/554/1312 
f 944/555/1311 891/554/1312 823/553/1313 
f 857/501/1314 858/499/1315 867/587/1316 
f 867/587/1316 858/499/1315 865/503/1317 
f 790/588/1318 834/589/1319 836/590/1320 
f 790/588/1318 836/590/1320 791/591/1321 
f 791/591/1321 836/590/1320 838/592/1322 
f 791/591/1321 838/592/1322 840/593/1323 
f 791/591/1321 840/593/1323 792/594/1324 
f 792/594/1324 840/593/1323 798/595/1325 
f 840/593/1323 842/596/1326 798/595/1325 
f 798/595/1325 842/596/1326 843/597/1327 
f 798/595/1325 843/597/1327 795/598/1328 
f 795/598/1328 843/597/1327 796/599/1329 
f 843/597/1327 845/600/1330 796/599/1329 
f 796/599/1329 845/600/1330 830/601/1331 
f 796/599/1329 830/601/1331 797/602/1332 
f 797/602/1332 830/601/1331 829/603/1333 
f 797/602/1332 829/603/1333 780/604/1334 
f 780/604/1334 829/603/1333 828/605/1335 
f 780/604/1334 828/605/1335 776/606/1336 
f 776/606/1336 828/605/1335 775/607/1337 
f 828/605/1335 827/603/1338 775/607/1337 
f 775/607/1337 827/603/1338 774/608/1339 
f 827/603/1338 826/609/1340 774/608/1339 
f 774/608/1339 826/609/1340 852/610/1341 
f 774/608/1339 852/610/1341 773/611/1342 
f 773/611/1342 852/610/1341 782/612/1343 
f 851/597/1344 782/612/1343 852/610/1341 
f 781/595/1345 782/612/1343 851/597/1344 
f 850/596/1346 781/595/1345 851/597/1344 
f 849/613/1347 781/595/1345 850/596/1346 
f 849/613/1347 770/614/1348 781/595/1345 
f 848/615/1349 770/614/1348 849/613/1347 
f 848/615/1349 755/616/1350 770/614/1348 
f 765/617/1351 755/616/1350 848/615/1349 
f 848/615/1349 847/618/1352 765/617/1351 
f 765/617/1351 847/618/1352 846/589/1353 
f 765/617/1351 846/589/1353 764/619/1354 
f 764/619/1354 846/589/1353 832/620/1355 
f 764/619/1354 832/620/1355 763/621/1356 
f 763/621/1356 832/620/1355 769/622/1357 
f 769/622/1357 832/620/1355 834/589/1319 
f 769/622/1357 834/589/1319 790/588/1318 
f 984/516/1358 985/517/1359 949/518/1360 
f 984/516/1358 620/515/1361 985/517/1359 
f 986/513/1362 620/515/1361 984/516/1358 
f 986/513/1362 619/514/1363 620/515/1361 
f 628/511/1364 619/514/1363 986/513/1362 
f 986/513/1362 987/510/1365 628/511/1364 
f 628/511/1364 987/510/1365 988/512/1366 
f 949/501/1367 985/587/1368 622/499/1369 
f 622/499/1369 985/587/1368 620/503/1370 
f 127/4/1371 31/15/1372 28/11/1373 
f 989/14/1374 31/15/1372 127/4/1371 
f 989/14/1374 13/2/1375 31/15/1372 
f 14/1/1376 13/2/1375 989/14/1374 
f 989/14/1374 15/2/1377 14/1/1376 
f 24/15/1378 15/2/1377 989/14/1374 
f 127/4/1371 24/15/1378 989/14/1374 
f 26/11/1379 24/15/1378 127/4/1371 
f 413/55/1380 410/54/1381 990/53/1382 
f 990/53/1382 410/54/1381 1/56/1383 
f 990/53/1382 1/56/1383 991/57/1384 
f 991/57/1384 1/56/1383 3/58/1385 
f 2/108/1386 992/107/1387 3/106/1388 
f 405/109/1389 992/107/1387 2/108/1386 
f 404/110/1390 992/107/1387 405/109/1389 
f 404/110/1390 993/111/1391 992/107/1387 
f 403/112/1392 993/111/1391 404/110/1390 
f 90/180/1393 994/172/1394 995/184/1395 
f 994/172/1394 90/180/1393 996/173/1396 
f 996/173/1396 90/180/1393 91/179/1397 
f 111/4/1398 997/14/1399 998/103/1400 
f 998/103/1400 997/14/1399 412/1/1401 
f 998/103/1400 412/1/1401 413/2/1402 
f 413/2/1402 990/104/1403 998/103/1400 
f 998/103/1400 990/104/1403 991/105/1404 
f 998/103/1400 991/105/1404 111/4/1398 
f 111/4/1398 991/105/1404 3/11/1405 
f 30/4/1406 999/15/1407 122/11/1408 
f 30/4/1406 29/14/1409 999/15/1407 
f 999/15/1407 29/14/1409 23/1/1410 
f 999/15/1407 23/1/1410 411/2/1411 
f 412/2/1412 997/15/1413 411/1/1414 
f 411/1/1414 997/15/1413 999/14/1415 
f 999/14/1415 997/15/1413 111/11/1416 
f 999/14/1415 111/11/1416 122/4/1417 
f 400/1/1418 52/216/1419 415/215/1420 
f 415/215/1420 52/216/1419 117/4/1421 
f 402/2/1422 418/229/1423 403/1/1424 
f 418/229/1423 993/231/1425 403/1/1424 
f 418/229/1423 992/230/1426 993/231/1425 
f 113/11/1427 992/230/1426 418/229/1423 
f 992/230/1426 113/11/1427 3/4/1428 
f 453/623/1429 476/624/1430 480/625/1431 
f 1000/626/1432 476/624/1430 453/623/1429 
f 453/623/1429 457/626/1433 1000/626/1432 
f 1000/626/1432 457/626/1433 482/269/1434 
f 1000/626/1432 482/269/1434 473/269/1435 
f 473/269/1435 1001/626/1436 1000/626/1432 
f 473/269/1435 479/269/1437 1001/626/1436 
f 1001/626/1436 479/269/1437 478/627/1438 
f 1001/626/1436 478/627/1438 477/624/1439 
f 476/624/1430 1001/626/1436 477/624/1439 
f 1000/626/1432 1001/626/1436 476/624/1430 
f 480/625/1431 521/628/1440 1002/625/1441 
f 521/628/1440 1003/628/1442 1002/625/1441 
f 1004/625/1443 1002/625/1441 1003/628/1442 
f 1004/625/1443 1003/628/1442 1005/628/1444 
f 1006/625/1445 1004/625/1443 1005/628/1444 
f 1007/628/1446 1006/625/1445 1005/628/1444 
f 1008/623/1447 1006/625/1445 1007/628/1446 
f 1008/623/1447 1007/628/1446 1009/629/1448 
f 1009/629/1448 1010/629/1449 1008/623/1447 
f 1009/629/1448 1007/628/1446 1010/629/1449 
f 1007/628/1446 1005/628/1444 1010/629/1449 
f 1005/628/1444 1011/629/1450 1010/629/1449 
f 1005/628/1444 1003/628/1442 1011/629/1450 
f 521/628/1440 1011/629/1450 1003/628/1442 
f 454/629/1451 1011/629/1450 521/628/1440 
f 454/629/1451 453/623/1429 1011/629/1450 
f 1011/629/1450 453/623/1429 1012/623/1452 
f 453/623/1429 480/625/1431 1012/623/1452 
f 1012/623/1452 480/625/1431 1002/625/1441 
f 1012/623/1452 1002/625/1441 1004/625/1443 
f 1013/623/1453 1012/623/1452 1004/625/1443 
f 1013/623/1453 1004/625/1443 1006/625/1445 
f 1008/623/1447 1013/623/1453 1006/625/1445 
f 1010/629/1449 1013/623/1453 1008/623/1447 
f 1010/629/1449 1011/629/1450 1013/623/1453 
f 1011/629/1450 1012/623/1452 1013/623/1453 
f 69/630/1454 1014/631/1455 68/632/1456 
f 69/630/1454 1015/633/1457 1014/631/1455 
f 1016/631/1458 1015/633/1457 69/630/1454 
f 38/632/1459 1016/631/1458 69/630/1454 
f 38/632/1459 1017/634/1460 1016/631/1458 
f 33/635/1461 1017/634/1460 38/632/1459 
f 33/635/1461 1018/636/1462 1017/634/1460 
f 33/635/1461 35/637/1463 1018/636/1462 
f 1018/636/1462 35/637/1463 20/638/1464 
f 1018/636/1462 20/638/1464 1019/639/1465 
f 1019/639/1465 20/638/1464 10/640/1466 
f 1019/639/1465 10/640/1466 1020/641/1467 
f 1020/641/1467 10/640/1466 4/642/1468 
f 1020/641/1467 4/642/1468 1021/643/1469 
f 1021/643/1469 4/642/1468 1022/641/1470 
f 4/642/1468 6/640/1471 1022/641/1470 
f 1022/641/1470 6/640/1471 1023/639/1472 
f 6/640/1471 19/638/1473 1023/639/1472 
f 1023/639/1472 19/638/1473 1024/636/1474 
f 19/638/1473 74/637/1475 1024/636/1474 
f 1024/636/1474 74/637/1475 67/635/1476 
f 1025/634/1477 1024/636/1474 67/635/1476 
f 68/632/1456 1025/634/1477 67/635/1476 
f 1014/631/1455 1025/634/1477 68/632/1456 
f 225/644/1478 224/645/1479 1015/646/1480 
f 1015/646/1480 224/645/1479 222/644/1481 
f 1015/646/1480 222/644/1481 1014/647/1482 
f 1014/647/1482 222/644/1481 247/648/1483 
f 1014/647/1482 247/648/1483 1025/649/1484 
f 1025/649/1484 247/648/1483 1026/650/1485 
f 1026/650/1485 1024/651/1486 1025/649/1484 
f 1023/652/1487 1024/651/1486 1026/650/1485 
f 1027/653/1488 1023/652/1487 1026/650/1485 
f 1022/654/1489 1023/652/1487 1027/653/1488 
f 1028/655/1490 1022/654/1489 1027/653/1488 
f 1021/656/1491 1022/654/1489 1028/655/1490 
f 236/657/1492 1021/656/1491 1028/655/1490 
f 238/655/1493 1021/656/1491 236/657/1492 
f 238/655/1493 1020/654/1494 1021/656/1491 
f 240/653/1495 1020/654/1494 238/655/1493 
f 240/653/1495 1019/652/1496 1020/654/1494 
f 241/650/1497 1019/652/1496 240/653/1495 
f 241/650/1497 1018/651/1498 1019/652/1496 
f 1017/649/1499 1018/651/1498 241/650/1497 
f 241/650/1497 242/648/1500 1017/649/1499 
f 1017/649/1499 242/648/1500 1016/647/1501 
f 242/648/1500 225/644/1478 1016/647/1501 
f 1016/647/1501 225/644/1478 1015/646/1480 
f 1029/658/1502 1030/659/1503 1031/660/1504 
f 1032/661/1505 1030/659/1503 1029/658/1502 
f 1029/658/1502 1033/662/1506 1032/661/1505 
f 1034/663/1507 1033/662/1506 1029/658/1502 
f 1029/658/1502 1031/660/1504 1034/663/1507 
f 1034/663/1507 1031/660/1504 1035/664/1508 
f 1036/665/1509 1037/666/1510 1038/667/1511 
f 1039/668/1512 1037/666/1510 1036/665/1509 
f 1036/665/1509 1040/669/1513 1039/668/1512 
f 1036/665/1509 1033/662/1506 1040/669/1513 
f 1032/661/1505 1033/662/1506 1036/665/1509 
f 1036/665/1509 1038/667/1511 1032/661/1505 
f 1041/670/1514 1035/664/1508 1042/671/1515 
f 1034/663/1507 1035/664/1508 1041/670/1514 
f 1041/670/1514 1043/672/1516 1034/663/1507 
f 1034/663/1507 1043/672/1516 1033/662/1506 
f 1033/662/1506 1043/672/1516 1044/673/1517 
f 1033/662/1506 1044/673/1517 1040/669/1513 
f 1040/669/1513 1044/673/1517 1031/674/1518 
f 1040/669/1513 1031/674/1518 1030/675/1519 
f 1030/675/1519 1045/676/1520 1040/669/1513 
f 1039/668/1512 1040/669/1513 1045/676/1520 
f 1039/668/1512 1045/676/1520 1046/677/1521 
f 1046/677/1521 1047/678/1522 1039/668/1512 
f 1039/668/1512 1047/678/1522 1037/666/1510 
f 1047/678/1522 1046/679/1523 1037/666/1510 
f 1037/666/1510 1046/679/1523 1038/667/1511 
f 1038/667/1511 1046/679/1523 1045/680/1524 
f 1038/667/1511 1045/680/1524 1030/659/1503 
f 1032/661/1505 1038/667/1511 1030/659/1503 
f 1043/672/1516 1048/681/1525 1044/673/1517 
f 1041/670/1514 1049/682/1526 1043/672/1516 
f 1043/672/1516 1049/682/1526 1048/681/1525 
f 1049/682/1526 1050/683/1527 1048/681/1525 
f 1044/673/1517 1035/684/1528 1031/674/1518 
f 1044/673/1517 1048/681/1525 1035/684/1528 
f 1048/681/1525 1042/685/1529 1035/684/1528 
f 1048/681/1525 1050/683/1527 1042/685/1529 
f 1051/686/1530 1042/685/1529 1050/683/1527 
f 1049/682/1526 1051/686/1530 1050/683/1527 
f 1052/687/1531 1051/686/1530 1049/682/1526 
f 1041/670/1514 1052/687/1531 1049/682/1526 
f 1053/688/1532 1052/687/1531 1041/670/1514 
f 1041/670/1514 1042/671/1515 1053/688/1532 
f 1053/688/1532 1042/671/1515 1054/689/1533 
f 1053/688/1532 1054/689/1533 1055/690/1534 
f 1055/690/1534 1056/691/1535 1053/688/1532 
f 1057/692/1536 1056/691/1535 1055/690/1534 
f 1057/692/1536 1058/693/1537 1056/691/1535 
f 1059/694/1538 1058/693/1537 1057/692/1536 
f 1060/695/1539 1059/694/1538 1057/692/1536 
f 1051/686/1530 1054/696/1540 1042/685/1529 
f 1061/697/1541 1054/696/1540 1051/686/1530 
f 1052/687/1531 1061/697/1541 1051/686/1530 
f 1062/698/1542 1061/697/1541 1052/687/1531 
f 1053/688/1532 1062/698/1542 1052/687/1531 
f 1056/691/1535 1062/698/1542 1053/688/1532 
f 1056/691/1535 1059/699/1543 1062/698/1542 
f 1058/693/1537 1059/699/1543 1056/691/1535 
f 1061/697/1541 1055/700/1544 1054/696/1540 
f 1060/701/1545 1055/700/1544 1061/697/1541 
f 1062/698/1542 1060/701/1545 1061/697/1541 
f 1059/699/1543 1060/701/1545 1062/698/1542 
f 1057/702/1546 1055/700/1544 1060/701/1545 
f 1063/691/1547 1059/699/1543 1064/693/1548 
f 1065/696/1549 945/686/1550 1066/685/1551 
f 1067/697/1552 945/686/1550 1065/696/1549 
f 1067/697/1552 683/687/1553 945/686/1550 
f 1068/698/1554 683/687/1553 1067/697/1552 
f 1068/698/1554 1069/688/1555 683/687/1553 
f 1063/691/1547 1069/688/1555 1068/698/1554 
f 1068/698/1554 1059/699/1543 1063/691/1547 
f 1068/698/1554 1070/701/1556 1059/699/1543 
f 1070/701/1556 1071/700/1557 1072/702/1558 
f 1067/697/1552 1071/700/1557 1070/701/1556 
f 1067/697/1552 1070/701/1556 1068/698/1554 
f 1065/696/1549 1071/700/1557 1067/697/1552 
f 1072/692/1559 1059/694/1538 1070/695/1560 
f 1072/692/1559 1064/693/1548 1059/694/1538 
f 1063/691/1547 1064/693/1548 1072/692/1559 
f 1072/692/1559 1071/690/1561 1063/691/1547 
f 1063/691/1547 1071/690/1561 1069/688/1555 
f 1071/690/1561 1065/689/1562 1069/688/1555 
f 1069/688/1555 1065/689/1562 1066/671/1563 
f 1069/688/1555 1066/671/1563 1073/670/1564 
f 1069/688/1555 1073/670/1564 683/687/1553 
f 683/687/1553 1073/670/1564 687/682/1565 
f 683/687/1553 687/682/1565 945/686/1550 
f 945/686/1550 687/682/1565 931/683/1566 
f 945/686/1550 931/683/1566 1066/685/1551 
f 1066/685/1551 931/683/1566 1074/681/1567 
f 1066/685/1551 1074/681/1567 1075/684/1568 
f 1075/684/1568 1074/681/1567 1076/673/1569 
f 1075/684/1568 1076/673/1569 1077/674/1570 
f 1077/674/1570 1076/673/1569 1078/669/1571 
f 931/683/1566 687/682/1565 1074/681/1567 
f 1074/681/1567 687/682/1565 684/672/1572 
f 687/682/1565 1073/670/1564 684/672/1572 
f 684/672/1572 1073/670/1564 1079/663/1573 
f 1073/670/1564 1075/664/1574 1079/663/1573 
f 1073/670/1564 1066/671/1563 1075/664/1574 
f 1074/681/1567 684/672/1572 1076/673/1569 
f 1076/673/1569 684/672/1572 929/662/1575 
f 684/672/1572 1079/663/1573 929/662/1575 
f 1076/673/1569 929/662/1575 1078/669/1571 
f 1078/669/1571 929/662/1575 1080/665/1576 
f 1078/669/1571 1080/665/1576 1081/668/1577 
f 1080/665/1576 1082/666/1578 1081/668/1577 
f 1077/674/1570 1078/669/1571 1083/675/1579 
f 1083/675/1579 1078/669/1571 1084/676/1580 
f 1078/669/1571 1081/668/1577 1084/676/1580 
f 1084/676/1580 1081/668/1577 1085/677/1581 
f 1081/668/1577 1086/678/1582 1085/677/1581 
f 1081/668/1577 1082/666/1578 1086/678/1582 
f 1082/666/1578 1085/679/1583 1086/678/1582 
f 1087/667/1584 1085/679/1583 1082/666/1578 
f 1080/665/1576 1087/667/1584 1082/666/1578 
f 1088/661/1585 1087/667/1584 1080/665/1576 
f 929/662/1575 1088/661/1585 1080/665/1576 
f 929/662/1575 1089/658/1586 1088/661/1585 
f 929/662/1575 1079/663/1573 1089/658/1586 
f 1079/663/1573 1077/660/1587 1089/658/1586 
f 1079/663/1573 1075/664/1574 1077/660/1587 
f 1087/667/1584 1084/680/1588 1085/679/1583 
f 1083/659/1589 1084/680/1588 1087/667/1584 
f 1088/661/1585 1083/659/1589 1087/667/1584 
f 1089/658/1586 1083/659/1589 1088/661/1585 
f 1089/658/1586 1077/660/1587 1083/659/1589 
s off
f 861/525/1590 921/529/1590 862/530/1590 
f 862/703/1591 1090/704/1591 1091/705/1592 
s 1
f 932/703/1593 930/706/1594 1091/705/1592 
f 1091/705/1592 930/706/1594 931/704/1595 
s off
f 1092/703/1596 932/704/1596 1091/705/1592 
f 860/703/1597 862/704/1597 1091/705/1592 
f 857/703/1598 866/704/1598 1091/705/1592 
f 866/703/1599 863/704/1599 1091/705/1592 
f 863/703/1600 860/704/1600 1091/705/1592 
f 628/525/1601 988/530/1601 629/529/1601 
f 988/703/1602 1093/705/1603 1094/704/1602 
s 1
f 885/703/1604 1093/705/1603 886/706/1605 
f 886/706/1605 1093/705/1603 887/704/1606 
s off
f 1095/703/1607 1093/705/1603 885/704/1607 
f 987/703/1608 1093/705/1603 988/704/1608 
f 949/703/1609 1093/705/1603 984/704/1609 
f 984/703/1610 1093/705/1603 986/704/1610 
f 986/703/1611 1093/705/1603 987/704/1611 
s 1
f 1090/526/1612 920/525/1613 1096/707/1614 
f 1096/707/1614 920/525/1613 925/708/1615 
f 1096/707/1614 925/708/1615 1092/530/1616 
f 1092/530/1616 925/708/1615 927/529/1617 
f 723/708/1618 1095/530/1619 724/529/1620 
f 723/708/1618 1097/707/1621 1095/530/1619 
f 722/525/1622 1097/707/1621 723/708/1618 
f 1094/526/1623 1097/707/1621 722/525/1622 
f 920/529/1624 1090/530/1625 921/525/1626 
f 921/525/1626 1090/530/1625 862/526/1627 
f 929/529/1628 932/530/1629 927/525/1630 
f 927/525/1630 932/530/1629 1092/526/1631 
f 855/703/1632 854/709/1633 1091/710/1634 
f 1091/710/1634 854/709/1633 856/704/1635 
f 931/703/1636 945/711/1637 1091/712/1638 
f 1091/712/1638 945/711/1637 855/704/1639 
f 1090/703/1640 1096/713/1641 1091/705/1592 
f 1091/705/1592 1096/713/1641 1092/704/1642 
f 856/703/1643 859/714/1644 1091/705/1592 
f 1091/705/1592 859/714/1644 857/704/1645 
f 988/526/1646 1094/530/1647 629/525/1648 
f 629/525/1648 1094/530/1647 722/529/1649 
f 1095/526/1650 885/530/1651 724/525/1652 
f 724/525/1652 885/530/1651 725/529/1653 
f 853/703/1654 1093/710/1655 983/709/1656 
f 983/709/1656 1093/710/1655 947/704/1657 
f 887/703/1658 1093/712/1659 946/711/1660 
f 946/711/1660 1093/712/1659 853/704/1661 
f 1094/703/1662 1093/705/1603 1097/713/1663 
f 1097/713/1663 1093/705/1603 1095/704/1664 
f 947/703/1665 1093/705/1603 948/714/1666 
f 948/714/1666 1093/705/1603 949/704/1667 
f 1098/715/1668 1099/716/1669 1100/717/1670 
f 1101/718/1671 1098/715/1668 1100/717/1670 
f 1102/717/1672 1098/715/1668 1101/718/1671 
f 1101/718/1671 1103/719/1673 1102/717/1672 
f 1101/718/1671 1104/720/1674 1103/719/1673 
f 1101/718/1671 1105/721/1675 1104/720/1674 
f 1105/721/1675 1106/722/1676 1104/720/1674 
f 1105/721/1675 1107/723/1677 1106/722/1676 
f 1108/724/1678 1109/725/1679 1099/716/1669 
f 1100/717/1670 1099/716/1669 1109/725/1679 
f 1110/719/1680 1100/717/1670 1109/725/1679 
f 1101/718/1671 1100/717/1670 1110/719/1680 
f 1101/718/1671 1110/719/1680 1111/720/1681 
f 1111/720/1681 1105/721/1675 1101/718/1671 
f 1111/720/1681 1112/722/1682 1105/721/1675 
f 1112/722/1682 1107/723/1677 1105/721/1675 
f 1112/722/1682 1113/726/1683 1107/723/1677 
f 1113/726/1683 1106/722/1676 1107/723/1677 
f 1113/726/1683 1114/727/1684 1106/722/1676 
f 1104/720/1674 1106/722/1676 1114/727/1684 
f 1104/720/1674 1114/727/1684 1115/728/1685 
f 1103/719/1673 1104/720/1674 1115/728/1685 
f 1103/719/1673 1115/728/1685 1116/725/1686 
f 1102/717/1672 1103/719/1673 1116/725/1686 
f 1116/725/1686 1117/716/1687 1102/717/1672 
f 1102/717/1672 1117/716/1687 1098/715/1668 
f 1117/716/1687 1118/729/1688 1098/715/1668 
f 1098/715/1668 1118/729/1688 1099/716/1669 
f 1108/724/1678 1099/716/1669 1118/729/1688 
f 1117/716/1687 1108/724/1678 1118/729/1688 
f 1116/725/1686 1108/724/1678 1117/716/1687 
f 1116/725/1686 1119/730/1689 1108/724/1678 
f 1115/728/1685 1119/730/1689 1116/725/1686 
f 1115/728/1685 1114/727/1684 1119/730/1689 
f 1119/730/1689 1114/727/1684 1113/726/1683 
f 1120/727/1690 1119/730/1689 1113/726/1683 
f 1120/727/1690 1113/726/1683 1112/722/1682 
f 1120/727/1690 1112/722/1682 1111/720/1681 
f 1111/720/1681 1121/728/1691 1120/727/1690 
f 1111/720/1681 1110/719/1680 1121/728/1691 
f 1110/719/1680 1109/725/1679 1121/728/1691 
f 1121/728/1691 1109/725/1679 1119/730/1689 
f 1119/730/1689 1109/725/1679 1108/724/1678 
f 1121/728/1691 1119/730/1689 1120/727/1690 
f 1122/731/1692 1123/732/1693 1124/733/1694 
f 1124/733/1694 1123/732/1693 1125/734/1695 
f 1124/733/1694 1125/734/1695 1126/735/1696 
f 1126/735/1696 1125/734/1695 1127/736/1697 
f 1126/735/1696 1127/736/1697 1128/737/1698 
f 1128/737/1698 1127/736/1697 1129/738/1699 
f 1128/737/1698 1129/738/1699 1130/739/1700 
f 1130/739/1700 1129/738/1699 1131/740/1701 
f 1130/739/1700 1131/740/1701 1132/741/1702 
f 1131/740/1701 1133/742/1703 1132/741/1702 
f 1132/741/1702 1133/742/1703 1134/743/1704 
f 1132/741/1702 1134/743/1704 1135/744/1705 
f 1135/744/1705 1134/743/1704 1136/745/1706 
f 1135/744/1705 1136/745/1706 1137/746/1707 
f 1137/746/1707 1136/745/1706 1138/747/1708 
f 1137/746/1707 1138/747/1708 1139/748/1709 
f 1139/748/1709 1138/747/1708 1140/749/1710 
f 1139/748/1709 1140/749/1710 1141/750/1711 
f 1141/750/1711 1140/749/1710 1142/751/1712 
f 1141/750/1711 1142/751/1712 1143/752/1713 
f 1144/753/1714 1145/754/1715 1146/755/1716 
f 1146/755/1716 1145/754/1715 1147/756/1717 
f 1146/755/1716 1147/756/1717 1148/757/1718 
f 1148/757/1718 1147/756/1717 1149/758/1719 
f 1148/757/1718 1149/758/1719 1150/759/1720 
f 1150/759/1720 1149/758/1719 1151/760/1721 
f 1150/759/1720 1151/760/1721 1152/761/1722 
f 1152/761/1722 1151/760/1721 1153/762/1723 
f 1152/761/1722 1153/762/1723 1154/763/1724 
f 1153/762/1723 1155/764/1725 1154/763/1724 
f 1154/763/1724 1155/764/1725 1156/765/1726 
f 1154/763/1724 1156/765/1726 1157/766/1727 
f 1157/766/1727 1156/765/1726 1158/767/1728 
f 1157/766/1727 1158/767/1728 1159/768/1729 
f 1159/768/1729 1158/767/1728 1160/769/1730 
f 1159/768/1729 1160/769/1730 1161/770/1731 
f 1161/770/1731 1160/769/1730 1162/771/1732 
f 1161/770/1731 1162/771/1732 1163/772/1733 
f 1163/772/1733 1162/771/1732 1164/773/1734 
f 1163/772/1733 1164/773/1734 1165/774/1735 
f 1145/775/1736 1142/776/1736 1147/777/1737 
f 1147/777/1737 1142/776/1736 1140/778/1737 
f 1147/777/1737 1140/778/1737 1149/779/1738 
f 1149/779/1738 1140/778/1737 1138/780/1738 
f 1149/779/1738 1138/780/1738 1136/781/1739 
f 1136/781/1739 1151/782/1739 1149/779/1738 
f 1136/781/1739 1153/783/1740 1151/782/1739 
f 1134/784/1741 1153/783/1740 1136/781/1739 
f 1134/784/1741 1155/785/1742 1153/783/1740 
f 1134/784/1741 1133/786/1743 1155/785/1742 
f 1155/785/1742 1133/786/1743 1131/787/1744 
f 1155/785/1742 1131/787/1744 1156/788/1745 
f 1156/788/1745 1131/787/1744 1129/789/1739 
f 1156/788/1745 1129/789/1739 1158/790/1739 
f 1158/790/1739 1129/789/1739 1160/791/1740 
f 1129/789/1739 1127/792/1738 1160/791/1740 
f 1160/791/1740 1127/792/1738 1125/793/1746 
f 1160/791/1740 1125/793/1746 1162/794/1736 
f 1162/794/1736 1125/793/1746 1123/795/1736 
f 1162/794/1736 1123/795/1736 1164/796/1736 
f 1166/797/1747 1167/798/1747 1168/799/1747 
f 1169/800/1747 1168/799/1747 1167/798/1747 
f 1170/801/1748 1168/799/1747 1169/800/1747 
f 1170/801/1748 1171/802/1748 1168/799/1747 
f 1172/803/1748 1171/802/1748 1170/801/1748 
f 1172/803/1748 1173/804/1748 1171/802/1748 
f 1174/805/1748 1173/804/1748 1172/803/1748 
f 1174/805/1748 1175/806/1748 1173/804/1748 
f 1176/807/1748 1175/806/1748 1174/805/1748 
f 1176/807/1748 1177/808/1748 1175/806/1748 
f 1178/809/1748 1177/808/1748 1176/807/1748 
f 1179/810/1748 1178/809/1748 1176/807/1748 
f 1179/810/1748 1180/811/1748 1178/809/1748 
f 1181/812/1748 1180/811/1748 1179/810/1748 
f 1181/812/1748 1182/813/1748 1180/811/1748 
f 1183/814/1748 1182/813/1748 1181/812/1748 
f 1183/814/1748 1184/815/1747 1182/813/1748 
f 1185/816/1747 1184/815/1747 1183/814/1748 
f 1186/817/1747 1184/815/1747 1185/816/1747 
f 1187/818/1747 1184/815/1747 1186/817/1747 
f 1188/819/1749 1189/820/1750 1187/821/1751 
f 1189/820/1750 1184/822/1752 1187/821/1751 
f 1189/820/1750 1182/823/1753 1184/822/1752 
f 1190/824/1754 1182/823/1753 1189/820/1750 
f 1190/824/1754 1180/825/1755 1182/823/1753 
f 1191/826/1756 1180/825/1755 1190/824/1754 
f 1191/826/1756 1178/827/1757 1180/825/1755 
f 1192/828/1758 1178/827/1757 1191/826/1756 
f 1192/828/1758 1177/829/1759 1178/827/1757 
f 1192/828/1758 1193/830/1759 1177/829/1759 
f 1177/829/1759 1193/830/1759 1194/831/1760 
f 1177/829/1759 1194/831/1760 1175/832/1761 
f 1175/832/1761 1194/831/1760 1195/833/1762 
f 1175/832/1761 1195/833/1762 1173/834/1763 
f 1173/834/1763 1195/833/1762 1196/835/1764 
f 1173/834/1763 1196/835/1764 1171/836/1765 
f 1171/836/1765 1196/835/1764 1197/837/1766 
f 1171/836/1765 1197/837/1766 1168/838/1767 
f 1168/838/1767 1197/837/1766 1166/839/1768 
f 1198/840/1769 1166/839/1768 1197/837/1766 
f 1199/841/1770 1167/842/1771 1200/843/1772 
f 1199/841/1770 1169/844/1773 1167/842/1771 
f 1199/841/1770 1170/845/1774 1169/844/1773 
f 1201/846/1775 1170/845/1774 1199/841/1770 
f 1201/846/1775 1172/847/1776 1170/845/1774 
f 1202/848/1777 1172/847/1776 1201/846/1775 
f 1202/848/1777 1174/849/1778 1172/847/1776 
f 1203/850/1779 1174/849/1778 1202/848/1777 
f 1174/849/1778 1203/850/1779 1176/851/1780 
f 1204/852/1780 1176/851/1780 1203/850/1779 
f 1205/853/1781 1176/851/1780 1204/852/1780 
f 1205/853/1781 1179/854/1782 1176/851/1780 
f 1206/855/1783 1179/854/1782 1205/853/1781 
f 1206/855/1783 1181/856/1784 1179/854/1782 
f 1207/857/1785 1181/856/1784 1206/855/1783 
f 1207/857/1785 1183/858/1786 1181/856/1784 
f 1208/859/1787 1183/858/1786 1207/857/1785 
f 1208/859/1787 1185/860/1788 1183/858/1786 
f 1186/861/1789 1185/860/1788 1208/859/1787 
f 1186/861/1789 1208/859/1787 1209/862/1790 
f 1210/863/1791 1211/864/1792 1212/865/1793 
f 1211/864/1792 1213/866/1794 1212/867/1795 
f 1213/866/1794 1214/868/1796 1212/869/1797 
f 1215/870/1798 1214/868/1796 1213/866/1794 
f 1215/870/1798 1213/866/1794 1211/864/1792 
f 1216/871/1799 1215/870/1798 1211/864/1792 
f 1216/871/1799 1211/864/1792 1210/863/1791 
f 1210/863/1791 1217/872/1800 1216/871/1799 
f 1210/863/1791 1218/873/1801 1217/872/1800 
f 1218/873/1801 1219/874/1802 1217/872/1800 
f 1212/875/1803 1218/873/1801 1210/863/1791 
f 1214/868/1796 1220/876/1804 1212/877/1805 
f 1221/878/1806 1220/876/1804 1214/868/1796 
f 1221/878/1806 1214/868/1796 1215/870/1798 
f 1222/879/1807 1221/878/1806 1215/870/1798 
f 1222/879/1807 1215/870/1798 1216/871/1799 
f 1216/871/1799 1223/880/1808 1222/879/1807 
f 1216/871/1799 1217/872/1800 1223/880/1808 
f 1217/872/1800 1224/881/1809 1223/880/1808 
f 1217/872/1800 1219/874/1802 1224/881/1809 
f 1219/874/1802 1225/882/1810 1224/881/1809 
f 1219/874/1802 1226/883/1811 1225/882/1810 
f 1227/884/1812 1226/883/1811 1219/874/1802 
f 1218/873/1801 1227/884/1812 1219/874/1802 
f 1228/885/1813 1227/884/1812 1218/873/1801 
f 1228/885/1813 1218/873/1801 1212/886/1814 
f 1220/876/1804 1229/887/1815 1212/888/1816 
f 1230/889/1817 1229/887/1815 1220/876/1804 
f 1230/889/1817 1220/876/1804 1221/878/1806 
f 1231/890/1818 1230/889/1817 1221/878/1806 
f 1231/890/1818 1221/878/1806 1222/879/1807 
f 1222/879/1807 1232/891/1819 1231/890/1818 
f 1222/879/1807 1223/880/1808 1232/891/1819 
f 1223/880/1808 1233/892/1820 1232/891/1819 
f 1223/880/1808 1224/881/1809 1233/892/1820 
f 1224/881/1809 1234/893/1821 1233/892/1820 
f 1224/881/1809 1225/882/1810 1234/893/1821 
f 1225/882/1810 1235/894/1822 1234/893/1821 
f 1225/882/1810 1236/895/1823 1235/894/1822 
f 1226/883/1811 1236/895/1823 1225/882/1810 
f 1226/883/1811 1237/896/1824 1236/895/1823 
f 1238/897/1825 1237/896/1824 1226/883/1811 
f 1227/884/1812 1238/897/1825 1226/883/1811 
f 1239/898/1826 1238/897/1825 1227/884/1812 
f 1228/885/1813 1239/898/1826 1227/884/1812 
f 1240/899/1827 1239/898/1826 1228/885/1813 
f 1240/899/1827 1228/885/1813 1212/900/1828 
f 1231/890/1818 1232/891/1819 1241/901/1829 
f 1242/902/1830 1230/889/1817 1231/890/1818 
f 1231/890/1818 1241/901/1829 1242/902/1830 
f 1242/902/1830 1241/901/1829 1243/903/1831 
f 1244/904/1832 1243/903/1831 1245/905/1833 
f 1242/902/1830 1243/903/1831 1244/904/1832 
f 1244/904/1832 1246/906/1834 1242/902/1830 
f 1242/902/1830 1246/906/1834 1230/889/1817 
f 1246/906/1834 1229/887/1815 1230/889/1817 
f 1247/907/1835 1236/895/1823 1237/896/1824 
f 1248/908/1836 1236/895/1823 1247/907/1835 
f 1248/908/1836 1235/894/1822 1236/895/1823 
f 1249/909/1837 1235/894/1822 1248/908/1836 
f 1249/909/1837 1234/893/1821 1235/894/1822 
f 1250/910/1838 1234/893/1821 1249/909/1837 
f 1250/910/1838 1233/892/1820 1234/893/1821 
f 1251/911/1839 1233/892/1820 1250/910/1838 
f 1251/911/1839 1232/891/1819 1233/892/1820 
f 1252/912/1840 1232/891/1819 1251/911/1839 
f 1252/912/1840 1241/901/1829 1232/891/1819 
f 1253/913/1841 1241/901/1829 1252/912/1840 
f 1253/913/1841 1243/903/1831 1241/901/1829 
f 1254/914/1842 1243/903/1831 1253/913/1841 
f 1254/914/1842 1245/905/1833 1243/903/1831 
f 1255/915/1843 1245/905/1833 1254/914/1842 
f 1255/915/1843 1256/916/1844 1245/905/1833 
f 1244/904/1832 1245/905/1833 1256/916/1844 
f 1257/917/1845 1248/908/1836 1247/907/1835 
f 1249/909/1837 1248/908/1836 1257/917/1845 
f 1258/918/1846 1249/909/1837 1257/917/1845 
f 1250/910/1838 1249/909/1837 1258/918/1846 
f 1259/919/1847 1250/910/1838 1258/918/1846 
f 1251/911/1839 1250/910/1838 1259/919/1847 
f 1260/920/1848 1251/911/1839 1259/919/1847 
f 1261/921/1849 1251/911/1839 1260/920/1848 
f 1261/921/1849 1252/912/1840 1251/911/1839 
f 1262/922/1850 1252/912/1840 1261/921/1849 
f 1262/922/1850 1253/913/1841 1252/912/1840 
f 1263/923/1851 1253/913/1841 1262/922/1850 
f 1263/923/1851 1254/914/1842 1253/913/1841 
f 1255/915/1843 1254/914/1842 1263/923/1851 
f 1264/924/1852 1260/920/1848 1265/925/1853 
f 1264/924/1852 1261/921/1849 1260/920/1848 
f 1266/926/1854 1261/921/1849 1264/924/1852 
f 1266/926/1854 1262/922/1850 1261/921/1849 
f 1267/927/1855 1262/922/1850 1266/926/1854 
f 1267/927/1855 1263/923/1851 1262/922/1850 
f 1268/928/1856 1263/923/1851 1267/927/1855 
f 1268/928/1856 1255/915/1843 1263/923/1851 
f 1269/929/1857 1255/915/1843 1268/928/1856 
f 1269/929/1857 1256/916/1844 1255/915/1843 
f 1269/929/1857 1270/930/1858 1256/916/1844 
f 1256/916/1844 1270/930/1858 1271/931/1859 
f 1270/930/1858 1272/932/1860 1271/931/1859 
f 1271/931/1859 1272/932/1860 1273/933/1861 
f 1272/932/1860 1274/934/1862 1273/933/1861 
f 1273/933/1861 1274/934/1862 1275/935/1863 
f 1274/934/1862 1276/936/1864 1275/935/1863 
f 1275/935/1863 1276/936/1864 1212/937/1865 
f 1269/929/1857 1268/928/1856 1277/938/1866 
f 1277/938/1866 1268/928/1856 1278/939/1867 
f 1268/928/1856 1267/927/1855 1278/939/1867 
f 1277/938/1866 1278/939/1867 1279/940/1868 
f 1256/916/1844 1271/931/1859 1244/904/1832 
f 1244/904/1832 1271/931/1859 1246/906/1834 
f 1271/931/1859 1273/933/1861 1246/906/1834 
f 1246/906/1834 1273/933/1861 1229/887/1815 
f 1273/933/1861 1275/935/1863 1229/887/1815 
f 1229/887/1815 1275/935/1863 1212/941/1869 
f 1280/942/1870 1264/943/1871 1265/944/1872 
f 1281/945/1873 1264/943/1871 1280/942/1870 
f 1281/945/1873 1266/946/1874 1264/943/1871 
f 1282/947/1875 1283/948/1876 1284/949/1877 
f 1284/949/1877 1285/950/1878 1282/947/1875 
f 1284/949/1877 1286/951/1879 1285/950/1878 
f 1287/952/1880 1285/950/1878 1286/951/1879 
f 1287/952/1880 1286/951/1879 1265/944/1872 
f 1288/953/1881 1265/944/1872 1286/951/1879 
f 1280/942/1870 1265/944/1872 1288/953/1881 
f 1284/949/1877 1280/942/1870 1288/953/1881 
f 1284/949/1877 1281/945/1873 1280/942/1870 
f 1289/954/1882 1281/945/1873 1284/949/1877 
f 1289/954/1882 1266/946/1874 1281/945/1873 
f 1289/954/1882 1267/955/1883 1266/946/1874 
f 1278/956/1884 1267/955/1883 1289/954/1882 
f 1278/956/1884 1289/954/1882 1290/957/1885 
f 1278/956/1884 1290/957/1885 1279/958/1886 
f 1279/958/1886 1290/957/1885 1291/959/1887 
f 1279/958/1886 1291/959/1887 1292/960/1888 
f 1291/959/1887 1293/961/1889 1292/960/1888 
f 1291/959/1887 1284/949/1877 1293/961/1889 
f 1290/957/1885 1284/949/1877 1291/959/1887 
f 1290/957/1885 1289/954/1882 1284/949/1877 
f 1288/953/1881 1286/951/1879 1284/949/1877 
f 1292/960/1888 1293/961/1889 1294/962/1890 
f 1284/949/1877 1294/962/1890 1293/961/1889 
f 1284/949/1877 1283/948/1876 1294/962/1890 
f 1295/963/1891 1294/962/1890 1283/948/1876 
f 1295/963/1891 1283/948/1876 1296/964/1892 
f 1296/964/1892 1283/948/1876 1282/947/1875 
f 1296/964/1892 1282/947/1875 1297/965/1893 
f 1282/947/1875 1298/966/1894 1297/965/1893 
f 1282/947/1875 1285/950/1878 1298/966/1894 
f 1298/966/1894 1285/950/1878 1287/952/1880 
f 1292/960/1888 1294/962/1890 1295/963/1891 
f 1299/967/1895 1300/968/1896 1301/969/1897 
f 1299/967/1895 1302/970/1898 1300/968/1896 
f 1302/970/1898 1303/971/1899 1300/968/1896 
f 1304/972/1900 1302/970/1898 1299/967/1895 
f 1297/973/1901 1304/972/1900 1296/974/1902 
f 1296/974/1902 1304/972/1900 1299/967/1895 
f 1296/974/1902 1299/967/1895 1295/975/1903 
f 1295/975/1903 1299/967/1895 1301/969/1897 
f 1295/975/1903 1301/969/1897 1292/976/1904 
f 1292/976/1904 1301/969/1897 1279/977/1905 
f 1301/969/1897 1277/978/1906 1279/977/1905 
f 1301/969/1897 1300/968/1896 1277/978/1906 
f 1269/979/1907 1277/978/1906 1300/968/1896 
f 1300/968/1896 1270/980/1908 1269/979/1907 
f 1300/968/1896 1303/971/1899 1270/980/1908 
f 1303/971/1899 1272/981/1909 1270/980/1908 
f 1305/982/1910 1272/981/1909 1303/971/1899 
f 1274/983/1911 1272/981/1909 1305/982/1910 
f 1306/984/1912 1274/983/1911 1305/982/1910 
f 1276/985/1913 1274/983/1911 1306/984/1912 
f 1307/986/1914 1276/985/1913 1306/984/1912 
f 1212/987/1915 1276/985/1913 1307/986/1914 
f 1307/986/1914 1240/899/1827 1212/988/1916 
f 1307/986/1914 1306/984/1912 1240/899/1827 
f 1240/899/1827 1306/984/1912 1239/898/1826 
f 1306/984/1912 1305/982/1910 1239/898/1826 
f 1239/898/1826 1305/982/1910 1238/897/1825 
f 1305/982/1910 1303/971/1899 1238/897/1825 
f 1238/897/1825 1303/971/1899 1237/896/1824 
f 1302/970/1898 1237/896/1824 1303/971/1899 
f 1247/907/1835 1237/896/1824 1302/970/1898 
f 1304/972/1900 1247/907/1835 1302/970/1898 
f 1257/917/1845 1247/907/1835 1304/972/1900 
f 1297/973/1901 1257/917/1845 1304/972/1900 
f 1258/918/1846 1257/917/1845 1297/973/1901 
f 1298/989/1917 1258/918/1846 1297/973/1901 
f 1259/919/1847 1258/918/1846 1298/989/1917 
f 1287/990/1918 1259/919/1847 1298/989/1917 
f 1260/920/1848 1259/919/1847 1287/990/1918 
f 1265/925/1853 1260/920/1848 1287/990/1918 
f 1308/942/1870 1309/943/1871 1310/944/1919 
f 1311/945/1873 1309/943/1871 1308/942/1870 
f 1311/945/1873 1312/946/1874 1309/943/1871 
f 1313/947/1920 1314/948/1876 1315/949/1921 
f 1315/949/1921 1316/950/1878 1313/947/1920 
f 1315/949/1921 1317/951/1879 1316/950/1878 
f 1318/952/1880 1316/950/1878 1317/951/1879 
f 1318/952/1880 1317/951/1879 1310/944/1919 
f 1319/953/1922 1310/944/1919 1317/951/1879 
f 1308/942/1870 1310/944/1919 1319/953/1922 
f 1315/949/1921 1308/942/1870 1319/953/1922 
f 1315/949/1921 1311/945/1873 1308/942/1870 
f 1320/954/1882 1311/945/1873 1315/949/1921 
f 1320/954/1882 1312/946/1874 1311/945/1873 
f 1320/954/1882 1321/955/1883 1312/946/1874 
f 1322/956/1884 1321/955/1883 1320/954/1882 
f 1322/956/1884 1320/954/1882 1323/957/1885 
f 1322/956/1884 1323/957/1885 1324/958/1886 
f 1324/958/1886 1323/957/1885 1325/959/1887 
f 1324/958/1886 1325/959/1887 1326/960/1923 
f 1325/959/1887 1327/961/1924 1326/960/1923 
f 1325/959/1887 1315/949/1921 1327/961/1924 
f 1323/957/1885 1315/949/1921 1325/959/1887 
f 1323/957/1885 1320/954/1882 1315/949/1921 
f 1319/953/1922 1317/951/1879 1315/949/1921 
f 1326/960/1923 1327/961/1924 1328/962/1890 
f 1315/949/1921 1328/962/1890 1327/961/1924 
f 1315/949/1921 1314/948/1876 1328/962/1890 
f 1329/963/1891 1328/962/1890 1314/948/1876 
f 1329/963/1891 1314/948/1876 1330/964/1925 
f 1330/964/1925 1314/948/1876 1313/947/1920 
f 1330/964/1925 1313/947/1920 1331/965/1893 
f 1313/947/1920 1332/966/1894 1331/965/1893 
f 1313/947/1920 1316/950/1878 1332/966/1894 
f 1332/966/1894 1316/950/1878 1318/952/1880 
f 1326/960/1923 1328/962/1890 1329/963/1891 
f 1333/902/1830 1334/889/1817 1335/890/1818 
f 1335/890/1818 1336/901/1829 1333/902/1830 
f 1333/902/1830 1336/901/1829 1337/903/1926 
f 1335/890/1818 1338/891/1927 1336/901/1829 
f 1339/904/1928 1337/903/1926 1340/905/1929 
f 1333/902/1830 1337/903/1926 1339/904/1928 
f 1339/904/1928 1341/906/1834 1333/902/1830 
f 1333/902/1830 1341/906/1834 1334/889/1817 
f 1341/906/1834 1342/887/1930 1334/889/1817 
f 1343/916/1931 1344/931/1859 1339/904/1928 
f 1339/904/1928 1344/931/1859 1341/906/1834 
f 1344/931/1859 1345/933/1861 1341/906/1834 
f 1341/906/1834 1345/933/1861 1342/887/1930 
f 1345/933/1861 1346/935/1932 1342/887/1930 
f 1342/887/1930 1346/935/1932 1347/941/1933 
f 1348/907/1934 1349/895/1935 1350/896/1824 
f 1351/908/1936 1349/895/1935 1348/907/1934 
f 1351/908/1936 1352/894/1822 1349/895/1935 
f 1353/909/1937 1352/894/1822 1351/908/1936 
f 1353/909/1937 1354/893/1938 1352/894/1822 
f 1355/910/1939 1354/893/1938 1353/909/1937 
f 1355/910/1939 1356/892/1820 1354/893/1938 
f 1357/911/1839 1356/892/1820 1355/910/1939 
f 1357/911/1839 1338/891/1927 1356/892/1820 
f 1358/912/1840 1338/891/1927 1357/911/1839 
f 1358/912/1840 1336/901/1829 1338/891/1927 
f 1359/913/1940 1336/901/1829 1358/912/1840 
f 1359/913/1940 1337/903/1926 1336/901/1829 
f 1360/914/1941 1337/903/1926 1359/913/1940 
f 1360/914/1941 1340/905/1929 1337/903/1926 
f 1361/915/1942 1340/905/1929 1360/914/1941 
f 1361/915/1942 1343/916/1931 1340/905/1929 
f 1339/904/1928 1340/905/1929 1343/916/1931 
f 1362/917/1845 1351/908/1936 1348/907/1934 
f 1353/909/1937 1351/908/1936 1362/917/1845 
f 1363/918/1846 1353/909/1937 1362/917/1845 
f 1355/910/1939 1353/909/1937 1363/918/1846 
f 1364/919/1847 1355/910/1939 1363/918/1846 
f 1357/911/1839 1355/910/1939 1364/919/1847 
f 1365/920/1943 1357/911/1839 1364/919/1847 
f 1366/921/1849 1357/911/1839 1365/920/1943 
f 1366/921/1849 1358/912/1840 1357/911/1839 
f 1367/922/1850 1358/912/1840 1366/921/1849 
f 1367/922/1850 1359/913/1940 1358/912/1840 
f 1368/923/1944 1359/913/1940 1367/922/1850 
f 1368/923/1944 1360/914/1941 1359/913/1940 
f 1361/915/1942 1360/914/1941 1368/923/1944 
f 1309/924/1852 1365/920/1943 1310/925/1945 
f 1309/924/1852 1366/921/1849 1365/920/1943 
f 1312/926/1946 1366/921/1849 1309/924/1852 
f 1312/926/1946 1367/922/1850 1366/921/1849 
f 1321/927/1855 1367/922/1850 1312/926/1946 
f 1321/927/1855 1368/923/1944 1367/922/1850 
f 1369/928/1856 1368/923/1944 1321/927/1855 
f 1369/928/1856 1361/915/1942 1368/923/1944 
f 1370/929/1947 1361/915/1942 1369/928/1856 
f 1370/929/1947 1343/916/1931 1361/915/1942 
f 1370/929/1947 1371/930/1858 1343/916/1931 
f 1343/916/1931 1371/930/1858 1344/931/1859 
f 1371/930/1858 1372/932/1860 1344/931/1859 
f 1344/931/1859 1372/932/1860 1345/933/1861 
f 1372/932/1860 1373/934/1862 1345/933/1861 
f 1345/933/1861 1373/934/1862 1346/935/1932 
f 1373/934/1862 1374/936/1864 1346/935/1932 
f 1346/935/1932 1374/936/1864 1347/937/1865 
f 1370/929/1947 1369/928/1856 1375/938/1866 
f 1375/938/1866 1369/928/1856 1322/939/1867 
f 1369/928/1856 1321/927/1855 1322/939/1867 
f 1375/938/1866 1322/939/1867 1324/940/1868 
f 1376/986/1948 1377/899/1827 1347/988/1916 
f 1376/986/1948 1378/984/1949 1377/899/1827 
f 1377/899/1827 1378/984/1949 1379/898/1826 
f 1378/984/1949 1380/982/1950 1379/898/1826 
f 1379/898/1826 1380/982/1950 1381/897/1825 
f 1380/982/1950 1382/971/1899 1381/897/1825 
f 1381/897/1825 1382/971/1899 1350/896/1824 
f 1383/970/1898 1350/896/1824 1382/971/1899 
f 1348/907/1934 1350/896/1824 1383/970/1898 
f 1384/972/1900 1348/907/1934 1383/970/1898 
f 1362/917/1845 1348/907/1934 1384/972/1900 
f 1331/973/1901 1362/917/1845 1384/972/1900 
f 1363/918/1846 1362/917/1845 1331/973/1901 
f 1332/989/1951 1363/918/1846 1331/973/1901 
f 1364/919/1847 1363/918/1846 1332/989/1951 
f 1318/990/1918 1364/919/1847 1332/989/1951 
f 1365/920/1943 1364/919/1847 1318/990/1918 
f 1310/925/1945 1365/920/1943 1318/990/1918 
f 1384/972/1900 1383/970/1898 1385/967/1895 
f 1385/967/1895 1386/968/1952 1387/969/1953 
f 1385/967/1895 1383/970/1898 1386/968/1952 
f 1383/970/1898 1382/971/1899 1386/968/1952 
f 1331/973/1901 1384/972/1900 1330/974/1902 
f 1330/974/1902 1384/972/1900 1385/967/1895 
f 1330/974/1902 1385/967/1895 1329/975/1954 
f 1329/975/1954 1385/967/1895 1387/969/1953 
f 1329/975/1954 1387/969/1953 1326/976/1955 
f 1326/976/1955 1387/969/1953 1324/977/1905 
f 1387/969/1953 1375/978/1906 1324/977/1905 
f 1387/969/1953 1386/968/1952 1375/978/1906 
f 1370/979/1907 1375/978/1906 1386/968/1952 
f 1386/968/1952 1371/980/1908 1370/979/1907 
f 1386/968/1952 1382/971/1899 1371/980/1908 
f 1382/971/1899 1372/981/1909 1371/980/1908 
f 1380/982/1950 1372/981/1909 1382/971/1899 
f 1373/983/1956 1372/981/1909 1380/982/1950 
f 1378/984/1949 1373/983/1956 1380/982/1950 
f 1374/985/1913 1373/983/1956 1378/984/1949 
f 1376/986/1948 1374/985/1913 1378/984/1949 
f 1347/987/1915 1374/985/1913 1376/986/1948 
f 1388/863/1791 1389/864/1792 1347/865/1957 
f 1389/864/1792 1390/866/1958 1347/867/1795 
f 1390/866/1958 1391/868/1796 1347/869/1797 
f 1392/870/1959 1391/868/1796 1390/866/1958 
f 1392/870/1959 1390/866/1958 1389/864/1792 
f 1393/871/1799 1392/870/1959 1389/864/1792 
f 1393/871/1799 1389/864/1792 1388/863/1791 
f 1388/863/1791 1394/872/1960 1393/871/1799 
f 1388/863/1791 1395/873/1961 1394/872/1960 
f 1395/873/1961 1396/874/1802 1394/872/1960 
f 1347/875/1962 1395/873/1961 1388/863/1791 
f 1391/868/1796 1397/876/1963 1347/877/1805 
f 1398/878/1964 1397/876/1963 1391/868/1796 
f 1398/878/1964 1391/868/1796 1392/870/1959 
f 1399/879/1965 1398/878/1964 1392/870/1959 
f 1399/879/1965 1392/870/1959 1393/871/1799 
f 1393/871/1799 1400/880/1808 1399/879/1965 
f 1393/871/1799 1394/872/1960 1400/880/1808 
f 1394/872/1960 1401/881/1809 1400/880/1808 
f 1394/872/1960 1396/874/1802 1401/881/1809 
f 1396/874/1802 1402/882/1810 1401/881/1809 
f 1396/874/1802 1403/883/1811 1402/882/1810 
f 1404/884/1812 1403/883/1811 1396/874/1802 
f 1395/873/1961 1404/884/1812 1396/874/1802 
f 1405/885/1813 1404/884/1812 1395/873/1961 
f 1405/885/1813 1395/873/1961 1347/886/1814 
f 1397/876/1963 1342/887/1930 1347/888/1966 
f 1334/889/1817 1342/887/1930 1397/876/1963 
f 1334/889/1817 1397/876/1963 1398/878/1964 
f 1335/890/1818 1334/889/1817 1398/878/1964 
f 1335/890/1818 1398/878/1964 1399/879/1965 
f 1399/879/1965 1338/891/1927 1335/890/1818 
f 1399/879/1965 1400/880/1808 1338/891/1927 
f 1400/880/1808 1356/892/1820 1338/891/1927 
f 1400/880/1808 1401/881/1809 1356/892/1820 
f 1401/881/1809 1354/893/1938 1356/892/1820 
f 1401/881/1809 1402/882/1810 1354/893/1938 
f 1402/882/1810 1352/894/1822 1354/893/1938 
f 1402/882/1810 1349/895/1935 1352/894/1822 
f 1403/883/1811 1349/895/1935 1402/882/1810 
f 1403/883/1811 1350/896/1824 1349/895/1935 
f 1381/897/1825 1350/896/1824 1403/883/1811 
f 1404/884/1812 1381/897/1825 1403/883/1811 
f 1379/898/1826 1381/897/1825 1404/884/1812 
f 1405/885/1813 1379/898/1826 1404/884/1812 
f 1377/899/1827 1379/898/1826 1405/885/1813 
f 1377/899/1827 1405/885/1813 1347/900/1828 
# 0 polygons - 2704 triangles

#
# object Brazo_izD
#

v  -4.2636 0.4135 11.0857
v  -4.2517 0.4204 11.0784
v  -4.2450 0.4115 11.0819
v  -4.2687 0.4250 11.0892
v  -4.1603 0.4449 11.1448
v  -4.1921 0.4339 11.1346
v  -4.1721 0.4382 11.1098
v  -4.1957 0.4275 11.1199
v  -4.2024 0.4283 11.1044
v  -4.1820 0.4330 11.0763
v  -4.2062 0.4263 11.0933
v  -4.2088 0.4209 11.0805
v  -4.2178 0.4219 11.0965
v  -4.2199 0.4168 11.0851
v  -4.2388 0.4092 11.0929
v  -4.2260 0.4175 11.0726
v  -4.2348 0.4295 11.0685
v  -4.2573 0.4330 11.0822
v  -4.2554 0.4382 11.0930
v  -4.2674 0.4300 11.0986
v  -4.2623 0.4284 11.1079
v  -4.2160 0.4398 11.0983
v  -4.2149 0.4403 11.1012
v  -4.2350 0.4518 11.0967
v  -4.2502 0.4368 11.1032
v  -4.2422 0.4256 11.1065
v  -4.2550 0.4182 11.1109
v  -4.2378 0.4153 11.1029
v  -4.2616 0.4019 11.1123
v  -4.2239 0.4354 11.1003
v  -4.2256 0.4601 11.0934
v  -4.2223 0.4630 11.1047
v  -4.2936 0.3978 11.1296
v  -4.2665 0.4128 11.1155
v  -4.2045 0.4766 11.1138
v  -4.1785 0.4917 11.1423
v  -4.1915 0.4872 11.1076
v  -4.1896 0.4807 11.1520
v  -4.2119 0.4686 11.1351
v  -4.2194 0.4691 11.1201
v  -4.2162 0.4666 11.0741
v  -4.2310 0.4596 11.0807
v  -4.2403 0.4519 11.0853
v  -4.2421 0.4455 11.0726
v  -4.2248 0.4351 11.0633
v  -4.2150 0.4215 11.0677
v  -4.1885 0.4289 11.0560
v  -4.1202 0.4623 11.0148
v  -4.0974 0.4666 11.0415
v  -4.1229 0.4415 11.0453
v  -4.1275 0.4493 11.0274
v  -4.1404 0.4434 11.0406
v  -4.1547 0.4303 11.0473
v  -4.1610 0.4629 11.0462
v  -4.1951 0.4487 11.0499
v  -4.1716 0.4830 11.0449
v  -4.2072 0.4727 11.0538
v  -4.2329 0.4526 11.0675
v  -4.1760 0.4361 11.0126
v  -4.1876 0.4165 11.0231
v  -4.1925 0.4208 11.0099
v  -4.1859 0.4448 11.0108
v  -4.1763 0.4542 11.0111
v  -4.1867 0.4629 11.0164
v  -4.1778 0.4729 11.0172
v  -4.1812 0.4730 11.0296
v  -4.1725 0.4874 11.0301
v  -4.1707 0.4793 11.0467
v  -4.1565 0.4638 11.0486
v  -4.1397 0.4508 11.0408
v  -4.1344 0.4534 11.0231
v  -4.1361 0.4618 11.0066
v  -4.1358 0.4865 11.0129
v  -4.1895 0.4641 11.0275
v  -4.1782 0.4676 11.0408
v  -4.1859 0.4597 11.0374
v  -4.1975 0.4551 11.0273
v  -4.1954 0.4532 11.0161
v  -4.2105 0.4366 11.0131
v  -4.2015 0.4288 11.0070
v  -4.1932 0.4513 11.0375
v  -4.2123 0.4383 11.0275
v  -4.1521 0.5014 11.0184
v  -4.1108 0.4991 11.0327
v  -4.1525 0.4774 11.0046
v  -4.1532 0.4513 11.0130
v  -4.1500 0.4456 11.0241
v  -4.1537 0.4460 11.0365
v  -4.1668 0.4566 11.0428
v  -4.1751 0.4498 11.0389
v  -4.1830 0.4423 11.0394
v  -4.2077 0.4342 11.0407
v  -4.2178 0.4320 11.0275
v  -4.1738 0.4342 11.0341
v  -4.1715 0.4321 11.0228
v  -4.1677 0.4897 11.0123
v  -4.1645 0.4955 11.0320
v  -4.1662 0.4636 11.0114
v  -4.2311 0.4132 11.0130
v  -4.2222 0.4055 11.0073
v  -4.2467 0.3944 11.0187
v  -4.2220 0.4237 11.0125
v  -4.2238 0.4252 11.0275
v  -4.2159 0.4305 11.0128
v  -4.2132 0.4280 11.0410
v  -4.1979 0.4255 11.0437
v  -4.1897 0.4184 11.0375
v  -4.1992 0.4037 11.0377
v  -4.2129 0.4158 11.0064
v  -4.2192 0.4210 11.0414
v  -4.2034 0.4193 11.0442
v  -4.2091 0.4123 11.0445
v  -4.2186 0.4022 11.0438
v  -4.2283 0.4107 11.0408
v  -4.2329 0.4148 11.0275
v  -4.2526 0.3925 11.0276
v  -4.2450 0.3929 11.0354
v  -4.2071 0.4227 11.0066
v  -4.2020 0.4063 11.0092
v  -4.1971 0.4020 11.0228
v  -4.2063 0.3916 11.0366
v  -4.2393 0.3806 11.0372
v  -4.2456 0.3757 11.0262
v  -4.2416 0.3826 11.0142
v  -4.2089 0.3941 11.0096
v  -4.2042 0.3898 11.0224
v  -4.2229 0.3831 11.0152
v  -4.2219 0.3772 11.0232
v  -4.2213 0.3815 11.0322
v  -3.7132 0.7044 10.9014
v  -3.7008 0.7003 10.9236
v  -3.7931 0.6548 10.9503
v  -3.6455 0.7337 10.8833
v  -3.6416 0.7462 10.9039
v  -3.6563 0.7382 10.8610
v  -3.6470 0.7690 10.9111
v  -3.6587 0.7905 10.9016
v  -3.7224 0.7547 10.9457
v  -3.7069 0.7343 10.9539
v  -3.6982 0.7125 10.9452
v  -3.7791 0.6503 10.9756
v  -3.8045 0.6334 10.9895
v  -3.8445 0.6212 10.9719
v  -3.8292 0.6160 10.9992
v  -3.9049 0.5578 11.0287
v  -3.9033 0.5760 11.0558
v  -4.0183 0.4852 11.0970
v  -4.0430 0.5385 11.1111
v  -3.9188 0.6112 11.0668
v  -3.9430 0.6452 11.0566
v  -3.8570 0.6842 11.0251
v  -3.8716 0.6898 11.0000
v  -3.7760 0.6640 11.0002
v  -4.0185 0.4588 11.0626
v  -3.9220 0.5658 11.0008
v  -4.0422 0.4723 11.0272
v  -3.8750 0.6744 10.9725
v  -3.9599 0.6537 11.0297
v  -4.0790 0.5911 11.0982
v  -3.7857 0.6885 11.0101
v  -3.8013 0.6477 11.0150
v  -3.8265 0.6309 11.0245
v  -3.8377 0.6584 11.0349
v  -3.8299 0.6975 11.0156
v  -3.8441 0.7024 10.9903
v  -3.8031 0.7113 11.0007
v  -3.8167 0.7159 10.9764
v  -3.7344 0.7587 10.9242
v  -3.8202 0.7021 10.9509
v  -3.7374 0.7465 10.9018
v  -3.8116 0.6734 11.0253
v  -3.8626 0.6449 10.9621
v  -3.8093 0.6757 10.9410
v  -3.7277 0.7230 10.8931
v  -4.1026 0.6054 11.0642
v  -3.9618 0.6351 11.0015
v  -3.9448 0.5971 10.9905
v  -3.6673 0.7580 10.8516
v  -3.6734 0.7826 10.8586
v  -3.6691 0.7950 10.8801
v  -4.1029 0.5782 11.0284
v  -4.0760 0.5207 11.0144
v  -4.2806 0.4171 11.1837
v  -4.2898 0.4118 11.1870
v  -4.2880 0.4171 11.1978
v  -4.2763 0.4071 11.1804
v  -4.2856 0.4019 11.1833
v  -4.2681 0.3954 11.1835
v  -4.2854 0.3813 11.1907
v  -4.2955 0.3959 11.1872
v  -4.2952 0.3734 11.1959
v  -4.3083 0.3887 11.1934
v  -4.3104 0.3652 11.2046
v  -4.3261 0.3786 11.2040
v  -4.3428 0.3692 11.2157
v  -4.3310 0.3881 11.2072
v  -4.3482 0.3780 11.2181
v  -4.3296 0.3930 11.2165
v  -4.3110 0.4039 11.2081
v  -4.3244 0.3916 11.2265
v  -4.3052 0.4027 11.2197
v  -4.3174 0.3833 11.2293
v  -4.3292 0.3631 11.2158
v  -4.2429 0.4254 11.1647
v  -4.2359 0.4159 11.1679
v  -4.2298 0.4137 11.1787
v  -4.2621 0.3930 11.1937
v  -4.2791 0.3792 11.2021
v  -4.2890 0.3712 11.2069
v  -4.3048 0.3626 11.2139
v  -4.3237 0.3605 11.2207
v  -4.3379 0.3621 11.2252
v  -4.3465 0.3670 11.2274
v  -4.3521 0.3800 11.2265
v  -4.3253 0.3652 11.2274
v  -4.3434 0.3806 11.2320
v  -4.3366 0.3726 11.2338
v  -4.3039 0.3687 11.2234
v  -4.2876 0.3775 11.2181
v  -4.2775 0.3856 11.2136
v  -4.2611 0.3991 11.2040
v  -4.2287 0.4198 11.1888
v  -4.2670 0.4122 11.2076
v  -4.2335 0.4305 11.1923
v  -4.2736 0.4209 11.2043
v  -4.2409 0.4408 11.1891
v  -4.2791 0.4223 11.1939
v  -4.2463 0.4422 11.1789
v  -4.2480 0.4370 11.1681
v  -4.2981 0.3942 11.2233
v  -4.2850 0.4015 11.2179
v  -4.2756 0.4073 11.2128
v  -4.2822 0.4159 11.2091
v  -4.2920 0.4105 11.2142
v  -4.2979 0.4115 11.2022
v  -4.3000 0.4062 11.1909
v  -4.3128 0.3986 11.1971
v  -4.2055 0.4282 11.1377
v  -4.2018 0.4475 11.1399
v  -4.2310 0.4518 11.1111
v  -4.2287 0.4586 11.1251
v  -4.2231 0.4586 11.1378
v  -4.2117 0.4420 11.1418
v  -4.2275 0.4206 11.1439
v  -4.2401 0.4425 11.1442
v  -4.2319 0.4310 11.1476
v  -4.2457 0.4438 11.1336
v  -4.2476 0.4385 11.1223
v  -4.2237 0.4355 11.1066
v  -4.2145 0.4233 11.1111
v  -4.2080 0.4228 11.1250
v  -4.2285 0.4143 11.1334
v  -4.2538 0.4057 11.1544
v  -4.2545 0.3997 11.1451
v  -4.2839 0.3804 11.1586
v  -4.2825 0.3869 11.1701
v  -4.2588 0.4348 11.1398
v  -4.2537 0.4333 11.1491
v  -4.2462 0.4228 11.1521
v  -4.2587 0.4168 11.1577
v  -4.3819 0.3636 11.1950
v  -4.3778 0.3617 11.1857
v  -4.3764 0.3503 11.1959
v  -4.3726 0.3645 11.2010
v  -4.3571 0.3781 11.1838
v  -4.3514 0.3767 11.1948
v  -4.3365 0.3900 11.1746
v  -4.3302 0.3891 11.1874
v  -4.3220 0.3984 11.1681
v  -4.3156 0.3975 11.1812
v  -4.3049 0.4036 11.1756
v  -4.2979 0.3949 11.1798
v  -4.2884 0.4003 11.1741
v  -4.3313 0.3473 11.1809
v  -4.3518 0.3444 11.1885
v  -4.3372 0.3498 11.1708
v  -4.3138 0.3568 11.1733
v  -4.3204 0.3589 11.1611
v  -4.3027 0.3655 11.1679
v  -4.3095 0.3675 11.1554
v  -4.3009 0.3722 11.1807
v  -4.3084 0.3885 11.1854
v  -4.3229 0.3803 11.1913
v  -4.3442 0.3683 11.1980
v  -4.3654 0.3565 11.2030
v  -4.3577 0.3468 11.1830
v  -4.3302 0.3536 11.1916
v  -4.3121 0.3634 11.1857
v  -4.3672 0.3456 11.1935
v  -4.3534 0.3492 11.1958
v  -4.3723 0.3528 11.1829
v  -4.3538 0.3631 11.1701
v  -4.3341 0.3742 11.1583
v  -4.3200 0.3822 11.1514
v  -4.2903 0.3827 11.1474
v  -4.3091 0.3889 11.1471
v  -4.3244 0.3927 11.1556
v  -4.3387 0.3845 11.1624
v  -4.3587 0.3728 11.1736
v  -4.3132 0.3991 11.1512
v  -4.2987 0.3947 11.1439
v  -4.2603 0.4022 11.1354
v  -4.2350 0.4165 11.1221
v  -4.2419 0.4256 11.1183
v  -4.2549 0.4181 11.1269
v  -4.2674 0.4121 11.1324
v  -4.3031 0.4050 11.1476
v  -4.3110 0.4046 11.1632
v  -4.2601 0.4298 11.1303
v  -4.2722 0.4228 11.1357
v  -4.3011 0.4103 11.1588
v  -4.2953 0.4092 11.1703
v  -4.2657 0.4263 11.1546
v  -4.2708 0.4279 11.1451
v  -4.2007 0.4481 11.1431
v  -4.2066 0.4449 11.1459
v  -4.2139 0.4608 11.1500
v  -4.1978 0.4328 11.1500
v  -4.1884 0.4359 11.1455
v  -4.1918 0.4321 11.1625
v  -4.1822 0.4353 11.1586
v  -4.1794 0.4408 11.1718
v  -4.1893 0.4374 11.1749
v  -4.1861 0.4561 11.1768
v  -4.2078 0.4694 11.1453
v  -4.2121 0.4673 11.1627
v  -4.2043 0.4740 11.1588
v  -4.1972 0.4719 11.1717
v  -4.2052 0.4650 11.1750
v  -4.1953 0.4510 11.1790
v  -4.0647 0.5288 11.0854
v  -4.0534 0.5353 11.0817
v  -4.0630 0.5474 11.0759
v  -4.0485 0.5221 11.0756
v  -4.0599 0.5156 11.0791
v  -4.0209 0.5782 11.0481
v  -4.0227 0.5709 11.0347
v  -4.0702 0.5499 11.0631
v  -4.0138 0.5758 11.0609
v  -4.0045 0.5635 11.0658
v  -3.9993 0.5505 11.0607
v  -4.0009 0.5433 11.0477
v  -4.0501 0.5150 11.0628
v  -4.0082 0.5457 11.0345
v  -4.0574 0.5173 11.0494
v  -4.0169 0.5568 11.0295
v  -4.0661 0.5285 11.0445
v  -4.0719 0.5425 11.0497
v  -4.0833 0.5360 11.0531
v  -4.0816 0.5434 11.0666
v  -4.0919 0.5374 11.0697
v  -4.0847 0.5349 11.0825
v  -4.0744 0.5408 11.0793
v  -4.1145 0.5317 11.0742
v  -4.1057 0.5341 11.0985
v  -4.0616 0.5084 11.0662
v  -4.0688 0.5107 11.0529
v  -4.0775 0.5219 11.0479
v  -4.0936 0.5300 11.0563
v  -4.1207 0.5260 11.0517
v  -4.1400 0.5186 11.0850
v  -4.1295 0.5222 11.1140
v  -4.1653 0.5051 11.0958
v  -4.1538 0.5094 11.1273
v  -4.1798 0.4901 11.0466
v  -4.2028 0.4783 11.0706
v  -4.1754 0.4976 11.0642
v  -4.1491 0.5115 11.0585
v  -4.1227 0.5210 11.0394
v  -4.0878 0.5160 11.0511
v  -4.0791 0.5048 11.0561
v  -4.1555 0.5045 11.0430
v  -4.1510 0.4317 11.0749
v  -4.1109 0.4517 11.0787
v  -4.0820 0.4754 11.0737
v  -4.0718 0.5025 11.0693
v  -4.0702 0.5096 11.0823
v  -4.0749 0.5229 11.0888
v  -4.0726 0.4827 11.1100
v  -4.0831 0.5096 11.1178
v  -4.1051 0.4975 11.1383
v  -4.1006 0.5329 11.1103
v  -4.1225 0.5225 11.1310
v  -4.1452 0.5088 11.1453
v  -4.1418 0.4429 11.0989
v  -4.1098 0.4554 11.0862
v  -4.1056 0.4546 11.0944
v  -4.0929 0.4618 11.1332
v  -4.1294 0.4844 11.1523
v  -4.1711 0.4922 11.1592
v  -4.1558 0.4701 11.1650
v  -4.1541 0.4485 11.1630
v  -4.1342 0.4411 11.1218
v  -4.1221 0.4482 11.1496
v  -4.3072 0.4027 11.1057
v  -4.3030 0.3927 11.1023
v  -4.3164 0.3974 11.1089
v  -4.3123 0.3875 11.1053
v  -4.2947 0.3809 11.1055
v  -4.3120 0.3669 11.1126
v  -4.2888 0.3786 11.1157
v  -4.3221 0.3814 11.1091
v  -4.3266 0.3917 11.1129
v  -4.3246 0.3970 11.1242
v  -4.3146 0.4027 11.1197
v  -4.3057 0.4078 11.1158
v  -4.3318 0.3883 11.1416
v  -4.3376 0.3895 11.1301
v  -4.3395 0.3842 11.1190
v  -4.3350 0.3742 11.1154
v  -4.3218 0.3590 11.1179
v  -4.3056 0.3648 11.1240
v  -4.3042 0.3711 11.1355
v  -4.2877 0.3847 11.1260
v  -4.2622 0.3960 11.1033
v  -4.2678 0.3985 11.0941
v  -4.2747 0.4083 11.0912
v  -4.2794 0.4187 11.0944
v  -4.2783 0.4237 11.1035
v  -4.2732 0.4221 11.1126
v  -4.3023 0.3929 11.1347
v  -4.3117 0.3871 11.1398
v  -4.3142 0.3631 11.1401
v  -4.3002 0.4065 11.1262
v  -4.3088 0.4015 11.1311
v  -4.3187 0.3960 11.1360
v  -4.3248 0.3797 11.1452
v  -4.3306 0.3543 11.1454
v  -4.3156 0.3568 11.1288
v  -4.3314 0.3482 11.1358
v  -4.3370 0.3508 11.1266
v  -4.3503 0.3461 11.1427
v  -4.3559 0.3486 11.1377
v  -4.3645 0.3477 11.1472
v  -4.3694 0.3548 11.1377
v  -4.3527 0.3642 11.1259
v  -4.3575 0.3737 11.1291
v  -4.3748 0.3636 11.1401
v  -4.3563 0.3786 11.1384
v  -4.3701 0.3661 11.1540
v  -4.3788 0.3656 11.1485
v  -4.3732 0.3525 11.1493
v  -4.3633 0.3581 11.1557
v  -4.3520 0.3507 11.1492
v  -4.3511 0.3772 11.1484
v  -4.3440 0.3689 11.1513
v  -3.6402 0.8118 10.8605
v  -3.6444 0.7994 10.8391
v  -3.6383 0.7748 10.8320
v  -3.6273 0.7551 10.8414
v  -3.6166 0.7505 10.8638
v  -3.6127 0.7630 10.8844
v  -3.6181 0.7858 10.8916
v  -3.6298 0.8073 10.8821
v  -4.0977 0.5967 11.0640
v  -4.0980 0.5727 11.0324
v  -4.0742 0.5220 11.0200
v  -4.0444 0.4793 11.0314
v  -4.0235 0.4673 11.0626
v  -4.0234 0.4907 11.0931
v  -4.0450 0.5378 11.1055
v  -4.0769 0.5841 11.0941
v  -3.6083 0.8203 10.8163
v  -3.5909 0.8404 10.8294
v  -3.5951 0.8280 10.8080
v  -3.6042 0.8327 10.8377
v  -3.6214 0.8103 10.8249
v  -3.6169 0.8219 10.8464
v  -3.5820 0.8067 10.8687
v  -3.5634 0.7916 10.8534
v  -3.5687 0.8144 10.8604
v  -3.5766 0.7839 10.8616
v  -3.5959 0.7990 10.8772
v  -3.5914 0.7784 10.8700
v  -3.5937 0.8282 10.8592
v  -3.5805 0.8359 10.8509
v  -3.6068 0.8182 10.8679
v  -3.5805 0.7714 10.8409
v  -3.5673 0.7791 10.8327
v  -3.5956 0.7666 10.8493
v  -3.5913 0.7760 10.8186
v  -3.5780 0.7837 10.8104
v  -3.6061 0.7704 10.8270
v  -3.6023 0.7957 10.8092
v  -3.5890 0.8034 10.8010
v  -3.6162 0.7880 10.8178
# 486 vertices

vn -0.7426 -0.0100 0.6697
vn -0.7192 -0.0277 0.6943
vn -0.5099 -0.6618 0.5496
vn -0.5382 0.6800 0.4979
vn 0.0677 -0.9874 0.1433
vn 0.3527 -0.8688 0.3476
vn 0.1914 -0.9483 0.2530
vn 0.0594 -0.9957 0.0713
vn 0.2397 -0.8733 0.4242
vn 0.2116 -0.9393 0.2702
vn 0.5020 -0.8556 0.1264
vn 0.1172 -0.9851 0.1255
vn 0.6641 -0.6872 -0.2946
vn 0.0994 -0.9892 0.1081
vn 0.0829 -0.9933 0.0801
vn -0.4651 -0.7033 0.5376
vn -0.7357 -0.0307 0.6766
vn -0.4873 0.6791 0.5489
vn 0.0890 0.9881 0.1253
vn 0.0253 0.9992 0.0318
vn 0.6151 0.6727 -0.4114
vn 0.9737 -0.0370 0.2248
vn 0.6071 -0.0282 0.7941
vn 0.6664 0.6955 -0.2687
vn 0.6756 0.6544 -0.3397
vn 0.8386 -0.0257 -0.5441
vn 0.8201 -0.0164 -0.5720
vn 0.6677 -0.6421 -0.3766
vn 0.6034 -0.6335 -0.4843
vn 0.8660 -0.0236 -0.4995
vn 0.4226 0.8953 0.1412
vn 0.1603 0.9074 0.3885
vn 0.7404 0.0412 -0.6709
vn 0.7870 0.0101 -0.6169
vn 0.0572 0.9958 0.0721
vn 0.1704 0.9851 0.0225
vn 0.0662 0.9941 0.0860
vn 0.1444 0.9894 0.0155
vn 0.3449 0.9051 0.2487
vn -0.0344 0.9986 -0.0405
vn -0.0229 0.9892 0.1446
vn -0.0474 0.9947 0.0914
vn 0.0520 0.9830 0.1760
vn -0.5032 0.6606 0.5571
vn -0.7615 -0.0177 0.6479
vn -0.4496 -0.7026 0.5515
vn -0.4061 -0.7144 0.5698
vn -0.8260 -0.5266 -0.2011
vn -0.5906 -0.7443 -0.3118
vn -0.2049 -0.9731 0.1051
vn -0.4037 -0.8344 0.3752
vn -0.6928 -0.2749 0.6667
vn -0.4626 -0.7020 0.5415
vn -0.9878 0.0548 0.1455
vn -0.8341 -0.0151 0.5514
vn -0.4615 0.2402 0.8540
vn -0.5603 0.6950 0.4507
vn -0.5452 0.6698 0.5041
vn -0.8364 -0.5370 0.1097
vn -0.2212 -0.9223 -0.3168
vn -0.8439 -0.5352 -0.0370
vn -0.9603 0.1384 0.2421
vn -0.9473 0.1257 0.2946
vn -0.5832 0.7184 0.3792
vn -0.5059 0.6818 0.5285
vn 0.2194 0.8970 0.3838
vn 0.1525 0.9100 0.3855
vn 0.8822 0.4533 -0.1276
vn 0.4429 0.2052 -0.8728
vn -0.3002 -0.2882 0.9093
vn -0.2729 -0.7955 0.5410
vn -0.8780 -0.4356 0.1983
vn -0.9515 0.1459 -0.2708
vn 0.1881 0.9425 0.2761
vn 0.8683 0.4285 0.2500
vn 0.8454 0.5322 0.0447
vn 0.2064 0.9406 0.2697
vn -0.5632 0.7369 0.3739
vn -0.5310 0.7689 0.3561
vn -0.9660 0.1381 0.2187
vn 0.8157 0.5711 -0.0918
vn 0.2042 0.9444 0.2576
vn -0.6445 0.7631 -0.0471
vn -0.9575 -0.0314 -0.2867
vn -0.9545 0.1339 0.2664
vn -0.7435 -0.5880 0.3186
vn -0.1714 -0.9810 0.0914
vn 0.6162 -0.7868 0.0335
vn 0.9731 -0.2169 0.0781
vn 0.9779 -0.1424 -0.1533
vn 0.9135 -0.0920 -0.3963
vn 0.7829 0.6150 -0.0942
vn 0.2078 0.9403 0.2697
vn 0.6122 -0.7265 -0.3121
vn -0.1733 -0.9810 -0.0869
vn -0.5613 0.7258 0.3978
vn -0.1230 0.9626 0.2413
vn -0.8851 0.0796 0.4586
vn -0.4932 0.7111 0.5011
vn -0.8906 0.0961 0.4446
vn -0.4545 0.5844 0.6722
vn -0.5020 0.7541 0.4234
vn 0.2085 0.9394 0.2722
vn -0.5018 0.7693 0.3955
vn 0.7842 0.6190 -0.0431
vn 0.8999 -0.0895 -0.4269
vn 0.4988 -0.7062 -0.5026
vn 0.4947 -0.7077 -0.5044
vn -0.9351 0.1113 0.3364
vn 0.7963 0.6046 -0.0193
vn 0.9259 -0.0923 -0.3663
vn 0.9425 -0.1163 -0.3132
vn 0.9725 -0.1287 -0.1942
vn 0.8247 0.5630 0.0529
vn 0.2150 0.9308 0.2957
vn 0.3317 0.5977 0.7299
vn 0.8737 0.4183 0.2483
vn -0.9502 0.1357 0.2807
vn -0.8430 -0.5363 -0.0412
vn -0.2499 -0.8721 -0.4206
vn 0.5243 -0.7821 -0.3368
vn 0.8910 -0.3552 0.2826
vn 0.2728 -0.4395 0.8558
vn -0.5934 -0.1961 0.7807
vn -0.7816 -0.6131 0.1147
vn -0.1969 -0.9526 -0.2317
vn -0.6116 -0.7058 0.3574
vn -0.0522 -0.9760 0.2114
vn 0.5219 -0.8522 -0.0367
vn -0.2679 -0.9295 0.2534
vn -0.0084 -0.9995 -0.0291
vn -0.2897 -0.9348 0.2056
vn -0.0358 -0.9992 0.0193
vn 0.4658 -0.7089 -0.5296
vn -0.2560 -0.9289 0.2675
vn 0.6718 -0.0032 -0.7407
vn 0.4597 0.7254 -0.5123
vn 0.4812 0.6863 -0.5454
vn 0.6684 -0.0144 -0.7437
vn 0.4746 -0.6932 -0.5424
vn -0.0182 -0.9986 -0.0494
vn -0.0155 -0.9974 -0.0700
vn -0.3596 -0.9227 0.1391
vn -0.0446 -0.9949 -0.0907
vn -0.0639 -0.9893 -0.1314
vn 0.6061 -0.6281 -0.4880
vn 0.6076 -0.6202 -0.4961
vn 0.8287 -0.0100 -0.5596
vn 0.8218 -0.0104 -0.5696
vn 0.6133 0.6175 -0.4925
vn 0.5799 0.6749 -0.4564
vn -0.0461 0.9946 -0.0932
vn 0.4922 -0.6941 -0.5253
vn -0.1361 -0.9824 -0.1282
vn -0.4647 -0.8749 0.1366
vn -0.5344 -0.8341 0.1365
vn -0.6350 0.6805 0.3658
vn -0.0645 0.9889 -0.1336
vn 0.6153 0.6092 -0.5002
vn 0.6996 -0.0131 -0.7144
vn 0.5501 -0.6887 -0.4723
vn 0.5727 -0.6846 -0.4508
vn 0.8212 -0.0127 -0.5705
vn 0.5565 0.6791 -0.4788
vn -0.0176 0.9972 -0.0723
vn 0.4971 0.6847 -0.5330
vn -0.0209 0.9984 -0.0524
vn -0.0118 0.9995 -0.0291
vn -0.5571 0.7091 0.4322
vn -0.5116 0.7001 0.4981
vn 0.7811 -0.0129 -0.6243
vn -0.8302 -0.0125 0.5573
vn -0.7742 -0.0135 0.6327
vn -0.7038 -0.0122 0.7103
vn -0.1375 0.9820 -0.1297
vn -0.7173 0.6175 0.3228
vn -0.8788 -0.0104 0.4771
vn -0.7842 -0.3376 0.5207
vn -0.7241 -0.3628 0.5866
vn -0.6573 -0.3590 0.6626
vn -0.6388 -0.3426 0.6889
vn -0.6835 0.0452 0.7286
vn -0.4899 0.7078 0.5089
vn -0.0300 0.9995 0.0113
vn -0.7717 0.5634 0.2952
vn -0.9090 -0.0093 0.4166
vn -0.8476 -0.2753 0.4537
vn -0.8853 -0.2333 0.4022
vn -0.5697 0.7055 0.4216
vn -0.5854 0.7121 0.3875
vn -0.0122 0.9999 -0.0060
vn -0.8180 0.0376 0.5740
vn -0.8375 0.0531 0.5439
vn -0.6568 -0.6357 0.4056
vn -0.6626 -0.6392 0.3904
vn -0.7989 0.0554 0.5989
vn -0.5972 -0.6497 0.4704
vn -0.7485 0.0603 0.6604
vn -0.4824 -0.6302 0.6083
vn -0.6996 0.0302 0.7139
vn -0.3954 -0.1458 0.9069
vn -0.5352 0.6686 0.5163
vn -0.3875 0.4951 0.7776
vn 0.0023 0.9997 0.0241
vn 0.0001 0.9999 0.0130
vn 0.6179 0.6900 -0.3768
vn 0.5707 0.7223 -0.3905
vn 0.8665 0.0386 -0.4976
vn -0.2673 -0.6103 0.7457
vn -0.7782 -0.0134 0.6279
vn -0.6017 -0.6563 0.4553
vn -0.0164 -0.9991 -0.0380
vn -0.0643 -0.9944 -0.0837
vn -0.0885 -0.9899 -0.1111
vn -0.0292 -0.9990 -0.0325
vn 0.1146 -0.9806 0.1593
vn 0.2808 -0.8773 0.3892
vn 0.4327 -0.6751 0.5976
vn 0.5826 -0.2057 0.7863
vn 0.3984 0.7202 0.5680
vn 0.7745 -0.6307 -0.0488
vn 0.8388 0.5259 -0.1409
vn 0.9810 -0.1403 -0.1338
vn 0.7032 -0.6421 -0.3052
vn 0.6006 -0.6583 -0.4539
vn 0.5402 -0.6469 -0.5383
vn 0.5522 -0.6394 -0.5350
vn 0.5865 -0.6499 -0.4834
vn 0.7539 0.0408 -0.6557
vn 0.7907 -0.0112 -0.6121
vn 0.5394 0.7150 -0.4447
vn 0.5800 0.6918 -0.4302
vn 0.0035 0.9999 0.0126
vn 0.0172 0.9997 0.0163
vn -0.5571 0.6907 0.4611
vn 0.8284 0.0663 -0.5562
vn 0.7799 0.0595 -0.6231
vn 0.7359 0.0567 -0.6747
vn 0.5136 0.7241 -0.4604
vn 0.5353 0.7287 -0.4271
vn -0.0096 1.0000 -0.0011
vn -0.5599 0.7152 0.4183
vn -0.5357 0.7061 0.4631
vn 0.6431 -0.7237 -0.2504
vn 0.6547 -0.7047 -0.2734
vn 0.0945 -0.9892 0.1117
vn 0.9016 -0.0376 -0.4309
vn -0.4441 0.6381 0.6290
vn -0.3300 0.7117 0.6201
vn -0.7034 -0.0439 0.7094
vn 0.1133 0.9670 0.2282
vn 0.1633 0.9577 0.2369
vn 0.6918 0.6874 -0.2212
vn 0.6998 0.6883 -0.1913
vn 0.8869 -0.0256 -0.4612
vn 0.6701 -0.6488 -0.3605
vn 0.6772 0.6614 -0.3225
vn 0.8560 -0.0273 -0.5163
vn 0.0882 0.9887 0.1212
vn -0.4711 0.6833 0.5578
vn -0.7018 -0.0324 0.7116
vn -0.4175 -0.7276 0.5444
vn -0.4181 -0.7456 0.5190
vn 0.0902 -0.9890 0.1170
vn 0.0589 -0.9956 0.0732
vn 0.5940 -0.6407 -0.4865
vn -0.0061 -0.9996 -0.0263
vn -0.0633 -0.9942 -0.0875
vn 0.5270 -0.6556 -0.5407
vn 0.0222 0.9994 0.0274
vn 0.6094 0.6762 -0.4140
vn 0.8175 -0.0074 -0.5759
vn 0.7697 0.0095 -0.6384
vn 0.3989 0.7187 0.5695
vn -0.3789 0.5124 0.7706
vn 0.5816 -0.2158 0.7843
vn 0.8292 0.5426 -0.1342
vn 0.0020 0.9997 0.0224
vn 0.6041 0.7071 -0.3676
vn 0.0001 0.9999 0.0121
vn 0.5563 0.7389 -0.3803
vn -0.0089 1.0000 -0.0010
vn 0.5215 0.7451 -0.4159
vn 0.4999 0.7410 -0.4484
vn 0.7356 0.0601 -0.6747
vn 0.7336 0.0445 -0.6781
vn 0.1070 -0.9830 0.1490
vn 0.2640 -0.8921 0.3667
vn -0.4767 -0.6478 0.5943
vn -0.0270 -0.9992 -0.0300
vn -0.5855 -0.6652 0.4634
vn -0.0817 -0.9914 -0.1026
vn -0.6480 -0.6569 0.3854
vn 0.5313 -0.6648 -0.5251
vn 0.7796 0.0636 -0.6231
vn 0.8281 0.0708 -0.5560
vn 0.8665 0.0411 -0.4975
vn 0.9793 -0.1505 -0.1353
vn -0.2615 -0.6393 0.7232
vn 0.6877 -0.6597 -0.3032
vn 0.5904 -0.6740 -0.4440
vn 0.4182 -0.7004 0.5785
vn 0.7502 -0.6593 -0.0494
vn -0.3961 -0.1569 0.9047
vn -0.6995 0.0321 0.7139
vn -0.7483 0.0645 0.6602
vn -0.7988 0.0593 0.5986
vn -0.6580 -0.6482 0.3832
vn -0.8375 0.0564 0.5436
vn -0.5460 0.7316 0.4083
vn -0.5227 0.7227 0.4522
vn -0.5233 0.6857 0.5059
vn -0.5708 0.7291 0.3776
vn -0.8384 0.0418 0.5434
vn -0.6184 -0.6420 0.4532
vn -0.4984 -0.6805 0.5371
vn -0.6960 -0.0280 0.7175
vn -0.7483 0.0009 0.6634
vn -0.8049 0.0114 0.5932
vn -0.5774 0.7185 0.3877
vn -0.0113 0.9999 -0.0055
vn -0.5429 0.6820 0.4899
vn -0.5886 0.6820 0.4342
vn -0.0082 1.0000 -0.0022
vn 0.5106 0.7290 -0.4558
vn 0.5639 0.6870 -0.4583
vn -0.0006 1.0000 -0.0005
vn -0.7559 -0.0423 0.6533
vn -0.7671 -0.0286 0.6409
vn -0.4912 0.6176 0.6142
vn -0.4840 -0.7009 0.5239
vn -0.4019 -0.7453 0.5320
vn 0.0926 -0.9900 0.1067
vn 0.1119 -0.9829 0.1461
vn 0.6398 -0.7244 -0.2568
vn 0.6450 -0.7024 -0.3009
vn 0.8749 -0.0141 -0.4841
vn -0.3276 0.7218 0.6097
vn 0.1407 0.9843 0.1066
vn 0.1854 0.9788 0.0865
vn 0.6703 0.6794 -0.2983
vn 0.6743 0.6514 -0.3479
vn 0.8597 -0.0102 -0.5107
vn 0.6438 -0.6588 -0.3891
vn 0.0747 -0.9958 0.0532
vn -0.5373 -0.6556 0.5305
vn -0.7554 -0.0068 0.6552
vn -0.5308 0.6796 0.5063
vn 0.0597 0.9960 0.0659
vn 0.6260 0.6807 -0.3805
vn 0.8357 -0.0068 -0.5492
vn 0.8496 -0.0168 -0.5271
vn 0.8514 -0.0161 -0.5243
vn 0.6021 0.7097 -0.3658
vn 0.5891 -0.7251 -0.3565
vn 0.5848 -0.7299 -0.3538
vn 0.0280 0.9994 -0.0181
vn -0.6056 0.7076 0.3641
vn 0.0050 1.0000 -0.0043
vn 0.6256 0.6777 -0.3863
vn 0.8476 -0.0129 -0.5305
vn 0.6153 -0.6911 -0.3791
vn 0.0284 -0.9995 -0.0159
vn 0.0060 -1.0000 -0.0023
vn -0.5936 -0.7205 0.3586
vn -0.6056 -0.7067 0.3657
vn -0.8564 -0.0137 0.5161
vn -0.8564 -0.0132 0.5161
vn -0.6178 0.6930 0.3715
vn -0.6179 0.6929 0.3716
vn 0.0049 1.0000 -0.0043
vn -0.1299 0.9756 -0.1770
vn 0.3148 0.7286 -0.6084
vn 0.5985 0.7139 -0.3634
vn -0.0994 0.9873 -0.1240
vn 0.0074 0.9502 -0.3115
vn -0.6055 -0.7068 0.3657
vn -0.7416 0.6706 0.0185
vn -0.3020 0.9475 -0.1048
vn -0.0291 0.9990 -0.0339
vn 0.0562 0.9901 -0.1290
vn 0.0108 0.9998 0.0144
vn 0.1185 0.9906 -0.0679
vn -0.5553 0.6979 0.4523
vn -0.0262 0.9866 0.1612
vn -0.1055 0.9905 0.0885
vn -0.1443 0.9893 0.0224
vn -0.7006 0.6963 -0.1560
vn -0.9972 -0.0031 0.0743
vn -0.7682 -0.6382 -0.0509
vn -0.1957 0.9782 0.0690
vn 0.2359 -0.9406 0.2442
vn 0.1387 -0.9827 -0.1228
vn -0.2768 -0.8892 -0.3644
vn -0.2120 -0.9317 -0.2950
vn 0.2319 -0.7007 -0.6747
vn 0.5041 -0.0022 -0.8637
vn 0.0890 -0.6855 -0.7227
vn 0.3693 -0.0310 -0.9288
vn 0.6421 0.0101 -0.7666
vn 0.2395 0.6700 -0.7027
vn 0.4269 0.7173 -0.5507
vn 0.5340 0.7140 -0.4528
vn 0.1450 -0.9689 0.2003
vn 0.0313 -0.9995 0.0085
vn -0.1192 -0.9909 0.0622
vn 0.3846 -0.7729 -0.5046
vn 0.7507 0.0222 -0.6602
vn 0.5685 0.7371 -0.3654
vn 0.7996 0.0096 -0.6004
vn 0.5810 0.6903 -0.4312
vn 0.8196 0.0180 -0.5727
vn 0.6634 -0.7090 -0.2391
vn 0.6707 -0.6864 -0.2812
vn 0.0764 -0.9868 0.1429
vn 0.2447 -0.8629 0.4421
vn 0.1272 -0.9541 0.2711
vn 0.3161 -0.8708 0.3766
vn 0.5915 -0.7699 -0.2394
vn 0.0212 0.9904 -0.1364
vn 0.3119 0.8840 0.3483
vn 0.6105 -0.0286 0.7915
vn 0.6084 -0.0283 0.7931
vn -0.5865 0.7031 0.4021
vn -0.8336 0.0385 0.5511
vn -0.8375 0.0531 0.5438
vn -0.6695 -0.6304 0.3929
vn -0.0685 -0.9937 -0.0886
vn -0.5599 0.7152 0.4184
vn -0.0075 1.0000 -0.0006
vn 0.0002 0.9999 0.0130
vn 0.5450 -0.6355 -0.5469
vn -0.0119 -0.9996 -0.0275
vn -0.6131 -0.6383 0.4655
vn -0.7883 0.0121 0.6152
vn -0.5835 0.6782 0.4468
vn -0.0004 1.0000 0.0002
vn 0.5757 0.6828 -0.4498
vn 0.5273 0.7139 -0.4608
vn -0.5351 0.6686 0.5163
vn -0.3875 0.4951 0.7777
vn -0.2444 0.9347 0.2580
vn -0.6418 0.3593 0.6775
vn -0.6464 -0.3414 0.6824
vn -0.2549 -0.9288 0.2691
vn 0.2584 -0.9267 -0.2728
vn 0.6351 -0.3836 -0.6705
vn 0.6525 0.3159 -0.6888
vn 0.2569 0.9276 -0.2712
vn 0.6086 -0.0000 0.7934
vn 0.6086 0.0000 0.7934
vn 0.6086 0.0000 0.7935
vn 0.6086 -0.0000 0.7935
vn -0.5402 0.0120 0.8414
vn -0.2059 -0.5453 0.8125
vn -0.2905 -0.5273 0.7985
vn 0.3637 -0.7728 0.5200
vn 0.4206 -0.7349 0.5320
vn 0.8635 -0.4919 0.1117
vn 0.8537 -0.5150 0.0770
vn 0.9926 0.0104 -0.1213
vn 0.9897 0.0068 -0.1427
vn 0.8457 0.5261 0.0893
vn 0.8587 0.4981 0.1204
vn 0.3656 0.7713 0.5210
vn 0.4209 0.7341 0.5328
vn -0.1939 0.5516 0.8112
vn -0.2733 0.5399 0.7961
vn -0.5615 0.0066 0.8275
vn -0.2172 0.9327 0.2880
vn -0.2524 0.9350 0.2490
vn -0.2003 0.9349 0.2930
vn -0.2145 0.9418 0.2587
vn -0.2138 0.9426 0.2565
vn -0.2955 0.9388 0.1770
vn -0.3136 0.9328 0.1775
vn 0.6611 -0.3803 -0.6468
vn 0.6584 -0.3807 -0.6493
vn 0.6690 -0.3887 -0.6335
vn 0.6570 -0.4030 -0.6371
vn 0.6603 -0.4056 -0.6320
vn 0.6307 -0.3974 -0.6665
vn 0.6265 -0.3845 -0.6780
vn 0.6858 0.3254 -0.6510
vn 0.6740 0.3221 -0.6648
vn 0.6769 0.3349 -0.6554
vn 0.6668 0.3434 -0.6614
vn 0.6573 0.3440 -0.6705
vn 0.6557 0.3325 -0.6779
vn 0.6682 0.3204 -0.6714
vn 0.3031 0.9308 -0.2043
vn 0.2643 0.9285 -0.2607
vn 0.2987 0.9348 -0.1920
vn 0.2662 0.9386 -0.2195
vn 0.2457 0.9380 -0.2445
vn 0.2019 0.9250 -0.3219
vn 0.2200 0.9210 -0.3216
vn 0.2670 -0.9270 -0.2633
vn 0.3228 -0.9254 -0.1987
vn 0.3123 -0.9298 -0.1950
vn 0.2724 -0.9359 -0.2234
vn 0.2567 -0.9371 -0.2364
vn 0.1925 -0.9264 -0.3235
vn 0.2107 -0.9222 -0.3243
vn -0.2623 -0.9297 0.2587
vn -0.2269 -0.9241 0.3076
vn -0.2017 -0.9246 0.3233
vn -0.2175 -0.9338 0.2842
vn -0.2251 -0.9367 0.2682
vn -0.3051 -0.9368 0.1710
vn -0.3218 -0.9313 0.1709
vn -0.6676 -0.3476 0.6584
vn -0.6666 -0.3473 0.6596
vn -0.6531 -0.3552 0.6688
vn -0.6502 -0.3678 0.6648
vn -0.6458 -0.3704 0.6677
vn -0.6693 -0.3635 0.6480
vn -0.6805 -0.3512 0.6431
vn -0.6653 0.3562 0.6561
vn -0.6529 0.3579 0.6675
vn -0.6582 0.3670 0.6573
vn -0.6565 0.3782 0.6526
vn -0.6617 0.3801 0.6463
vn -0.6601 0.3705 0.6534
vn -0.6542 0.3577 0.6664
# 525 vertex normals

vt 0.2240 0.9040 0.0000
vt 0.2131 0.9034 0.0000
vt 0.2131 0.9067 0.0000
vt 0.2240 0.9072 0.0000
vt 0.1752 0.9755 0.0000
vt 0.1848 0.9571 0.0000
vt 0.1657 0.9459 0.0000
vt 0.1848 0.9457 0.0000
vt 0.1848 0.9344 0.0000
vt 0.1698 0.9209 0.0000
vt 0.1848 0.9261 0.0000
vt 0.1848 0.9162 0.0000
vt 0.1938 0.9258 0.0000
vt 0.1938 0.9162 0.0000
vt 0.2131 0.9160 0.0000
vt 0.1938 0.9065 0.0000
vt 0.1938 0.9025 0.0000
vt 0.2132 0.9067 0.0000
vt 0.2132 0.9160 0.0000
vt 0.2240 0.9163 0.0000
vt 0.2240 0.9253 0.0000
vt 0.1884 0.9287 0.0000
vt 0.1884 0.9310 0.0000
vt 0.1937 0.9257 0.0000
vt 0.2132 0.9253 0.0000
vt 0.2131 0.9284 0.0000
vt 0.2240 0.9284 0.0000
vt 0.2131 0.9253 0.0000
vt 0.2334 0.9252 0.0000
vt 0.1963 0.9286 0.0000
vt 0.1847 0.9258 0.0000
vt 0.1847 0.9343 0.0000
vt 0.2577 0.9268 0.0000
vt 0.2334 0.9283 0.0000
vt 0.1724 0.9459 0.0000
vt 0.1600 0.9729 0.0000
vt 0.1600 0.9460 0.0000
vt 0.1724 0.9748 0.0000
vt 0.1848 0.9572 0.0000
vt 0.1847 0.9458 0.0000
vt 0.1724 0.9161 0.0000
vt 0.1847 0.9159 0.0000
vt 0.1937 0.9159 0.0000
vt 0.1937 0.9062 0.0000
vt 0.1848 0.9021 0.0000
vt 0.1848 0.9064 0.0000
vt 0.1644 0.9059 0.0000
vt 0.1134 0.9072 0.0000
vt 0.0962 0.9251 0.0000
vt 0.1214 0.9165 0.0000
vt 0.1260 0.9051 0.0000
vt 0.1387 0.9029 0.0000
vt 0.1466 0.9078 0.0000
vt 0.1429 0.9024 0.0000
vt 0.1600 0.9017 0.0000
vt 0.1387 0.9038 0.0000
vt 0.1600 0.9063 0.0000
vt 0.1847 0.9060 0.0000
vt 0.1165 0.8723 0.0000
vt 0.1264 0.8579 0.0000
vt 0.1171 0.8579 0.0000
vt 0.1134 0.8723 0.0000
vt 0.1127 0.8794 0.0000
vt 0.1160 0.8793 0.0000
vt 0.1153 0.8874 0.0000
vt 0.1261 0.8874 0.0000
vt 0.1261 0.9003 0.0000
vt 0.1382 0.8991 0.0000
vt 0.1422 0.8981 0.0000
vt 0.1382 0.8985 0.0000
vt 0.1261 0.9000 0.0000
vt 0.1139 0.9015 0.0000
vt 0.1092 0.9072 0.0000
vt 0.1262 0.8793 0.0000
vt 0.1370 0.8874 0.0000
vt 0.1364 0.8793 0.0000
vt 0.1263 0.8723 0.0000
vt 0.1142 0.8579 0.0000
vt 0.1360 0.8723 0.0000
vt 0.0963 0.9193 0.0000
vt 0.1099 0.9015 0.0000
vt 0.1406 0.8874 0.0000
vt 0.1398 0.8794 0.0000
vt 0.1393 0.8723 0.0000
vt 0.1356 0.8579 0.0000
vt 0.1264 0.8521 0.0000
vt 0.1260 0.9055 0.0000
vt 0.1117 0.8874 0.0000
vt 0.1183 0.8356 0.0000
vt 0.1159 0.8351 0.0000
vt 0.1203 0.8225 0.0000
vt 0.1168 0.8457 0.0000
vt 0.1264 0.8457 0.0000
vt 0.1164 0.8521 0.0000
vt 0.1364 0.8521 0.0000
vt 0.1388 0.8579 0.0000
vt 0.1359 0.8458 0.0000
vt 0.1138 0.8457 0.0000
vt 0.1361 0.8457 0.0000
vt 0.1398 0.8521 0.0000
vt 0.1393 0.8457 0.0000
vt 0.1374 0.8351 0.0000
vt 0.1347 0.8356 0.0000
vt 0.1265 0.8356 0.0000
vt 0.1266 0.8225 0.0000
vt 0.1328 0.8225 0.0000
vt 0.1132 0.8521 0.0000
vt 0.1169 0.8458 0.0000
vt 0.1264 0.8458 0.0000
vt 0.1345 0.8394 0.0000
vt 0.1349 0.8213 0.0000
vt 0.1271 0.8213 0.0000
vt 0.1186 0.8213 0.0000
vt 0.1185 0.8394 0.0000
vt 0.1265 0.8394 0.0000
vt 0.1206 0.8312 0.0000
vt 0.1266 0.8312 0.0000
vt 0.1326 0.8312 0.0000
vt 0.1585 0.6085 0.0000
vt 0.1585 0.6258 0.0000
vt 0.1649 0.6085 0.0000
vt 0.1544 0.6258 0.0000
vt 0.1544 0.6425 0.0000
vt 0.1544 0.6085 0.0000
vt 0.1544 0.6567 0.0000
vt 0.1544 0.6764 0.0000
vt 0.1585 0.6764 0.0000
vt 0.1585 0.6567 0.0000
vt 0.1585 0.6425 0.0000
vt 0.1649 0.6258 0.0000
vt 0.1669 0.6258 0.0000
vt 0.1684 0.6085 0.0000
vt 0.1684 0.6258 0.0000
vt 0.1730 0.6258 0.0000
vt 0.1730 0.6425 0.0000
vt 0.1790 0.6425 0.0000
vt 0.1790 0.6567 0.0000
vt 0.1730 0.6567 0.0000
vt 0.1730 0.6764 0.0000
vt 0.1684 0.6764 0.0000
vt 0.1684 0.6931 0.0000
vt 0.1649 0.6425 0.0000
vt 0.1790 0.6258 0.0000
vt 0.1730 0.6085 0.0000
vt 0.1790 0.6085 0.0000
vt 0.1684 0.7104 0.0000
vt 0.1730 0.6931 0.0000
vt 0.1790 0.6764 0.0000
vt 0.1649 0.6567 0.0000
vt 0.1669 0.6425 0.0000
vt 0.1684 0.6425 0.0000
vt 0.1684 0.6567 0.0000
vt 0.1669 0.6764 0.0000
vt 0.1669 0.6931 0.0000
vt 0.1649 0.6764 0.0000
vt 0.1649 0.6931 0.0000
vt 0.1585 0.6931 0.0000
vt 0.1649 0.7104 0.0000
vt 0.1585 0.7104 0.0000
vt 0.1669 0.6567 0.0000
vt 0.1684 0.7301 0.0000
vt 0.1649 0.7301 0.0000
vt 0.1585 0.7301 0.0000
vt 0.1790 0.6931 0.0000
vt 0.1730 0.7104 0.0000
vt 0.1730 0.7301 0.0000
vt 0.1684 0.7444 0.0000
vt 0.1649 0.7444 0.0000
vt 0.1585 0.7444 0.0000
vt 0.1544 0.7444 0.0000
vt 0.1544 0.7301 0.0000
vt 0.1544 0.7104 0.0000
vt 0.1544 0.6931 0.0000
vt 0.1790 0.7104 0.0000
vt 0.1790 0.7301 0.0000
vt 0.1730 0.7444 0.0000
vt 0.1790 0.7444 0.0000
vt 0.2578 0.9087 0.0000
vt 0.2655 0.9081 0.0000
vt 0.2655 0.9164 0.0000
vt 0.2577 0.9062 0.0000
vt 0.2655 0.9054 0.0000
vt 0.2577 0.9087 0.0000
vt 0.2740 0.9085 0.0000
vt 0.2740 0.9059 0.0000
vt 0.2773 0.9092 0.0000
vt 0.2797 0.9068 0.0000
vt 0.2822 0.9101 0.0000
vt 0.2877 0.9079 0.0000
vt 0.3013 0.9099 0.0000
vt 0.2881 0.9099 0.0000
vt 0.3021 0.9114 0.0000
vt 0.2881 0.9142 0.0000
vt 0.2799 0.9165 0.0000
vt 0.2881 0.9232 0.0000
vt 0.2799 0.9240 0.0000
vt 0.2877 0.9254 0.0000
vt 0.2904 0.9116 0.0000
vt 0.2334 0.9045 0.0000
vt 0.2334 0.9074 0.0000
vt 0.2334 0.9163 0.0000
vt 0.2577 0.9164 0.0000
vt 0.2740 0.9165 0.0000
vt 0.2773 0.9165 0.0000
vt 0.2822 0.9165 0.0000
vt 0.2904 0.9181 0.0000
vt 0.2958 0.9165 0.0000
vt 0.3013 0.9149 0.0000
vt 0.3021 0.9166 0.0000
vt 0.2904 0.9216 0.0000
vt 0.3021 0.9218 0.0000
vt 0.3013 0.9236 0.0000
vt 0.2822 0.9230 0.0000
vt 0.2773 0.9238 0.0000
vt 0.2740 0.9244 0.0000
vt 0.2577 0.9241 0.0000
vt 0.2578 0.9241 0.0000
vt 0.2335 0.9252 0.0000
vt 0.2578 0.9164 0.0000
vt 0.2335 0.9163 0.0000
vt 0.2335 0.9074 0.0000
vt 0.2797 0.9265 0.0000
vt 0.2740 0.9272 0.0000
vt 0.2655 0.9276 0.0000
vt 0.2655 0.9248 0.0000
vt 0.2741 0.9245 0.0000
vt 0.2741 0.9165 0.0000
vt 0.2741 0.9084 0.0000
vt 0.2799 0.9090 0.0000
vt 0.0715 0.9692 0.0000
vt 0.0618 0.9701 0.0000
vt 0.0618 0.9655 0.0000
vt 0.0716 0.9644 0.0000
vt 0.0197 0.9603 0.0000
vt 0.0197 0.9499 0.0000
vt 0.0618 0.9555 0.0000
vt 0.0197 0.9702 0.0000
vt 0.0197 0.9741 0.0000
vt 0.0618 0.9452 0.0000
vt 0.0197 0.9460 0.0000
vt 0.0618 0.9413 0.0000
vt 0.0716 0.9441 0.0000
vt 0.0716 0.9544 0.0000
vt 0.0803 0.9534 0.0000
vt 0.0803 0.9634 0.0000
vt 0.0957 0.9468 0.0000
vt 0.0962 0.9611 0.0000
vt 0.0716 0.9402 0.0000
vt 0.0803 0.9431 0.0000
vt 0.0966 0.9352 0.0000
vt 0.1173 0.9465 0.0000
vt 0.1175 0.9628 0.0000
vt 0.1388 0.9463 0.0000
vt 0.1388 0.9645 0.0000
vt 0.1394 0.9090 0.0000
vt 0.1600 0.9166 0.0000
vt 0.1391 0.9277 0.0000
vt 0.1179 0.9314 0.0000
vt 0.0975 0.9237 0.0000
vt 0.0803 0.9392 0.0000
vt 0.1184 0.9163 0.0000
vt 0.1466 0.9269 0.0000
vt 0.1211 0.9369 0.0000
vt 0.0803 0.9683 0.0000
vt 0.0963 0.9760 0.0000
vt 0.0963 0.9814 0.0000
vt 0.1179 0.9847 0.0000
vt 0.0967 0.9753 0.0000
vt 0.1177 0.9791 0.0000
vt 0.1388 0.9828 0.0000
vt 0.1466 0.9460 0.0000
vt 0.1211 0.9464 0.0000
vt 0.1212 0.9558 0.0000
vt 0.1215 0.9797 0.0000
vt 0.1396 0.9880 0.0000
vt 0.1600 0.9847 0.0000
vt 0.1600 0.9892 0.0000
vt 0.1847 0.9849 0.0000
vt 0.1848 0.9891 0.0000
vt 0.1657 0.9857 0.0000
vt 0.1848 0.9852 0.0000
vt 0.1848 0.9752 0.0000
vt 0.1848 0.9653 0.0000
vt 0.1466 0.9647 0.0000
vt 0.1657 0.9723 0.0000
vt 0.1466 0.9834 0.0000
vt 0.1847 0.9749 0.0000
vt 0.1848 0.9649 0.0000
vt 0.1884 0.9601 0.0000
vt 0.1884 0.9625 0.0000
vt 0.0637 0.1222 0.0000
vt 0.0637 0.0869 0.0000
vt 0.0283 0.1222 0.0000
vt 0.0283 0.0869 0.0000
vt 0.0996 0.7444 0.0000
vt 0.2355 0.7444 0.0000
vt 0.0996 0.6085 0.0000
vt 0.2355 0.6085 0.0000
vt 0.5774 0.8584 0.0000
vt 0.5688 0.8204 0.0000
vt 0.5605 0.8469 0.0000
vt 0.5511 0.8430 0.0000
vt 0.5467 0.8061 0.0000
vt 0.5239 0.8204 0.0000
vt 0.5414 0.8469 0.0000
vt 0.5152 0.8584 0.0000
vt 0.5377 0.8572 0.0000
vt 0.5414 0.8666 0.0000
vt 0.5239 0.8935 0.0000
vt 0.5511 0.8704 0.0000
vt 0.5467 0.9074 0.0000
vt 0.5688 0.8935 0.0000
vt 0.5605 0.8666 0.0000
vt 0.5641 0.8572 0.0000
vt 0.0283 0.0963 0.0000
vt 0.0637 0.0963 0.0000
vt 0.0283 0.1060 0.0000
vt 0.0637 0.1060 0.0000
# 318 texture coords

o Brazo_izD
g Brazo_izD
usemtl peluches_10___Default
s 1
f 1406/991/1967 1407/992/1968 1408/993/1969 
f 1406/991/1967 1409/994/1970 1407/992/1968 
f 1410/995/1971 1411/996/1972 1412/997/1973 
f 1412/997/1973 1411/996/1972 1413/998/1974 
f 1412/997/1973 1413/998/1974 1414/999/1975 
f 1414/999/1975 1415/1000/1976 1412/997/1973 
f 1414/999/1975 1416/1001/1977 1415/1000/1976 
f 1415/1000/1976 1416/1001/1977 1417/1002/1978 
f 1418/1003/1979 1417/1002/1978 1416/1001/1977 
f 1419/1004/1980 1417/1002/1978 1418/1003/1979 
f 1419/1004/1980 1418/1003/1979 1420/1005/1981 
f 1420/1005/1981 1421/1006/1982 1419/1004/1980 
f 1420/1005/1981 1408/993/1969 1421/1006/1982 
f 1408/993/1969 1422/1007/1983 1421/1006/1982 
f 1408/993/1969 1407/992/1968 1422/1007/1983 
f 1407/992/1968 1423/1008/1984 1422/1007/1983 
f 1409/994/1970 1423/1008/1984 1407/992/1968 
f 1409/994/1970 1424/1009/1985 1423/1008/1984 
f 1409/994/1970 1425/1010/1986 1424/1009/1985 
f 1425/1010/1986 1426/1011/1987 1424/1009/1985 
f 1418/1003/1979 1416/1001/1977 1427/1012/1988 
f 1427/1012/1988 1416/1001/1977 1428/1013/1989 
f 1428/1013/1989 1416/1001/1977 1414/999/1975 
f 1429/1014/1990 1424/1009/1985 1430/1015/1991 
f 1430/1015/1991 1424/1009/1985 1426/1011/1987 
f 1430/1015/1991 1426/1011/1987 1431/1016/1992 
f 1431/1016/1992 1426/1011/1987 1432/1017/1993 
f 1431/1016/1992 1432/1017/1993 1433/1018/1994 
f 1433/1018/1994 1432/1017/1993 1434/1019/1995 
f 1433/1018/1994 1434/1019/1995 1420/1005/1981 
f 1418/1003/1979 1433/1018/1994 1420/1005/1981 
f 1418/1003/1979 1435/1020/1996 1433/1018/1994 
f 1427/1012/1988 1435/1020/1996 1418/1003/1979 
f 1427/1012/1988 1429/1014/1990 1435/1020/1996 
f 1436/1021/1997 1429/1014/1990 1427/1012/1988 
f 1427/1012/1988 1428/1013/1989 1436/1021/1997 
f 1436/1021/1997 1428/1013/1989 1437/1022/1998 
f 1429/1014/1990 1430/1015/1991 1435/1020/1996 
f 1435/1020/1996 1430/1015/1991 1431/1016/1992 
f 1435/1020/1996 1431/1016/1992 1433/1018/1994 
f 1438/1023/1999 1434/1019/1995 1439/1024/2000 
f 1434/1019/1995 1432/1017/1993 1439/1024/2000 
f 1439/1024/2000 1432/1017/1993 1426/1011/1987 
f 1440/1025/2001 1441/1026/2002 1442/1027/2003 
f 1440/1025/2001 1443/1028/2004 1441/1026/2002 
f 1444/1029/2005 1443/1028/2004 1440/1025/2001 
f 1440/1025/2001 1445/1030/2006 1444/1029/2005 
f 1437/1022/1998 1445/1030/2006 1440/1025/2001 
f 1446/1031/2007 1437/1022/1998 1440/1025/2001 
f 1436/1021/1997 1437/1022/1998 1446/1031/2007 
f 1446/1031/2007 1447/1032/2008 1436/1021/1997 
f 1436/1021/1997 1447/1032/2008 1429/1014/1990 
f 1447/1032/2008 1448/1033/2009 1429/1014/1990 
f 1429/1014/1990 1448/1033/2009 1424/1009/1985 
f 1448/1033/2009 1449/1034/2010 1424/1009/1985 
f 1423/1008/1984 1424/1009/1985 1449/1034/2010 
f 1423/1008/1984 1449/1034/2010 1422/1007/1983 
f 1422/1007/1983 1449/1034/2010 1450/1035/2011 
f 1422/1007/1983 1450/1035/2011 1421/1006/1982 
f 1421/1006/1982 1450/1035/2011 1451/1036/2012 
f 1421/1006/1982 1451/1036/2012 1419/1004/1980 
f 1452/1037/2013 1451/1036/2012 1450/1035/2011 
f 1453/1038/2014 1454/1039/2015 1455/1040/2016 
f 1453/1038/2014 1455/1040/2016 1456/1041/2017 
f 1456/1041/2017 1455/1040/2016 1457/1042/2018 
f 1455/1040/2016 1458/1043/2019 1457/1042/2018 
f 1457/1042/2018 1458/1043/2019 1459/1044/2020 
f 1458/1043/2019 1460/1045/2021 1459/1044/2020 
f 1459/1044/2020 1460/1045/2021 1461/1046/2022 
f 1460/1045/2021 1462/1047/2023 1461/1046/2022 
f 1460/1045/2021 1463/1048/2024 1462/1047/2023 
f 1446/1031/2007 1462/1047/2023 1463/1048/2024 
f 1446/1031/2007 1463/1048/2024 1447/1032/2008 
f 1447/1032/2008 1463/1048/2024 1448/1033/2009 
f 1463/1048/2024 1449/1034/2010 1448/1033/2009 
f 1463/1048/2024 1450/1035/2011 1449/1034/2010 
f 1460/1045/2021 1450/1035/2011 1463/1048/2024 
f 1460/1045/2021 1452/1037/2013 1450/1035/2011 
f 1458/1043/2019 1452/1037/2013 1460/1045/2021 
f 1464/1049/2025 1465/1050/2026 1466/1051/2027 
f 1464/1049/2025 1466/1051/2027 1467/1052/2028 
f 1467/1052/2028 1468/1053/2029 1464/1049/2025 
f 1467/1052/2028 1469/1054/2030 1468/1053/2029 
f 1470/1055/2031 1468/1053/2029 1469/1054/2030 
f 1470/1055/2031 1469/1054/2030 1471/1056/2032 
f 1472/1057/2033 1470/1055/2031 1471/1056/2032 
f 1472/1057/2033 1471/1056/2032 1473/1058/2034 
f 1461/1046/2022 1472/1057/2033 1473/1058/2034 
f 1461/1046/2022 1473/1058/2034 1474/1059/2035 
f 1459/1044/2020 1461/1046/2022 1474/1059/2035 
f 1475/1060/2036 1459/1044/2020 1474/1059/2035 
f 1457/1042/2018 1459/1044/2020 1475/1060/2036 
f 1476/1061/2037 1457/1042/2018 1475/1060/2036 
f 1456/1041/2017 1457/1042/2018 1476/1061/2037 
f 1456/1041/2017 1476/1061/2037 1477/1062/2038 
f 1453/1038/2014 1456/1041/2017 1477/1062/2038 
f 1453/1038/2014 1477/1062/2038 1478/1063/2039 
f 1479/1064/2040 1471/1056/2032 1469/1054/2030 
f 1473/1058/2034 1480/1065/2041 1474/1059/2035 
f 1473/1058/2034 1471/1056/2032 1480/1065/2041 
f 1481/1066/2042 1480/1065/2041 1471/1056/2032 
f 1481/1066/2042 1471/1056/2032 1479/1064/2040 
f 1482/1067/2043 1481/1066/2042 1479/1064/2040 
f 1479/1064/2040 1469/1054/2030 1482/1067/2043 
f 1482/1067/2043 1469/1054/2030 1483/1049/2044 
f 1483/1049/2044 1469/1054/2030 1467/1052/2028 
f 1483/1049/2044 1467/1052/2028 1484/1051/2045 
f 1467/1052/2028 1485/1068/2046 1484/1051/2045 
f 1467/1052/2028 1466/1051/2027 1485/1068/2046 
f 1482/1067/2043 1486/1069/2047 1481/1066/2042 
f 1487/1050/2048 1486/1069/2047 1482/1067/2043 
f 1482/1067/2043 1483/1049/2044 1487/1050/2048 
f 1487/1050/2048 1483/1049/2044 1484/1051/2045 
f 1488/1038/2049 1489/1070/2050 1478/1063/2039 
f 1478/1063/2039 1490/1071/2051 1488/1038/2049 
f 1478/1063/2039 1477/1062/2038 1490/1071/2051 
f 1477/1062/2038 1491/1055/2052 1490/1071/2051 
f 1477/1062/2038 1476/1061/2037 1491/1055/2052 
f 1491/1055/2052 1476/1061/2037 1492/1056/2053 
f 1476/1061/2037 1475/1060/2036 1492/1056/2053 
f 1492/1056/2053 1475/1060/2036 1493/1065/2054 
f 1475/1060/2036 1474/1059/2035 1493/1065/2054 
f 1493/1065/2054 1474/1059/2035 1494/1072/2055 
f 1474/1059/2035 1480/1065/2041 1494/1072/2055 
f 1495/1073/2056 1494/1072/2055 1480/1065/2041 
f 1495/1073/2056 1480/1065/2041 1481/1066/2042 
f 1481/1066/2042 1496/1074/2057 1495/1073/2056 
f 1481/1066/2042 1486/1069/2047 1496/1074/2057 
f 1496/1074/2057 1486/1069/2047 1497/1075/2058 
f 1487/1050/2048 1497/1075/2058 1486/1069/2047 
f 1498/1076/2059 1497/1075/2058 1487/1050/2048 
f 1493/1065/2054 1494/1072/2055 1495/1073/2056 
f 1496/1074/2057 1499/1069/2060 1495/1073/2056 
f 1495/1073/2056 1499/1069/2060 1493/1065/2054 
f 1500/1067/2061 1493/1065/2054 1499/1069/2060 
f 1492/1056/2053 1493/1065/2054 1500/1067/2061 
f 1500/1067/2061 1491/1055/2052 1492/1056/2053 
f 1488/1038/2049 1501/1062/2062 1502/1077/2063 
f 1488/1038/2049 1490/1071/2051 1501/1062/2062 
f 1490/1071/2051 1503/1078/2064 1501/1062/2062 
f 1490/1071/2051 1491/1055/2052 1503/1078/2064 
f 1504/1079/2065 1505/1080/2066 1506/1081/2067 
f 1504/1079/2065 1507/1082/2068 1505/1080/2066 
f 1508/1083/2069 1507/1082/2068 1504/1079/2065 
f 1508/1083/2069 1509/1084/2070 1507/1082/2068 
f 1498/1076/2059 1509/1084/2070 1508/1083/2069 
f 1508/1083/2069 1510/1085/2071 1498/1076/2059 
f 1498/1076/2059 1510/1085/2071 1497/1075/2058 
f 1511/1086/2072 1497/1075/2058 1510/1085/2071 
f 1496/1074/2057 1497/1075/2058 1511/1086/2072 
f 1511/1086/2072 1512/1075/2073 1496/1074/2057 
f 1496/1074/2057 1512/1075/2073 1499/1069/2060 
f 1465/1050/2026 1499/1069/2060 1512/1075/2073 
f 1500/1067/2061 1499/1069/2060 1465/1050/2026 
f 1500/1067/2061 1465/1050/2026 1464/1049/2025 
f 1464/1049/2025 1491/1055/2052 1500/1067/2061 
f 1464/1049/2025 1468/1053/2029 1491/1055/2052 
f 1491/1055/2052 1468/1053/2029 1503/1078/2064 
f 1503/1078/2064 1468/1053/2029 1470/1055/2031 
f 1465/1050/2026 1512/1075/2073 1513/1087/2074 
f 1507/1082/2068 1514/1088/2075 1505/1080/2066 
f 1508/1083/2069 1515/1089/2076 1510/1085/2071 
f 1510/1085/2071 1515/1089/2076 1516/1090/2077 
f 1517/1091/2078 1516/1090/2077 1515/1089/2076 
f 1510/1085/2071 1516/1090/2077 1511/1086/2072 
f 1511/1086/2072 1516/1090/2077 1512/1075/2073 
f 1513/1087/2074 1512/1075/2073 1516/1090/2077 
f 1513/1087/2074 1516/1090/2077 1517/1091/2078 
f 1518/1092/2079 1513/1087/2074 1517/1091/2078 
f 1517/1091/2078 1515/1089/2076 1518/1092/2079 
f 1518/1092/2079 1515/1089/2076 1519/1093/2080 
f 1508/1083/2069 1519/1093/2080 1515/1089/2076 
f 1520/1094/2081 1519/1093/2080 1508/1083/2069 
f 1508/1083/2069 1504/1079/2065 1520/1094/2081 
f 1520/1094/2081 1504/1079/2065 1506/1081/2067 
f 1521/1095/2082 1520/1094/2081 1506/1081/2067 
f 1522/1096/2083 1520/1094/2081 1521/1095/2082 
f 1522/1096/2083 1519/1093/2080 1520/1094/2081 
f 1518/1092/2079 1519/1093/2080 1522/1096/2083 
f 1487/1050/2048 1484/1051/2045 1498/1076/2059 
f 1498/1076/2059 1484/1051/2045 1509/1084/2070 
f 1485/1068/2046 1509/1084/2070 1484/1051/2045 
f 1485/1068/2046 1523/1097/2084 1509/1084/2070 
f 1466/1051/2027 1523/1097/2084 1485/1068/2046 
f 1466/1051/2027 1524/1098/2085 1523/1097/2084 
f 1465/1050/2026 1524/1098/2085 1466/1051/2027 
f 1465/1050/2026 1525/1099/2086 1524/1098/2085 
f 1513/1087/2074 1525/1099/2086 1465/1050/2026 
f 1513/1087/2074 1526/1100/2087 1525/1099/2086 
f 1518/1092/2079 1526/1100/2087 1513/1087/2074 
f 1518/1092/2079 1527/1101/2088 1526/1100/2087 
f 1522/1096/2083 1527/1101/2088 1518/1092/2079 
f 1522/1096/2083 1528/1102/2089 1527/1101/2088 
f 1521/1095/2082 1528/1102/2089 1522/1096/2083 
f 1521/1095/2082 1529/1103/2090 1528/1102/2089 
f 1506/1081/2067 1529/1103/2090 1521/1095/2082 
f 1506/1081/2067 1505/1080/2066 1529/1103/2090 
f 1530/1104/2091 1524/1098/2085 1525/1099/2086 
f 1531/1105/2092 1525/1099/2086 1526/1100/2087 
f 1530/1104/2091 1525/1099/2086 1531/1105/2092 
f 1531/1105/2092 1532/1106/2093 1530/1104/2091 
f 1509/1084/2070 1523/1097/2084 1507/1082/2068 
f 1507/1082/2068 1523/1097/2084 1514/1088/2075 
f 1523/1097/2084 1524/1098/2085 1514/1088/2075 
f 1505/1080/2066 1514/1088/2075 1524/1098/2085 
f 1505/1080/2066 1524/1098/2085 1530/1104/2091 
f 1530/1104/2091 1529/1103/2090 1505/1080/2066 
f 1530/1104/2091 1532/1106/2093 1529/1103/2090 
f 1532/1106/2093 1533/1107/2094 1529/1103/2090 
f 1531/1105/2092 1533/1107/2094 1532/1106/2093 
f 1534/1108/2095 1533/1107/2094 1531/1105/2092 
f 1531/1105/2092 1526/1100/2087 1534/1108/2095 
f 1534/1108/2095 1526/1100/2087 1527/1101/2088 
f 1534/1108/2095 1527/1101/2088 1533/1107/2094 
f 1533/1107/2094 1527/1101/2088 1528/1102/2089 
f 1533/1107/2094 1528/1102/2089 1529/1103/2090 
f 1535/1109/2096 1536/1110/2097 1537/1111/2098 
f 1538/1112/2099 1536/1110/2097 1535/1109/2096 
f 1539/1113/2100 1536/1110/2097 1538/1112/2099 
f 1538/1112/2099 1535/1109/2096 1540/1114/2101 
f 1541/1115/2102 1542/1116/2103 1543/1117/2104 
f 1544/1118/2105 1541/1115/2102 1543/1117/2104 
f 1539/1113/2100 1541/1115/2102 1544/1118/2105 
f 1544/1118/2105 1545/1119/2106 1539/1113/2100 
f 1539/1113/2100 1545/1119/2106 1536/1110/2097 
f 1536/1110/2097 1545/1119/2106 1546/1120/2107 
f 1537/1111/2098 1536/1110/2097 1546/1120/2107 
f 1537/1111/2098 1546/1120/2107 1547/1121/2108 
f 1547/1121/2108 1548/1122/2109 1537/1111/2098 
f 1547/1121/2108 1549/1123/2110 1548/1122/2109 
f 1550/1124/2111 1548/1122/2109 1549/1123/2110 
f 1550/1124/2111 1549/1123/2110 1551/1125/2112 
f 1552/1126/2113 1550/1124/2111 1551/1125/2112 
f 1552/1126/2113 1551/1125/2112 1553/1127/2114 
f 1554/1128/2115 1553/1127/2114 1551/1125/2112 
f 1555/1129/2116 1553/1127/2114 1554/1128/2115 
f 1554/1128/2115 1556/1130/2117 1555/1129/2116 
f 1555/1129/2116 1556/1130/2117 1557/1131/2118 
f 1544/1118/2105 1558/1132/2119 1545/1119/2106 
f 1546/1120/2107 1545/1119/2106 1558/1132/2119 
f 1546/1120/2107 1558/1132/2119 1547/1121/2108 
f 1559/1133/2120 1550/1124/2111 1552/1126/2113 
f 1559/1133/2120 1560/1134/2121 1550/1124/2111 
f 1560/1134/2121 1548/1122/2109 1550/1124/2111 
f 1561/1135/2122 1560/1134/2121 1559/1133/2120 
f 1562/1136/2123 1563/1137/2124 1557/1131/2118 
f 1555/1129/2116 1557/1131/2118 1563/1137/2124 
f 1563/1137/2124 1564/1138/2125 1555/1129/2116 
f 1555/1129/2116 1564/1138/2125 1553/1127/2114 
f 1565/1139/2126 1558/1132/2119 1544/1118/2105 
f 1565/1139/2126 1566/1140/2127 1558/1132/2119 
f 1547/1121/2108 1558/1132/2119 1566/1140/2127 
f 1547/1121/2108 1566/1140/2127 1567/1141/2128 
f 1567/1141/2128 1549/1123/2110 1547/1121/2108 
f 1567/1141/2128 1551/1125/2112 1549/1123/2110 
f 1554/1128/2115 1551/1125/2112 1567/1141/2128 
f 1567/1141/2128 1568/1142/2129 1554/1128/2115 
f 1554/1128/2115 1568/1142/2129 1556/1130/2117 
f 1569/1143/2130 1556/1130/2117 1568/1142/2129 
f 1570/1144/2131 1556/1130/2117 1569/1143/2130 
f 1569/1143/2130 1571/1145/2132 1570/1144/2131 
f 1571/1145/2132 1572/1146/2133 1570/1144/2131 
f 1571/1145/2132 1543/1117/2104 1572/1146/2133 
f 1543/1117/2104 1573/1147/2134 1572/1146/2133 
f 1572/1146/2133 1573/1147/2134 1574/1148/2135 
f 1573/1147/2134 1575/1149/2136 1574/1148/2135 
f 1570/1144/2131 1572/1146/2133 1574/1148/2135 
f 1567/1141/2128 1566/1140/2127 1568/1142/2129 
f 1576/1150/2137 1568/1142/2129 1566/1140/2127 
f 1569/1143/2130 1568/1142/2129 1576/1150/2137 
f 1576/1150/2137 1565/1139/2126 1569/1143/2130 
f 1569/1143/2130 1565/1139/2126 1571/1145/2132 
f 1544/1118/2105 1571/1145/2132 1565/1139/2126 
f 1544/1118/2105 1543/1117/2104 1571/1145/2132 
f 1576/1150/2137 1566/1140/2127 1565/1139/2126 
f 1570/1144/2131 1557/1131/2118 1556/1130/2117 
f 1562/1136/2123 1557/1131/2118 1570/1144/2131 
f 1570/1144/2131 1574/1148/2135 1562/1136/2123 
f 1562/1136/2123 1574/1148/2135 1577/1151/2138 
f 1574/1148/2135 1578/1152/2139 1577/1151/2138 
f 1574/1148/2135 1575/1149/2136 1578/1152/2139 
f 1575/1149/2136 1579/1153/2140 1578/1152/2139 
f 1564/1138/2125 1563/1137/2124 1580/1154/2141 
f 1581/1155/2142 1580/1154/2141 1563/1137/2124 
f 1581/1155/2142 1563/1137/2124 1562/1136/2123 
f 1562/1136/2123 1582/1156/2143 1581/1155/2142 
f 1562/1136/2123 1577/1151/2138 1582/1156/2143 
f 1582/1156/2143 1577/1151/2138 1548/1157/2144 
f 1577/1151/2138 1537/1158/2145 1548/1157/2144 
f 1577/1151/2138 1578/1152/2139 1537/1158/2145 
f 1578/1152/2139 1535/1159/2146 1537/1158/2145 
f 1578/1152/2139 1579/1153/2140 1535/1159/2146 
f 1579/1153/2140 1540/1160/2147 1535/1159/2146 
f 1579/1153/2140 1583/1161/2148 1540/1160/2147 
f 1575/1149/2136 1583/1161/2148 1579/1153/2140 
f 1575/1149/2136 1584/1162/2149 1583/1161/2148 
f 1585/1163/2150 1584/1162/2149 1575/1149/2136 
f 1573/1147/2134 1585/1163/2150 1575/1149/2136 
f 1542/1116/2103 1585/1163/2150 1573/1147/2134 
f 1543/1117/2104 1542/1116/2103 1573/1147/2134 
f 1586/1164/2151 1580/1154/2141 1581/1155/2142 
f 1581/1155/2142 1587/1165/2152 1586/1164/2151 
f 1581/1155/2142 1582/1156/2143 1587/1165/2152 
f 1587/1165/2152 1582/1156/2143 1560/1166/2153 
f 1582/1156/2143 1548/1157/2144 1560/1166/2153 
f 1587/1165/2152 1560/1166/2153 1561/1167/2154 
f 1588/1168/2155 1589/1169/2156 1590/1170/2157 
f 1588/1168/2155 1591/1171/2158 1589/1169/2156 
f 1592/1172/2159 1589/1169/2156 1591/1171/2158 
f 1592/1172/2159 1591/1171/2158 1593/1173/2160 
f 1593/1173/2160 1594/1174/2161 1592/1172/2159 
f 1592/1172/2159 1594/1174/2161 1595/1175/2162 
f 1596/1176/2163 1595/1175/2162 1594/1174/2161 
f 1597/1177/2164 1595/1175/2162 1596/1176/2163 
f 1596/1176/2163 1598/1178/2165 1597/1177/2164 
f 1599/1179/2166 1597/1177/2164 1598/1178/2165 
f 1599/1179/2166 1598/1178/2165 1600/1180/2167 
f 1599/1179/2166 1600/1180/2167 1601/1181/2168 
f 1601/1181/2168 1600/1180/2167 1602/1182/2169 
f 1601/1181/2168 1602/1182/2169 1603/1183/2170 
f 1603/1183/2170 1604/1184/2171 1601/1181/2168 
f 1603/1183/2170 1605/1185/2172 1604/1184/2171 
f 1605/1185/2172 1606/1186/2173 1604/1184/2171 
f 1605/1185/2172 1607/1187/2174 1606/1186/2173 
f 1600/1180/2167 1598/1178/2165 1608/1188/2175 
f 1609/1189/2176 1591/1171/2158 1588/1168/2155 
f 1609/1189/2176 1610/1190/2177 1591/1171/2158 
f 1593/1173/2160 1591/1171/2158 1610/1190/2177 
f 1593/1173/2160 1610/1190/2177 1611/1191/2178 
f 1611/1191/2178 1612/1192/2179 1593/1173/2160 
f 1593/1173/2160 1612/1192/2179 1594/1174/2161 
f 1613/1193/2180 1594/1174/2161 1612/1192/2179 
f 1596/1176/2163 1594/1174/2161 1613/1193/2180 
f 1613/1193/2180 1614/1194/2181 1596/1176/2163 
f 1596/1176/2163 1614/1194/2181 1598/1178/2165 
f 1614/1194/2181 1615/1195/2182 1598/1178/2165 
f 1598/1178/2165 1615/1195/2182 1616/1196/2183 
f 1598/1178/2165 1616/1196/2183 1608/1188/2175 
f 1617/1197/2184 1608/1188/2175 1616/1196/2183 
f 1600/1180/2167 1608/1188/2175 1617/1197/2184 
f 1618/1198/2185 1600/1180/2167 1617/1197/2184 
f 1618/1198/2185 1602/1182/2169 1600/1180/2167 
f 1619/1199/2186 1602/1182/2169 1618/1198/2185 
f 1617/1197/2184 1616/1196/2183 1620/1200/2187 
f 1621/1201/2188 1619/1199/2186 1618/1198/2185 
f 1621/1201/2188 1618/1198/2185 1622/1202/2189 
f 1622/1202/2189 1618/1198/2185 1617/1197/2184 
f 1622/1202/2189 1617/1197/2184 1620/1200/2187 
f 1620/1200/2187 1623/1203/2190 1622/1202/2189 
f 1620/1200/2187 1616/1196/2183 1623/1203/2190 
f 1615/1195/2182 1623/1203/2190 1616/1196/2183 
f 1614/1194/2181 1623/1203/2190 1615/1195/2182 
f 1624/1204/2191 1623/1203/2190 1614/1194/2181 
f 1613/1193/2180 1624/1204/2191 1614/1194/2181 
f 1625/1205/2192 1624/1204/2191 1613/1193/2180 
f 1613/1193/2180 1612/1192/2179 1625/1205/2192 
f 1625/1205/2192 1612/1192/2179 1626/1206/2193 
f 1611/1191/2178 1626/1206/2193 1612/1192/2179 
f 1627/1019/2194 1626/1206/2193 1611/1191/2178 
f 1627/1019/2194 1628/1023/2195 1626/1206/2193 
f 1629/1024/2196 1628/1023/2195 1627/1019/2194 
f 1629/1024/2196 1630/1207/2197 1628/1023/2195 
f 1631/1208/2198 1630/1207/2197 1629/1024/2196 
f 1631/1208/2198 1632/1209/2199 1630/1207/2197 
f 1633/1210/2200 1632/1209/2199 1631/1208/2198 
f 1633/1210/2200 1634/1211/2201 1632/1209/2199 
f 1588/1168/2155 1632/1209/2199 1634/1211/2201 
f 1588/1168/2155 1634/1211/2201 1609/1189/2176 
f 1603/1183/2170 1602/1182/2169 1619/1199/2186 
f 1603/1183/2170 1619/1199/2186 1621/1201/2188 
f 1621/1201/2188 1605/1185/2172 1603/1183/2170 
f 1621/1201/2188 1622/1202/2189 1605/1185/2172 
f 1622/1202/2189 1607/1187/2174 1605/1185/2172 
f 1622/1202/2189 1623/1203/2190 1607/1187/2174 
f 1635/1212/2202 1607/1187/2174 1623/1203/2190 
f 1624/1204/2191 1635/1212/2202 1623/1203/2190 
f 1636/1213/2203 1635/1212/2202 1624/1204/2191 
f 1625/1205/2192 1636/1213/2203 1624/1204/2191 
f 1637/1214/2204 1636/1213/2203 1625/1205/2192 
f 1625/1205/2192 1626/1206/2193 1637/1214/2204 
f 1637/1214/2204 1626/1206/2193 1628/1023/2195 
f 1637/1214/2204 1628/1023/2195 1638/1215/2205 
f 1638/1215/2205 1628/1023/2195 1630/1207/2197 
f 1638/1215/2205 1630/1207/2197 1590/1170/2157 
f 1590/1170/2157 1630/1207/2197 1632/1209/2199 
f 1590/1170/2157 1632/1209/2199 1588/1168/2155 
f 1606/1186/2173 1607/1187/2174 1635/1212/2202 
f 1639/1216/2206 1606/1186/2173 1635/1212/2202 
f 1639/1216/2206 1635/1212/2202 1636/1213/2203 
f 1637/1214/2204 1639/1216/2206 1636/1213/2203 
f 1638/1215/2205 1639/1216/2206 1637/1214/2204 
f 1638/1215/2205 1640/1217/2207 1639/1216/2206 
f 1590/1170/2157 1640/1217/2207 1638/1215/2205 
f 1590/1170/2157 1589/1169/2156 1640/1217/2207 
f 1640/1217/2207 1589/1169/2156 1641/1218/2208 
f 1641/1218/2208 1589/1169/2156 1592/1172/2159 
f 1592/1172/2159 1595/1175/2162 1641/1218/2208 
f 1597/1177/2164 1641/1218/2208 1595/1175/2162 
f 1642/1219/2209 1641/1218/2208 1597/1177/2164 
f 1642/1219/2209 1597/1177/2164 1599/1179/2166 
f 1601/1181/2168 1642/1219/2209 1599/1179/2166 
f 1601/1181/2168 1604/1184/2171 1642/1219/2209 
f 1604/1184/2171 1640/1217/2207 1642/1219/2209 
f 1604/1184/2171 1606/1186/2173 1640/1217/2207 
f 1640/1217/2207 1606/1186/2173 1639/1216/2206 
f 1642/1219/2209 1640/1217/2207 1641/1218/2208 
f 1411/1001/2210 1643/1003/2211 1413/1002/2212 
f 1644/1012/2213 1643/1003/2211 1411/1001/2210 
f 1645/1034/2214 1437/1048/2215 1428/1035/2216 
f 1646/1033/2217 1437/1048/2215 1645/1034/2214 
f 1646/1033/2217 1445/1032/2218 1437/1048/2215 
f 1647/1014/2219 1445/1032/2218 1646/1033/2217 
f 1647/1014/2219 1444/1021/2220 1445/1032/2218 
f 1644/1012/2213 1444/1021/2220 1647/1014/2219 
f 1647/1014/2219 1648/1020/2221 1644/1012/2213 
f 1644/1012/2213 1648/1020/2221 1643/1003/2211 
f 1648/1020/2221 1649/1018/2222 1643/1003/2211 
f 1650/1015/2223 1651/1016/2224 1648/1020/2221 
f 1647/1014/2219 1650/1015/2223 1648/1020/2221 
f 1652/1009/2225 1650/1015/2223 1647/1014/2219 
f 1646/1033/2217 1652/1009/2225 1647/1014/2219 
f 1653/1008/2226 1652/1009/2225 1646/1033/2217 
f 1653/1008/2226 1646/1033/2217 1645/1034/2214 
f 1654/1007/2227 1653/1008/2226 1645/1034/2214 
f 1645/1034/2214 1428/1035/2216 1654/1007/2227 
f 1654/1007/2227 1428/1035/2216 1655/1006/2228 
f 1428/1035/2216 1414/1036/2229 1655/1006/2228 
f 1655/1006/2228 1414/1036/2229 1413/1002/2212 
f 1655/1006/2228 1413/1002/2212 1656/1004/2230 
f 1656/1004/2230 1413/1002/2212 1643/1003/2211 
f 1656/1004/2230 1643/1003/2211 1657/1005/2231 
f 1657/1005/2231 1643/1003/2211 1649/1018/2222 
f 1657/1005/2231 1649/1018/2222 1658/1019/2232 
f 1658/1019/2232 1659/1191/2233 1657/1005/2231 
f 1660/1192/2234 1659/1191/2233 1658/1019/2232 
f 1660/1192/2234 1658/1019/2232 1661/1206/2235 
f 1662/1010/2236 1663/1011/2237 1652/1009/2225 
f 1652/1009/2225 1663/1011/2237 1650/1015/2223 
f 1663/1011/2237 1651/1016/2224 1650/1015/2223 
f 1663/1011/2237 1664/1017/2238 1651/1016/2224 
f 1665/1024/2239 1664/1017/2238 1663/1011/2237 
f 1666/1199/2240 1667/1182/2241 1668/1198/2242 
f 1668/1198/2242 1669/1201/2243 1666/1199/2240 
f 1669/1201/2243 1670/1183/2244 1666/1199/2240 
f 1669/1201/2243 1671/1185/2245 1670/1183/2244 
f 1671/1185/2245 1672/1184/2246 1670/1183/2244 
f 1671/1185/2245 1673/1186/2247 1672/1184/2246 
f 1673/1186/2247 1674/1217/2248 1672/1184/2246 
f 1673/1186/2247 1675/1216/2249 1674/1217/2248 
f 1674/1217/2248 1675/1216/2249 1676/1215/2250 
f 1676/1215/2250 1675/1216/2249 1677/1214/2251 
f 1676/1215/2250 1677/1214/2251 1678/1023/2252 
f 1678/1023/2252 1677/1214/2251 1661/1206/2235 
f 1661/1206/2235 1665/1024/2239 1678/1023/2252 
f 1661/1206/2235 1658/1019/2232 1665/1024/2239 
f 1658/1019/2232 1664/1017/2238 1665/1024/2239 
f 1658/1019/2232 1649/1018/2222 1664/1017/2238 
f 1651/1016/2224 1664/1017/2238 1649/1018/2222 
f 1651/1016/2224 1649/1018/2222 1648/1020/2221 
f 1679/1195/2253 1680/1196/2254 1681/1178/2255 
f 1679/1195/2253 1681/1178/2255 1682/1194/2256 
f 1682/1194/2256 1681/1178/2255 1683/1176/2257 
f 1683/1176/2257 1684/1193/2258 1682/1194/2256 
f 1683/1176/2257 1685/1174/2259 1684/1193/2258 
f 1685/1174/2259 1660/1192/2234 1684/1193/2258 
f 1684/1193/2258 1660/1192/2234 1686/1205/2260 
f 1661/1206/2235 1686/1205/2260 1660/1192/2234 
f 1677/1214/2251 1686/1205/2260 1661/1206/2235 
f 1677/1214/2251 1687/1213/2261 1686/1205/2260 
f 1675/1216/2249 1687/1213/2261 1677/1214/2251 
f 1688/1212/2262 1687/1213/2261 1675/1216/2249 
f 1688/1212/2262 1675/1216/2249 1673/1186/2247 
f 1689/1187/2263 1688/1212/2262 1673/1186/2247 
f 1689/1187/2263 1673/1186/2247 1671/1185/2245 
f 1690/1202/2264 1689/1187/2263 1671/1185/2245 
f 1690/1202/2264 1671/1185/2245 1669/1201/2243 
f 1690/1202/2264 1669/1201/2243 1668/1198/2242 
f 1691/1188/2265 1681/1178/2255 1680/1196/2254 
f 1679/1195/2253 1682/1194/2256 1692/1203/2266 
f 1682/1194/2256 1693/1204/2267 1692/1203/2266 
f 1682/1194/2256 1684/1193/2258 1693/1204/2267 
f 1684/1193/2258 1686/1205/2260 1693/1204/2267 
f 1693/1204/2267 1686/1205/2260 1687/1213/2261 
f 1693/1204/2267 1687/1213/2261 1688/1212/2262 
f 1692/1203/2266 1693/1204/2267 1688/1212/2262 
f 1692/1203/2266 1688/1212/2262 1689/1187/2263 
f 1692/1203/2266 1689/1187/2263 1690/1202/2264 
f 1694/1197/2268 1680/1196/2254 1695/1200/2269 
f 1691/1188/2265 1680/1196/2254 1694/1197/2268 
f 1691/1188/2265 1694/1197/2268 1696/1180/2270 
f 1696/1180/2270 1681/1178/2255 1691/1188/2265 
f 1696/1180/2270 1697/1179/2271 1681/1178/2255 
f 1681/1178/2255 1697/1179/2271 1698/1177/2272 
f 1698/1177/2272 1683/1176/2257 1681/1178/2255 
f 1698/1177/2272 1699/1175/2273 1683/1176/2257 
f 1699/1175/2273 1685/1174/2259 1683/1176/2257 
f 1700/1173/2274 1659/1191/2233 1660/1192/2234 
f 1685/1174/2259 1700/1173/2274 1660/1192/2234 
f 1701/1172/2275 1700/1173/2274 1685/1174/2259 
f 1699/1175/2273 1701/1172/2275 1685/1174/2259 
f 1702/1218/2276 1701/1172/2275 1699/1175/2273 
f 1702/1218/2276 1699/1175/2273 1698/1177/2272 
f 1698/1177/2272 1703/1219/2277 1702/1218/2276 
f 1698/1177/2272 1697/1179/2271 1703/1219/2277 
f 1704/1181/2278 1703/1219/2277 1697/1179/2271 
f 1704/1181/2278 1697/1179/2271 1696/1180/2270 
f 1667/1182/2241 1704/1181/2278 1696/1180/2270 
f 1667/1182/2241 1696/1180/2270 1668/1198/2242 
f 1668/1198/2242 1696/1180/2270 1694/1197/2268 
f 1668/1198/2242 1694/1197/2268 1690/1202/2264 
f 1690/1202/2264 1694/1197/2268 1695/1200/2269 
f 1690/1202/2264 1695/1200/2269 1692/1203/2266 
f 1692/1203/2266 1695/1200/2269 1680/1196/2254 
f 1692/1203/2266 1680/1196/2254 1679/1195/2253 
f 1666/1199/2240 1670/1183/2244 1667/1182/2241 
f 1670/1183/2244 1704/1181/2278 1667/1182/2241 
f 1670/1183/2244 1672/1184/2246 1704/1181/2278 
f 1672/1184/2246 1703/1219/2277 1704/1181/2278 
f 1672/1184/2246 1674/1217/2248 1703/1219/2277 
f 1702/1218/2276 1703/1219/2277 1674/1217/2248 
f 1674/1217/2248 1705/1169/2279 1702/1218/2276 
f 1702/1218/2276 1705/1169/2279 1701/1172/2275 
f 1705/1169/2279 1706/1171/2280 1701/1172/2275 
f 1701/1172/2275 1706/1171/2280 1700/1173/2274 
f 1706/1171/2280 1707/1190/2281 1700/1173/2274 
f 1700/1173/2274 1707/1190/2281 1659/1191/2233 
f 1657/1005/2231 1659/1191/2233 1707/1190/2281 
f 1657/1005/2231 1707/1190/2281 1708/993/2282 
f 1708/993/2282 1656/1004/2230 1657/1005/2231 
f 1708/993/2282 1655/1006/2228 1656/1004/2230 
f 1654/1007/2227 1655/1006/2228 1708/993/2282 
f 1654/1007/2227 1708/993/2282 1709/992/2283 
f 1708/993/2282 1710/991/2284 1709/992/2283 
f 1708/993/2282 1707/1190/2281 1710/991/2284 
f 1707/1190/2281 1711/1189/2285 1710/991/2284 
f 1706/1171/2280 1711/1189/2285 1707/1190/2281 
f 1712/1168/2286 1711/1189/2285 1706/1171/2280 
f 1705/1169/2279 1712/1168/2286 1706/1171/2280 
f 1713/1170/2287 1712/1168/2286 1705/1169/2279 
f 1674/1217/2248 1713/1170/2287 1705/1169/2279 
f 1676/1215/2250 1713/1170/2287 1674/1217/2248 
f 1709/992/2283 1653/1008/2226 1654/1007/2227 
f 1709/992/2283 1710/991/2284 1653/1008/2226 
f 1710/991/2284 1714/994/2288 1653/1008/2226 
f 1710/991/2284 1711/1189/2285 1714/994/2288 
f 1711/1189/2285 1715/1211/2289 1714/994/2288 
f 1712/1168/2286 1715/1211/2289 1711/1189/2285 
f 1716/1209/2290 1715/1211/2289 1712/1168/2286 
f 1713/1170/2287 1716/1209/2290 1712/1168/2286 
f 1717/1207/2291 1716/1209/2290 1713/1170/2287 
f 1676/1215/2250 1717/1207/2291 1713/1170/2287 
f 1678/1023/2252 1717/1207/2291 1676/1215/2250 
f 1678/1023/2252 1665/1024/2239 1717/1207/2291 
f 1665/1024/2239 1718/1208/2292 1717/1207/2291 
f 1665/1024/2239 1663/1011/2237 1718/1208/2292 
f 1718/1208/2292 1663/1011/2237 1719/1210/2293 
f 1662/1010/2236 1719/1210/2293 1663/1011/2237 
f 1714/994/2288 1719/1210/2293 1662/1010/2236 
f 1662/1010/2236 1652/1009/2225 1714/994/2288 
f 1653/1008/2226 1714/994/2288 1652/1009/2225 
f 1717/1207/2291 1718/1208/2292 1716/1209/2290 
f 1718/1208/2292 1719/1210/2293 1716/1209/2290 
f 1716/1209/2290 1719/1210/2293 1715/1211/2289 
f 1714/994/2288 1715/1211/2289 1719/1210/2293 
f 1720/1035/2294 1721/1007/2295 1722/1034/2296 
f 1720/1035/2294 1723/1006/2297 1721/1007/2295 
f 1724/1036/2298 1723/1006/2297 1720/1035/2294 
f 1724/1036/2298 1725/1004/2299 1723/1006/2297 
f 1726/1002/2300 1725/1004/2299 1724/1036/2298 
f 1727/1001/2301 1725/1004/2299 1726/1002/2300 
f 1727/1001/2301 1728/1003/2302 1725/1004/2299 
f 1729/1012/2303 1728/1003/2302 1727/1001/2301 
f 1722/1034/2296 1730/1048/2304 1720/1035/2294 
f 1722/1034/2296 1731/1033/2305 1730/1048/2304 
f 1731/1033/2305 1732/1032/2306 1730/1048/2304 
f 1731/1033/2305 1733/1021/2307 1732/1032/2306 
f 1734/1014/2308 1733/1021/2307 1731/1033/2305 
f 1734/1014/2308 1729/1012/2303 1733/1021/2307 
f 1735/1020/2309 1729/1012/2303 1734/1014/2308 
f 1735/1020/2309 1728/1003/2302 1729/1012/2303 
f 1627/1018/2310 1728/1003/2302 1735/1020/2309 
f 1627/1018/2310 1725/1004/2299 1728/1003/2302 
f 1611/1005/2311 1725/1004/2299 1627/1018/2310 
f 1611/1005/2311 1723/1006/2297 1725/1004/2299 
f 1610/993/2312 1723/1006/2297 1611/1005/2311 
f 1610/993/2312 1721/1007/2295 1723/1006/2297 
f 1609/992/2313 1721/1007/2295 1610/993/2312 
f 1609/992/2313 1634/1008/2314 1721/1007/2295 
f 1722/1034/2296 1721/1007/2295 1634/1008/2314 
f 1722/1034/2296 1634/1008/2314 1633/1009/2315 
f 1633/1009/2315 1731/1033/2305 1722/1034/2296 
f 1633/1009/2315 1734/1014/2308 1731/1033/2305 
f 1633/1009/2315 1631/1015/2316 1734/1014/2308 
f 1734/1014/2308 1631/1015/2316 1735/1020/2309 
f 1735/1020/2309 1631/1015/2316 1629/1016/2317 
f 1735/1020/2309 1629/1016/2317 1627/1018/2310 
f 1736/1220/2318 1737/1221/2319 1738/1222/2320 
f 1736/1220/2318 1739/1222/2321 1737/1221/2319 
f 1740/1223/2322 1739/1222/2321 1736/1220/2318 
f 1741/1224/2323 1742/1225/2324 1743/1226/2325 
f 1741/1224/2323 1743/1226/2325 1738/1222/2320 
f 1738/1222/2320 1744/1227/2326 1741/1224/2323 
f 1738/1222/2320 1737/1221/2319 1744/1227/2326 
f 1737/1221/2319 1745/1228/2327 1744/1227/2326 
f 1737/1221/2319 1746/1227/2328 1745/1228/2327 
f 1739/1222/2321 1746/1227/2328 1737/1221/2319 
f 1739/1222/2321 1747/1224/2329 1746/1227/2328 
f 1748/1226/2330 1747/1224/2329 1739/1222/2321 
f 1748/1226/2330 1749/1225/2331 1747/1224/2329 
f 1750/1229/2332 1749/1225/2331 1748/1226/2330 
f 1750/1229/2332 1751/1230/2333 1749/1225/2331 
f 1752/1231/2334 1751/1230/2333 1750/1229/2332 
f 1752/1231/2334 1753/1229/2335 1751/1230/2333 
f 1754/1232/2336 1753/1229/2335 1752/1231/2334 
f 1755/1233/2337 1753/1229/2335 1754/1232/2336 
f 1755/1233/2337 1754/1232/2336 1756/1234/2338 
f 1757/1235/2339 1755/1233/2337 1756/1234/2338 
f 1738/1222/2320 1758/1223/2340 1736/1220/2318 
f 1738/1222/2320 1743/1226/2325 1758/1223/2340 
f 1743/1226/2325 1755/1233/2337 1758/1223/2340 
f 1743/1226/2325 1753/1229/2335 1755/1233/2337 
f 1743/1226/2325 1742/1225/2324 1753/1229/2335 
f 1751/1230/2333 1753/1229/2335 1742/1225/2324 
f 1756/1234/2338 1759/1236/2341 1760/1237/2342 
f 1740/1223/2322 1748/1226/2330 1739/1222/2321 
f 1761/1233/2330 1748/1226/2330 1740/1223/2322 
f 1761/1233/2330 1750/1229/2332 1748/1226/2330 
f 1762/1232/2343 1750/1229/2332 1761/1233/2330 
f 1762/1232/2343 1752/1231/2334 1750/1229/2332 
f 1763/1238/2334 1752/1231/2334 1762/1232/2343 
f 1763/1238/2334 1754/1232/2336 1752/1231/2334 
f 1764/1239/2344 1754/1232/2336 1763/1238/2334 
f 1756/1234/2338 1754/1232/2336 1764/1239/2344 
f 1756/1234/2338 1764/1239/2344 1765/1240/2345 
f 1765/1240/2345 1759/1236/2341 1756/1234/2338 
f 1765/1240/2345 1766/1241/2346 1759/1236/2341 
f 1759/1236/2341 1766/1241/2346 1760/1237/2342 
f 1760/1237/2342 1766/1241/2346 1767/1242/2347 
f 1768/1243/2348 1767/1242/2347 1766/1241/2346 
f 1768/1243/2348 1769/1244/2349 1767/1242/2347 
f 1442/1027/2003 1769/1244/2349 1768/1243/2348 
f 1442/1027/2003 1441/1026/2002 1769/1244/2349 
f 1501/1062/2062 1503/1078/2064 1470/1055/2031 
f 1501/1062/2062 1470/1055/2031 1472/1057/2033 
f 1502/1077/2063 1501/1062/2062 1472/1057/2033 
f 1502/1077/2063 1472/1057/2033 1461/1046/2022 
f 1461/1046/2022 1770/1245/2350 1502/1077/2063 
f 1461/1046/2022 1462/1047/2023 1770/1245/2350 
f 1771/1246/2351 1770/1245/2350 1462/1047/2023 
f 1771/1246/2351 1462/1047/2023 1446/1031/2007 
f 1446/1031/2007 1440/1025/2001 1771/1246/2351 
f 1771/1246/2351 1440/1025/2001 1442/1027/2003 
f 1771/1246/2351 1442/1027/2003 1772/1247/2352 
f 1772/1247/2352 1442/1027/2003 1768/1243/2348 
f 1772/1247/2352 1768/1243/2348 1773/1248/2353 
f 1773/1248/2353 1768/1243/2348 1766/1241/2346 
f 1773/1248/2353 1766/1241/2346 1765/1240/2345 
f 1765/1240/2345 1774/1249/2354 1773/1248/2353 
f 1765/1240/2345 1764/1239/2344 1774/1249/2354 
f 1764/1239/2344 1775/1250/2355 1774/1249/2354 
f 1763/1238/2334 1775/1250/2355 1764/1239/2344 
f 1763/1238/2334 1776/1239/2356 1775/1250/2355 
f 1762/1232/2343 1776/1239/2356 1763/1238/2334 
f 1773/1248/2353 1777/1251/2357 1772/1247/2352 
f 1773/1248/2353 1774/1249/2354 1777/1251/2357 
f 1478/1063/2039 1454/1039/2015 1453/1038/2014 
f 1478/1063/2039 1489/1070/2050 1454/1039/2015 
f 1489/1070/2050 1776/1239/2356 1454/1039/2015 
f 1489/1070/2050 1775/1250/2355 1776/1239/2356 
f 1774/1249/2354 1775/1250/2355 1489/1070/2050 
f 1488/1038/2049 1774/1249/2354 1489/1070/2050 
f 1777/1251/2357 1774/1249/2354 1488/1038/2049 
f 1502/1077/2063 1777/1251/2357 1488/1038/2049 
f 1502/1077/2063 1770/1245/2350 1777/1251/2357 
f 1772/1247/2352 1777/1251/2357 1770/1245/2350 
f 1772/1247/2352 1770/1245/2350 1771/1246/2351 
f 1419/1004/1980 1451/1036/2012 1417/1002/1978 
f 1452/1037/2013 1417/1002/1978 1451/1036/2012 
f 1415/1000/1976 1417/1002/1978 1452/1037/2013 
f 1458/1043/2019 1415/1000/1976 1452/1037/2013 
f 1778/1252/2358 1415/1000/1976 1458/1043/2019 
f 1455/1040/2016 1778/1252/2358 1458/1043/2019 
f 1779/1253/2359 1778/1252/2358 1455/1040/2016 
f 1454/1039/2015 1779/1253/2359 1455/1040/2016 
f 1454/1039/2015 1780/1236/2360 1779/1253/2359 
f 1454/1039/2015 1776/1239/2356 1780/1236/2360 
f 1776/1239/2356 1781/1234/2361 1780/1236/2360 
f 1762/1232/2343 1781/1234/2361 1776/1239/2356 
f 1761/1233/2330 1781/1234/2361 1762/1232/2343 
f 1761/1233/2330 1782/1235/2362 1781/1234/2361 
f 1740/1223/2322 1782/1235/2362 1761/1233/2330 
f 1740/1223/2322 1783/1254/2363 1782/1235/2362 
f 1736/1220/2318 1783/1254/2363 1740/1223/2322 
f 1736/1220/2318 1758/1223/2340 1783/1254/2363 
f 1782/1235/2362 1784/1255/2364 1780/1236/2360 
f 1780/1236/2360 1781/1234/2361 1782/1235/2362 
f 1785/1256/2365 1786/1257/2366 1784/1255/2364 
f 1782/1235/2362 1785/1256/2365 1784/1255/2364 
f 1783/1254/2363 1785/1256/2365 1782/1235/2362 
f 1758/1223/2340 1755/1233/2337 1757/1235/2339 
f 1758/1223/2340 1757/1235/2339 1783/1254/2363 
f 1757/1235/2339 1787/1258/2367 1783/1254/2363 
f 1783/1254/2363 1787/1258/2367 1785/1256/2365 
f 1787/1258/2367 1788/1259/2368 1785/1256/2365 
f 1785/1256/2365 1788/1259/2368 1786/1257/2366 
f 1788/1259/2368 1789/1260/2369 1786/1257/2366 
f 1778/1252/2358 1412/997/1973 1415/1000/1976 
f 1790/1261/2370 1412/997/1973 1778/1252/2358 
f 1779/1253/2359 1790/1261/2370 1778/1252/2358 
f 1791/1262/2371 1790/1261/2370 1779/1253/2359 
f 1779/1253/2359 1780/1236/2360 1791/1262/2371 
f 1780/1236/2360 1792/1263/2372 1791/1262/2371 
f 1780/1236/2360 1784/1255/2364 1792/1263/2372 
f 1784/1255/2364 1793/1264/2373 1792/1263/2372 
f 1784/1255/2364 1786/1257/2366 1793/1264/2373 
f 1786/1257/2366 1794/1265/2374 1793/1264/2373 
f 1786/1257/2366 1789/1260/2369 1794/1265/2374 
f 1789/1260/2369 1795/1266/2375 1794/1265/2374 
f 1794/1265/2374 1795/1266/2375 1796/1267/2376 
f 1795/1266/2375 1733/1268/2377 1796/1267/2376 
f 1796/1267/2376 1733/1268/2377 1729/1269/2378 
f 1796/1267/2376 1729/1269/2378 1797/1270/2379 
f 1797/1270/2379 1729/1269/2378 1727/1271/2380 
f 1797/1270/2379 1727/1271/2380 1726/1272/2381 
f 1797/1270/2379 1726/1272/2381 1410/995/1971 
f 1726/1272/2381 1724/1273/2382 1410/995/1971 
f 1790/1261/2370 1798/1274/2383 1412/997/1973 
f 1798/1274/2383 1410/1275/2384 1412/997/1973 
f 1798/1274/2383 1799/1276/2385 1410/1275/2384 
f 1799/1276/2385 1797/1270/2379 1410/1275/2384 
f 1799/1276/2385 1796/1267/2376 1797/1270/2379 
f 1794/1265/2374 1796/1267/2376 1799/1276/2385 
f 1793/1264/2373 1794/1265/2374 1799/1276/2385 
f 1793/1264/2373 1799/1276/2385 1798/1274/2383 
f 1792/1263/2372 1793/1264/2373 1798/1274/2383 
f 1792/1263/2372 1798/1274/2383 1790/1261/2370 
f 1791/1262/2371 1792/1263/2372 1790/1261/2370 
f 1756/1234/2338 1760/1237/2342 1757/1235/2339 
f 1757/1235/2339 1760/1237/2342 1787/1258/2367 
f 1760/1237/2342 1767/1242/2347 1787/1258/2367 
f 1787/1258/2367 1767/1242/2347 1788/1259/2368 
f 1767/1242/2347 1769/1244/2349 1788/1259/2368 
f 1788/1259/2368 1769/1244/2349 1789/1260/2369 
f 1769/1244/2349 1441/1026/2002 1789/1260/2369 
f 1789/1260/2369 1441/1026/2002 1795/1266/2375 
f 1441/1026/2002 1443/1028/2004 1795/1266/2375 
f 1795/1266/2375 1443/1028/2004 1733/1268/2377 
f 1443/1028/2004 1732/1277/2386 1733/1268/2377 
f 1730/1278/2387 1732/1277/2386 1443/1028/2004 
f 1444/1029/2005 1730/1278/2387 1443/1028/2004 
f 1644/1279/2388 1730/1278/2387 1444/1029/2005 
f 1644/1279/2388 1720/1280/2389 1730/1278/2387 
f 1724/1273/2382 1720/1280/2389 1644/1279/2388 
f 1724/1273/2382 1644/1279/2388 1411/996/1972 
f 1410/995/1971 1724/1273/2382 1411/996/1972 
f 1800/1168/2390 1801/1171/2391 1802/1169/2156 
f 1801/1171/2391 1803/1172/2392 1802/1169/2156 
f 1801/1171/2391 1804/1173/2393 1803/1172/2392 
f 1805/1174/2161 1804/1173/2393 1806/1192/2394 
f 1805/1174/2161 1803/1172/2392 1804/1173/2393 
f 1807/1175/2162 1803/1172/2392 1805/1174/2161 
f 1807/1175/2162 1808/1218/2395 1803/1172/2392 
f 1802/1169/2156 1803/1172/2392 1808/1218/2395 
f 1802/1169/2156 1808/1218/2395 1809/1217/2207 
f 1810/1170/2157 1802/1169/2156 1809/1217/2207 
f 1800/1168/2390 1802/1169/2156 1810/1170/2157 
f 1810/1170/2157 1811/1209/2396 1800/1168/2390 
f 1812/1186/2173 1809/1217/2207 1813/1184/2397 
f 1809/1217/2207 1814/1219/2209 1813/1184/2397 
f 1809/1217/2207 1808/1218/2395 1814/1219/2209 
f 1815/1177/2164 1814/1219/2209 1808/1218/2395 
f 1815/1177/2164 1808/1218/2395 1807/1175/2162 
f 1816/1176/2163 1815/1177/2164 1807/1175/2162 
f 1816/1176/2163 1807/1175/2162 1805/1174/2161 
f 1817/1193/2180 1816/1176/2163 1805/1174/2161 
f 1817/1193/2180 1805/1174/2161 1806/1192/2394 
f 1818/1205/2192 1817/1193/2180 1806/1192/2394 
f 1818/1205/2192 1806/1192/2394 1819/1206/2398 
f 1806/1192/2394 1820/1191/2399 1819/1206/2398 
f 1806/1192/2394 1804/1173/2393 1820/1191/2399 
f 1821/1190/2400 1820/1191/2399 1804/1173/2393 
f 1821/1190/2400 1804/1173/2393 1801/1171/2391 
f 1822/1189/2401 1821/1190/2400 1801/1171/2391 
f 1822/1189/2401 1801/1171/2391 1800/1168/2390 
f 1800/1168/2390 1823/1211/2402 1822/1189/2401 
f 1800/1168/2390 1811/1209/2396 1823/1211/2402 
f 1811/1209/2396 1824/1210/2403 1823/1211/2402 
f 1811/1209/2396 1825/1208/2404 1824/1210/2403 
f 1825/1208/2404 1425/1010/1986 1824/1210/2403 
f 1823/1211/2402 1824/1210/2403 1425/1010/1986 
f 1823/1211/2402 1425/1010/1986 1409/994/1970 
f 1822/1189/2401 1823/1211/2402 1409/994/1970 
f 1822/1189/2401 1409/994/1970 1406/991/1967 
f 1406/991/1967 1821/1190/2400 1822/1189/2401 
f 1406/991/1967 1408/993/1969 1821/1190/2400 
f 1821/1190/2400 1408/993/1969 1420/1005/1981 
f 1420/1005/1981 1820/1191/2399 1821/1190/2400 
f 1420/1005/1981 1434/1019/1995 1820/1191/2399 
f 1819/1206/2398 1820/1191/2399 1434/1019/1995 
f 1819/1206/2398 1434/1019/1995 1438/1023/1999 
f 1819/1206/2398 1438/1023/1999 1826/1214/2204 
f 1819/1206/2398 1826/1214/2204 1818/1205/2192 
f 1818/1205/2192 1826/1214/2204 1827/1213/2203 
f 1818/1205/2192 1827/1213/2203 1828/1204/2191 
f 1828/1204/2191 1817/1193/2180 1818/1205/2192 
f 1825/1208/2404 1426/1011/1987 1425/1010/1986 
f 1439/1024/2000 1426/1011/1987 1825/1208/2404 
f 1829/1207/2405 1439/1024/2000 1825/1208/2404 
f 1438/1023/1999 1439/1024/2000 1829/1207/2405 
f 1830/1215/2205 1438/1023/1999 1829/1207/2405 
f 1826/1214/2204 1438/1023/1999 1830/1215/2205 
f 1826/1214/2204 1830/1215/2205 1831/1216/2206 
f 1826/1214/2204 1831/1216/2206 1827/1213/2203 
f 1827/1213/2203 1831/1216/2206 1832/1212/2202 
f 1828/1204/2191 1827/1213/2203 1832/1212/2202 
f 1828/1204/2191 1832/1212/2202 1833/1203/2190 
f 1833/1203/2190 1834/1194/2181 1828/1204/2191 
f 1833/1203/2190 1835/1195/2182 1834/1194/2181 
f 1835/1195/2182 1836/1178/2165 1834/1194/2181 
f 1837/1196/2183 1836/1178/2165 1835/1195/2182 
f 1838/1188/2175 1836/1178/2165 1837/1196/2183 
f 1837/1196/2183 1839/1197/2184 1838/1188/2175 
f 1839/1197/2184 1840/1180/2167 1838/1188/2175 
f 1838/1188/2175 1840/1180/2167 1836/1178/2165 
f 1840/1180/2167 1841/1179/2166 1836/1178/2165 
f 1840/1180/2167 1842/1181/2406 1841/1179/2166 
f 1840/1180/2167 1843/1182/2407 1842/1181/2406 
f 1844/1183/2170 1842/1181/2406 1843/1182/2407 
f 1845/1201/2188 1846/1199/2186 1847/1198/2185 
f 1848/1202/2189 1845/1201/2188 1847/1198/2185 
f 1848/1202/2189 1847/1198/2185 1839/1197/2184 
f 1849/1200/2187 1848/1202/2189 1839/1197/2184 
f 1849/1200/2187 1839/1197/2184 1837/1196/2183 
f 1837/1196/2183 1833/1203/2190 1849/1200/2187 
f 1837/1196/2183 1835/1195/2182 1833/1203/2190 
f 1833/1203/2190 1848/1202/2189 1849/1200/2187 
f 1839/1197/2184 1847/1198/2185 1840/1180/2167 
f 1847/1198/2185 1843/1182/2407 1840/1180/2167 
f 1847/1198/2185 1846/1199/2186 1843/1182/2407 
f 1844/1183/2170 1843/1182/2407 1846/1199/2186 
f 1845/1201/2188 1844/1183/2170 1846/1199/2186 
f 1850/1185/2172 1844/1183/2170 1845/1201/2188 
f 1850/1185/2172 1845/1201/2188 1848/1202/2189 
f 1848/1202/2189 1851/1187/2174 1850/1185/2172 
f 1833/1203/2190 1851/1187/2174 1848/1202/2189 
f 1832/1212/2202 1851/1187/2174 1833/1203/2190 
f 1832/1212/2202 1812/1186/2173 1851/1187/2174 
f 1831/1216/2206 1812/1186/2173 1832/1212/2202 
f 1831/1216/2206 1809/1217/2207 1812/1186/2173 
f 1831/1216/2206 1830/1215/2205 1809/1217/2207 
f 1810/1170/2157 1809/1217/2207 1830/1215/2205 
f 1830/1215/2205 1829/1207/2405 1810/1170/2157 
f 1810/1170/2157 1829/1207/2405 1811/1209/2396 
f 1829/1207/2405 1825/1208/2404 1811/1209/2396 
f 1828/1204/2191 1834/1194/2181 1817/1193/2180 
f 1834/1194/2181 1816/1176/2163 1817/1193/2180 
f 1834/1194/2181 1836/1178/2165 1816/1176/2163 
f 1836/1178/2165 1815/1177/2164 1816/1176/2163 
f 1836/1178/2165 1841/1179/2166 1815/1177/2164 
f 1841/1179/2166 1814/1219/2209 1815/1177/2164 
f 1841/1179/2166 1842/1181/2406 1814/1219/2209 
f 1813/1184/2397 1814/1219/2209 1842/1181/2406 
f 1813/1184/2397 1842/1181/2406 1844/1183/2170 
f 1850/1185/2172 1813/1184/2397 1844/1183/2170 
f 1812/1186/2173 1813/1184/2397 1850/1185/2172 
f 1850/1185/2172 1851/1187/2174 1812/1186/2173 
f 1585/1281/2408 1852/1282/2408 1584/1283/2408 
f 1584/1283/2408 1852/1282/2408 1853/1284/2408 
f 1583/1283/2409 1584/1281/2409 1854/1284/2409 
f 1854/1284/2409 1584/1281/2409 1853/1282/2409 
f 1540/1283/2410 1583/1281/2410 1855/1284/2410 
f 1855/1284/2410 1583/1281/2410 1854/1282/2410 
f 1538/1283/2411 1540/1281/2411 1856/1284/2411 
f 1856/1284/2411 1540/1281/2411 1855/1282/2411 
f 1539/1283/2412 1538/1281/2412 1857/1284/2412 
f 1857/1284/2412 1538/1281/2412 1856/1282/2412 
f 1539/1281/2413 1857/1282/2413 1541/1283/2413 
f 1541/1283/2413 1857/1282/2413 1858/1284/2413 
f 1541/1281/2414 1858/1282/2414 1542/1283/2414 
f 1542/1283/2414 1858/1282/2414 1859/1284/2414 
f 1542/1281/2415 1859/1282/2415 1585/1283/2415 
f 1585/1283/2415 1859/1282/2415 1852/1284/2415 
f 1580/1285/2416 1586/1286/2416 1860/1287/2416 
f 1860/1287/2416 1586/1286/2416 1861/1288/2417 
f 1586/1285/2417 1587/1286/2418 1861/1287/2417 
f 1861/1287/2417 1587/1286/2418 1862/1288/2418 
f 1561/1286/2417 1863/1288/2416 1587/1285/2419 
f 1587/1285/2419 1863/1288/2416 1862/1287/2419 
f 1559/1286/2417 1864/1288/2417 1561/1285/2417 
f 1561/1285/2417 1864/1288/2417 1863/1287/2417 
f 1559/1285/2417 1552/1286/2417 1864/1287/2417 
f 1864/1287/2417 1552/1286/2417 1865/1288/2417 
f 1552/1285/2417 1553/1286/2417 1865/1287/2417 
f 1865/1287/2417 1553/1286/2417 1866/1288/2417 
f 1564/1286/2419 1867/1288/2419 1553/1285/2417 
f 1553/1285/2417 1867/1288/2419 1866/1287/2417 
f 1580/1286/2416 1860/1288/2416 1564/1285/2416 
f 1564/1285/2416 1860/1288/2416 1867/1287/2416 
f 1866/1289/2420 1867/1290/2421 1744/1291/2422 
f 1744/1291/2422 1867/1290/2421 1741/1292/2423 
f 1860/1293/2424 1741/1292/2423 1867/1290/2421 
f 1861/1294/2425 1741/1292/2423 1860/1293/2424 
f 1861/1294/2425 1742/1295/2426 1741/1292/2423 
f 1862/1296/2427 1742/1295/2426 1861/1294/2425 
f 1862/1296/2427 1751/1297/2428 1742/1295/2426 
f 1749/1298/2429 1751/1297/2428 1862/1296/2427 
f 1862/1296/2427 1863/1299/2430 1749/1298/2429 
f 1749/1298/2429 1863/1299/2430 1747/1300/2431 
f 1863/1299/2430 1864/1301/2432 1747/1300/2431 
f 1747/1300/2431 1864/1301/2432 1865/1302/2433 
f 1747/1300/2431 1865/1302/2433 1746/1303/2434 
f 1746/1303/2434 1865/1302/2433 1866/1289/2420 
f 1746/1303/2434 1866/1289/2420 1745/1304/2435 
f 1745/1304/2435 1866/1289/2420 1744/1291/2422 
f 1868/1305/2436 1869/1282/2437 1870/1284/2437 
f 1868/1305/2436 1871/1306/2438 1869/1282/2437 
f 1872/1307/2439 1871/1306/2438 1868/1305/2436 
f 1872/1307/2439 1873/1308/2440 1871/1306/2438 
f 1853/1283/2441 1873/1308/2440 1872/1307/2439 
f 1852/1281/2442 1873/1308/2440 1853/1283/2441 
f 1874/1305/2443 1875/1282/2444 1876/1284/2444 
f 1874/1305/2443 1877/1306/2445 1875/1282/2444 
f 1878/1307/2446 1877/1306/2445 1874/1305/2443 
f 1878/1307/2446 1879/1308/2447 1877/1306/2445 
f 1858/1283/2448 1879/1308/2447 1878/1307/2446 
f 1857/1281/2449 1879/1308/2447 1858/1283/2448 
f 1880/1305/2450 1876/1282/2451 1881/1284/2451 
f 1880/1305/2450 1874/1306/2452 1876/1282/2451 
f 1882/1307/2453 1874/1306/2452 1880/1305/2450 
f 1882/1307/2453 1878/1308/2454 1874/1306/2452 
f 1859/1283/2455 1878/1308/2454 1882/1307/2453 
f 1858/1281/2456 1878/1308/2454 1859/1283/2455 
f 1871/1305/2457 1881/1282/2458 1869/1284/2458 
f 1871/1305/2457 1880/1306/2459 1881/1282/2458 
f 1873/1307/2460 1880/1306/2459 1871/1305/2457 
f 1873/1307/2460 1882/1308/2461 1880/1306/2459 
f 1852/1283/2462 1882/1308/2461 1873/1307/2460 
f 1859/1281/2463 1882/1308/2461 1852/1283/2462 
f 1875/1284/2464 1883/1306/2465 1884/1282/2464 
f 1877/1305/2466 1883/1306/2465 1875/1284/2464 
f 1877/1305/2466 1885/1308/2467 1883/1306/2465 
f 1879/1307/2468 1885/1308/2467 1877/1305/2466 
f 1879/1307/2468 1856/1281/2469 1885/1308/2467 
f 1857/1283/2470 1856/1281/2469 1879/1307/2468 
f 1884/1284/2471 1886/1306/2472 1887/1282/2471 
f 1883/1305/2473 1886/1306/2472 1884/1284/2471 
f 1883/1305/2473 1888/1308/2474 1886/1306/2472 
f 1885/1307/2475 1888/1308/2474 1883/1305/2473 
f 1885/1307/2475 1855/1281/2476 1888/1308/2474 
f 1856/1283/2477 1855/1281/2476 1885/1307/2475 
f 1887/1284/2478 1889/1306/2479 1890/1282/2478 
f 1886/1305/2480 1889/1306/2479 1887/1284/2478 
f 1886/1305/2480 1891/1308/2481 1889/1306/2479 
f 1888/1307/2482 1891/1308/2481 1886/1305/2480 
f 1888/1307/2482 1854/1281/2483 1891/1308/2481 
f 1855/1283/2484 1854/1281/2483 1888/1307/2482 
f 1890/1284/2485 1868/1306/2486 1870/1282/2485 
f 1889/1305/2487 1868/1306/2486 1890/1284/2485 
f 1889/1305/2487 1872/1308/2488 1868/1306/2486 
f 1891/1307/2489 1872/1308/2488 1889/1305/2487 
f 1891/1307/2489 1853/1281/2490 1872/1308/2488 
f 1854/1283/2491 1853/1281/2490 1891/1307/2489 
# 0 polygons - 962 triangles

#
# object Brazo_derD
#

v  -4.2830 0.5264 10.2506
v  -4.2706 0.5319 10.2595
v  -4.2750 0.5184 10.2442
v  -4.2905 0.5277 10.2604
v  -4.2592 0.5187 10.2941
v  -4.2260 0.5232 10.3071
v  -4.2324 0.5312 10.3112
v  -4.2616 0.5324 10.2892
v  -4.2708 0.5292 10.2839
v  -4.2776 0.5085 10.2841
v  -4.2805 0.5251 10.2777
v  -4.2877 0.5022 10.2773
v  -4.2697 0.4996 10.2784
v  -4.2801 0.4934 10.2719
v  -4.2724 0.4931 10.2615
v  -4.2884 0.4878 10.2519
v  -4.2719 0.5076 10.2472
v  -4.2910 0.5010 10.2361
v  -4.2938 0.5114 10.2327
v  -4.3007 0.5186 10.2379
v  -4.3071 0.5192 10.2465
v  -4.3084 0.5114 10.2543
v  -4.3064 0.4890 10.2394
v  -4.3103 0.4954 10.2264
v  -4.3130 0.5048 10.2222
v  -4.3013 0.4955 10.2653
v  -4.2949 0.4874 10.2612
v  -4.3092 0.4878 10.2470
v  -4.3189 0.4910 10.2360
v  -4.3232 0.4965 10.2286
v  -4.3222 0.5094 10.2227
v  -4.3225 0.5105 10.2322
v  -4.3228 0.5028 10.2393
v  -4.2925 0.5198 10.2685
v  -4.3143 0.4938 10.2477
v  -4.1970 0.5327 10.3134
v  -4.1772 0.5468 10.3162
v  -4.1795 0.5355 10.3262
v  -4.1948 0.5408 10.3053
v  -4.1973 0.5540 10.3008
v  -4.2097 0.5482 10.2935
v  -4.2044 0.5614 10.3062
v  -4.2163 0.5553 10.2983
v  -4.2227 0.5559 10.3070
v  -4.2328 0.5513 10.2994
v  -4.2346 0.5426 10.3072
v  -4.2595 0.5403 10.2814
v  -4.2685 0.5370 10.2759
v  -4.2783 0.5332 10.2694
v  -4.2247 0.5465 10.3157
v  -4.2611 0.5358 10.2663
v  -4.2527 0.5395 10.2723
v  -4.2266 0.5509 10.2910
v  -4.2202 0.5438 10.2863
v  -4.2180 0.5328 10.2899
v  -4.2074 0.5362 10.2976
v  -4.2199 0.5237 10.2981
v  -4.2038 0.5326 10.3230
v  -4.2455 0.5319 10.2667
v  -4.2429 0.5212 10.2698
v  -4.2533 0.5279 10.2601
v  -4.2624 0.5238 10.2529
v  -4.2595 0.5126 10.2558
v  -4.2618 0.4991 10.2677
v  -4.2521 0.5103 10.2892
v  -4.2451 0.5103 10.2795
v  -4.2505 0.5171 10.2628
v  -3.6014 0.8036 10.7375
v  -3.6135 0.8108 10.7025
v  -3.6220 0.7917 10.7185
v  -3.5933 0.8204 10.7225
v  -3.5898 0.8098 10.7484
v  -3.5813 0.8288 10.7324
v  -3.5779 0.8164 10.7593
v  -3.5694 0.8354 10.7433
v  -3.6443 0.7527 10.6969
v  -3.6940 0.7214 10.6463
v  -3.6303 0.7354 10.6850
v  -3.7673 0.6795 10.5822
v  -3.6786 0.7041 10.6351
v  -3.6148 0.7351 10.6662
v  -3.6645 0.7454 10.5904
v  -3.6094 0.7781 10.6467
v  -3.6065 0.7524 10.6509
v  -3.6584 0.7202 10.5972
v  -3.6639 0.7035 10.6150
v  -3.7497 0.6599 10.5694
v  -3.7741 0.6464 10.5507
v  -3.8185 0.6557 10.5497
v  -3.7995 0.6343 10.5361
v  -3.8795 0.5930 10.4926
v  -3.8611 0.5952 10.4656
v  -3.9849 0.5322 10.4031
v  -3.9763 0.5773 10.3639
v  -3.8544 0.6239 10.4387
v  -3.8622 0.6640 10.4252
v  -3.7831 0.6871 10.4810
v  -3.8006 0.7077 10.4930
v  -3.7329 0.6591 10.5466
v  -4.0082 0.5262 10.4394
v  -3.8989 0.6176 10.5049
v  -4.0329 0.5607 10.4530
v  -3.8810 0.6884 10.4367
v  -3.8193 0.7086 10.5186
v  -3.9865 0.6374 10.3414
v  -3.7268 0.6777 10.5265
v  -3.7567 0.6456 10.5269
v  -3.7823 0.6341 10.5120
v  -3.7757 0.6555 10.4899
v  -3.7574 0.6951 10.4979
v  -3.7751 0.7151 10.5105
v  -3.7337 0.7061 10.5190
v  -3.7507 0.7251 10.5311
v  -3.6794 0.7622 10.6010
v  -3.7680 0.7265 10.5546
v  -3.6947 0.7633 10.6217
v  -3.7503 0.6652 10.5059
v  -3.8258 0.6853 10.5420
v  -3.7743 0.7059 10.5759
v  -3.7002 0.7450 10.6405
v  -4.0104 0.6720 10.3539
v  -3.9000 0.6865 10.4645
v  -3.9067 0.6550 10.4932
v  -3.6474 0.7767 10.6934
v  -3.6389 0.7957 10.6774
v  -3.6229 0.7949 10.6580
v  -4.0345 0.6660 10.3913
v  -4.0429 0.6168 10.4330
v  -3.5980 0.7817 10.7400
v  -3.6188 0.7677 10.7219
v  -3.5866 0.7858 10.7519
v  -3.5748 0.7924 10.7628
v  -4.2246 0.5014 10.2137
v  -4.2168 0.4999 10.2037
v  -4.2369 0.4957 10.2046
v  -4.2183 0.4756 10.1914
v  -4.2373 0.4691 10.1804
v  -4.2213 0.4865 10.1885
v  -4.2086 0.4919 10.1970
v  -4.2057 0.4807 10.2000
v  -4.1969 0.4853 10.2070
v  -4.1996 0.4960 10.2043
v  -4.2075 0.5039 10.2104
v  -4.2149 0.5051 10.2201
v  -4.2172 0.4973 10.2281
v  -4.2269 0.4932 10.2219
v  -4.2388 0.4878 10.2127
v  -4.2547 0.4795 10.1985
v  -4.2534 0.4873 10.1907
v  -4.2293 0.4945 10.1948
v  -4.2059 0.5084 10.2256
v  -4.2080 0.5005 10.2334
v  -4.2055 0.4868 10.2384
v  -4.2240 0.4766 10.2283
v  -4.2340 0.4702 10.2215
v  -4.2476 0.4636 10.2095
v  -4.2691 0.4708 10.1835
v  -4.2688 0.4786 10.1764
v  -4.2471 0.4867 10.1822
v  -4.2402 0.4795 10.1770
v  -4.2607 0.4618 10.1919
v  -4.1769 0.5136 10.2570
v  -4.1744 0.5023 10.2605
v  -4.1668 0.4936 10.2552
v  -4.1983 0.4784 10.2335
v  -4.2160 0.4677 10.2226
v  -4.2264 0.4615 10.2161
v  -4.2411 0.4555 10.2054
v  -4.2556 0.4559 10.1912
v  -4.2652 0.4591 10.1802
v  -4.2695 0.4646 10.1728
v  -4.2684 0.4775 10.1669
v  -4.2347 0.4559 10.1960
v  -4.2527 0.4571 10.1837
v  -4.2567 0.4635 10.1706
v  -4.2592 0.4729 10.1664
v  -4.2188 0.4612 10.2057
v  -4.2082 0.4672 10.2119
v  -4.1914 0.4784 10.2237
v  -4.1600 0.4937 10.2456
v  -4.1891 0.4893 10.2139
v  -4.1579 0.5023 10.2373
v  -4.1917 0.5001 10.2110
v  -4.1603 0.5146 10.2333
v  -4.1989 0.5076 10.2165
v  -4.1675 0.5221 10.2387
v  -4.1747 0.5232 10.2482
v  -4.2113 0.5128 10.2797
v  -4.2045 0.5046 10.2753
v  -4.1800 0.5149 10.2930
v  -4.1982 0.5051 10.2661
v  -4.2051 0.5328 10.2590
v  -4.1872 0.5306 10.2624
v  -4.1985 0.5255 10.2540
v  -4.1962 0.5142 10.2577
v  -4.1849 0.5183 10.2665
v  -4.1729 0.5150 10.2830
v  -4.1532 0.5181 10.2965
v  -4.1619 0.5202 10.3074
v  -4.1880 0.5239 10.2986
v  -4.2023 0.5286 10.2846
v  -4.2136 0.5245 10.2758
v  -4.1908 0.5352 10.2957
v  -4.1507 0.5295 10.2860
v  -4.1706 0.5233 10.2747
v  -4.1733 0.5368 10.2702
v  -4.2002 0.5383 10.2757
v  -4.1884 0.5458 10.2858
v  -4.1749 0.5439 10.3112
v  -4.1715 0.5289 10.3154
v  -4.1510 0.5231 10.3160
v  -4.1405 0.5206 10.3037
v  -4.1406 0.5322 10.2907
v  -4.1538 0.5485 10.2789
v  -4.1807 0.5444 10.2758
v  -4.1937 0.5377 10.2671
v  -4.1626 0.5560 10.2866
v  -4.1613 0.5329 10.3253
v  -4.1672 0.5480 10.3183
v  -4.1721 0.5575 10.2991
v  -4.1618 0.5674 10.3053
v  -4.1518 0.5646 10.2921
v  -4.1409 0.5550 10.2835
v  -4.2116 0.5333 10.2676
v  -4.2340 0.5202 10.2383
v  -4.2260 0.5122 10.2319
v  -4.2232 0.5010 10.2348
v  -4.2256 0.4901 10.2450
v  -4.2334 0.4904 10.2556
v  -4.2412 0.4993 10.2612
v  -4.2439 0.5134 10.2564
v  -4.2415 0.5214 10.2481
v  -4.2515 0.5177 10.2421
v  -4.2433 0.5161 10.2316
v  -4.2538 0.5117 10.2241
v  -4.2347 0.5077 10.2246
v  -4.2541 0.5099 10.2505
v  -4.2617 0.4883 10.2498
v  -4.2649 0.5054 10.2437
v  -4.2624 0.5135 10.2350
v  -4.2759 0.5075 10.2250
v  -4.2781 0.4994 10.2335
v  -4.2728 0.4814 10.2424
v  -4.2529 0.4788 10.2434
v  -4.2442 0.4779 10.2318
v  -4.2317 0.4965 10.2272
v  -4.2447 0.5031 10.2167
v  -4.2415 0.4915 10.2194
v  -4.2559 0.4714 10.2249
v  -4.2643 0.4722 10.2362
v  -4.2878 0.4740 10.2290
v  -4.2956 0.4901 10.2177
v  -4.2942 0.4980 10.2096
v  -4.2675 0.5057 10.2143
v  -4.2872 0.4972 10.2003
v  -4.2795 0.4893 10.1944
v  -4.3006 0.4822 10.1828
v  -4.2978 0.4725 10.1869
v  -4.2807 0.4655 10.2243
v  -4.2764 0.4787 10.1977
v  -4.3120 0.4737 10.1894
v  -4.3073 0.4683 10.1971
v  -4.3115 0.4807 10.2012
v  -4.3022 0.4716 10.2099
v  -4.2966 0.4653 10.2090
v  -4.2735 0.4655 10.2142
v  -4.2554 0.4860 10.2099
v  -4.2587 0.4972 10.2070
v  -4.2934 0.4664 10.2008
v  -4.3112 0.4885 10.1937
v  -4.3108 0.4869 10.1835
v  -4.1330 0.5161 10.2960
v  -4.1384 0.5309 10.2884
v  -4.1339 0.5497 10.2768
v  -4.1649 0.5830 10.3323
v  -4.1695 0.5713 10.3138
v  -4.1692 0.5492 10.3205
v  -4.1689 0.5374 10.3332
v  -4.1511 0.5442 10.3569
v  -4.1298 0.5301 10.3326
v  -4.1058 0.5160 10.3074
v  -4.1239 0.5077 10.2883
v  -4.0932 0.5088 10.2942
v  -4.1149 0.5054 10.2771
v  -4.1118 0.5177 10.2653
v  -4.1264 0.5351 10.3735
v  -4.1061 0.5306 10.3548
v  -4.0828 0.5387 10.3836
v  -4.0933 0.5163 10.3401
v  -4.0711 0.5058 10.3209
v  -4.0841 0.5265 10.2855
v  -4.1155 0.5364 10.2593
v  -4.1114 0.5509 10.2767
v  -4.1245 0.5463 10.2660
v  -4.0886 0.5519 10.2762
v  -4.0596 0.5369 10.3044
v  -4.0459 0.5166 10.3444
v  -4.0722 0.5323 10.3724
v  -4.0778 0.5380 10.3770
v  -4.0497 0.5528 10.3947
v  -4.0269 0.5392 10.3670
v  -4.0380 0.5477 10.3238
v  -4.0639 0.5650 10.2951
v  -4.1003 0.5616 10.2869
v  -4.1380 0.5696 10.3022
v  -4.1242 0.5777 10.3105
v  -4.1496 0.5907 10.3381
v  -4.1200 0.6022 10.3508
v  -4.1327 0.6054 10.3655
v  -4.1072 0.6122 10.3759
v  -4.0937 0.6091 10.3641
v  -4.0735 0.6186 10.3898
v  -4.0656 0.6164 10.3792
v  -4.0398 0.6100 10.3872
v  -4.0307 0.6095 10.3748
v  -4.0296 0.6135 10.3929
v  -4.0205 0.6130 10.3805
v  -4.0431 0.5990 10.3984
v  -4.0328 0.6026 10.4042
v  -4.0215 0.6065 10.4106
v  -4.0183 0.6174 10.3993
v  -4.0292 0.5884 10.4076
v  -4.0394 0.5849 10.4019
v  -4.0758 0.5999 10.4075
v  -4.1130 0.6199 10.3986
v  -4.1217 0.6121 10.3832
v  -4.1292 0.5977 10.3728
v  -4.1611 0.5952 10.3516
v  -4.0768 0.5648 10.4165
v  -4.1082 0.5492 10.4084
v  -4.1056 0.5800 10.4286
v  -4.1081 0.6055 10.4155
v  -4.1238 0.5755 10.3826
v  -4.1290 0.5934 10.3728
v  -4.1321 0.6084 10.3832
v  -4.1328 0.6173 10.3995
v  -4.1281 0.6063 10.4167
v  -4.1211 0.5876 10.4276
v  -4.1135 0.5652 10.4186
v  -4.1228 0.5577 10.4032
v  -4.1391 0.5478 10.3949
v  -4.1381 0.5807 10.4173
v  -4.1184 0.5724 10.4173
v  -4.1856 0.5676 10.4100
v  -4.1793 0.5565 10.4028
v  -4.1640 0.5745 10.4112
v  -4.1588 0.5652 10.4063
v  -4.1345 0.5698 10.4114
v  -4.1181 0.5635 10.4010
v  -4.1292 0.5772 10.3829
v  -4.1633 0.5735 10.3678
v  -4.1649 0.5521 10.3717
v  -4.1898 0.5641 10.3464
v  -4.1865 0.5479 10.3516
v  -4.1960 0.5453 10.3434
v  -4.1873 0.5372 10.3362
v  -4.1776 0.5397 10.3441
v  -4.1976 0.5607 10.3712
v  -4.1843 0.5534 10.3769
v  -4.1922 0.5490 10.3759
v  -4.1900 0.5422 10.3889
v  -4.1756 0.5519 10.3893
v  -4.1562 0.5623 10.3951
v  -4.1333 0.5654 10.3993
v  -4.1872 0.5790 10.3338
v  -4.1783 0.5782 10.3218
v  -4.1801 0.5654 10.3090
v  -4.1880 0.5723 10.3158
v  -4.1966 0.5733 10.3273
v  -4.0302 0.5747 10.3952
v  -4.0200 0.5782 10.4009
v  -4.0091 0.6169 10.3869
v  -4.0115 0.6028 10.3742
v  -4.0002 0.6067 10.3806
v  -4.0071 0.5872 10.3775
v  -3.9959 0.5912 10.3840
v  -3.9999 0.5816 10.3953
v  -4.0112 0.5777 10.3889
v  -4.0086 0.5821 10.4073
v  -4.0214 0.5742 10.3832
v  -4.0208 0.5611 10.3477
v  -4.0433 0.5768 10.3139
v  -4.0172 0.5836 10.3716
v  -4.0218 0.5993 10.3685
v  -4.0765 0.5765 10.3058
v  -4.0982 0.5908 10.3274
v  -4.0744 0.6001 10.3445
v  -4.0506 0.6088 10.3618
v  -4.0345 0.5970 10.3453
v  -4.0271 0.5891 10.3385
v  -4.0547 0.5865 10.3246
v  -3.5839 0.7651 10.7278
v  -3.6048 0.7504 10.7101
v  -3.5726 0.7685 10.7400
v  -3.5607 0.7751 10.7509
v  -4.1414 0.5421 10.2726
v  -4.1439 0.5286 10.2843
v  -4.1408 0.5141 10.2887
v  -4.1321 0.5059 10.2815
v  -4.1237 0.5039 10.2709
v  -4.1328 0.5410 10.2611
v  -4.1242 0.5314 10.2550
v  -4.1210 0.5151 10.2606
v  -3.5684 0.7641 10.7093
v  -3.5893 0.7502 10.6912
v  -3.5571 0.7682 10.7212
v  -3.5453 0.7748 10.7321
v  -3.9688 0.6093 10.4416
v  -3.9725 0.6233 10.4382
v  -4.0179 0.5923 10.4140
v  -3.9596 0.5990 10.4349
v  -3.9508 0.5986 10.4229
v  -3.9475 0.6085 10.4123
v  -3.9512 0.6237 10.4082
v  -3.9601 0.6337 10.4145
v  -3.9692 0.6344 10.4269
v  -4.1577 0.5949 10.3840
v  -4.1461 0.5990 10.3836
v  -4.1536 0.5855 10.3790
v  -4.1424 0.5884 10.3775
v  -4.1595 0.5983 10.3949
v  -4.1472 0.6037 10.3955
v  -4.1685 0.5896 10.3830
v  -4.1634 0.5805 10.3779
v  -4.1585 0.5692 10.3839
v  -4.1486 0.5735 10.3858
v  -4.1374 0.5751 10.3847
v  -4.1885 0.5797 10.3808
v  -4.1823 0.5687 10.3733
v  -4.1958 0.5760 10.3800
v  -4.1922 0.5845 10.3939
v  -4.1712 0.5927 10.3939
v  -4.1687 0.5855 10.4052
v  -4.1565 0.5905 10.4069
v  -4.1438 0.5954 10.4087
v  -4.1903 0.5782 10.4057
v  -4.1996 0.5810 10.3934
v  -4.2039 0.5719 10.3791
v  -4.1895 0.5649 10.3723
v  -4.1770 0.5573 10.3781
v  -4.2100 0.5549 10.3702
v  -4.1978 0.5748 10.4050
v  -4.2080 0.5771 10.3928
v  -4.2200 0.5707 10.3910
v  -4.2162 0.5658 10.3778
v  -4.2337 0.5471 10.3719
v  -4.2049 0.5436 10.3750
v  -4.2019 0.5347 10.3900
v  -4.2342 0.5343 10.3769
v  -4.2203 0.5325 10.3895
v  -4.1940 0.5471 10.4028
v  -4.2054 0.5391 10.4032
v  -4.2257 0.5332 10.3978
v  -4.2451 0.5372 10.3844
v  -4.2427 0.5526 10.3748
v  -4.2398 0.5567 10.3845
v  -4.2181 0.5644 10.4023
v  -4.2059 0.5709 10.4046
v  -4.2004 0.5585 10.4103
v  -4.2264 0.5421 10.4021
v  -4.2424 0.5476 10.3941
v  -4.2116 0.5502 10.4103
v  -3.5772 0.8188 10.7035
v  -3.5974 0.8100 10.6831
v  -3.5653 0.8281 10.7131
v  -3.5534 0.8346 10.7240
v  -3.5810 0.7674 10.6760
v  -3.5605 0.7792 10.6950
v  -3.5489 0.7855 10.7060
v  -3.5370 0.7921 10.7169
v  -3.5839 0.7932 10.6718
v  -3.5637 0.8028 10.6918
v  -3.5517 0.8113 10.7017
v  -3.5398 0.8178 10.7126
v  -4.1991 0.5598 10.3390
v  -4.2118 0.5626 10.3158
v  -4.2141 0.5524 10.3254
v  -4.2115 0.5413 10.3284
v  -4.0102 0.6635 10.3590
v  -4.0316 0.6582 10.3920
v  -4.0391 0.6147 10.4288
v  -4.0302 0.5653 10.4465
v  -4.0083 0.5348 10.4345
v  -3.9877 0.5401 10.4024
v  -3.9802 0.5798 10.3677
v  -3.9891 0.6330 10.3479
# 486 vertices

vn -0.0125 0.9999 -0.0035
vn -0.0014 1.0000 0.0095
vn 0.5251 0.7223 -0.4501
vn -0.5860 0.7062 0.3974
vn -0.5530 -0.6303 0.5449
vn 0.0235 -0.9996 0.0186
vn -0.6085 -0.6383 0.4715
vn -0.7482 0.0385 0.6623
vn -0.7423 0.0531 0.6680
vn -0.5487 -0.6392 0.5388
vn -0.7855 0.0554 0.6164
vn -0.6091 -0.6497 0.4549
vn 0.0844 -0.9899 0.1142
vn 0.0239 -0.9990 0.0366
vn 0.5940 -0.6583 -0.4624
vn 0.4770 -0.6421 -0.6001
vn 0.7519 0.0663 -0.6560
vn 0.7052 0.0386 -0.7080
vn 0.5241 0.6900 -0.4992
vn -0.0227 0.9997 -0.0085
vn -0.6373 0.6686 0.3831
vn -0.8708 0.0302 0.4907
vn 0.2478 -0.6307 -0.7354
vn 0.3834 -0.1403 -0.9129
vn 0.3535 0.5259 -0.7736
vn -0.7126 -0.6302 0.3083
vn -0.1241 -0.9806 -0.1520
vn -0.3032 -0.8773 -0.3721
vn -0.4651 -0.6751 -0.5727
vn -0.6085 -0.2057 -0.7664
vn -0.4454 0.7202 -0.5320
vn -0.8515 0.4951 0.1727
vn -0.9783 -0.1458 0.1470
vn -0.8318 0.0603 0.5518
vn -0.7895 -0.6103 0.0650
vn 0.5368 -0.6421 -0.5473
vn 0.7069 -0.0236 -0.7070
vn 0.4566 -0.6872 -0.5651
vn 0.7428 -0.0257 -0.6690
vn 0.5031 0.6544 -0.5645
vn 0.5567 0.6727 -0.4875
vn -0.0980 0.9881 -0.1184
vn -0.0242 0.9992 -0.0326
vn -0.6203 0.6800 0.3908
vn -0.5827 0.6782 0.4478
vn -0.7984 0.0121 0.6020
vn -0.5403 0.7031 0.4623
vn -0.5260 0.7121 0.4650
vn -0.5491 0.7152 0.4324
vn -0.8392 -0.0100 0.5437
vn 0.0026 0.9999 0.0133
vn -0.0014 1.0000 0.0074
vn -0.0003 1.0000 0.0003
vn 0.5836 0.6828 -0.4395
vn 0.7997 0.0101 -0.6003
vn 0.7650 -0.0164 -0.6439
vn 0.6242 -0.6335 -0.4573
vn -0.0559 -0.9933 -0.1008
vn 0.5817 0.7139 -0.3899
vn 0.8398 0.0412 -0.5413
vn 0.5777 0.7241 -0.3767
vn 0.5512 0.7287 -0.4063
vn 0.8039 0.0595 -0.5918
vn 0.6599 -0.6469 -0.3823
vn 0.0678 -0.9937 0.0891
vn 0.6694 -0.6355 -0.3847
vn 0.8424 0.0567 -0.5359
vn -0.7959 0.3804 0.4710
vn -0.8007 0.3699 0.4712
vn -0.8113 0.3573 0.4627
vn -0.8019 0.3782 0.4624
vn -0.8068 0.3676 0.4626
vn -0.8156 0.3582 0.4544
vn -0.8061 0.3562 0.4726
vn -0.3247 -0.9289 0.1780
vn -0.3141 -0.9295 0.1931
vn -0.0280 -0.9992 0.0296
vn -0.2736 -0.9348 0.2266
vn 0.0259 -0.9995 0.0156
vn 0.6322 -0.7089 -0.3127
vn 0.6514 0.6863 -0.3234
vn 0.6139 0.7254 -0.3113
vn 0.8895 -0.0032 -0.4569
vn 0.8915 -0.0144 -0.4528
vn 0.6468 -0.6932 -0.3179
vn 0.0430 -0.9986 0.0304
vn 0.0636 -0.9974 0.0332
vn -0.2276 -0.9227 0.3113
vn 0.0761 -0.9949 0.0666
vn 0.1104 -0.9893 0.0957
vn 0.6284 -0.6281 -0.4589
vn 0.6366 -0.6202 -0.4583
vn 0.7552 -0.0100 -0.6554
vn 0.7631 -0.0104 -0.6462
vn 0.6346 0.6175 -0.4647
vn 0.5910 0.6749 -0.4418
vn 0.0781 0.9946 0.0687
vn 0.6349 -0.6941 -0.3393
vn 0.0886 -0.9824 0.1647
vn -0.2523 -0.8749 0.4134
vn -0.2703 -0.8341 0.4808
vn 0.1123 0.9889 0.0969
vn -0.5178 0.6805 0.5185
vn 0.6426 0.6092 -0.4647
vn 0.8713 -0.0131 -0.4906
vn 0.5987 -0.6887 -0.4089
vn 0.5838 -0.6846 -0.4364
vn 0.7638 -0.0127 -0.6453
vn 0.6066 0.6791 -0.4134
vn 0.0653 0.9972 0.0357
vn 0.6436 0.6847 -0.3421
vn 0.0452 0.9984 0.0337
vn 0.0251 0.9995 0.0190
vn -0.5618 0.7091 0.4261
vn -0.6137 0.7001 0.3651
vn 0.8054 -0.0129 -0.5926
vn -0.7534 -0.0125 0.6575
vn -0.8118 -0.0135 0.5838
vn -0.8684 -0.0122 0.4957
vn 0.0896 0.9820 0.1664
vn -0.4976 0.6175 0.6091
vn -0.6885 -0.0104 0.7252
vn -0.7061 -0.3376 0.6225
vn -0.7541 -0.3628 0.5474
vn -0.8103 -0.3590 0.4631
vn -0.8309 -0.3426 0.4384
vn -0.8808 0.0452 0.4714
vn -0.6185 0.7078 0.3413
vn -0.0187 0.9995 0.0261
vn -0.4850 0.5634 0.6688
vn -0.6379 -0.0093 0.7700
vn -0.6578 -0.2753 0.7011
vn -0.6179 -0.2333 0.7509
vn -0.8135 -0.3701 0.4486
vn -0.7973 -0.3638 0.4815
vn -0.7958 -0.3517 0.4930
vn -0.8118 -0.3671 0.4541
vn -0.8177 -0.3546 0.4535
vn -0.8114 -0.3468 0.4706
vn -0.8089 -0.3476 0.4742
vn -0.5861 0.7061 0.3974
vn -0.6374 0.6686 0.3831
vn -0.0126 0.9999 -0.0035
vn -0.5548 0.7055 0.4410
vn -0.7663 0.0376 0.6413
vn -0.5619 -0.6357 0.5293
vn -0.8081 -0.0134 0.5889
vn -0.5956 -0.6563 0.4632
vn 0.0325 -0.9991 0.0257
vn 0.0642 -0.9944 0.0838
vn 0.6598 -0.6394 -0.3947
vn 0.6188 -0.6499 -0.4412
vn 0.8287 0.0408 -0.5583
vn 0.7961 -0.0112 -0.6051
vn 0.5693 0.7150 -0.4058
vn 0.5658 0.6918 -0.4487
vn -0.0112 0.9999 -0.0066
vn -0.0112 0.9997 -0.0208
vn -0.5897 0.6907 0.4186
vn -0.5980 -0.6420 0.4799
vn 0.0239 -0.9996 0.0128
vn -0.0554 -0.9956 -0.0758
vn 0.6237 -0.6407 -0.4476
vn 0.0003 1.0000 0.0007
vn 0.5578 0.6762 -0.4813
vn 0.5888 0.6870 -0.4259
vn 0.8160 0.0095 -0.5780
vn 0.7680 -0.0074 -0.6404
vn 0.5219 -0.6488 -0.5538
vn 0.4337 -0.7047 -0.5615
vn -0.0896 -0.9890 -0.1175
vn -0.6479 -0.6805 0.3422
vn -0.8346 0.0009 0.5508
vn -0.7815 0.0114 0.6237
vn -0.8734 -0.0280 0.4863
vn 0.6752 -0.0256 -0.7372
vn 0.7205 -0.0273 -0.6929
vn 0.4869 0.6614 -0.5705
vn -0.6139 0.6820 0.3974
vn -0.6608 0.6833 0.3105
vn -0.8692 -0.0324 0.4934
vn -0.6340 -0.7276 0.2622
vn -0.0834 -0.9892 -0.1202
vn 0.4085 -0.7237 -0.5563
vn 0.6498 -0.0376 -0.7591
vn 0.3929 0.6874 -0.6109
vn -0.0942 0.9887 -0.1166
vn -0.0207 0.9994 -0.0285
vn -0.1910 0.9670 -0.1686
vn -0.6096 -0.7456 0.2693
vn -0.8674 -0.0439 0.4956
vn -0.7226 0.6381 0.2660
vn -0.6844 0.7117 0.1581
vn -0.1865 0.9577 -0.2191
vn 0.3661 0.6883 -0.6263
vn -0.5718 0.6820 0.4560
vn -0.0000 1.0000 0.0085
vn 0.5726 0.7290 -0.3751
vn 0.8450 0.0445 -0.5329
vn 0.6588 -0.6556 -0.3689
vn 0.0681 -0.9941 0.0839
vn -0.5406 -0.6482 0.5362
vn -0.7421 0.0418 0.6690
vn -0.5241 0.7185 0.4573
vn -0.5126 0.7291 0.4535
vn 0.0024 0.9999 0.0123
vn -0.0013 1.0000 0.0089
vn 0.5627 0.7410 -0.3666
vn -0.7420 0.0564 0.6680
vn -0.5402 -0.6569 0.5260
vn -0.7851 0.0593 0.6165
vn -0.5358 0.7316 0.4216
vn -0.5722 0.7227 0.3877
vn -0.8316 0.0645 0.5517
vn -0.5993 -0.6652 0.4454
vn 0.0779 -0.9914 0.1055
vn 0.6449 -0.6648 -0.3771
vn 0.8423 0.0601 -0.5357
vn 0.5368 0.7451 -0.3959
vn 0.8038 0.0636 -0.5915
vn 0.5818 -0.6740 -0.4552
vn 0.0220 -0.9992 0.0339
vn -0.6975 -0.6478 0.3064
vn -0.8707 0.0322 0.4907
vn -0.6242 0.6857 0.3744
vn -0.0117 0.9999 -0.0032
vn -0.0211 0.9997 -0.0078
vn 0.5116 0.7071 -0.4882
vn 0.3445 0.5426 -0.7661
vn 0.3844 -0.1505 -0.9108
vn -0.1161 -0.9830 -0.1420
vn 0.7051 0.0411 -0.7080
vn -0.6069 -0.2158 -0.7649
vn -0.4504 -0.7004 -0.5538
vn -0.9764 -0.1569 0.1481
vn -0.7662 -0.6393 0.0652
vn -0.2858 -0.8921 -0.3500
vn 0.4710 -0.6597 -0.5856
vn 0.7516 0.0708 -0.6558
vn 0.5115 0.7389 -0.4387
vn 0.2421 -0.6593 -0.7118
vn -0.8425 0.5124 0.1663
vn -0.4467 0.7187 -0.5328
vn -0.2443 -0.8688 -0.4308
vn -0.6063 -0.0286 -0.7947
vn -0.3636 -0.8629 -0.3509
vn -0.6084 -0.0283 -0.7931
vn -0.2556 0.8840 -0.3915
vn -0.1509 0.9051 -0.3976
vn -0.1456 0.9892 -0.0153
vn -0.3337 0.9074 -0.2555
vn -0.0269 0.8953 -0.4447
vn -0.6097 -0.0282 -0.7921
vn 0.0352 -0.0370 -0.9987
vn 0.0080 -0.8556 -0.5176
vn -0.3476 -0.8733 -0.3414
vn -0.2061 -0.9393 -0.2744
vn -0.1947 -0.9484 -0.2504
vn -0.0534 -0.9957 -0.0758
vn -0.1209 -0.9873 -0.1026
vn -0.1183 -0.9868 -0.1108
vn 0.4028 -0.7090 -0.5788
vn 0.4453 -0.6864 -0.5749
vn 0.7655 0.0180 -0.6432
vn -0.1747 -0.9406 -0.2911
vn -0.1559 -0.9689 -0.1919
vn 0.1545 -0.9827 -0.1021
vn -0.2289 -0.9541 -0.1931
vn -0.2819 -0.8708 -0.4029
vn 0.3845 -0.7699 -0.5093
vn 0.7871 0.0096 -0.6167
vn 0.5670 0.6903 -0.4494
vn 0.0225 0.9894 -0.1435
vn 0.1373 0.9904 0.0149
vn 0.5002 0.7371 -0.4544
vn 0.8322 0.0222 -0.5540
vn 0.5870 -0.7729 -0.2407
vn -0.0910 -0.9909 0.0990
vn -0.0001 -0.9995 -0.0324
vn 0.2802 -0.8892 0.3618
vn 0.7210 -0.6855 0.1013
vn 0.9068 0.0101 -0.4215
vn 0.5757 0.7140 -0.3984
vn 0.0224 0.9851 -0.1705
vn -0.0548 0.9958 -0.0739
vn -0.0659 0.9941 -0.0862
vn -0.1625 0.9866 -0.0165
vn -0.1129 0.9905 0.0790
vn -0.5906 0.6797 0.4349
vn -0.1226 0.9769 0.1750
vn -0.0590 0.9893 0.1336
vn -0.0321 0.6961 0.7173
vn 0.0230 0.9475 0.3188
vn -0.2100 0.6706 0.7114
vn 0.1373 0.9756 0.1713
vn -0.5190 0.6929 0.5005
vn 0.0054 1.0000 -0.0036
vn -0.3302 -0.0031 0.9439
vn -0.7204 -0.0132 0.6935
vn -0.5189 0.6930 0.5004
vn -0.5101 -0.7068 0.4901
vn -0.1498 -0.6382 0.7551
vn 0.0283 -0.0308 0.9991
vn -0.1297 0.7601 0.6367
vn -0.2797 0.9579 0.0645
vn -0.9535 0.1369 0.2684
vn -0.5793 0.6938 0.4278
vn 0.0302 0.9986 0.0437
vn 0.1492 -0.7444 0.6508
vn -0.1598 -0.9721 0.1719
vn -0.0224 -0.5266 0.8498
vn 0.0106 0.1448 0.9894
vn 0.9627 0.1819 -0.2001
vn 0.4493 0.4919 -0.7458
vn -0.3401 0.9071 -0.2481
vn -0.5345 0.7234 0.4370
vn -0.5080 0.1322 0.8511
vn -0.4238 -0.4334 0.7954
vn -0.4820 -0.8251 0.2948
vn -0.8166 -0.2443 0.5230
vn -0.6419 -0.6987 0.3157
vn -0.5006 -0.5880 0.6353
vn -0.6186 -0.7774 0.1140
vn -0.1829 -0.5352 0.8247
vn 0.2487 -0.9223 0.2957
vn -0.3230 -0.5371 0.7792
vn 0.0389 -0.9811 0.1897
vn -0.1329 -0.9809 0.1418
vn -0.9582 -0.2720 0.0890
vn -0.3830 0.0592 0.9219
vn -0.7457 -0.0139 0.6662
vn -0.6556 -0.7144 0.2446
vn -0.8231 -0.0177 0.5676
vn -0.6491 -0.7027 0.2914
vn -0.6397 -0.7033 0.3100
vn -0.0787 -0.9892 -0.1240
vn -0.0909 -0.9851 -0.1457
vn 0.2250 0.6046 -0.7641
vn 0.5937 -0.0923 -0.7994
vn 0.5467 -0.1163 -0.8292
vn 0.6154 -0.7077 -0.3471
vn 0.6146 -0.7062 -0.3515
vn 0.4602 -0.7264 -0.5104
vn 0.1274 -0.7869 -0.6038
vn -0.6281 0.6698 0.3959
vn -0.1006 0.9947 0.0221
vn 0.4322 0.6955 -0.5740
vn -0.1566 0.9830 -0.0958
vn -0.6685 0.6606 0.3416
vn 0.2300 -0.9317 0.2812
vn 0.0038 -1.0000 -0.0052
vn 0.0054 1.0000 -0.0037
vn 0.5061 0.7139 -0.4839
vn 0.5093 0.7097 -0.4867
vn 0.7293 -0.0168 -0.6840
vn 0.7270 -0.0162 -0.6864
vn 0.4970 -0.7251 -0.4766
vn 0.4932 -0.7299 -0.4732
vn 0.7118 -0.7007 -0.0492
vn 0.9928 -0.0310 -0.1160
vn 0.6425 0.7173 -0.2697
vn 0.9648 -0.0022 -0.2631
vn 0.6691 0.7286 -0.1464
vn 0.0963 0.9906 -0.0968
vn -0.0111 0.9998 -0.0142
vn 0.0252 0.9990 0.0369
vn 0.0940 0.9873 0.1281
vn 0.3028 0.9502 0.0736
vn 0.7407 0.6700 -0.0492
vn 0.1391 0.9901 -0.0208
vn -0.3213 -0.9362 0.1427
vn -0.2453 -0.9368 0.2496
vn -0.2497 -0.9313 0.2651
vn -0.3348 -0.9330 0.1320
vn -0.3683 -0.9237 0.1057
vn -0.3586 -0.9235 0.1361
vn -0.3178 -0.9297 0.1863
vn -0.7205 0.6176 0.3153
vn -0.8178 -0.0286 0.5748
vn -0.8269 -0.0423 0.5608
vn -0.6315 -0.7009 0.3317
vn -0.6180 -0.7453 0.2503
vn -0.0791 -0.9900 -0.1171
vn -0.1121 -0.9829 -0.1459
vn 0.4138 -0.7244 -0.5514
vn 0.4577 -0.7024 -0.5451
vn 0.6942 -0.0141 -0.7196
vn -0.6737 0.7218 0.1584
vn -0.0665 0.9843 -0.1635
vn -0.0355 0.9788 -0.2015
vn 0.4618 0.6795 -0.5702
vn 0.5108 0.6514 -0.5611
vn 0.7160 -0.0102 -0.6981
vn 0.5427 -0.6588 -0.5210
vn -0.0320 -0.9958 -0.0859
vn -0.6516 -0.6556 0.3815
vn -0.8286 -0.0068 0.5598
vn -0.6265 0.6796 0.3815
vn -0.0482 0.9960 -0.0748
vn 0.5297 0.6807 -0.5061
vn 0.7470 -0.0068 -0.6648
vn 0.2924 -0.9372 -0.1901
vn 0.3603 -0.9268 -0.1060
vn 0.3658 -0.9226 -0.1228
vn 0.2831 -0.9357 -0.2105
vn 0.2673 -0.9297 -0.2533
vn 0.2738 -0.9252 -0.2629
vn 0.3235 -0.9270 -0.1896
vn -0.5002 -0.7205 0.4804
vn -0.7204 -0.0137 0.6934
vn -0.5101 -0.7067 0.4902
vn 0.0227 -0.9995 -0.0233
vn 0.5256 -0.6911 -0.4961
vn 0.7320 -0.0129 -0.6812
vn 0.5352 0.6777 -0.5042
vn 0.0247 0.9994 -0.0223
vn -0.5086 0.7076 0.4906
vn -0.2180 0.9425 -0.2532
vn -0.3139 0.8970 -0.3113
vn 0.1762 0.5324 -0.8279
vn -0.0164 0.4286 -0.9033
vn -0.5178 0.7182 0.4648
vn -0.6417 0.6816 0.3516
vn -0.2069 0.9406 -0.2693
vn 0.3003 0.5712 -0.7639
vn 0.6198 -0.0918 -0.7794
vn 0.4020 -0.1423 -0.9045
vn 0.1768 -0.2168 -0.9601
vn -0.1959 0.9444 -0.2640
vn 0.2938 0.6150 -0.7317
vn -0.2067 0.9402 -0.2706
vn -0.4815 0.7689 0.4206
vn -0.5073 0.7369 0.4469
vn -0.4829 0.1382 0.8647
vn -0.5306 0.1255 0.8383
vn -0.6725 0.0795 0.7358
vn -0.4615 0.1381 0.8763
vn -0.5120 0.7693 0.3822
vn -0.2089 0.9394 -0.2719
vn 0.2448 0.6190 -0.7462
vn 0.6454 -0.0895 -0.7585
vn 0.1626 0.5631 -0.8103
vn -0.5173 0.1357 0.8450
vn -0.5390 0.7541 0.3752
vn -0.6118 0.7111 0.3465
vn -0.2299 0.9308 -0.2842
vn -0.0134 0.4183 -0.9082
vn 0.4395 -0.1287 -0.8890
vn 0.4612 -0.7821 -0.4191
vn -0.0421 -0.3552 -0.9338
vn 0.1707 -0.8522 -0.4946
vn 0.3415 -0.8721 0.3504
vn 0.1728 -0.9526 0.2502
vn -0.2177 -0.9760 -0.0043
vn -0.7559 -0.4395 -0.4852
vn -0.6190 0.5977 -0.5095
vn -0.7670 0.5844 0.2648
vn -0.6602 0.0961 0.7450
vn -0.5672 0.1113 0.8160
vn -0.1787 -0.5363 0.8249
vn -0.5037 -0.7058 0.4981
vn -0.9078 -0.1961 0.3708
vn -0.3133 -0.6131 0.7252
vn -0.2484 0.9387 0.2389
vn -0.3061 0.9423 0.1353
vn -0.2536 0.9329 0.2556
vn -0.3081 0.9415 0.1364
vn -0.3374 0.9345 0.1132
vn -0.3365 0.9324 0.1320
vn -0.3059 0.9350 0.1793
vn 0.8054 -0.3967 -0.4403
vn 0.7809 -0.4057 -0.4749
vn 0.8151 -0.3841 -0.4337
vn 0.7862 -0.4029 -0.4685
vn 0.7860 -0.3892 -0.4804
vn 0.7972 -0.3806 -0.4686
vn 0.7977 -0.3807 -0.4677
vn 0.8222 0.3330 -0.4616
vn 0.8182 0.3441 -0.4606
vn 0.8195 0.3212 -0.4747
vn 0.8118 0.3430 -0.4726
vn 0.8104 0.3346 -0.4810
vn 0.8074 0.3251 -0.4923
vn 0.8167 0.3221 -0.4788
vn 0.3608 0.9255 -0.1152
vn 0.2973 0.9383 -0.1768
vn 0.3653 0.9215 -0.1322
vn 0.2777 0.9386 -0.2046
vn 0.2610 0.9349 -0.2403
vn 0.2743 0.9308 -0.2415
vn 0.3203 0.9285 -0.1877
vn -0.3125 0.9347 0.1692
vn -0.8207 0.3593 0.4443
vn -0.8266 -0.3414 0.4475
vn -0.3259 -0.9288 0.1765
vn 0.3305 -0.9267 -0.1789
vn 0.8121 -0.3836 -0.4397
vn 0.8344 0.3159 -0.4517
vn 0.3285 0.9276 -0.1778
vn -0.8441 -0.0307 0.5353
vn -0.6564 0.6791 0.3285
vn -0.8569 -0.0277 0.5147
vn -0.6630 -0.6618 0.3500
vn -0.6086 0.0000 -0.7934
vn -0.6087 0.0000 -0.7934
vn -0.6086 -0.0000 -0.7934
vn -0.6086 -0.0000 -0.7935
vn -0.6086 0.0000 -0.7935
vn -0.8465 -0.5273 0.0737
vn -0.8381 -0.5453 -0.0117
vn -0.9527 0.0120 0.3038
vn -0.4080 -0.7728 -0.4861
vn -0.4049 -0.7349 -0.5441
vn 0.1158 -0.4919 -0.8629
vn 0.1468 -0.5150 -0.8445
vn 0.3744 0.0104 -0.9272
vn 0.3943 0.0068 -0.9190
vn 0.1329 0.5261 -0.8400
vn 0.1063 0.4981 -0.8606
vn -0.4085 0.7713 -0.4882
vn -0.4055 0.7341 -0.5446
vn -0.8338 0.5516 -0.0229
vn -0.8397 0.5399 0.0577
vn -0.9447 0.0066 0.3279
# 524 vertex normals

vt 0.2799 0.9165 0.0000
vt 0.2741 0.9165 0.0000
vt 0.2799 0.9240 0.0000
vt 0.2799 0.9090 0.0000
vt 0.2577 0.9087 0.0000
vt 0.2334 0.9163 0.0000
vt 0.2334 0.9074 0.0000
vt 0.2577 0.9062 0.0000
vt 0.2655 0.9054 0.0000
vt 0.2740 0.9085 0.0000
vt 0.2740 0.9059 0.0000
vt 0.2773 0.9092 0.0000
vt 0.2740 0.9165 0.0000
vt 0.2773 0.9165 0.0000
vt 0.2773 0.9238 0.0000
vt 0.2822 0.9230 0.0000
vt 0.2797 0.9265 0.0000
vt 0.2877 0.9254 0.0000
vt 0.2881 0.9232 0.0000
vt 0.2881 0.9142 0.0000
vt 0.2881 0.9099 0.0000
vt 0.2877 0.9079 0.0000
vt 0.2904 0.9216 0.0000
vt 0.3013 0.9236 0.0000
vt 0.3021 0.9218 0.0000
vt 0.2822 0.9101 0.0000
vt 0.2822 0.9165 0.0000
vt 0.2904 0.9181 0.0000
vt 0.2958 0.9165 0.0000
vt 0.3013 0.9149 0.0000
vt 0.3021 0.9166 0.0000
vt 0.3021 0.9114 0.0000
vt 0.3013 0.9099 0.0000
vt 0.2797 0.9068 0.0000
vt 0.2904 0.9116 0.0000
vt 0.2131 0.9253 0.0000
vt 0.1963 0.9286 0.0000
vt 0.1938 0.9258 0.0000
vt 0.2131 0.9284 0.0000
vt 0.2132 0.9253 0.0000
vt 0.2240 0.9253 0.0000
vt 0.2132 0.9160 0.0000
vt 0.2240 0.9163 0.0000
vt 0.2240 0.9072 0.0000
vt 0.2335 0.9074 0.0000
vt 0.2334 0.9045 0.0000
vt 0.2578 0.9087 0.0000
vt 0.2655 0.9081 0.0000
vt 0.2741 0.9084 0.0000
vt 0.2240 0.9040 0.0000
vt 0.2655 0.9164 0.0000
vt 0.2578 0.9164 0.0000
vt 0.2335 0.9163 0.0000
vt 0.2335 0.9252 0.0000
vt 0.2334 0.9283 0.0000
vt 0.2240 0.9284 0.0000
vt 0.2334 0.9252 0.0000
vt 0.2131 0.9160 0.0000
vt 0.2578 0.9241 0.0000
vt 0.2577 0.9268 0.0000
vt 0.2655 0.9248 0.0000
vt 0.2741 0.9245 0.0000
vt 0.2740 0.9272 0.0000
vt 0.2740 0.9244 0.0000
vt 0.2577 0.9164 0.0000
vt 0.2577 0.9241 0.0000
vt 0.2655 0.9276 0.0000
vt 0.0283 0.1060 0.0000
vt 0.0637 0.1222 0.0000
vt 0.0283 0.1222 0.0000
vt 0.0637 0.1060 0.0000
vt 0.0283 0.0963 0.0000
vt 0.0637 0.0963 0.0000
vt 0.0283 0.0869 0.0000
vt 0.0637 0.0869 0.0000
vt 0.1544 0.6085 0.0000
vt 0.1585 0.6085 0.0000
vt 0.1544 0.6258 0.0000
vt 0.1649 0.6085 0.0000
vt 0.1585 0.6258 0.0000
vt 0.1544 0.6425 0.0000
vt 0.1585 0.6764 0.0000
vt 0.1544 0.6764 0.0000
vt 0.1544 0.6567 0.0000
vt 0.1585 0.6567 0.0000
vt 0.1585 0.6425 0.0000
vt 0.1649 0.6258 0.0000
vt 0.1669 0.6258 0.0000
vt 0.1684 0.6085 0.0000
vt 0.1684 0.6258 0.0000
vt 0.1730 0.6258 0.0000
vt 0.1730 0.6425 0.0000
vt 0.1790 0.6425 0.0000
vt 0.1790 0.6567 0.0000
vt 0.1730 0.6567 0.0000
vt 0.1730 0.6764 0.0000
vt 0.1684 0.6764 0.0000
vt 0.1684 0.6931 0.0000
vt 0.1649 0.6425 0.0000
vt 0.1790 0.6258 0.0000
vt 0.1730 0.6085 0.0000
vt 0.1790 0.6085 0.0000
vt 0.1730 0.6931 0.0000
vt 0.1684 0.7104 0.0000
vt 0.1790 0.6764 0.0000
vt 0.1649 0.6567 0.0000
vt 0.1669 0.6425 0.0000
vt 0.1684 0.6425 0.0000
vt 0.1684 0.6567 0.0000
vt 0.1669 0.6764 0.0000
vt 0.1669 0.6931 0.0000
vt 0.1649 0.6764 0.0000
vt 0.1649 0.6931 0.0000
vt 0.1585 0.6931 0.0000
vt 0.1649 0.7104 0.0000
vt 0.1585 0.7104 0.0000
vt 0.1669 0.6567 0.0000
vt 0.1684 0.7301 0.0000
vt 0.1649 0.7301 0.0000
vt 0.1585 0.7301 0.0000
vt 0.1790 0.6931 0.0000
vt 0.1730 0.7104 0.0000
vt 0.1730 0.7301 0.0000
vt 0.1684 0.7444 0.0000
vt 0.1649 0.7444 0.0000
vt 0.1585 0.7444 0.0000
vt 0.1544 0.7444 0.0000
vt 0.1544 0.7301 0.0000
vt 0.1544 0.7104 0.0000
vt 0.1544 0.6931 0.0000
vt 0.1790 0.7104 0.0000
vt 0.1790 0.7301 0.0000
vt 0.1730 0.7444 0.0000
vt 0.1790 0.7444 0.0000
vt 0.1938 0.9162 0.0000
vt 0.2131 0.9067 0.0000
vt 0.2131 0.9034 0.0000
vt 0.2132 0.9067 0.0000
vt 0.1938 0.9025 0.0000
vt 0.1938 0.9065 0.0000
vt 0.1848 0.9162 0.0000
vt 0.1848 0.9261 0.0000
vt 0.1884 0.9287 0.0000
vt 0.1937 0.9257 0.0000
vt 0.1937 0.9159 0.0000
vt 0.1848 0.9064 0.0000
vt 0.1848 0.9021 0.0000
vt 0.1937 0.9062 0.0000
vt 0.1847 0.9060 0.0000
vt 0.1847 0.9159 0.0000
vt 0.1847 0.9258 0.0000
vt 0.1848 0.9571 0.0000
vt 0.1884 0.9601 0.0000
vt 0.1848 0.9653 0.0000
vt 0.1884 0.9625 0.0000
vt 0.1848 0.9649 0.0000
vt 0.1848 0.9572 0.0000
vt 0.1724 0.9161 0.0000
vt 0.1847 0.9343 0.0000
vt 0.1884 0.9310 0.0000
vt 0.1848 0.9344 0.0000
vt 0.1698 0.9209 0.0000
vt 0.1657 0.9459 0.0000
vt 0.1848 0.9457 0.0000
vt 0.1752 0.9755 0.0000
vt 0.1848 0.9752 0.0000
vt 0.1657 0.9857 0.0000
vt 0.1848 0.9852 0.0000
vt 0.1848 0.9891 0.0000
vt 0.1466 0.9269 0.0000
vt 0.1466 0.9460 0.0000
vt 0.1211 0.9369 0.0000
vt 0.1466 0.9647 0.0000
vt 0.1657 0.9723 0.0000
vt 0.1466 0.9834 0.0000
vt 0.1600 0.9892 0.0000
vt 0.1847 0.9849 0.0000
vt 0.1724 0.9748 0.0000
vt 0.1847 0.9749 0.0000
vt 0.1600 0.9847 0.0000
vt 0.1396 0.9880 0.0000
vt 0.1215 0.9797 0.0000
vt 0.1212 0.9558 0.0000
vt 0.1211 0.9464 0.0000
vt 0.0957 0.9468 0.0000
vt 0.0963 0.9760 0.0000
vt 0.1179 0.9847 0.0000
vt 0.1388 0.9828 0.0000
vt 0.1600 0.9729 0.0000
vt 0.1724 0.9459 0.0000
vt 0.1600 0.9460 0.0000
vt 0.1600 0.9166 0.0000
vt 0.1391 0.9277 0.0000
vt 0.1394 0.9090 0.0000
vt 0.1184 0.9163 0.0000
vt 0.1179 0.9314 0.0000
vt 0.0975 0.9237 0.0000
vt 0.0966 0.9352 0.0000
vt 0.0803 0.9431 0.0000
vt 0.0803 0.9534 0.0000
vt 0.0716 0.9441 0.0000
vt 0.0716 0.9544 0.0000
vt 0.0803 0.9392 0.0000
vt 0.0716 0.9402 0.0000
vt 0.0618 0.9413 0.0000
vt 0.0618 0.9452 0.0000
vt 0.0963 0.9193 0.0000
vt 0.1134 0.9072 0.0000
vt 0.1260 0.9055 0.0000
vt 0.1387 0.9038 0.0000
vt 0.1600 0.9063 0.0000
vt 0.1847 0.9458 0.0000
vt 0.0962 0.9251 0.0000
vt 0.1214 0.9165 0.0000
vt 0.1092 0.9072 0.0000
vt 0.1422 0.8981 0.0000
vt 0.1382 0.8991 0.0000
vt 0.1261 0.9003 0.0000
vt 0.1139 0.9015 0.0000
vt 0.1099 0.9015 0.0000
vt 0.1260 0.9051 0.0000
vt 0.1387 0.9029 0.0000
vt 0.1466 0.9078 0.0000
vt 0.1153 0.8874 0.0000
vt 0.1261 0.9000 0.0000
vt 0.1171 0.8579 0.0000
vt 0.1264 0.8579 0.0000
vt 0.1165 0.8723 0.0000
vt 0.1263 0.8723 0.0000
vt 0.1261 0.8874 0.0000
vt 0.1382 0.8985 0.0000
vt 0.1429 0.9024 0.0000
vt 0.1600 0.9017 0.0000
vt 0.1644 0.9059 0.0000
vt 0.1361 0.8457 0.0000
vt 0.1398 0.8521 0.0000
vt 0.1393 0.8457 0.0000
vt 0.1359 0.8458 0.0000
vt 0.1356 0.8579 0.0000
vt 0.1360 0.8723 0.0000
vt 0.1370 0.8874 0.0000
vt 0.0618 0.9555 0.0000
vt 0.0716 0.9644 0.0000
vt 0.0618 0.9655 0.0000
vt 0.0715 0.9692 0.0000
vt 0.0618 0.9701 0.0000
vt 0.0803 0.9634 0.0000
vt 0.0963 0.9814 0.0000
vt 0.1177 0.9791 0.0000
vt 0.0803 0.9683 0.0000
vt 0.1388 0.9645 0.0000
vt 0.1388 0.9463 0.0000
vt 0.1173 0.9465 0.0000
vt 0.0962 0.9611 0.0000
vt 0.0967 0.9753 0.0000
vt 0.1175 0.9628 0.0000
vt 0.0197 0.9499 0.0000
vt 0.0197 0.9460 0.0000
vt 0.0197 0.9603 0.0000
vt 0.0197 0.9702 0.0000
vt 0.0197 0.9741 0.0000
vt 0.1262 0.8793 0.0000
vt 0.1364 0.8793 0.0000
vt 0.1160 0.8793 0.0000
vt 0.1393 0.8723 0.0000
vt 0.1398 0.8794 0.0000
vt 0.1406 0.8874 0.0000
vt 0.1264 0.8521 0.0000
vt 0.1134 0.8723 0.0000
vt 0.1127 0.8794 0.0000
vt 0.1117 0.8874 0.0000
vt 0.1142 0.8579 0.0000
vt 0.1164 0.8521 0.0000
vt 0.1264 0.8457 0.0000
vt 0.1364 0.8521 0.0000
vt 0.1388 0.8579 0.0000
vt 0.1347 0.8356 0.0000
vt 0.1132 0.8521 0.0000
vt 0.1168 0.8457 0.0000
vt 0.1183 0.8356 0.0000
vt 0.1265 0.8356 0.0000
vt 0.1328 0.8225 0.0000
vt 0.1374 0.8351 0.0000
vt 0.1345 0.8394 0.0000
vt 0.1349 0.8213 0.0000
vt 0.1326 0.8312 0.0000
vt 0.1264 0.8458 0.0000
vt 0.1265 0.8394 0.0000
vt 0.1266 0.8312 0.0000
vt 0.1271 0.8213 0.0000
vt 0.1266 0.8225 0.0000
vt 0.1203 0.8225 0.0000
vt 0.1159 0.8351 0.0000
vt 0.1138 0.8457 0.0000
vt 0.1169 0.8458 0.0000
vt 0.1206 0.8312 0.0000
vt 0.1186 0.8213 0.0000
vt 0.1185 0.8394 0.0000
vt 0.0996 0.6085 0.0000
vt 0.2355 0.7444 0.0000
vt 0.0996 0.7444 0.0000
vt 0.2355 0.6085 0.0000
vt 0.5605 0.8469 0.0000
vt 0.5688 0.8204 0.0000
vt 0.5774 0.8584 0.0000
vt 0.5511 0.8430 0.0000
vt 0.5467 0.8061 0.0000
vt 0.5239 0.8204 0.0000
vt 0.5414 0.8469 0.0000
vt 0.5152 0.8584 0.0000
vt 0.5377 0.8572 0.0000
vt 0.5414 0.8666 0.0000
vt 0.5239 0.8935 0.0000
vt 0.5511 0.8704 0.0000
vt 0.5467 0.9074 0.0000
vt 0.5688 0.8935 0.0000
vt 0.5605 0.8666 0.0000
vt 0.5641 0.8572 0.0000
# 318 texture coords

o Brazo_derD
g Brazo_derD
usemtl peluches_10___Default
s 1
f 1892/1309/2492 1893/1310/2493 1894/1311/2494 
f 1892/1309/2492 1895/1312/2495 1893/1310/2493 
f 1896/1313/2496 1897/1314/2497 1898/1315/2498 
f 1899/1316/2499 1896/1313/2496 1898/1315/2498 
f 1900/1317/2500 1896/1313/2496 1899/1316/2499 
f 1896/1313/2496 1900/1317/2500 1901/1318/2501 
f 1901/1318/2501 1900/1317/2500 1902/1319/2502 
f 1901/1318/2501 1902/1319/2502 1903/1320/2503 
f 1901/1318/2501 1903/1320/2503 1904/1321/2504 
f 1904/1321/2504 1903/1320/2503 1905/1322/2505 
f 1904/1321/2504 1905/1322/2505 1906/1323/2506 
f 1906/1323/2506 1905/1322/2505 1907/1324/2507 
f 1907/1324/2507 1908/1325/2508 1906/1323/2506 
f 1907/1324/2507 1909/1326/2509 1908/1325/2508 
f 1909/1326/2509 1894/1311/2494 1908/1325/2508 
f 1894/1311/2494 1909/1326/2509 1910/1327/2510 
f 1910/1327/2510 1892/1309/2492 1894/1311/2494 
f 1911/1328/2511 1892/1309/2492 1910/1327/2510 
f 1911/1328/2511 1912/1329/2512 1892/1309/2492 
f 1912/1329/2512 1895/1312/2495 1892/1309/2492 
f 1895/1312/2495 1912/1329/2512 1913/1330/2513 
f 1914/1331/2514 1915/1332/2515 1907/1324/2507 
f 1915/1332/2515 1909/1326/2509 1907/1324/2507 
f 1910/1327/2510 1909/1326/2509 1915/1332/2515 
f 1915/1332/2515 1916/1333/2516 1910/1327/2510 
f 1916/1333/2516 1911/1328/2511 1910/1327/2510 
f 1903/1320/2503 1917/1334/2517 1905/1322/2505 
f 1905/1322/2505 1917/1334/2517 1918/1335/2518 
f 1905/1322/2505 1918/1335/2518 1907/1324/2507 
f 1907/1324/2507 1918/1335/2518 1919/1336/2519 
f 1914/1331/2514 1907/1324/2507 1919/1336/2519 
f 1919/1336/2519 1920/1337/2520 1914/1331/2514 
f 1920/1337/2520 1915/1332/2515 1914/1331/2514 
f 1920/1337/2520 1921/1338/2521 1915/1332/2515 
f 1921/1338/2521 1916/1333/2516 1915/1332/2515 
f 1921/1338/2521 1922/1339/2522 1916/1333/2516 
f 1922/1339/2522 1911/1328/2511 1916/1333/2516 
f 1922/1339/2522 1923/1340/2523 1911/1328/2511 
f 1923/1340/2523 1912/1329/2512 1911/1328/2511 
f 1912/1329/2512 1923/1340/2523 1924/1341/2524 
f 1913/1330/2513 1912/1329/2512 1924/1341/2524 
f 1917/1334/2517 1913/1330/2513 1924/1341/2524 
f 1925/1342/2525 1913/1330/2513 1917/1334/2517 
f 1925/1342/2525 1895/1312/2495 1913/1330/2513 
f 1918/1335/2518 1917/1334/2517 1919/1336/2519 
f 1919/1336/2519 1917/1334/2517 1926/1343/2526 
f 1926/1343/2526 1920/1337/2520 1919/1336/2519 
f 1926/1343/2526 1924/1341/2524 1920/1337/2520 
f 1924/1341/2524 1921/1338/2521 1920/1337/2520 
f 1924/1341/2524 1923/1340/2523 1921/1338/2521 
f 1923/1340/2523 1922/1339/2522 1921/1338/2521 
f 1917/1334/2517 1924/1341/2524 1926/1343/2526 
f 1927/1344/2527 1928/1345/2528 1929/1346/2529 
f 1927/1344/2527 1930/1347/2530 1928/1345/2528 
f 1930/1347/2530 1931/1348/2531 1928/1345/2528 
f 1930/1347/2530 1932/1349/2532 1931/1348/2531 
f 1932/1349/2532 1933/1350/2533 1931/1348/2531 
f 1933/1350/2533 1932/1349/2532 1934/1351/2534 
f 1933/1350/2533 1934/1351/2534 1935/1352/2535 
f 1935/1352/2535 1934/1351/2534 1936/1353/2536 
f 1935/1352/2535 1936/1353/2536 1937/1354/2537 
f 1937/1354/2537 1936/1353/2536 1938/1355/2538 
f 1938/1355/2538 1899/1316/2499 1937/1354/2537 
f 1939/1356/2539 1899/1316/2499 1938/1355/2538 
f 1939/1356/2539 1900/1317/2500 1899/1316/2499 
f 1940/1357/2540 1900/1317/2500 1939/1356/2539 
f 1900/1317/2500 1940/1357/2540 1902/1319/2502 
f 1902/1319/2502 1940/1357/2540 1925/1342/2525 
f 1902/1319/2502 1925/1342/2525 1903/1320/2503 
f 1903/1320/2503 1925/1342/2525 1917/1334/2517 
f 1899/1316/2499 1898/1315/2498 1937/1354/2537 
f 1937/1354/2537 1898/1315/2498 1941/1358/2541 
f 1941/1358/2541 1935/1352/2535 1937/1354/2537 
f 1940/1357/2540 1895/1312/2495 1925/1342/2525 
f 1895/1312/2495 1940/1357/2540 1893/1310/2493 
f 1893/1310/2493 1940/1357/2540 1939/1356/2539 
f 1893/1310/2493 1939/1356/2539 1942/1359/2542 
f 1942/1359/2542 1939/1356/2539 1938/1355/2538 
f 1938/1355/2538 1943/1360/2543 1942/1359/2542 
f 1936/1353/2536 1943/1360/2543 1938/1355/2538 
f 1936/1353/2536 1944/1361/2544 1943/1360/2543 
f 1934/1351/2534 1944/1361/2544 1936/1353/2536 
f 1944/1361/2544 1934/1351/2534 1945/1362/2545 
f 1934/1351/2534 1932/1349/2532 1945/1362/2545 
f 1945/1362/2545 1932/1349/2532 1946/1363/2546 
f 1932/1349/2532 1947/1364/2547 1946/1363/2546 
f 1946/1363/2546 1947/1364/2547 1948/1365/2548 
f 1948/1365/2548 1947/1364/2547 1927/1344/2527 
f 1949/1366/2549 1948/1365/2548 1927/1344/2527 
f 1897/1314/2497 1948/1365/2548 1949/1366/2549 
f 1898/1315/2498 1897/1314/2497 1949/1366/2549 
f 1950/1367/2550 1946/1363/2546 1951/1368/2551 
f 1945/1362/2545 1946/1363/2546 1950/1367/2550 
f 1943/1360/2543 1945/1362/2545 1950/1367/2550 
f 1944/1361/2544 1945/1362/2545 1943/1360/2543 
f 1943/1360/2543 1950/1367/2550 1942/1359/2542 
f 1927/1344/2527 1947/1364/2547 1930/1347/2530 
f 1947/1364/2547 1932/1349/2532 1930/1347/2530 
f 1950/1367/2550 1951/1368/2551 1952/1369/2552 
f 1942/1359/2542 1950/1367/2550 1952/1369/2552 
f 1952/1369/2552 1893/1310/2493 1942/1359/2542 
f 1893/1310/2493 1952/1369/2552 1953/1370/2553 
f 1894/1311/2494 1893/1310/2493 1953/1370/2553 
f 1908/1325/2508 1894/1311/2494 1953/1370/2553 
f 1908/1325/2508 1953/1370/2553 1954/1371/2554 
f 1908/1325/2508 1954/1371/2554 1906/1323/2506 
f 1906/1323/2506 1954/1371/2554 1955/1372/2555 
f 1955/1372/2555 1904/1321/2504 1906/1323/2506 
f 1956/1373/2556 1904/1321/2504 1955/1372/2555 
f 1956/1373/2556 1901/1318/2501 1904/1321/2504 
f 1956/1373/2556 1896/1313/2496 1901/1318/2501 
f 1897/1314/2497 1896/1313/2496 1956/1373/2556 
f 1957/1374/2557 1897/1314/2497 1956/1373/2556 
f 1948/1365/2548 1897/1314/2497 1957/1374/2557 
f 1951/1368/2551 1948/1365/2548 1957/1374/2557 
f 1946/1363/2546 1948/1365/2548 1951/1368/2551 
f 1954/1371/2554 1958/1375/2558 1955/1372/2555 
f 1954/1371/2554 1953/1370/2553 1958/1375/2558 
f 1953/1370/2553 1952/1369/2552 1958/1375/2558 
f 1952/1369/2552 1951/1368/2551 1958/1375/2558 
f 1958/1375/2558 1951/1368/2551 1957/1374/2557 
f 1955/1372/2555 1958/1375/2558 1957/1374/2557 
f 1957/1374/2557 1956/1373/2556 1955/1372/2555 
f 1959/1376/2559 1960/1377/2560 1961/1378/2561 
f 1962/1379/2562 1960/1377/2560 1959/1376/2559 
f 1963/1380/2563 1962/1379/2562 1959/1376/2559 
f 1964/1381/2564 1962/1379/2562 1963/1380/2563 
f 1965/1382/2565 1964/1381/2564 1963/1380/2563 
f 1966/1383/2565 1964/1381/2564 1965/1382/2565 
f 1967/1384/2566 1968/1385/2567 1969/1386/2568 
f 1970/1387/2569 1971/1388/2570 1968/1385/2567 
f 1968/1385/2567 1971/1388/2570 1969/1386/2568 
f 1969/1386/2568 1971/1388/2570 1972/1389/2571 
f 1973/1390/2572 1974/1391/2573 1975/1392/2574 
f 1973/1390/2572 1975/1392/2574 1976/1393/2575 
f 1976/1393/2575 1975/1392/2574 1972/1389/2571 
f 1972/1389/2571 1977/1394/2576 1976/1393/2575 
f 1971/1388/2570 1977/1394/2576 1972/1389/2571 
f 1978/1395/2577 1977/1394/2576 1971/1388/2570 
f 1978/1395/2577 1971/1388/2570 1970/1387/2569 
f 1979/1396/2578 1978/1395/2577 1970/1387/2569 
f 1970/1387/2569 1980/1397/2579 1979/1396/2578 
f 1980/1397/2579 1981/1398/2580 1979/1396/2578 
f 1981/1398/2580 1980/1397/2579 1982/1399/2581 
f 1983/1400/2582 1981/1398/2580 1982/1399/2581 
f 1983/1400/2582 1982/1399/2581 1984/1401/2583 
f 1985/1402/2584 1983/1400/2582 1984/1401/2583 
f 1983/1400/2582 1985/1402/2584 1986/1403/2585 
f 1986/1403/2585 1985/1402/2584 1987/1404/2586 
f 1987/1404/2586 1988/1405/2587 1986/1403/2585 
f 1989/1406/2588 1988/1405/2587 1987/1404/2586 
f 1979/1396/2578 1990/1407/2589 1978/1395/2577 
f 1990/1407/2589 1977/1394/2576 1978/1395/2577 
f 1977/1394/2576 1990/1407/2589 1976/1393/2575 
f 1984/1401/2583 1982/1399/2581 1991/1408/2590 
f 1982/1399/2581 1992/1409/2591 1991/1408/2590 
f 1982/1399/2581 1980/1397/2579 1992/1409/2591 
f 1991/1408/2590 1992/1409/2591 1993/1410/2592 
f 1989/1406/2588 1994/1411/2593 1995/1412/2594 
f 1994/1411/2593 1989/1406/2588 1987/1404/2586 
f 1987/1404/2586 1996/1413/2595 1994/1411/2593 
f 1985/1402/2584 1996/1413/2595 1987/1404/2586 
f 1976/1393/2575 1990/1407/2589 1997/1414/2596 
f 1990/1407/2589 1998/1415/2597 1997/1414/2596 
f 1998/1415/2597 1990/1407/2589 1979/1396/2578 
f 1999/1416/2598 1998/1415/2597 1979/1396/2578 
f 1979/1396/2578 1981/1398/2580 1999/1416/2598 
f 1981/1398/2580 1983/1400/2582 1999/1416/2598 
f 1999/1416/2598 1983/1400/2582 1986/1403/2585 
f 1986/1403/2585 2000/1417/2599 1999/1416/2598 
f 1988/1405/2587 2000/1417/2599 1986/1403/2585 
f 2000/1417/2599 1988/1405/2587 2001/1418/2600 
f 2001/1418/2600 1988/1405/2587 2002/1419/2601 
f 2002/1419/2601 2003/1420/2602 2001/1418/2600 
f 2002/1419/2601 2004/1421/2603 2003/1420/2602 
f 2004/1421/2603 1973/1390/2572 2003/1420/2602 
f 2004/1421/2603 2005/1422/2604 1973/1390/2572 
f 2006/1423/2605 2005/1422/2604 2004/1421/2603 
f 2006/1423/2605 2007/1424/2606 2005/1422/2604 
f 2006/1423/2605 2004/1421/2603 2002/1419/2601 
f 2003/1420/2602 1973/1390/2572 1976/1393/2575 
f 1997/1414/2596 2003/1420/2602 1976/1393/2575 
f 2003/1420/2602 1997/1414/2596 2001/1418/2600 
f 2001/1418/2600 1997/1414/2596 2008/1425/2607 
f 2008/1425/2607 2000/1417/2599 2001/1418/2600 
f 1998/1415/2597 2000/1417/2599 2008/1425/2607 
f 2000/1417/2599 1998/1415/2597 1999/1416/2598 
f 1997/1414/2596 1998/1415/2597 2008/1425/2607 
f 1988/1405/2587 1989/1406/2588 2002/1419/2601 
f 2002/1419/2601 1989/1406/2588 1995/1412/2594 
f 1995/1412/2594 2006/1423/2605 2002/1419/2601 
f 2009/1426/2608 2006/1423/2605 1995/1412/2594 
f 2009/1426/2608 2010/1427/2609 2006/1423/2605 
f 2010/1427/2609 2007/1424/2606 2006/1423/2605 
f 2010/1427/2609 2011/1428/2610 2007/1424/2606 
f 2012/1429/2611 1994/1411/2593 1996/1413/2595 
f 1994/1411/2593 2012/1429/2611 2013/1430/2612 
f 1995/1412/2594 1994/1411/2593 2013/1430/2612 
f 2013/1430/2612 2014/1431/2613 1995/1412/2594 
f 2014/1431/2613 2009/1426/2608 1995/1412/2594 
f 1980/1432/2614 2009/1426/2608 2014/1431/2613 
f 1980/1432/2614 1970/1433/2615 2009/1426/2608 
f 1970/1433/2615 2010/1427/2609 2009/1426/2608 
f 1970/1433/2615 1968/1434/2616 2010/1427/2609 
f 1968/1434/2616 2011/1428/2610 2010/1427/2609 
f 1968/1434/2616 1967/1435/2617 2011/1428/2610 
f 1967/1435/2617 2015/1436/2618 2011/1428/2610 
f 2011/1428/2610 2015/1436/2618 2007/1424/2606 
f 2015/1436/2618 2016/1437/2619 2007/1424/2606 
f 2007/1424/2606 2016/1437/2619 2017/1438/2620 
f 2007/1424/2606 2017/1438/2620 2005/1422/2604 
f 2005/1422/2604 2017/1438/2620 1974/1391/2573 
f 2005/1422/2604 1974/1391/2573 1973/1390/2572 
f 2013/1430/2612 2012/1429/2611 2018/1439/2621 
f 2018/1439/2621 2019/1440/2622 2013/1430/2612 
f 2019/1440/2622 2014/1431/2613 2013/1430/2612 
f 1992/1441/2623 2014/1431/2613 2019/1440/2622 
f 1992/1441/2623 1980/1432/2614 2014/1431/2613 
f 1993/1442/2624 1992/1441/2623 2019/1440/2622 
f 2020/1376/2625 1961/1377/2626 2021/1378/2627 
f 1959/1379/2628 1961/1377/2626 2020/1376/2625 
f 2022/1380/2629 1959/1379/2628 2020/1376/2625 
f 1963/1381/2630 1959/1379/2628 2022/1380/2629 
f 2023/1382/2631 1963/1381/2630 2022/1380/2629 
f 1965/1383/2631 1963/1381/2630 2023/1382/2631 
f 2024/1357/2540 2025/1310/2493 2026/1312/2632 
f 2027/1325/2508 2028/1326/2509 2029/1311/2494 
f 2027/1325/2508 2029/1311/2494 2030/1370/2553 
f 2031/1371/2554 2027/1325/2508 2030/1370/2553 
f 2031/1371/2554 2030/1370/2553 2032/1375/2558 
f 2032/1375/2558 2030/1370/2553 2033/1369/2552 
f 2030/1370/2553 2025/1310/2493 2033/1369/2552 
f 2033/1369/2552 2025/1310/2493 2034/1359/2542 
f 2025/1310/2493 2035/1356/2539 2034/1359/2542 
f 2024/1357/2540 2035/1356/2539 2025/1310/2493 
f 2036/1317/2500 2035/1356/2539 2024/1357/2540 
f 2024/1357/2540 2037/1319/2502 2036/1317/2500 
f 2037/1319/2502 2024/1357/2540 2038/1342/2525 
f 2038/1342/2525 2024/1357/2540 2026/1312/2632 
f 2039/1330/2513 2038/1342/2525 2026/1312/2632 
f 2039/1330/2513 2026/1312/2632 2040/1329/2633 
f 2026/1312/2632 2041/1309/2634 2040/1329/2633 
f 2026/1312/2632 2025/1310/2493 2041/1309/2634 
f 2025/1310/2493 2029/1311/2494 2041/1309/2634 
f 2030/1370/2553 2029/1311/2494 2025/1310/2493 
f 2034/1359/2542 2035/1356/2539 2042/1355/2635 
f 2035/1356/2539 2043/1316/2636 2042/1355/2635 
f 2043/1316/2636 2035/1356/2539 2036/1317/2500 
f 2044/1313/2637 2043/1316/2636 2036/1317/2500 
f 2036/1317/2500 2045/1318/2501 2044/1313/2637 
f 2037/1319/2502 2045/1318/2501 2036/1317/2500 
f 2045/1318/2501 2037/1319/2502 2046/1320/2503 
f 2046/1320/2503 2037/1319/2502 2038/1342/2525 
f 2038/1342/2525 2047/1334/2517 2046/1320/2503 
f 2047/1334/2517 2038/1342/2525 2039/1330/2513 
f 2048/1341/2524 2047/1334/2517 2039/1330/2513 
f 2040/1329/2633 2048/1341/2524 2039/1330/2513 
f 2049/1340/2523 2048/1341/2524 2040/1329/2633 
f 2050/1328/2511 2049/1340/2523 2040/1329/2633 
f 2040/1329/2633 2041/1309/2634 2050/1328/2511 
f 2041/1309/2634 2051/1327/2510 2050/1328/2511 
f 2041/1309/2634 2029/1311/2494 2051/1327/2510 
f 2029/1311/2494 2028/1326/2509 2051/1327/2510 
f 2052/1343/2526 2047/1334/2517 2048/1341/2524 
f 2042/1355/2635 2043/1316/2636 2053/1354/2638 
f 2043/1316/2636 2054/1315/2639 2053/1354/2638 
f 2054/1315/2639 2043/1316/2636 2044/1313/2637 
f 2055/1314/2640 2054/1315/2639 2044/1313/2637 
f 2044/1313/2637 2056/1373/2641 2055/1314/2640 
f 2045/1318/2501 2056/1373/2641 2044/1313/2637 
f 2056/1373/2641 2045/1318/2501 2057/1321/2504 
f 2057/1321/2504 2045/1318/2501 2046/1320/2503 
f 2046/1320/2503 2058/1322/2505 2057/1321/2504 
f 2047/1334/2517 2058/1322/2505 2046/1320/2503 
f 2047/1334/2517 2059/1335/2518 2058/1322/2505 
f 2060/1336/2519 2059/1335/2518 2047/1334/2517 
f 2052/1343/2526 2060/1336/2519 2047/1334/2517 
f 2060/1336/2519 2052/1343/2526 2061/1337/2520 
f 2061/1337/2520 2052/1343/2526 2048/1341/2524 
f 2061/1337/2520 2048/1341/2524 2062/1338/2521 
f 2048/1341/2524 2049/1340/2523 2062/1338/2521 
f 2062/1338/2521 2049/1340/2523 2063/1339/2522 
f 2064/1324/2507 2060/1336/2519 2065/1331/2514 
f 2065/1331/2514 2060/1336/2519 2061/1337/2520 
f 2065/1331/2514 2061/1337/2520 2066/1332/2515 
f 2061/1337/2520 2062/1338/2521 2066/1332/2515 
f 2066/1332/2515 2062/1338/2521 2067/1333/2516 
f 2062/1338/2521 2063/1339/2522 2067/1333/2516 
f 2066/1332/2515 2064/1324/2507 2065/1331/2514 
f 2060/1336/2519 2064/1324/2507 2059/1335/2518 
f 2059/1335/2518 2064/1324/2507 2058/1322/2505 
f 2058/1322/2505 2064/1324/2507 2068/1323/2506 
f 2058/1322/2505 2068/1323/2506 2057/1321/2504 
f 2057/1321/2504 2068/1323/2506 2069/1372/2555 
f 2069/1372/2555 2056/1373/2641 2057/1321/2504 
f 2070/1374/2642 2056/1373/2641 2069/1372/2555 
f 2056/1373/2641 2070/1374/2642 2055/1314/2640 
f 2055/1314/2640 2070/1374/2642 2071/1365/2643 
f 2070/1374/2642 2072/1368/2644 2071/1365/2643 
f 2071/1365/2643 2072/1368/2644 2073/1363/2645 
f 2072/1368/2644 2074/1367/2646 2073/1363/2645 
f 2073/1363/2645 2074/1367/2646 2075/1362/2647 
f 2074/1367/2646 2076/1360/2648 2075/1362/2647 
f 2075/1362/2647 2076/1360/2648 2077/1361/2649 
f 2076/1360/2648 2078/1353/2650 2077/1361/2649 
f 2078/1353/2650 2076/1360/2648 2042/1355/2635 
f 2053/1354/2638 2078/1353/2650 2042/1355/2635 
f 2063/1339/2522 2049/1340/2523 2050/1328/2511 
f 2067/1333/2516 2063/1339/2522 2050/1328/2511 
f 2050/1328/2511 2051/1327/2510 2067/1333/2516 
f 2051/1327/2510 2066/1332/2515 2067/1333/2516 
f 2051/1327/2510 2028/1326/2509 2066/1332/2515 
f 2028/1326/2509 2064/1324/2507 2066/1332/2515 
f 2064/1324/2507 2028/1326/2509 2027/1325/2508 
f 2064/1324/2507 2027/1325/2508 2068/1323/2506 
f 2068/1323/2506 2027/1325/2508 2031/1371/2554 
f 2068/1323/2506 2031/1371/2554 2069/1372/2555 
f 2069/1372/2555 2031/1371/2554 2032/1375/2558 
f 2032/1375/2558 2070/1374/2642 2069/1372/2555 
f 2072/1368/2644 2070/1374/2642 2032/1375/2558 
f 2033/1369/2552 2072/1368/2644 2032/1375/2558 
f 2074/1367/2646 2072/1368/2644 2033/1369/2552 
f 2034/1359/2542 2074/1367/2646 2033/1369/2552 
f 2076/1360/2648 2074/1367/2646 2034/1359/2542 
f 2042/1355/2635 2076/1360/2648 2034/1359/2542 
f 2079/1315/2651 2080/1314/2652 2081/1366/2653 
f 2081/1366/2653 2080/1314/2652 2082/1365/2654 
f 2083/1361/2655 2084/1349/2656 2085/1362/2657 
f 2085/1362/2657 2084/1349/2656 2086/1363/2658 
f 2084/1349/2656 2087/1364/2659 2086/1363/2658 
f 2086/1363/2658 2087/1364/2659 2082/1365/2654 
f 2087/1364/2659 2088/1344/2660 2082/1365/2654 
f 2082/1365/2654 2088/1344/2660 2081/1366/2653 
f 2088/1344/2660 2089/1346/2661 2081/1366/2653 
f 2081/1366/2653 2089/1346/2661 2090/1443/2662 
f 2081/1366/2653 2090/1443/2662 2091/1444/2663 
f 2091/1444/2663 2079/1315/2651 2081/1366/2653 
f 2092/1358/2664 2079/1315/2651 2091/1444/2663 
f 2092/1358/2664 2093/1354/2665 2079/1315/2651 
f 2094/1445/2666 2092/1358/2664 2091/1444/2663 
f 2089/1346/2661 2088/1344/2660 2095/1345/2667 
f 2095/1345/2667 2088/1344/2660 2096/1347/2668 
f 2088/1344/2660 2087/1364/2659 2096/1347/2668 
f 2096/1347/2668 2087/1364/2659 2084/1349/2656 
f 2097/1348/2669 2096/1347/2668 2084/1349/2656 
f 2095/1345/2667 2096/1347/2668 2097/1348/2669 
f 2098/1352/2670 2093/1354/2665 2092/1358/2664 
f 2099/1446/2671 2098/1352/2670 2092/1358/2664 
f 2099/1446/2671 2092/1358/2664 2094/1445/2666 
f 2100/1447/2672 2099/1446/2671 2094/1445/2666 
f 2094/1445/2666 2091/1444/2663 2100/1447/2672 
f 2091/1444/2663 2101/1448/2673 2100/1447/2672 
f 2090/1443/2662 2101/1448/2673 2091/1444/2663 
f 2090/1443/2662 2102/1449/2674 2101/1448/2673 
f 2089/1346/2661 2102/1449/2674 2090/1443/2662 
f 2102/1449/2674 2089/1346/2661 2103/1450/2675 
f 2103/1450/2675 2089/1346/2661 2104/1451/2676 
f 2089/1346/2661 2095/1345/2667 2104/1451/2676 
f 2104/1451/2676 2095/1345/2667 2105/1452/2677 
f 2095/1345/2667 2097/1348/2669 2105/1452/2677 
f 2105/1452/2677 2097/1348/2669 2106/1350/2678 
f 2097/1348/2669 2084/1349/2656 2106/1350/2678 
f 2106/1350/2678 2084/1349/2656 2107/1351/2679 
f 2084/1349/2656 2083/1361/2655 2107/1351/2679 
f 2098/1352/2670 2106/1350/2678 2107/1351/2679 
f 2106/1350/2678 2098/1352/2670 2099/1446/2671 
f 2108/1453/2680 2106/1350/2678 2099/1446/2671 
f 2105/1452/2677 2106/1350/2678 2108/1453/2680 
f 2102/1449/2674 2109/1454/2681 2101/1448/2673 
f 2101/1448/2673 2109/1454/2681 2110/1455/2682 
f 2101/1448/2673 2110/1455/2682 2100/1447/2672 
f 2100/1447/2672 2110/1455/2682 2111/1456/2683 
f 2111/1456/2683 2099/1446/2671 2100/1447/2672 
f 2111/1456/2683 2108/1453/2680 2099/1446/2671 
f 2111/1456/2683 2112/1457/2684 2108/1453/2680 
f 2112/1457/2684 2113/1458/2685 2108/1453/2680 
f 2108/1453/2680 2113/1458/2685 2105/1452/2677 
f 2113/1458/2685 2114/1459/2686 2105/1452/2677 
f 2105/1452/2677 2114/1459/2686 2104/1451/2676 
f 2110/1455/2682 2112/1457/2684 2111/1456/2683 
f 2107/1351/2679 2083/1361/2655 2098/1352/2670 
f 2083/1361/2655 2115/1353/2687 2098/1352/2670 
f 2115/1353/2687 2083/1361/2655 2116/1360/2688 
f 2116/1360/2688 2083/1361/2655 2085/1362/2657 
f 2116/1360/2688 2085/1362/2657 2117/1367/2689 
f 2117/1367/2689 2085/1362/2657 2086/1363/2658 
f 2117/1367/2689 2086/1363/2658 2118/1368/2690 
f 2118/1368/2690 2086/1363/2658 2119/1374/2691 
f 2086/1363/2658 2082/1365/2654 2119/1374/2691 
f 2119/1374/2691 2082/1365/2654 2120/1373/2692 
f 2082/1365/2654 2080/1314/2652 2120/1373/2692 
f 2120/1373/2692 2080/1314/2652 2121/1313/2693 
f 2080/1314/2652 2079/1315/2651 2121/1313/2693 
f 2121/1313/2693 2079/1315/2651 2122/1316/2694 
f 2079/1315/2651 2093/1354/2665 2122/1316/2694 
f 2122/1316/2694 2093/1354/2665 2123/1355/2695 
f 2122/1316/2694 2123/1355/2695 2124/1356/2696 
f 2124/1356/2696 2123/1355/2695 2125/1359/2697 
f 2124/1356/2696 2125/1359/2697 2126/1310/2698 
f 2126/1310/2698 2125/1359/2697 2127/1369/2699 
f 2128/1317/2700 2122/1316/2694 2124/1356/2696 
f 2121/1313/2693 2122/1316/2694 2128/1317/2700 
f 2129/1318/2701 2121/1313/2693 2128/1317/2700 
f 2120/1373/2692 2121/1313/2693 2129/1318/2701 
f 2129/1318/2701 2128/1317/2700 2130/1319/2702 
f 2130/1319/2702 2128/1317/2700 2131/1357/2703 
f 2128/1317/2700 2124/1356/2696 2131/1357/2703 
f 2131/1357/2703 2124/1356/2696 2126/1310/2698 
f 2131/1357/2703 2132/1312/2704 2133/1342/2705 
f 2133/1342/2705 2130/1319/2702 2131/1357/2703 
f 2134/1320/2706 2130/1319/2702 2133/1342/2705 
f 2134/1320/2706 2129/1318/2701 2130/1319/2702 
f 2135/1321/2707 2129/1318/2701 2134/1320/2706 
f 2135/1321/2707 2120/1373/2692 2129/1318/2701 
f 2136/1372/2708 2120/1373/2692 2135/1321/2707 
f 2120/1373/2692 2136/1372/2708 2119/1374/2691 
f 2119/1374/2691 2136/1372/2708 2137/1375/2709 
f 2119/1374/2691 2137/1375/2709 2118/1368/2690 
f 2118/1368/2690 2137/1375/2709 2127/1369/2699 
f 2127/1369/2699 2117/1367/2689 2118/1368/2690 
f 2125/1359/2697 2117/1367/2689 2127/1369/2699 
f 2125/1359/2697 2116/1360/2688 2117/1367/2689 
f 2123/1355/2695 2116/1360/2688 2125/1359/2697 
f 2123/1355/2695 2115/1353/2687 2116/1360/2688 
f 2093/1354/2665 2115/1353/2687 2123/1355/2695 
f 2098/1352/2670 2115/1353/2687 2093/1354/2665 
f 2127/1369/2699 2138/1370/2710 2126/1310/2698 
f 2137/1375/2709 2138/1370/2710 2127/1369/2699 
f 2137/1375/2709 2139/1371/2711 2138/1370/2710 
f 2136/1372/2708 2139/1371/2711 2137/1375/2709 
f 2139/1371/2711 2136/1372/2708 2140/1323/2712 
f 2140/1323/2712 2136/1372/2708 2135/1321/2707 
f 2140/1323/2712 2135/1321/2707 2141/1322/2713 
f 2141/1322/2713 2135/1321/2707 2134/1320/2706 
f 2134/1320/2706 2142/1334/2714 2141/1322/2713 
f 2142/1334/2714 2134/1320/2706 2133/1342/2705 
f 2133/1342/2705 2143/1330/2715 2142/1334/2714 
f 2132/1312/2704 2143/1330/2715 2133/1342/2705 
f 2143/1330/2715 2132/1312/2704 2144/1329/2716 
f 2144/1329/2716 2132/1312/2704 2145/1309/2717 
f 2144/1329/2716 2145/1309/2717 2146/1328/2718 
f 2146/1328/2718 2145/1309/2717 2147/1327/2719 
f 2146/1328/2718 2147/1327/2719 2148/1333/2720 
f 2148/1333/2720 2147/1327/2719 2149/1332/2721 
f 2141/1322/2713 2142/1334/2714 2150/1335/2722 
f 2147/1327/2719 2151/1326/2723 2149/1332/2721 
f 2152/1338/2724 2148/1333/2720 2149/1332/2721 
f 2149/1332/2721 2153/1337/2725 2152/1338/2724 
f 2153/1337/2725 2154/1341/2726 2152/1338/2724 
f 2154/1341/2726 2153/1337/2725 2155/1343/2727 
f 2155/1343/2727 2142/1334/2714 2154/1341/2726 
f 2156/1336/2728 2142/1334/2714 2155/1343/2727 
f 2142/1334/2714 2156/1336/2728 2150/1335/2722 
f 2150/1335/2722 2156/1336/2728 2157/1324/2729 
f 2157/1324/2729 2141/1322/2713 2150/1335/2722 
f 2157/1324/2729 2140/1323/2712 2141/1322/2713 
f 2158/1325/2730 2140/1323/2712 2157/1324/2729 
f 2158/1325/2730 2139/1371/2711 2140/1323/2712 
f 2138/1370/2710 2139/1371/2711 2158/1325/2730 
f 2159/1311/2731 2138/1370/2710 2158/1325/2730 
f 2126/1310/2698 2138/1370/2710 2159/1311/2731 
f 2145/1309/2717 2126/1310/2698 2159/1311/2731 
f 2132/1312/2704 2126/1310/2698 2145/1309/2717 
f 2126/1310/2698 2132/1312/2704 2131/1357/2703 
f 2153/1337/2725 2156/1336/2728 2155/1343/2727 
f 2160/1331/2732 2156/1336/2728 2153/1337/2725 
f 2160/1331/2732 2153/1337/2725 2149/1332/2721 
f 2157/1324/2729 2160/1331/2732 2149/1332/2721 
f 2149/1332/2721 2151/1326/2723 2157/1324/2729 
f 2151/1326/2723 2158/1325/2730 2157/1324/2729 
f 2159/1311/2731 2158/1325/2730 2151/1326/2723 
f 2147/1327/2719 2159/1311/2731 2151/1326/2723 
f 2145/1309/2717 2159/1311/2731 2147/1327/2719 
f 2156/1336/2728 2160/1331/2732 2157/1324/2729 
f 2152/1338/2724 2154/1341/2726 2161/1340/2733 
f 2152/1338/2724 2161/1340/2733 2162/1339/2734 
f 2162/1339/2734 2148/1333/2720 2152/1338/2724 
f 2162/1339/2734 2146/1328/2718 2148/1333/2720 
f 2161/1340/2733 2146/1328/2718 2162/1339/2734 
f 2161/1340/2733 2144/1329/2716 2146/1328/2718 
f 2154/1341/2726 2144/1329/2716 2161/1340/2733 
f 2154/1341/2726 2143/1330/2715 2144/1329/2716 
f 2142/1334/2714 2143/1330/2715 2154/1341/2726 
f 2103/1460/2735 2104/1461/2736 2163/1462/2737 
f 2104/1461/2736 2164/1463/2738 2163/1462/2737 
f 2165/1464/2739 2164/1463/2738 2104/1461/2736 
f 2114/1465/2740 2165/1464/2739 2104/1461/2736 
f 2166/1466/2741 2112/1467/2742 2167/1459/2743 
f 2112/1467/2742 2110/1468/2744 2167/1459/2743 
f 2167/1459/2743 2110/1468/2744 2168/1451/2745 
f 2110/1468/2744 2169/1450/2746 2168/1451/2745 
f 2109/1469/2747 2169/1450/2746 2110/1468/2744 
f 2170/1470/2748 2169/1450/2746 2109/1469/2747 
f 2171/1471/2749 2170/1470/2748 2109/1469/2747 
f 2109/1469/2747 2102/1472/2750 2171/1471/2749 
f 2102/1472/2750 2103/1460/2735 2171/1471/2749 
f 2171/1471/2749 2103/1460/2735 2172/1473/2751 
f 2103/1460/2735 2163/1462/2737 2172/1473/2751 
f 2172/1473/2751 2163/1462/2737 2173/1474/2752 
f 2172/1473/2751 2173/1474/2752 2174/1475/2753 
f 2173/1474/2752 2175/1476/2754 2174/1475/2753 
f 2175/1476/2754 2176/1477/2755 2174/1475/2753 
f 2170/1470/2748 2171/1471/2749 2177/1478/2756 
f 2177/1478/2756 2178/1479/2757 2179/1480/2758 
f 2177/1478/2756 2171/1471/2749 2178/1479/2757 
f 2171/1471/2749 2180/1481/2759 2178/1479/2757 
f 2171/1471/2749 2172/1482/2760 2180/1481/2759 
f 2172/1482/2760 2181/1483/2761 2180/1481/2759 
f 2172/1482/2760 2174/1475/2753 2181/1483/2761 
f 2174/1475/2753 2182/1484/2762 2181/1483/2761 
f 2174/1475/2753 2176/1477/2755 2182/1484/2762 
f 2176/1477/2755 2183/1485/2763 2182/1484/2762 
f 2184/1486/2764 2165/1464/2739 2114/1465/2740 
f 2184/1486/2764 2185/1487/2765 2165/1464/2739 
f 2183/1485/2763 2185/1487/2765 2184/1486/2764 
f 2183/1485/2763 2184/1486/2764 2186/1488/2766 
f 2182/1484/2762 2183/1485/2763 2186/1488/2766 
f 2182/1484/2762 2186/1488/2766 2187/1489/2767 
f 2181/1483/2761 2182/1484/2762 2187/1489/2767 
f 2181/1483/2761 2187/1489/2767 2188/1490/2768 
f 2180/1481/2759 2181/1483/2761 2188/1490/2768 
f 2180/1481/2759 2188/1490/2768 2189/1491/2769 
f 2178/1479/2757 2180/1481/2759 2189/1491/2769 
f 2178/1479/2757 2189/1491/2769 2190/1492/2770 
f 2179/1480/2758 2178/1479/2757 2190/1492/2770 
f 2190/1492/2770 2191/1493/2771 2179/1480/2758 
f 2190/1492/2770 2189/1491/2769 2191/1493/2771 
f 2189/1491/2769 2192/1494/2772 2191/1493/2771 
f 2189/1491/2769 2188/1490/2768 2192/1494/2772 
f 2188/1490/2768 2193/1495/2773 2192/1494/2772 
f 2188/1490/2768 2187/1489/2767 2193/1495/2773 
f 2187/1489/2767 2194/1496/2774 2193/1495/2773 
f 2187/1489/2767 2186/1488/2766 2194/1496/2774 
f 2186/1488/2766 2195/1497/2775 2194/1496/2774 
f 2186/1488/2766 2184/1486/2764 2195/1497/2775 
f 2195/1497/2775 2184/1486/2764 2196/1498/2776 
f 2197/1499/2777 2195/1497/2775 2196/1498/2776 
f 2197/1499/2777 2196/1498/2776 2198/1500/2778 
f 2199/1501/2779 2197/1499/2777 2198/1500/2778 
f 2198/1500/2778 2200/1502/2780 2199/1501/2779 
f 2200/1502/2780 2201/1503/2781 2199/1501/2779 
f 2199/1501/2779 2201/1503/2781 2202/1504/2782 
f 2201/1503/2781 2203/1505/2783 2202/1504/2782 
f 2202/1504/2782 2203/1505/2783 2204/1506/2784 
f 2203/1505/2783 2205/1507/2785 2204/1506/2784 
f 2204/1506/2784 2205/1507/2785 2206/1508/2786 
f 2205/1507/2785 2207/1509/2787 2206/1508/2786 
f 2206/1508/2786 2207/1509/2787 2208/1510/2788 
f 2203/1505/2783 2209/1511/2789 2205/1507/2785 
f 2205/1507/2785 2209/1511/2789 2210/1512/2790 
f 2210/1512/2790 2207/1509/2787 2205/1507/2785 
f 2211/1513/2790 2207/1509/2787 2210/1512/2790 
f 2211/1513/2790 2212/1514/2791 2207/1509/2787 
f 2213/1509/2792 2211/1513/2790 2210/1512/2790 
f 2210/1512/2790 2214/1507/2793 2213/1509/2792 
f 2209/1511/2789 2214/1507/2793 2210/1512/2790 
f 2214/1507/2793 2209/1511/2789 2215/1515/2794 
f 2215/1515/2794 2209/1511/2789 2203/1505/2783 
f 2215/1515/2794 2203/1505/2783 2216/1516/2795 
f 2216/1516/2795 2203/1505/2783 2201/1503/2781 
f 2216/1516/2795 2201/1503/2781 2217/1517/2796 
f 2201/1503/2781 2200/1502/2780 2217/1517/2796 
f 2217/1517/2796 2200/1502/2780 2218/1518/2797 
f 2200/1502/2780 2219/1519/2798 2218/1518/2797 
f 2219/1519/2798 2200/1502/2780 2198/1500/2778 
f 2166/1466/2741 2219/1519/2798 2198/1500/2778 
f 2198/1500/2778 2196/1498/2776 2166/1466/2741 
f 2196/1498/2776 2112/1467/2742 2166/1466/2741 
f 2196/1498/2776 2113/1520/2799 2112/1467/2742 
f 2114/1465/2740 2113/1520/2799 2196/1498/2776 
f 2196/1498/2776 2184/1486/2764 2114/1465/2740 
f 2220/1521/2800 2214/1507/2793 2215/1515/2794 
f 2221/1522/2801 2220/1521/2800 2222/1516/2802 
f 2222/1516/2802 2220/1521/2800 2223/1523/2803 
f 2220/1521/2800 2215/1515/2794 2223/1523/2803 
f 2223/1523/2803 2215/1515/2794 2216/1516/2795 
f 2224/1524/2804 2225/1525/2805 2218/1518/2797 
f 2225/1525/2805 2226/1526/2806 2218/1518/2797 
f 2218/1518/2797 2226/1526/2806 2217/1517/2796 
f 2226/1526/2806 2227/1527/2807 2217/1517/2796 
f 2217/1517/2796 2227/1527/2807 2216/1516/2795 
f 2227/1527/2807 2228/1528/2808 2216/1516/2795 
f 2216/1516/2795 2228/1528/2808 2223/1523/2803 
f 2228/1528/2808 2229/1527/2809 2223/1523/2803 
f 2223/1523/2803 2229/1527/2809 2222/1516/2802 
f 2229/1527/2809 2230/1529/2810 2222/1516/2802 
f 2230/1529/2810 2221/1522/2801 2222/1516/2802 
f 2231/1530/2811 2221/1522/2801 2230/1529/2810 
f 2231/1530/2811 2232/1531/2812 2221/1522/2801 
f 2228/1528/2808 2233/1532/2813 2229/1527/2809 
f 2233/1532/2813 2234/1533/2814 2229/1527/2809 
f 2229/1527/2809 2234/1533/2814 2230/1529/2810 
f 2234/1533/2814 2231/1530/2811 2230/1529/2810 
f 2235/1534/2815 2236/1535/2816 2237/1536/2817 
f 2237/1536/2817 2236/1535/2816 2238/1537/2818 
f 2238/1537/2818 2233/1532/2813 2237/1536/2817 
f 2239/1538/2819 2233/1532/2813 2238/1537/2818 
f 2239/1538/2819 2234/1533/2814 2233/1532/2813 
f 2239/1538/2819 2240/1539/2820 2234/1533/2814 
f 2240/1539/2820 2231/1530/2811 2234/1533/2814 
f 2240/1539/2820 2241/1540/2821 2231/1530/2811 
f 2241/1540/2821 2232/1531/2812 2231/1530/2811 
f 2241/1540/2821 2242/1541/2822 2232/1531/2812 
f 2242/1541/2822 2243/1542/2823 2232/1531/2812 
f 2244/1455/2824 2243/1542/2823 2242/1541/2822 
f 2244/1455/2824 2245/1454/2825 2243/1542/2823 
f 2245/1454/2825 2244/1455/2824 2246/1448/2826 
f 2247/1443/2827 2245/1454/2825 2246/1448/2826 
f 2247/1443/2827 2246/1448/2826 1949/1366/2549 
f 1949/1366/2549 1929/1346/2529 2247/1443/2827 
f 1949/1366/2549 1927/1344/2527 1929/1346/2529 
f 1929/1346/2529 2248/1449/2828 2247/1443/2827 
f 2248/1449/2828 2245/1454/2825 2247/1443/2827 
f 2245/1454/2825 2248/1449/2828 2243/1542/2823 
f 2249/1543/2829 2250/1544/2830 2251/1545/2831 
f 2251/1545/2831 2250/1544/2830 2252/1546/2832 
f 2250/1544/2830 2253/1547/2833 2252/1546/2832 
f 2252/1546/2832 2253/1547/2833 2236/1535/2816 
f 2253/1547/2833 2254/1548/2834 2236/1535/2816 
f 2236/1535/2816 2254/1548/2834 2238/1537/2818 
f 2254/1548/2834 2255/1549/2835 2238/1537/2818 
f 2238/1537/2818 2255/1549/2835 2239/1538/2819 
f 2255/1549/2835 2240/1539/2820 2239/1538/2819 
f 2255/1549/2835 2224/1524/2804 2240/1539/2820 
f 2224/1524/2804 2241/1540/2821 2240/1539/2820 
f 2224/1524/2804 2218/1518/2797 2241/1540/2821 
f 2218/1518/2797 2242/1541/2822 2241/1540/2821 
f 2218/1518/2797 2219/1519/2798 2242/1541/2822 
f 2219/1519/2798 2256/1457/2836 2242/1541/2822 
f 2256/1457/2836 2219/1519/2798 2166/1466/2741 
f 2257/1458/2837 2256/1457/2836 2166/1466/2741 
f 2167/1459/2743 2257/1458/2837 2166/1466/2741 
f 2258/1452/2838 2259/1453/2839 2257/1458/2837 
f 2259/1453/2839 2256/1457/2836 2257/1458/2837 
f 2256/1457/2836 2244/1455/2824 2242/1541/2822 
f 2260/1456/2840 2244/1455/2824 2256/1457/2836 
f 2259/1453/2839 2260/1456/2840 2256/1457/2836 
f 1933/1350/2533 2260/1456/2840 2259/1453/2839 
f 1933/1350/2533 2259/1453/2839 2258/1452/2838 
f 1931/1348/2531 1933/1350/2533 2258/1452/2838 
f 1928/1345/2528 1931/1348/2531 2258/1452/2838 
f 2258/1452/2838 2257/1458/2837 2167/1459/2743 
f 2168/1451/2745 2258/1452/2838 2167/1459/2743 
f 1928/1345/2528 2258/1452/2838 2168/1451/2745 
f 1929/1346/2529 1928/1345/2528 2168/1451/2745 
f 2168/1451/2745 2169/1450/2746 1929/1346/2529 
f 2169/1450/2746 2248/1449/2828 1929/1346/2529 
f 2248/1449/2828 2169/1450/2746 2170/1470/2748 
f 2243/1542/2823 2248/1449/2828 2170/1470/2748 
f 2243/1542/2823 2170/1470/2748 2232/1531/2812 
f 2232/1531/2812 2170/1470/2748 2177/1478/2756 
f 2232/1531/2812 2177/1478/2756 2221/1522/2801 
f 2221/1522/2801 2177/1478/2756 2179/1480/2758 
f 2221/1522/2801 2179/1480/2758 2220/1521/2800 
f 2179/1480/2758 2191/1493/2771 2220/1521/2800 
f 2191/1493/2771 2214/1507/2793 2220/1521/2800 
f 2191/1493/2771 2261/1508/2841 2214/1507/2793 
f 2214/1507/2793 2261/1508/2841 2213/1509/2792 
f 2213/1509/2792 2261/1508/2841 2262/1510/2842 
f 2207/1509/2787 2212/1514/2791 2208/1510/2788 
f 2208/1510/2788 2212/1514/2791 2263/1550/2843 
f 2264/1551/2844 2208/1510/2788 2263/1550/2843 
f 2264/1551/2844 2263/1550/2843 2265/1552/2845 
f 2266/1553/2846 2264/1551/2844 2265/1552/2845 
f 2265/1552/2845 2267/1554/2847 2266/1553/2846 
f 2267/1554/2847 2268/1552/2848 2266/1553/2846 
f 2266/1553/2846 2268/1552/2848 2269/1551/2849 
f 2268/1552/2848 2270/1550/2842 2269/1551/2849 
f 2269/1551/2849 2270/1550/2842 2262/1510/2842 
f 2262/1510/2842 2271/1555/2850 2269/1551/2849 
f 2261/1508/2841 2271/1555/2850 2262/1510/2842 
f 2271/1555/2850 2261/1508/2841 2191/1493/2771 
f 2191/1493/2771 2192/1494/2772 2271/1555/2850 
f 2192/1494/2772 2272/1556/2851 2271/1555/2850 
f 2192/1494/2772 2193/1495/2773 2272/1556/2851 
f 2193/1495/2773 2273/1557/2852 2272/1556/2851 
f 2193/1495/2773 2194/1496/2774 2273/1557/2852 
f 2274/1558/2853 2264/1551/2844 2266/1553/2846 
f 2274/1558/2853 2275/1555/2854 2264/1551/2844 
f 2275/1555/2854 2208/1510/2788 2264/1551/2844 
f 2206/1508/2786 2208/1510/2788 2275/1555/2854 
f 2194/1496/2774 2276/1559/2855 2273/1557/2852 
f 2194/1496/2774 2195/1497/2775 2276/1559/2855 
f 2276/1559/2855 2195/1497/2775 2197/1499/2777 
f 2277/1560/2856 2276/1559/2855 2197/1499/2777 
f 2277/1560/2856 2197/1499/2777 2199/1501/2779 
f 2202/1504/2782 2277/1560/2856 2199/1501/2779 
f 2278/1561/2857 2277/1560/2856 2202/1504/2782 
f 2204/1506/2784 2278/1561/2857 2202/1504/2782 
f 2279/1493/2858 2278/1561/2857 2204/1506/2784 
f 2206/1508/2786 2279/1493/2858 2204/1506/2784 
f 2280/1562/2859 2279/1493/2858 2206/1508/2786 
f 2275/1555/2854 2280/1562/2859 2206/1508/2786 
f 2281/1563/2860 2280/1562/2859 2275/1555/2854 
f 2274/1558/2853 2281/1563/2860 2275/1555/2854 
f 2272/1556/2851 2281/1563/2860 2274/1558/2853 
f 2271/1555/2850 2272/1556/2851 2274/1558/2853 
f 2271/1555/2850 2274/1558/2853 2269/1551/2849 
f 2269/1551/2849 2274/1558/2853 2266/1553/2846 
f 2281/1563/2860 2282/1564/2861 2280/1562/2859 
f 2272/1556/2851 2273/1557/2852 2281/1563/2860 
f 2273/1557/2852 2282/1564/2861 2281/1563/2860 
f 2273/1557/2852 2276/1559/2855 2282/1564/2861 
f 2282/1564/2861 2276/1559/2855 2277/1560/2856 
f 2278/1561/2857 2282/1564/2861 2277/1560/2856 
f 2282/1564/2861 2278/1561/2857 2280/1562/2859 
f 2280/1562/2859 2278/1561/2857 2279/1493/2858 
f 2283/1376/2862 2021/1377/2863 2284/1378/2864 
f 2020/1379/2865 2021/1377/2863 2283/1376/2862 
f 2285/1380/2866 2020/1379/2865 2283/1376/2862 
f 2022/1381/2867 2020/1379/2865 2285/1380/2866 
f 2286/1382/2868 2022/1381/2867 2285/1380/2866 
f 2023/1383/2868 2022/1381/2867 2286/1382/2868 
f 2287/1456/2869 2288/1447/2870 2164/1455/2871 
f 2288/1447/2870 2289/1448/2872 2164/1455/2871 
f 2164/1455/2871 2289/1448/2872 2163/1454/2873 
f 2289/1448/2872 2290/1443/2874 2163/1454/2873 
f 2163/1454/2873 2290/1443/2874 2173/1449/2875 
f 2173/1449/2875 2290/1443/2874 2175/1450/2876 
f 2290/1443/2874 2291/1346/2877 2175/1450/2876 
f 2175/1450/2876 2291/1346/2877 2176/1451/2878 
f 2164/1455/2871 2165/1457/2879 2287/1456/2869 
f 2165/1457/2879 2292/1453/2880 2287/1456/2869 
f 2165/1457/2879 2185/1458/2881 2292/1453/2880 
f 2185/1458/2881 2183/1459/2882 2292/1453/2880 
f 2292/1453/2880 2183/1459/2882 2293/1452/2883 
f 2183/1459/2882 2176/1451/2878 2293/1452/2883 
f 2293/1452/2883 2176/1451/2878 2294/1345/2884 
f 2176/1451/2878 2291/1346/2877 2294/1345/2884 
f 2294/1345/2884 2291/1346/2877 2071/1344/2885 
f 2291/1346/2877 2290/1443/2874 2071/1344/2885 
f 2071/1344/2885 2290/1443/2874 2055/1366/2886 
f 2290/1443/2874 2289/1448/2872 2055/1366/2886 
f 2055/1366/2886 2289/1448/2872 2054/1444/2887 
f 2289/1448/2872 2288/1447/2870 2054/1444/2887 
f 2054/1444/2887 2288/1447/2870 2053/1445/2888 
f 2288/1447/2870 2078/1446/2889 2053/1445/2888 
f 2078/1446/2889 2288/1447/2870 2287/1456/2869 
f 2077/1350/2890 2078/1446/2889 2287/1456/2869 
f 2287/1456/2869 2292/1453/2880 2077/1350/2890 
f 2292/1453/2880 2293/1452/2883 2077/1350/2890 
f 2293/1452/2883 2075/1348/2891 2077/1350/2890 
f 2294/1345/2884 2075/1348/2891 2293/1452/2883 
f 2073/1347/2892 2075/1348/2891 2294/1345/2884 
f 2071/1344/2885 2073/1347/2892 2294/1345/2884 
f 2295/1376/2893 2284/1377/2894 2296/1378/2895 
f 2283/1379/2896 2284/1377/2894 2295/1376/2893 
f 2297/1380/2897 2283/1379/2896 2295/1376/2893 
f 2285/1381/2898 2283/1379/2896 2297/1380/2897 
f 2298/1382/2899 2285/1381/2898 2297/1380/2897 
f 2286/1383/2899 2285/1381/2898 2298/1382/2899 
f 2299/1565/2900 2300/1566/2901 2301/1514/2902 
f 2262/1510/2842 2301/1514/2902 2213/1509/2792 
f 2270/1550/2842 2301/1514/2902 2262/1510/2842 
f 2270/1550/2842 2299/1565/2900 2301/1514/2902 
f 2302/1567/2903 2299/1565/2900 2270/1550/2842 
f 2268/1552/2848 2302/1567/2903 2270/1550/2842 
f 2303/1568/2904 2302/1567/2903 2268/1552/2848 
f 2267/1554/2847 2303/1568/2904 2268/1552/2848 
f 2304/1569/2905 2303/1568/2904 2267/1554/2847 
f 2305/1568/2906 2304/1569/2905 2267/1554/2847 
f 2305/1568/2906 2267/1554/2847 2265/1552/2845 
f 2306/1567/2907 2305/1568/2906 2265/1552/2845 
f 2265/1552/2845 2263/1550/2843 2306/1567/2907 
f 2263/1550/2843 2307/1565/2908 2306/1567/2907 
f 2212/1514/2791 2307/1565/2908 2263/1550/2843 
f 2307/1565/2908 2212/1514/2791 2300/1566/2901 
f 2300/1566/2901 2212/1514/2791 2211/1513/2790 
f 2301/1514/2902 2300/1566/2901 2211/1513/2790 
f 2301/1514/2902 2211/1513/2790 2213/1509/2792 
f 2308/1570/2909 2309/1538/2910 2310/1571/2911 
f 2309/1538/2910 2311/1549/2912 2310/1571/2911 
f 2309/1538/2910 2312/1572/2913 2313/1532/2914 
f 2312/1572/2913 2309/1538/2910 2308/1570/2909 
f 2314/1537/2915 2312/1572/2913 2308/1570/2909 
f 2308/1570/2909 2310/1571/2911 2314/1537/2915 
f 2310/1571/2911 2315/1548/2916 2314/1537/2915 
f 2316/1573/2917 2315/1548/2916 2310/1571/2911 
f 2317/1574/2918 2316/1573/2917 2310/1571/2911 
f 2310/1571/2911 2311/1549/2912 2317/1574/2918 
f 2311/1549/2912 2318/1575/2919 2317/1574/2918 
f 2319/1535/2920 2320/1547/2921 2321/1576/2922 
f 2321/1576/2922 2322/1534/2923 2319/1535/2920 
f 2322/1534/2923 2323/1536/2924 2319/1535/2920 
f 2322/1534/2923 2324/1577/2925 2323/1536/2924 
f 2324/1577/2925 2312/1572/2913 2323/1536/2924 
f 2325/1578/2926 2312/1572/2913 2324/1577/2925 
f 2312/1572/2913 2325/1578/2926 2313/1532/2914 
f 2313/1532/2914 2325/1578/2926 2326/1579/2927 
f 2313/1532/2914 2326/1579/2927 2227/1527/2807 
f 2226/1526/2806 2313/1532/2914 2227/1527/2807 
f 2309/1538/2910 2313/1532/2914 2226/1526/2806 
f 2225/1525/2805 2309/1538/2910 2226/1526/2806 
f 2311/1549/2912 2309/1538/2910 2225/1525/2805 
f 2224/1524/2804 2311/1549/2912 2225/1525/2805 
f 2318/1575/2919 2311/1549/2912 2224/1524/2804 
f 2318/1575/2919 2224/1524/2804 2255/1549/2835 
f 2317/1574/2918 2318/1575/2919 2255/1549/2835 
f 2255/1549/2835 2254/1548/2834 2317/1574/2918 
f 2322/1534/2923 2327/1580/2928 2324/1577/2925 
f 2322/1534/2923 2328/1581/2929 2327/1580/2928 
f 2328/1581/2929 2322/1534/2923 2321/1576/2922 
f 2329/1582/2930 2328/1581/2929 2321/1576/2922 
f 2321/1576/2922 2330/1583/2931 2329/1582/2930 
f 2320/1547/2921 2330/1583/2931 2321/1576/2922 
f 2330/1583/2931 2320/1547/2921 2331/1584/2932 
f 2331/1584/2932 2320/1547/2921 2316/1573/2917 
f 2320/1547/2921 2315/1548/2916 2316/1573/2917 
f 2315/1548/2916 2320/1547/2921 2319/1535/2920 
f 2314/1537/2915 2315/1548/2916 2319/1535/2920 
f 2319/1535/2920 2323/1536/2924 2314/1537/2915 
f 2323/1536/2924 2312/1572/2913 2314/1537/2915 
f 2317/1574/2918 2254/1548/2834 2316/1573/2917 
f 2254/1548/2834 2253/1547/2833 2316/1573/2917 
f 2316/1573/2917 2253/1547/2833 2331/1584/2932 
f 2253/1547/2833 2250/1544/2830 2331/1584/2932 
f 2331/1584/2932 2250/1544/2830 2330/1583/2931 
f 2250/1544/2830 2249/1543/2829 2330/1583/2931 
f 2330/1583/2931 2249/1543/2829 2329/1582/2930 
f 2249/1543/2829 2332/1585/2933 2329/1582/2930 
f 2227/1527/2807 2326/1579/2927 2228/1528/2808 
f 2326/1579/2927 2233/1532/2813 2228/1528/2808 
f 2326/1579/2927 2325/1578/2926 2233/1532/2813 
f 2233/1532/2813 2325/1578/2926 2237/1536/2817 
f 2237/1536/2817 2325/1578/2926 2324/1577/2925 
f 2324/1577/2925 2235/1534/2815 2237/1536/2817 
f 2327/1580/2928 2235/1534/2815 2324/1577/2925 
f 2327/1580/2928 2333/1586/2934 2235/1534/2815 
f 2328/1581/2929 2333/1586/2934 2327/1580/2928 
f 2334/1587/2935 2333/1586/2934 2328/1581/2929 
f 2334/1587/2935 2328/1581/2929 2329/1582/2930 
f 2335/1588/2936 2334/1587/2935 2329/1582/2930 
f 2336/1589/2937 2335/1588/2936 2329/1582/2930 
f 2329/1582/2930 2332/1585/2933 2336/1589/2937 
f 2336/1589/2937 2332/1585/2933 2337/1590/2938 
f 2337/1590/2938 2332/1585/2933 2338/1591/2939 
f 2332/1585/2933 2249/1543/2829 2338/1591/2939 
f 2338/1591/2939 2249/1543/2829 2251/1545/2831 
f 2251/1545/2831 2252/1546/2832 2338/1591/2939 
f 2252/1546/2832 2339/1592/2940 2338/1591/2939 
f 2339/1592/2940 2340/1593/2941 2338/1591/2939 
f 2338/1591/2939 2340/1593/2941 2337/1590/2938 
f 2340/1593/2941 2339/1592/2940 2341/1594/2942 
f 2342/1595/2943 2339/1592/2940 2252/1546/2832 
f 2339/1592/2940 2342/1595/2943 2343/1596/2944 
f 2341/1594/2942 2339/1592/2940 2343/1596/2944 
f 2343/1596/2944 2344/1597/2945 2341/1594/2942 
f 2344/1597/2945 2340/1593/2941 2341/1594/2942 
f 2345/1598/2946 2340/1593/2941 2344/1597/2945 
f 2340/1593/2941 2345/1598/2946 2337/1590/2938 
f 2337/1590/2938 2345/1598/2946 2346/1599/2947 
f 2346/1599/2947 2336/1589/2937 2337/1590/2938 
f 2347/1600/2948 2336/1589/2937 2346/1599/2947 
f 2347/1600/2948 2335/1588/2936 2336/1589/2937 
f 2347/1600/2948 2348/1601/2949 2335/1588/2936 
f 2348/1601/2949 2334/1587/2935 2335/1588/2936 
f 2348/1601/2949 2349/1602/2950 2334/1587/2935 
f 2349/1602/2950 2333/1586/2934 2334/1587/2935 
f 2349/1602/2950 2350/1603/2951 2333/1586/2934 
f 2333/1586/2934 2350/1603/2951 2235/1534/2815 
f 2235/1534/2815 2350/1603/2951 2236/1535/2816 
f 2350/1603/2951 2349/1602/2950 2348/1601/2949 
f 2351/1604/2952 2344/1597/2945 2343/1596/2944 
f 2352/1605/2953 2344/1597/2945 2351/1604/2952 
f 2352/1605/2953 2345/1598/2946 2344/1597/2945 
f 2345/1598/2946 2352/1605/2953 2346/1599/2947 
f 2346/1599/2947 2352/1605/2953 2347/1600/2948 
f 2352/1605/2953 2348/1601/2949 2347/1600/2948 
f 2348/1601/2949 2352/1605/2953 2353/1606/2954 
f 2353/1606/2954 2350/1603/2951 2348/1601/2949 
f 2342/1595/2943 2350/1603/2951 2353/1606/2954 
f 2350/1603/2951 2342/1595/2943 2236/1535/2816 
f 2236/1535/2816 2342/1595/2943 2252/1546/2832 
f 2343/1596/2944 2342/1595/2943 2353/1606/2954 
f 2353/1606/2954 2351/1604/2952 2343/1596/2944 
f 2352/1605/2953 2351/1604/2952 2353/1606/2954 
f 1960/1378/2955 2354/1379/2956 2355/1377/2957 
f 1962/1376/2958 2354/1379/2956 1960/1378/2955 
f 2356/1381/2959 2354/1379/2956 1962/1376/2958 
f 1964/1380/2960 2356/1381/2959 1962/1376/2958 
f 2357/1383/2961 2356/1381/2959 1964/1380/2960 
f 1966/1382/2961 2357/1383/2961 1964/1380/2960 
f 2358/1378/2962 2295/1379/2963 2296/1377/2964 
f 2359/1376/2965 2295/1379/2963 2358/1378/2962 
f 2297/1381/2966 2295/1379/2963 2359/1376/2965 
f 2360/1380/2967 2297/1381/2966 2359/1376/2965 
f 2298/1383/2968 2297/1381/2966 2360/1380/2967 
f 2361/1382/2968 2298/1383/2968 2360/1380/2967 
f 2362/1378/2969 2359/1379/2970 2358/1377/2971 
f 2363/1376/2972 2359/1379/2970 2362/1378/2969 
f 2360/1381/2973 2359/1379/2970 2363/1376/2972 
f 2364/1380/2974 2360/1381/2973 2363/1376/2972 
f 2361/1383/2975 2360/1381/2973 2364/1380/2974 
f 2365/1382/2975 2361/1383/2975 2364/1380/2974 
f 2355/1378/2976 2363/1379/2977 2362/1377/2978 
f 2354/1376/2979 2363/1379/2977 2355/1378/2976 
f 2364/1381/2980 2363/1379/2977 2354/1376/2979 
f 2356/1380/2981 2364/1381/2980 2354/1376/2979 
f 2365/1383/2982 2364/1381/2980 2356/1380/2981 
f 2357/1382/2982 2365/1383/2982 2356/1380/2981 
f 2016/1378/2983 2355/1383/2983 2017/1377/2983 
f 1960/1382/2983 2355/1383/2983 2016/1378/2983 
f 1961/1382/2984 2016/1377/2984 2015/1378/2984 
f 1960/1383/2984 2016/1377/2984 1961/1382/2984 
f 2021/1382/2985 2015/1377/2985 1967/1378/2985 
f 1961/1383/2985 2015/1377/2985 2021/1382/2985 
f 2284/1382/2986 1967/1377/2986 1969/1378/2986 
f 2021/1383/2986 1967/1377/2986 2284/1382/2986 
f 2296/1382/2987 1969/1377/2987 1972/1378/2987 
f 2284/1383/2987 1969/1377/2987 2296/1382/2987 
f 1975/1378/2988 2296/1383/2988 1972/1377/2988 
f 2358/1382/2988 2296/1383/2988 1975/1378/2988 
f 1974/1378/2989 2358/1383/2989 1975/1377/2989 
f 2362/1382/2989 2358/1383/2989 1974/1378/2989 
f 2017/1378/2990 2362/1383/2990 1974/1377/2990 
f 2355/1382/2990 2362/1383/2990 2017/1378/2990 
f 2246/1448/2826 2244/1455/2824 2366/1447/2991 
f 2244/1455/2824 2260/1456/2840 2366/1447/2991 
f 2366/1447/2991 2260/1456/2840 2367/1446/2992 
f 2260/1456/2840 1933/1350/2533 2367/1446/2992 
f 2367/1446/2992 1933/1350/2533 1935/1352/2535 
f 2368/1445/2993 2367/1446/2992 1935/1352/2535 
f 2368/1445/2993 1935/1352/2535 1941/1358/2541 
f 2369/1444/2994 2368/1445/2993 1941/1358/2541 
f 1898/1315/2498 2369/1444/2994 1941/1358/2541 
f 1949/1366/2549 2369/1444/2994 1898/1315/2498 
f 2246/1448/2826 2369/1444/2994 1949/1366/2549 
f 2246/1448/2826 2366/1447/2991 2369/1444/2994 
f 2366/1447/2991 2368/1445/2993 2369/1444/2994 
f 2366/1447/2991 2367/1446/2992 2368/1445/2993 
f 2370/1607/2995 2018/1608/2995 2012/1609/2995 
f 2371/1610/2995 2018/1608/2995 2370/1607/2995 
f 2371/1607/2996 2019/1608/2995 2018/1609/2996 
f 2372/1610/2995 2019/1608/2995 2371/1607/2996 
f 2019/1609/2997 2373/1610/2997 1993/1608/2997 
f 2372/1607/2997 2373/1610/2997 2019/1609/2997 
f 1993/1609/2997 2374/1610/2997 1991/1608/2997 
f 2373/1607/2995 2374/1610/2997 1993/1609/2997 
f 2374/1607/2997 1984/1608/2997 1991/1609/2997 
f 2375/1610/2997 1984/1608/2997 2374/1607/2997 
f 2375/1607/2998 1985/1608/2995 1984/1609/2998 
f 2376/1610/2995 1985/1608/2995 2375/1607/2998 
f 1985/1609/2997 2377/1610/2999 1996/1608/2999 
f 2376/1607/2997 2377/1610/2999 1985/1609/2997 
f 1996/1609/2995 2370/1610/2995 2012/1608/2997 
f 2377/1607/2995 2370/1610/2995 1996/1609/2995 
f 2305/1611/3000 2377/1612/3001 2376/1613/3002 
f 2306/1614/3003 2377/1612/3001 2305/1611/3000 
f 2377/1612/3001 2306/1614/3003 2370/1615/3004 
f 2370/1615/3004 2306/1614/3003 2371/1616/3005 
f 2306/1614/3003 2307/1617/3006 2371/1616/3005 
f 2371/1616/3005 2307/1617/3006 2372/1618/3007 
f 2307/1617/3006 2300/1619/3008 2372/1618/3007 
f 2372/1618/3007 2300/1619/3008 2299/1620/3009 
f 2299/1620/3009 2373/1621/3010 2372/1618/3007 
f 2302/1622/3011 2373/1621/3010 2299/1620/3009 
f 2302/1622/3011 2374/1623/3012 2373/1621/3010 
f 2375/1624/3013 2374/1623/3012 2302/1622/3011 
f 2303/1625/3014 2375/1624/3013 2302/1622/3011 
f 2376/1613/3002 2375/1624/3013 2303/1625/3014 
f 2304/1626/3015 2376/1613/3002 2303/1625/3014 
f 2305/1611/3000 2376/1613/3002 2304/1626/3015 
# 0 polygons - 962 triangles

