# 3ds Max Wavefront OBJ Exporter v0.99 - (c)2007 guruware
# File Created: 07.05.2025 23:08:02

mtllib Ferb_Cuerpo.mtl

#
# object Ferb
#

v  4.3498 0.0605 10.3796
v  4.3275 0.0820 10.3949
v  4.3526 0.0890 10.3775
v  4.3264 0.0596 10.4053
v  4.2978 0.0640 10.4136
v  4.2978 0.0416 10.4199
v  4.2692 0.0596 10.4053
v  4.2698 0.0402 10.4116
v  4.3282 0.1080 10.3950
v  4.2489 -0.4773 10.4001
v  4.2123 -0.4799 10.3730
v  4.2137 -0.4281 10.3736
v  4.2006 -0.4296 10.3209
v  4.1989 -0.4834 10.3202
v  4.2137 -0.4314 10.2684
v  4.3834 -0.4799 10.3730
v  4.3951 -0.4296 10.3209
v  4.3968 -0.4834 10.3202
v  4.3819 -0.4314 10.2666
v  4.2044 -0.1146 10.3192
v  4.2091 -0.1304 10.2967
v  4.2135 -0.1270 10.2860
v  4.2112 -0.1561 10.2878
v  4.2978 -0.4261 10.4170
v  4.2497 -0.4267 10.4039
v  4.2508 -0.3549 10.4027
v  4.2160 -0.3549 10.3716
v  4.2978 -0.4331 10.2239
v  4.3460 -0.4325 10.2370
v  4.3449 -0.3549 10.2358
v  4.3797 -0.3549 10.2674
v  4.3834 -0.4855 10.2683
v  4.3468 -0.4864 10.2417
v  4.2146 -0.1551 10.2792
v  4.2131 -0.1846 10.2860
v  4.2083 -0.1834 10.2967
v  4.2044 -0.1997 10.3192
v  4.2028 -0.1957 10.3192
v  4.2090 -0.1834 10.3418
v  4.2028 -0.1186 10.3192
v  4.3924 -0.3549 10.3192
v  4.3797 -0.3549 10.3716
v  4.3819 -0.4281 10.3736
v  4.3460 -0.4267 10.4039
v  4.3449 -0.3549 10.4027
v  4.2978 -0.3549 10.4156
v  4.2032 -0.3549 10.3192
v  4.2978 -0.3549 10.2229
v  4.2508 -0.3549 10.2358
v  4.3374 -0.5055 10.3895
v  4.3263 -0.5201 10.3713
v  4.2978 -0.5047 10.4003
v  4.2057 -0.1095 10.3192
v  4.2978 -0.5168 10.2453
v  4.3263 -0.5262 10.2752
v  4.3374 -0.5153 10.2561
v  4.3625 -0.5132 10.2721
v  4.2134 -0.1846 10.3524
v  4.2182 -0.1863 10.3657
v  4.2057 -0.2049 10.3192
v  4.2182 -0.1231 10.3657
v  4.2141 -0.1270 10.3524
v  4.2978 -0.5296 10.2704
v  4.3152 -0.5322 10.2916
v  4.2978 -0.5339 10.2887
v  4.2978 -0.5338 10.3185
v  4.3144 -0.5294 10.3532
v  4.2978 -0.5206 10.3792
v  4.3623 -0.5069 10.3725
v  4.2182 -0.1231 10.2728
v  4.2182 -0.1539 10.2684
v  4.2182 -0.1863 10.2728
v  4.2146 -0.1551 10.3588
v  4.2182 -0.1539 10.3689
v  4.3102 -0.5328 10.3185
v  4.2978 -0.5304 10.3557
v  4.2682 0.0820 10.3949
v  4.2475 0.0493 10.3855
v  4.2458 0.0605 10.3796
v  4.2299 0.0343 10.3587
v  4.2491 0.0384 10.3874
v  4.3244 0.0321 10.3958
v  4.2978 0.0479 10.3846
v  4.2978 0.0321 10.3999
v  4.2713 0.0321 10.3958
v  4.2713 0.0477 10.3820
v  4.3209 0.0206 10.3527
v  4.3200 0.0208 10.3141
v  4.3158 0.0149 10.3196
v  4.2812 0.0315 10.3849
v  4.2844 0.0315 10.3766
v  4.2975 0.0315 10.3798
v  4.3483 0.0335 10.2864
v  4.3450 0.0317 10.3272
v  4.3607 0.0335 10.2864
v  4.2489 -0.2332 10.4057
v  4.2978 -0.2332 10.4191
v  4.2978 -0.2922 10.4158
v  4.2521 -0.2330 10.2388
v  4.2431 -0.1948 10.2234
v  4.2978 -0.1948 10.2091
v  4.3610 -0.1939 10.2081
v  4.3526 -0.1948 10.2234
v  4.3451 -0.2922 10.4028
v  4.2978 -0.2330 10.2263
v  4.2521 -0.1863 10.2388
v  4.2459 -0.1035 10.2279
v  4.2978 -0.1035 10.2138
v  4.2459 -0.0830 10.2279
v  4.3498 -0.0830 10.4105
v  4.2978 -0.0830 10.4246
v  4.3218 -0.0830 10.3879
v  4.3775 -0.1539 10.2684
v  4.3775 -0.1231 10.2728
v  4.3435 -0.1231 10.2388
v  4.3435 -0.1863 10.2388
v  4.3435 -0.1539 10.2388
v  4.2978 -0.1863 10.2263
v  4.3499 -0.1379 10.4097
v  4.3435 -0.1021 10.3997
v  4.2978 -0.1051 10.4246
v  4.3248 0.0265 10.3053
v  4.3452 0.0300 10.3140
v  4.3468 -0.0073 10.3148
v  4.2618 -0.0830 10.2564
v  4.2978 -0.0830 10.2467
v  4.2611 -0.0543 10.2551
v  4.2188 0.2538 10.3651
v  4.2125 0.2540 10.3928
v  4.2198 0.1751 10.3928
v  4.2208 0.3179 10.3967
v  4.2482 0.3549 10.4433
v  4.2517 0.3551 10.5547
v  4.2158 0.3507 10.5487
v  4.2239 0.1741 10.5618
v  4.2245 0.1574 10.5503
v  4.2094 0.1732 10.5513
v  4.2382 0.5799 10.4232
v  4.2978 0.5799 10.4392
v  4.2431 0.4798 10.4147
v  4.2065 0.2538 10.3193
v  4.2000 0.3333 10.3193
v  4.2133 0.3316 10.3683
v  4.2116 0.2828 10.2906
v  4.1938 0.2881 10.2747
v  4.2157 0.2241 10.2930
v  4.2102 0.2241 10.3117
v  4.1826 0.2182 10.2858
v  4.3617 -0.0543 10.2823
v  4.3638 -0.0082 10.2810
v  4.3346 -0.0543 10.2551
v  4.3717 -0.0543 10.3193
v  4.3616 -0.0540 10.3563
v  4.3741 -0.0082 10.3193
v  4.3526 0.4798 10.4147
v  4.3929 0.4798 10.3744
v  4.3733 0.4135 10.3887
v  4.3832 0.2540 10.3928
v  4.3758 0.1751 10.3928
v  4.3912 0.2540 10.4503
v  4.3769 0.2538 10.3651
v  4.3749 0.3179 10.3967
v  4.3957 0.3333 10.3193
v  4.3892 0.2538 10.3193
v  4.3824 0.3316 10.3683
v  4.3840 0.2828 10.2906
v  4.3799 0.2241 10.2930
v  4.4019 0.2881 10.2747
v  4.3854 0.2241 10.3117
v  4.4130 0.2182 10.2858
v  4.2885 0.6251 10.2154
v  4.2576 0.6174 10.2302
v  4.2432 0.6182 10.2037
v  4.2346 0.5588 10.1507
v  4.2569 0.5631 10.1411
v  4.2647 0.5928 10.1483
v  4.4060 0.6630 10.2350
v  4.4238 0.6641 10.1914
v  4.4154 0.6300 10.1886
v  4.1372 0.7048 10.3814
v  4.1538 0.6719 10.3855
v  4.1884 0.6307 10.3385
v  4.2798 0.6391 10.2246
v  4.3081 0.6999 10.2158
v  4.2768 0.6746 10.2654
v  4.4014 0.5798 10.2590
v  4.2978 0.5798 10.3185
v  4.4174 0.5796 10.3185
v  4.1943 0.5796 10.2587
v  4.2380 0.5796 10.2149
v  4.1782 0.5796 10.3185
v  4.2380 0.5796 10.4221
v  4.1943 0.5796 10.3783
v  4.4014 0.5796 10.3783
v  4.3576 0.5796 10.4221
v  4.2978 0.5796 10.1989
v  4.3576 0.5796 10.2149
v  4.2978 0.5796 10.4381
v  4.1733 0.5861 10.2385
v  4.1354 0.5628 10.4975
v  4.1392 0.6174 10.4620
v  4.1641 0.6260 10.5020
v  4.2092 0.5644 10.4452
v  4.2630 0.5588 10.4803
v  4.1804 0.6368 10.2301
v  4.2571 0.6360 10.2483
v  4.3081 0.6136 10.1611
v  4.3032 0.6488 10.2632
v  4.3271 0.5905 10.1311
v  4.3478 0.5921 10.1414
v  4.2821 0.0202 10.3739
v  4.2975 0.0261 10.3785
v  4.2975 0.0201 10.3863
v  4.3130 0.0202 10.3739
v  4.2468 0.0335 10.2864
v  4.2344 0.0335 10.2864
v  4.2501 0.0317 10.3272
v  4.2385 0.0317 10.3297
v  4.2182 -0.2330 10.2728
v  4.2024 -0.1948 10.2630
v  4.2057 -0.2332 10.3192
v  4.1852 -0.1948 10.3194
v  4.2182 -0.2330 10.3657
v  4.2000 -0.1948 10.3759
v  4.2413 -0.1948 10.4166
v  4.2521 -0.2330 10.3997
v  4.2769 -0.1948 10.4269
v  4.2978 -0.2330 10.4121
v  4.2699 -0.1939 10.4398
v  4.2347 -0.1939 10.4303
v  4.1877 -0.1939 10.2551
v  4.1877 -0.1939 10.3834
v  4.1705 -0.1939 10.3192
v  4.2347 -0.1939 10.2081
v  4.3435 -0.2330 10.2388
v  4.3775 -0.2330 10.2728
v  4.3933 -0.1948 10.2630
v  4.3900 -0.2332 10.3192
v  4.4104 -0.1948 10.3194
v  4.3775 -0.2330 10.3657
v  4.3956 -0.1948 10.3759
v  4.3435 -0.2330 10.3997
v  4.3543 -0.1948 10.4166
v  4.3188 -0.1948 10.4269
v  4.3257 -0.1939 10.4398
v  4.3610 -0.1939 10.4303
v  4.4252 -0.1939 10.3192
v  4.4080 -0.1939 10.2551
v  4.4080 -0.1939 10.3834
v  4.2521 -0.1021 10.3997
v  4.2521 -0.1231 10.3997
v  4.2978 -0.1021 10.4121
v  4.3498 -0.1035 10.2279
v  4.2978 -0.1021 10.2263
v  4.2459 -0.0830 10.4105
v  4.2341 -0.0540 10.3563
v  4.2240 -0.0543 10.3193
v  4.2216 -0.0082 10.3193
v  4.2339 -0.0543 10.2823
v  4.2069 0.2828 10.3099
v  4.2513 0.3391 10.5673
v  4.2158 0.3348 10.5618
v  4.2011 0.3313 10.5513
v  4.1782 0.5799 10.3193
v  4.1943 0.5799 10.3793
v  4.1880 0.4798 10.3193
v  4.2027 0.4798 10.3744
v  4.1737 0.2666 10.2769
v  4.1826 0.2881 10.2858
v  4.2102 0.2538 10.3057
v  4.3246 0.0819 10.3731
v  4.3426 0.0486 10.3713
v  4.3439 0.0789 10.3682
v  4.3863 0.1732 10.5513
v  4.3711 0.1574 10.5503
v  4.3718 0.1741 10.5618
v  4.3396 0.1701 10.5673
v  4.3479 0.3405 10.4060
v  4.2978 0.3432 10.4195
v  4.3502 0.4155 10.4102
v  4.2978 0.4169 10.4243
v  4.4220 0.2666 10.2769
v  4.3855 0.2538 10.3057
v  4.4130 0.2881 10.2858
v  4.3888 0.2828 10.3099
v  4.2258 0.5882 10.1651
v  4.2380 0.5805 10.2147
v  4.3707 0.6652 10.2153
v  4.3957 0.6319 10.1687
v  4.4028 0.6652 10.1810
v  4.4301 0.6519 10.1357
v  4.3191 0.6438 10.2572
v  4.3304 0.5884 10.1841
v  4.3688 0.6283 10.2919
v  4.3929 0.5823 10.2305
v  4.3555 0.5630 10.4378
v  4.3944 0.5574 10.4260
v  4.4438 0.5444 10.2994
v  4.4477 0.5479 10.2776
v  4.3604 0.6483 10.3806
v  4.3610 0.5938 10.4688
v  4.3129 0.5605 10.4516
v  4.1673 0.4804 10.5385
v  4.1931 0.5529 10.5373
v  4.2223 0.5254 10.5172
v  4.4622 0.5024 10.2991
v  4.4681 0.5511 10.2966
v  4.4402 0.5979 10.3078
v  4.1508 0.5731 10.2475
v  4.1408 0.5907 10.2485
v  4.1340 0.5248 10.2707
v  4.1329 0.5972 10.2707
v  4.1642 0.5725 10.2944
v  4.1567 0.5728 10.2680
v  4.3101 0.0145 10.3683
v  4.3166 0.0149 10.3527
v  4.2975 0.0209 10.3018
v  4.2751 0.0208 10.3141
v  4.2975 0.0150 10.3096
v  4.2793 0.0149 10.3196
v  4.2741 0.0206 10.3527
v  4.2785 0.0265 10.3528
v  4.3158 0.0266 10.3197
v  4.3166 0.0265 10.3528
v  4.2975 0.0266 10.3097
v  4.2793 0.0266 10.3197
v  4.2665 0.0315 10.3715
v  4.2737 0.0315 10.3663
v  4.2644 0.0315 10.3482
v  4.2506 -0.2922 10.4028
v  4.2155 -0.2922 10.3695
v  4.2978 -0.1939 10.1909
v  4.2521 -0.1863 10.3997
v  4.2458 -0.1379 10.4097
v  4.2978 -0.1539 10.2263
v  4.2521 -0.1539 10.2388
v  4.2521 -0.1231 10.2388
v  4.3435 -0.1863 10.3997
v  4.3775 -0.1539 10.3689
v  4.3775 -0.1863 10.3657
v  4.2978 0.0731 10.3126
v  4.2710 0.0729 10.3120
v  4.2711 0.0819 10.3731
v  4.2517 0.0789 10.3682
v  4.2510 0.0738 10.3149
v  4.2489 -0.0073 10.3148
v  4.2706 -0.0125 10.3152
v  4.2472 -0.0107 10.3601
v  4.2703 -0.0175 10.3703
v  4.2978 -0.0145 10.3156
v  4.2472 0.0224 10.3716
v  4.2703 0.0194 10.3842
v  4.2472 0.0332 10.3792
v  4.2978 0.3569 10.4433
v  4.2978 0.3568 10.5556
v  4.3439 0.3551 10.5547
v  4.2116 0.1739 10.4642
v  4.2021 0.2543 10.5566
v  4.2044 0.2540 10.4503
v  4.1737 0.2399 10.2769
v  4.1938 0.2182 10.2747
v  4.1848 0.2399 10.2657
v  4.1848 0.2666 10.2657
v  4.3485 0.0224 10.3716
v  4.3253 0.0194 10.3842
v  4.3485 -0.0107 10.3601
v  4.3253 -0.0175 10.3703
v  4.2978 0.0184 10.3893
v  4.3247 0.0729 10.3120
v  4.3447 0.0738 10.3149
v  4.3553 0.1604 10.3795
v  4.3729 0.1757 10.3628
v  4.4220 0.2399 10.2769
v  4.4108 0.2666 10.2657
v  4.4108 0.2399 10.2657
v  4.4019 0.2182 10.2747
v  4.2727 0.5500 10.1561
v  4.2347 0.5452 10.1748
v  4.2519 0.5243 10.1516
v  4.2349 0.6621 10.3761
v  4.1868 0.6885 10.4234
v  4.1084 0.6746 10.4611
v  4.1702 0.7213 10.4081
v  4.3384 0.7470 10.1698
v  4.3106 0.7208 10.2307
v  4.3398 0.7141 10.2380
v  4.3374 0.6913 10.2128
v  4.3315 0.6247 10.2379
v  4.3548 0.5686 10.1659
v  4.3232 0.5580 10.1499
v  4.3475 0.5359 10.1202
v  4.4227 0.5556 10.2224
v  4.3960 0.5603 10.1918
v  4.4207 0.5282 10.1867
v  4.2045 0.6737 10.4209
v  4.2346 0.6901 10.3578
v  4.2874 0.6778 10.3833
v  4.3171 0.6774 10.3047
v  4.2512 0.6740 10.3062
v  4.3491 0.5142 10.4840
v  4.3887 0.5890 10.4568
v  4.4025 0.6384 10.3763
v  4.1599 0.5598 10.5249
v  4.2170 0.6167 10.5266
v  4.2601 0.6649 10.4537
v  4.1846 0.5275 10.4960
v  4.4057 0.5717 10.1884
v  4.3508 0.6156 10.2130
v  4.1396 0.5890 10.2923
v  4.3397 0.6248 10.1706
v  4.3338 0.6277 10.2479
v  4.2849 0.0261 10.3684
v  4.3101 0.0261 10.3684
v  4.2182 -0.1021 10.3657
v  4.2193 0.0343 10.3193
v  4.2318 -0.0082 10.2810
v  4.2299 0.0343 10.2799
v  4.2598 -0.0082 10.2530
v  4.2978 -0.0543 10.2452
v  4.3244 0.0477 10.3820
v  4.2978 0.0826 10.3777
v  4.2978 0.1556 10.4051
v  4.3344 0.1553 10.4181
v  4.3294 0.1564 10.3963
v  4.3625 0.1595 10.4064
v  4.3698 0.1571 10.4642
v  4.3840 0.1739 10.4642
v  4.3789 0.2536 10.5672
v  4.3419 0.2537 10.5728
v  4.2978 0.2538 10.5736
v  4.3846 0.1753 10.3193
v  4.3729 0.1753 10.2758
v  4.3785 0.0717 10.3193
v  4.2978 0.4798 10.4294
v  4.2798 0.6249 10.1875
v  4.4393 0.5402 10.3297
v  4.2528 0.6876 10.2614
v  4.3187 0.6658 10.2622
v  4.2523 0.6604 10.2140
v  4.3186 0.6544 10.2169
v  4.2975 0.0145 10.3784
v  4.2849 0.0145 10.3683
v  4.2785 0.0149 10.3527
v  4.3286 0.0315 10.3715
v  4.3307 0.0315 10.3482
v  4.3402 0.0315 10.3506
v  4.3457 0.0315 10.3242
v  4.3362 0.0315 10.3216
v  4.3444 0.0317 10.3015
v  4.3352 0.0317 10.3015
v  4.2599 0.0317 10.3015
v  4.2589 0.0315 10.3216
v  4.2507 0.0317 10.3015
v  4.2494 0.0315 10.3242
v  4.2548 0.0315 10.3506
v  4.2521 -0.1021 10.2388
v  4.2978 -0.1231 10.2263
v  4.3435 -0.1021 10.2388
v  4.3775 -0.1021 10.2728
v  4.3702 -0.0830 10.3193
v  4.3604 -0.0830 10.2830
v  4.4025 -0.0830 10.3192
v  4.3884 -0.0830 10.2665
v  4.3339 -0.0830 10.2564
v  4.3498 -0.0830 10.2279
v  4.3441 -0.0830 10.3754
v  4.3884 -0.0830 10.3719
v  4.3604 -0.0830 10.3556
v  4.2352 -0.0830 10.2830
v  4.2255 -0.0830 10.3193
v  4.2353 -0.0830 10.3556
v  4.2507 -0.0654 10.3758
v  4.2515 -0.0830 10.3754
v  4.2735 -0.0721 10.3881
v  4.2739 -0.0830 10.3879
v  4.2978 -0.0735 10.3924
v  4.2978 -0.0212 10.3736
v  4.3250 -0.0125 10.3152
v  4.2538 0.2537 10.5728
v  4.2167 0.2536 10.5672
v  4.2561 0.1701 10.5673
v  4.2566 0.1537 10.5566
v  4.2978 0.1684 10.5682
v  4.2978 0.1523 10.5576
v  4.3390 0.1537 10.5566
v  4.2341 0.3512 10.4433
v  4.2213 0.3317 10.4433
v  4.2224 0.4135 10.3887
v  4.2262 0.3366 10.3851
v  4.2478 0.3405 10.4060
v  4.2455 0.4155 10.4102
v  4.3477 0.3545 10.4232
v  4.3710 0.3369 10.4069
v  4.3615 0.3512 10.4433
v  4.3743 0.3317 10.4433
v  4.3936 0.2543 10.5566
v  4.3695 0.3366 10.3851
v  4.4077 0.4798 10.3193
v  4.2300 0.7312 10.3352
v  4.2568 0.6086 10.3685
v  4.3117 0.6811 10.2445
v  4.1836 0.7081 10.2976
v  4.2768 0.6508 10.2214
v  4.1972 0.5786 10.3201
v  4.3305 0.6528 10.2797
v  4.1695 0.6655 10.3872
v  4.2090 0.6456 10.3167
v  4.3992 0.6205 10.3308
v  4.2975 0.0315 10.3883
v  4.3138 0.0315 10.3849
v  4.3106 0.0315 10.3766
v  4.3213 0.0315 10.3663
v  4.2026 -0.2922 10.3192
v  4.2155 -0.2922 10.2692
v  4.2123 -0.2332 10.2693
v  4.2506 -0.2922 10.2356
v  4.2978 -0.2922 10.2227
v  4.2978 -0.2332 10.2193
v  4.3468 -0.2332 10.2327
v  4.2978 0.1525 10.4642
v  4.2574 0.1537 10.4642
v  4.2259 0.1571 10.4642
v  4.1436 0.5254 10.4687
v  4.1506 0.5556 10.4008
v  4.2458 0.0317 10.3552
v  4.2574 0.0317 10.3530
v  4.2599 0.0317 10.3755
v  4.2687 0.0317 10.3705
v  4.2778 0.0317 10.3885
v  4.2817 0.0317 10.3804
v  4.2975 0.0317 10.3918
v  4.2160 -0.3549 10.2674
v  4.3451 -0.2922 10.2356
v  4.3802 -0.2922 10.2692
v  4.3930 -0.2922 10.3192
v  4.3802 -0.2922 10.3695
v  4.3834 -0.2332 10.3692
v  4.3468 -0.2332 10.4057
v  4.2978 -0.1863 10.4121
v  4.3900 -0.2049 10.3192
v  4.2978 -0.0830 10.2138
v  4.2073 -0.0830 10.2665
v  4.1932 -0.0830 10.3192
v  4.3485 0.0332 10.3792
v  4.2504 0.0300 10.3140
v  4.2709 0.0265 10.3053
v  4.2978 0.0261 10.3029
v  4.2382 0.5799 10.2155
v  4.2978 0.4798 10.2092
v  4.2978 0.5799 10.1994
v  4.3575 0.5799 10.2155
v  4.3526 0.4798 10.2239
v  4.4014 0.5799 10.2594
v  4.3929 0.4798 10.2643
v  4.4174 0.5799 10.3193
v  4.2235 0.0343 10.3351
v  4.2321 -0.0075 10.3574
v  4.2494 -0.0279 10.3766
v  4.2730 -0.0399 10.3884
v  4.2978 -0.0424 10.3928
v  4.3721 0.0343 10.3351
v  4.3676 0.0711 10.3598
v  4.2978 0.1128 10.4035
v  4.3798 0.3348 10.5618
v  4.3444 0.3391 10.5673
v  4.2978 0.3407 10.5682
v  4.1793 0.6514 10.3150
v  4.1702 0.6585 10.2658
v  4.2978 -0.0830 10.3921
v  4.2073 -0.0830 10.3719
v  4.3775 -0.1863 10.2728
v  4.2182 -0.1021 10.2728
v  4.3449 -0.0654 10.3758
v  4.3221 -0.0721 10.3881
v  4.2978 -0.0159 10.3938
v  4.2719 -0.0138 10.3895
v  4.3635 -0.0075 10.3574
v  4.3462 -0.0279 10.3766
v  4.3479 0.0008 10.3781
v  4.3237 -0.0138 10.3895
v  4.3227 -0.0399 10.3884
v  4.2708 0.0006 10.2967
v  4.2651 0.0005 10.3167
v  4.2677 0.0005 10.3434
v  4.2761 0.0005 10.3615
v  4.2857 0.0005 10.3718
v  4.2975 0.0005 10.3750
v  4.3308 0.0006 10.2967
v  4.3380 0.0005 10.3194
v  4.3360 0.0005 10.3458
v  4.3255 0.0005 10.3667
v  4.3122 0.0005 10.3801
v  4.2975 0.0005 10.3835
v  4.2428 0.0700 10.2846
v  4.2480 0.0700 10.3358
v  4.2574 0.0700 10.3616
v  4.2687 0.0700 10.3791
v  4.2817 0.0700 10.3890
v  4.2975 0.0317 10.3835
v  4.3565 0.0317 10.3297
v  4.3656 0.0700 10.2846
v  4.3592 0.0700 10.3383
v  4.3493 0.0317 10.3552
v  4.3493 0.0700 10.3638
v  4.3351 0.0317 10.3755
v  4.3351 0.0700 10.3841
v  4.3173 0.0317 10.3885
v  4.3173 0.0700 10.3971
v  4.2073 -0.1055 10.2665
v  4.2057 -0.1021 10.3192
v  4.1932 -0.1083 10.3192
v  4.2073 -0.1137 10.3719
v  4.3775 -0.1231 10.3657
v  4.3435 -0.1539 10.3997
v  4.3435 -0.1231 10.3997
v  4.2978 -0.1231 10.4121
v  4.2978 -0.1539 10.4121
v  4.2521 -0.1539 10.3997
v  4.3900 -0.1095 10.3192
v  4.3884 -0.1137 10.3719
v  4.3775 -0.1021 10.3657
v  4.4025 -0.1083 10.3192
v  4.3900 -0.1021 10.3192
v  4.3884 -0.1055 10.2665
v  4.2111 0.1753 10.3193
v  4.2227 0.1753 10.2758
v  4.2131 0.3333 10.2703
v  4.1943 0.5799 10.2594
v  4.2431 0.4798 10.2239
v  4.2978 0.3333 10.2212
v  4.3466 0.3333 10.2343
v  4.3825 0.3333 10.2703
v  4.3358 -0.0082 10.2530
v  4.2978 -0.0082 10.2428
v  4.2587 0.0343 10.2511
v  4.2280 0.0717 10.2788
v  4.2171 0.0717 10.3193
v  4.3946 0.3313 10.5513
v  4.3799 0.3507 10.5487
v  4.3187 0.6228 10.3705
v  4.3289 0.6525 10.3104
v  4.3609 0.6439 10.2740
v  4.3134 0.0317 10.3804
v  4.3264 0.0317 10.3705
v  4.3377 0.0317 10.3530
v  4.2478 0.0008 10.3781
v  4.2978 0.1753 10.2323
v  4.3411 0.1753 10.2439
v  4.2978 0.5798 10.1989
v  4.3768 0.6439 10.3147
v  4.3834 0.6100 10.2939
v  4.3094 0.0005 10.3718
v  4.3190 0.0005 10.3615
v  4.3274 0.0005 10.3434
v  4.3300 0.0005 10.3167
v  4.3243 0.0006 10.2967
v  4.2828 0.0005 10.3801
v  4.2696 0.0005 10.3667
v  4.2590 0.0005 10.3458
v  4.2571 0.0005 10.3194
v  4.2642 0.0006 10.2967
v  4.2975 0.0700 10.3921
v  4.3134 0.0700 10.3890
v  4.3264 0.0700 10.3791
v  4.3377 0.0700 10.3616
v  4.3471 0.0700 10.3358
v  4.3522 0.0700 10.2846
v  4.2975 0.0700 10.4004
v  4.2778 0.0700 10.3971
v  4.2599 0.0700 10.3841
v  4.2458 0.0700 10.3638
v  4.2359 0.0700 10.3383
v  4.2295 0.0700 10.2846
v  4.2123 -0.2332 10.3692
v  4.1989 -0.2332 10.3192
v  4.2247 0.3369 10.4069
v  4.2479 0.3545 10.4232
v  4.2978 0.3569 10.4327
v  4.3474 0.3549 10.4433
v  4.3575 0.5799 10.4232
v  4.4014 0.5799 10.3793
v  4.3383 0.1537 10.4642
v  4.2978 0.1546 10.4226
v  4.2613 0.1553 10.4181
v  4.2331 0.1595 10.4064
v  4.3834 -0.2332 10.2693
v  4.3968 -0.2332 10.3192
v  4.2227 0.1757 10.3628
v  4.2576 0.0717 10.2492
v  4.2978 0.0343 10.2405
v  4.3369 0.0343 10.2511
v  4.3658 0.0343 10.2799
v  4.2663 0.1564 10.3963
v  4.2404 0.1604 10.3795
v  4.2675 0.1080 10.3950
v  4.2431 0.0890 10.3775
v  4.2281 0.0711 10.3598
v  4.3908 0.6240 10.2183
v  4.4143 0.5764 10.1949
v  4.2531 0.0486 10.3713
v  4.3763 0.0343 10.3193
v  4.3677 0.0717 10.2788
v  4.3380 0.0717 10.2492
v  4.2978 0.0717 10.2383
v  4.2546 0.1753 10.2439
v  4.2491 0.3333 10.2343
v  4.2027 0.4798 10.2643
v  4.4244 0.5711 10.2089
v  4.4066 0.6063 10.2487
v  4.3259 0.0402 10.4116
v  4.2378 0.3832 10.4871
v  4.2378 0.3900 10.4883
v  4.2413 0.3842 10.4871
v  4.2554 0.3801 10.4724
v  4.2533 0.3814 10.4787
v  4.2557 0.3900 10.4787
v  4.2201 0.4001 10.4724
v  4.2222 0.3988 10.4787
v  4.2198 0.3900 10.4787
v  4.3571 0.3829 10.4668
v  4.3571 0.3899 10.4679
v  4.3606 0.3839 10.4668
v  4.3749 0.3798 10.4519
v  4.3727 0.3811 10.4582
v  4.3752 0.3899 10.4582
v  4.3393 0.4000 10.4519
v  4.3414 0.3987 10.4582
v  4.3390 0.3899 10.4582
v  4.2661 0.4095 10.4749
v  4.2378 0.4095 10.4798
v  4.2623 0.4253 10.4749
v  4.2999 0.3695 10.4392
v  4.2839 0.3798 10.4608
v  4.3095 0.4095 10.4392
v  4.2019 0.3403 10.4392
v  4.1757 0.3695 10.4392
v  4.2112 0.3582 10.4608
v  4.2999 0.4496 10.4392
v  4.2839 0.4392 10.4608
v  4.2644 0.4609 10.4608
v  4.1970 0.3307 10.4126
v  4.2378 0.3295 10.4392
v  4.2786 0.4883 10.4126
v  4.2736 0.4788 10.4392
v  4.2378 0.4896 10.4392
v  4.2919 0.3748 10.3471
v  4.3084 0.3640 10.3844
v  4.3193 0.4095 10.3844
v  4.1837 0.4443 10.3471
v  4.1671 0.4550 10.3844
v  4.1562 0.4095 10.3844
v  4.3796 0.3899 10.4562
v  4.3571 0.3899 10.4599
v  4.3766 0.4025 10.4562
v  4.4066 0.3580 10.4292
v  4.3938 0.3663 10.4455
v  4.4142 0.3899 10.4292
v  4.3285 0.3347 10.4292
v  4.3076 0.3580 10.4292
v  4.3359 0.3489 10.4455
v  4.4066 0.4218 10.4292
v  4.3938 0.4135 10.4455
v  4.3783 0.4309 10.4455
v  4.3246 0.3271 10.4092
v  4.3571 0.3261 10.4292
v  4.3896 0.4527 10.4092
v  4.3856 0.4450 10.4292
v  4.3571 0.4536 10.4292
v  4.4002 0.3621 10.3597
v  4.4133 0.3537 10.3879
v  4.4220 0.3899 10.3879
v  4.3140 0.4176 10.3597
v  4.3008 0.4261 10.3879
v  4.2921 0.3899 10.3879
v  4.2311 0.4014 10.4838
v  4.2342 0.3960 10.4871
v  4.2316 0.3935 10.4871
v  4.3504 0.4012 10.4634
v  4.3535 0.3959 10.4668
v  4.3509 0.3934 10.4668
v  4.2236 0.4369 10.4749
v  4.2132 0.4253 10.4749
v  4.2094 0.4095 10.4749
v  4.3458 0.4116 10.4562
v  4.3375 0.4025 10.4562
v  4.3345 0.3899 10.4562
v  4.2978 0.0328 10.4097
v  4.2707 0.0328 10.4032
v  4.2480 0.3728 10.4724
v  4.2467 0.3749 10.4787
v  4.2378 0.3702 10.4724
v  4.2276 0.4074 10.4724
v  4.2288 0.4053 10.4787
v  4.2378 0.4100 10.4724
v  4.3674 0.3724 10.4519
v  4.3661 0.3745 10.4582
v  4.3571 0.3699 10.4519
v  4.3468 0.4072 10.4519
v  4.3480 0.4051 10.4582
v  4.3571 0.4099 10.4519
v  4.2519 0.4369 10.4749
v  4.2378 0.4411 10.4749
v  4.2736 0.3403 10.4392
v  4.2644 0.3582 10.4608
v  4.2519 0.3821 10.4749
v  4.1661 0.4095 10.4392
v  4.1917 0.3798 10.4608
v  4.2236 0.3821 10.4749
v  4.1671 0.3640 10.4126
v  4.1562 0.4095 10.4126
v  4.3084 0.4550 10.4126
v  4.3193 0.4095 10.4126
v  4.2690 0.3491 10.3471
v  4.2786 0.3307 10.3844
v  4.2378 0.3398 10.3471
v  4.2065 0.4699 10.3471
v  4.1970 0.4883 10.3844
v  4.2378 0.4792 10.3471
v  4.2378 0.4095 10.3175
v  4.2065 0.3491 10.3471
v  4.1837 0.3748 10.3471
v  4.1753 0.4095 10.3471
v  4.2690 0.4699 10.3471
v  4.2919 0.4443 10.3471
v  4.3002 0.4095 10.3471
v  4.3684 0.4116 10.4562
v  4.3571 0.4151 10.4562
v  4.3856 0.3347 10.4292
v  4.3783 0.3489 10.4455
v  4.3684 0.3681 10.4562
v  4.2999 0.3899 10.4292
v  4.3204 0.3663 10.4455
v  4.3458 0.3681 10.4562
v  4.3008 0.3537 10.4092
v  4.2921 0.3899 10.4092
v  4.4133 0.4261 10.4092
v  4.4220 0.3899 10.4092
v  4.3820 0.3418 10.3597
v  4.3896 0.3271 10.3879
v  4.3571 0.3344 10.3597
v  4.3322 0.4380 10.3597
v  4.3246 0.4527 10.3879
v  4.3571 0.4454 10.3597
v  4.3571 0.3899 10.3390
v  4.3322 0.3418 10.3597
v  4.3140 0.3621 10.3597
v  4.3073 0.3899 10.3597
v  4.3820 0.4380 10.3597
v  4.4002 0.4176 10.3597
v  4.4068 0.3899 10.3597
v  4.2493 0.3966 10.4838
v  4.2449 0.3900 10.4871
v  4.2439 0.3935 10.4871
v  4.2439 0.3867 10.4871
v  4.2467 0.4053 10.4787
v  4.2444 0.4014 10.4838
v  4.2378 0.4076 10.4787
v  4.2378 0.4032 10.4838
v  4.2413 0.3960 10.4871
v  4.2378 0.3970 10.4871
v  4.3687 0.3965 10.4634
v  4.3642 0.3899 10.4668
v  4.3633 0.3934 10.4668
v  4.3633 0.3864 10.4668
v  4.3661 0.4051 10.4582
v  4.3638 0.4012 10.4634
v  4.3571 0.4075 10.4582
v  4.3571 0.4029 10.4634
v  4.3606 0.3959 10.4668
v  4.3571 0.3969 10.4668
v  4.3250 0.0328 10.4032
v  4.2910 0.4095 10.4608
v  4.2623 0.3937 10.4749
v  4.3995 0.3899 10.4455
v  4.3766 0.3772 10.4562
v  4.2245 0.3900 10.4838
v  4.2222 0.3814 10.4787
v  4.2262 0.3836 10.4838
v  4.2288 0.3749 10.4787
v  4.2311 0.3788 10.4838
v  4.2378 0.3726 10.4787
v  4.2262 0.3966 10.4838
v  4.2307 0.3900 10.4871
v  4.2316 0.3867 10.4871
v  4.3437 0.3899 10.4634
v  4.3414 0.3811 10.4582
v  4.3455 0.3833 10.4634
v  4.3480 0.3745 10.4582
v  4.3504 0.3786 10.4634
v  4.3571 0.3723 10.4582
v  4.3455 0.3965 10.4634
v  4.3499 0.3899 10.4668
v  4.3509 0.3864 10.4668
v  4.2174 0.3900 10.4724
v  4.2201 0.3801 10.4724
v  4.2276 0.3728 10.4724
v  4.2480 0.4074 10.4724
v  4.2533 0.3988 10.4787
v  4.2554 0.4001 10.4724
v  4.2582 0.3900 10.4724
v  4.3365 0.3899 10.4519
v  4.3393 0.3798 10.4519
v  4.3468 0.3724 10.4519
v  4.3674 0.4072 10.4519
v  4.3727 0.3987 10.4582
v  4.3749 0.4000 10.4519
v  4.3776 0.3899 10.4519
v  4.2378 0.3186 10.4126
v  4.2786 0.3307 10.4126
v  4.3084 0.3640 10.4126
v  4.2378 0.5005 10.4126
v  4.1970 0.4883 10.4126
v  4.2019 0.4788 10.4392
v  4.1671 0.4550 10.4126
v  4.1757 0.4496 10.4392
v  4.1671 0.3640 10.3844
v  4.1970 0.3307 10.3844
v  4.2378 0.3186 10.3844
v  4.2378 0.5005 10.3844
v  4.2786 0.4883 10.3844
v  4.3084 0.4550 10.3844
v  4.3571 0.3175 10.4092
v  4.3896 0.3271 10.4092
v  4.4133 0.3537 10.4092
v  4.3571 0.4623 10.4092
v  4.3246 0.4527 10.4092
v  4.3285 0.4450 10.4292
v  4.3008 0.4261 10.4092
v  4.3076 0.4218 10.4292
v  4.3008 0.3537 10.3879
v  4.3246 0.3271 10.3879
v  4.3571 0.3175 10.3879
v  4.3571 0.4623 10.3879
v  4.3896 0.4527 10.3879
v  4.4133 0.4261 10.3879
v  4.2378 0.4689 10.4608
v  4.2112 0.4609 10.4608
v  4.1917 0.4392 10.4608
v  4.1845 0.4095 10.4608
v  4.2132 0.3937 10.4749
v  4.3571 0.4372 10.4455
v  4.3359 0.4309 10.4455
v  4.3204 0.4135 10.4455
v  4.3147 0.3899 10.4455
v  4.3375 0.3772 10.4562
v  4.2342 0.3842 10.4871
v  4.2378 0.3770 10.4838
v  4.2444 0.3788 10.4838
v  4.2493 0.3836 10.4838
v  4.2511 0.3900 10.4838
v  4.3535 0.3839 10.4668
v  4.3571 0.3767 10.4634
v  4.3638 0.3786 10.4634
v  4.3687 0.3833 10.4634
v  4.3705 0.3899 10.4634
v  4.2378 0.3502 10.4608
v  4.2378 0.3779 10.4749
v  4.3571 0.3425 10.4455
v  4.3571 0.3647 10.4562
v  4.3485 -0.5234 10.3503
v  4.3263 -0.5282 10.3411
v  4.3263 -0.5286 10.2967
v  4.3171 -0.5301 10.3189
v  4.3485 -0.5229 10.2875
v  4.3466 0.0384 10.3874
v  4.3810 -0.1551 10.3588
v  4.3822 -0.1846 10.3524
v  4.3816 -0.1270 10.3524
v  4.3822 -0.1270 10.2860
v  4.3810 -0.1551 10.2792
v  4.3826 -0.1846 10.2860
v  4.3912 -0.1997 10.3192
v  4.3912 -0.1146 10.3192
v  4.3658 0.0343 10.3587
v  4.3487 0.0201 10.3786
v  4.3873 -0.1834 10.2967
v  4.3855 -0.1304 10.3418
v  4.3845 -0.1561 10.3506
v  4.2703 0.0336 10.3919
v  4.2469 0.0201 10.3786
v  4.2710 0.0124 10.3906
v  4.3929 -0.1957 10.3192
v  4.3867 -0.1834 10.3418
v  4.3929 -0.1186 10.3192
v  4.3253 0.0336 10.3919
v  4.3246 0.0124 10.3906
v  4.2978 0.0879 10.4021
v  4.3481 0.0493 10.3855
v  4.3488 0.3502 10.4022
v  4.3656 0.3502 10.4022
v  4.3488 0.3502 10.4050
v  4.3601 0.3502 10.4111
v  4.3572 0.3502 10.4116
v  4.3543 0.3502 10.4111
v  4.3488 0.3495 10.4050
v  4.3498 0.3495 10.4076
v  4.3508 0.3457 10.4076
v  4.3572 0.3404 10.4022
v  4.3572 0.3404 10.4050
v  4.3614 0.3418 10.4022
v  4.2416 0.4581 10.4178
v  4.2377 0.4581 10.4072
v  4.2377 0.4581 10.4185
v  4.2337 0.4581 10.4178
v  4.2451 0.4581 10.4158
v  4.2302 0.4581 10.4158
v  4.2477 0.4581 10.4128
v  4.2277 0.4581 10.4128
v  4.2491 0.4581 10.4091
v  4.2263 0.4581 10.4091
v  4.2491 0.4581 10.4051
v  4.2263 0.4581 10.4051
v  4.2464 0.4581 10.3999
v  4.2290 0.4581 10.3999
v  4.2377 0.4581 10.3958
v  4.2491 0.4590 10.4091
v  4.2477 0.4590 10.4128
v  4.2471 0.4644 10.4128
v  4.2377 0.4738 10.4051
v  4.2377 0.4738 10.4091
v  4.2309 0.4711 10.4051
v  4.3667 0.4436 10.4028
v  4.3478 0.4436 10.4028
v  4.3667 0.4436 10.4059
v  4.3540 0.4436 10.4128
v  4.3573 0.4436 10.4133
v  4.3606 0.4436 10.4128
v  4.3667 0.4443 10.4059
v  4.3656 0.4443 10.4088
v  4.3645 0.4485 10.4088
v  4.3573 0.4545 10.4028
v  4.3573 0.4545 10.4059
v  4.3526 0.4530 10.4028
v  4.2489 -0.4864 10.2417
v  4.2497 -0.4325 10.2370
v  4.2978 -0.4872 10.2283
v  4.3543 0.3495 10.4111
v  4.3572 0.3495 10.4116
v  4.3601 0.3495 10.4111
v  4.3517 0.3495 10.4097
v  4.3517 0.3502 10.4097
v  4.3627 0.3495 10.4097
v  4.3627 0.3502 10.4097
v  4.3498 0.3502 10.4076
v  4.3646 0.3495 10.4076
v  4.3646 0.3502 10.4076
v  4.3656 0.3495 10.4050
v  4.3656 0.3502 10.4050
v  4.3488 0.3495 10.4022
v  4.3656 0.3495 10.4022
v  4.3507 0.3495 10.3986
v  4.3507 0.3502 10.3986
v  4.3636 0.3495 10.3986
v  4.3636 0.3502 10.3986
v  4.3572 0.3495 10.3959
v  4.3572 0.3502 10.3959
v  4.3597 0.3482 10.4111
v  4.3524 0.3467 10.4097
v  4.3547 0.3482 10.4111
v  4.3557 0.3470 10.4111
v  4.2416 0.4590 10.4178
v  4.2377 0.4590 10.4185
v  4.2337 0.4590 10.4178
v  4.2451 0.4590 10.4158
v  4.2302 0.4590 10.4158
v  4.2277 0.4590 10.4128
v  4.2263 0.4590 10.4091
v  4.2491 0.4590 10.4051
v  4.2263 0.4590 10.4051
v  4.2464 0.4590 10.3999
v  4.2290 0.4590 10.3999
v  4.2377 0.4590 10.3958
v  4.2342 0.4615 10.4178
v  4.2447 0.4629 10.4159
v  4.2411 0.4615 10.4178
v  4.2397 0.4648 10.4178
v  4.3606 0.4443 10.4128
v  4.3573 0.4443 10.4133
v  4.3540 0.4443 10.4128
v  4.3634 0.4443 10.4112
v  4.3634 0.4436 10.4112
v  4.3511 0.4443 10.4112
v  4.3511 0.4436 10.4112
v  4.3656 0.4436 10.4088
v  4.3490 0.4443 10.4088
v  4.3490 0.4436 10.4088
v  4.3478 0.4443 10.4059
v  4.3478 0.4436 10.4059
v  4.3667 0.4443 10.4028
v  4.3478 0.4443 10.4028
v  4.3645 0.4443 10.3987
v  4.3645 0.4436 10.3987
v  4.3500 0.4443 10.3987
v  4.3500 0.4436 10.3987
v  4.3573 0.4443 10.3957
v  4.3573 0.4436 10.3957
v  4.3544 0.4457 10.4128
v  4.3626 0.4474 10.4112
v  4.3601 0.4457 10.4128
v  4.3589 0.4471 10.4128
v  4.3468 -0.4781 10.4001
v  4.2978 -0.4763 10.4135
v  4.3628 0.3463 10.3986
v  4.3604 0.3436 10.3986
v  4.3572 0.3426 10.3986
v  4.3540 0.3436 10.3986
v  4.3516 0.3463 10.3986
v  4.2295 0.4637 10.3999
v  4.2325 0.4685 10.3999
v  4.2377 0.4707 10.3999
v  4.2428 0.4685 10.3999
v  4.2459 0.4637 10.3999
v  4.3510 0.4479 10.3987
v  4.3537 0.4509 10.3987
v  4.3573 0.4520 10.3987
v  4.3609 0.4509 10.3987
v  4.3635 0.4479 10.3987
v  4.3614 0.3418 10.4050
v  4.3645 0.3451 10.4022
v  4.3645 0.3451 10.4050
v  4.2309 0.4711 10.4091
v  4.2270 0.4653 10.4051
v  4.2270 0.4653 10.4091
v  4.3526 0.4530 10.4059
v  4.3491 0.4492 10.4028
v  4.3491 0.4492 10.4059
v  4.3535 0.3426 10.4076
v  4.3572 0.3438 10.4097
v  4.3572 0.3415 10.4076
v  4.3609 0.3426 10.4076
v  4.3599 0.3446 10.4097
v  4.3636 0.3457 10.4076
v  4.3619 0.3467 10.4097
v  4.3544 0.3446 10.4097
v  4.3572 0.3465 10.4111
v  4.3586 0.3470 10.4111
v  4.3499 0.3451 10.4022
v  4.3499 0.3451 10.4050
v  4.3530 0.3418 10.4022
v  4.3530 0.3418 10.4050
v  4.2436 0.4699 10.4128
v  4.2377 0.4693 10.4159
v  4.2377 0.4722 10.4128
v  4.2317 0.4699 10.4128
v  4.2333 0.4674 10.4159
v  4.2283 0.4644 10.4128
v  4.2307 0.4629 10.4159
v  4.2421 0.4674 10.4159
v  4.2377 0.4654 10.4178
v  4.2357 0.4648 10.4178
v  4.2484 0.4653 10.4051
v  4.2484 0.4653 10.4091
v  4.2444 0.4711 10.4051
v  4.2444 0.4711 10.4091
v  4.3614 0.4518 10.4088
v  4.3573 0.4507 10.4112
v  4.3573 0.4531 10.4088
v  4.3531 0.4518 10.4088
v  4.3542 0.4499 10.4112
v  4.3501 0.4485 10.4088
v  4.3519 0.4474 10.4112
v  4.3604 0.4499 10.4112
v  4.3573 0.4475 10.4128
v  4.3556 0.4471 10.4128
v  4.3655 0.4492 10.4028
v  4.3655 0.4492 10.4059
v  4.3620 0.4530 10.4028
v  4.3620 0.4530 10.4059
v  4.2123 -0.4855 10.2711
v  4.2334 -0.5069 10.3725
v  4.2583 -0.5055 10.3895
v  4.2531 0.0331 10.3846
v  4.2511 0.0333 10.3866
v  4.4134 -0.1960 10.3192
v  4.4103 -0.1841 10.2980
v  4.3776 -0.5115 10.2900
v  4.2583 -0.5153 10.2561
v  4.3774 -0.5080 10.3514
v  4.3847 -0.5093 10.3197
v  4.2334 0.3565 10.4185
v  4.2377 0.3565 10.4071
v  4.2377 0.3565 10.4193
v  4.2419 0.3565 10.4185
v  4.2297 0.3565 10.4164
v  4.2457 0.3565 10.4164
v  4.2269 0.3565 10.4131
v  4.2485 0.3565 10.4131
v  4.2254 0.3565 10.4092
v  4.2500 0.3565 10.4092
v  4.2254 0.3565 10.4049
v  4.2500 0.3565 10.4049
v  4.2283 0.3565 10.3993
v  4.2471 0.3565 10.3993
v  4.2377 0.3565 10.3948
v  4.2254 0.3558 10.4092
v  4.2269 0.3558 10.4131
v  4.2279 0.3505 10.4092
v  4.2315 0.3467 10.4092
v  4.2322 0.3482 10.4132
v  4.2377 0.3465 10.4132
v  4.2283 0.3558 10.3993
v  4.2254 0.3558 10.4049
v  4.2279 0.3505 10.4049
v  4.2334 0.3558 10.4185
v  4.2377 0.3558 10.4193
v  4.2419 0.3558 10.4185
v  4.2297 0.3558 10.4164
v  4.2457 0.3558 10.4164
v  4.2485 0.3558 10.4131
v  4.2500 0.3558 10.4092
v  4.2500 0.3558 10.4049
v  4.2471 0.3558 10.3993
v  4.2377 0.3558 10.3948
v  4.2355 0.3542 10.4186
v  4.2340 0.3552 10.4186
v  4.2475 0.3505 10.4092
v  4.2377 0.3481 10.3992
v  4.2439 0.3467 10.4049
v  4.2424 0.3495 10.3992
v  4.2475 0.3505 10.4049
v  4.2414 0.3552 10.4186
v  4.2441 0.3530 10.4165
v  4.2336 0.3509 10.4165
v  4.2291 0.3513 10.4132
v  4.2313 0.3530 10.4165
v  4.2452 0.3521 10.3992
v  4.2329 0.3495 10.3992
v  4.2302 0.3521 10.3992
v  4.2377 0.3498 10.4165
v  4.2431 0.3482 10.4132
v  4.2417 0.3509 10.4165
v  4.2463 0.3513 10.4132
v  4.2377 0.3540 10.4186
v  4.2398 0.3542 10.4186
v  4.2377 0.3449 10.4092
v  4.2439 0.3467 10.4092
v  4.2377 0.3449 10.4049
v  4.2315 0.3467 10.4049
v  4.2804 -0.5322 10.2916
v  4.2693 -0.5262 10.2752
v  4.2693 -0.5201 10.3713
v  4.2812 -0.5294 10.3532
v  4.2855 -0.5328 10.3185
v  4.2332 -0.5132 10.2721
v  4.2181 -0.5104 10.2900
v  4.2109 -0.5093 10.3197
v  4.2182 -0.5080 10.3514
v  4.2978 0.0328 10.3969
v  4.2978 0.0092 10.3955
v  4.3426 0.0331 10.3846
v  4.3446 0.0333 10.3866
v  4.2489 -0.2332 10.2327
v  4.3707 -0.5170 10.3411
v  4.3799 -0.5143 10.3189
v  4.3707 -0.5173 10.2967
v  4.2694 -0.5286 10.2967
v  4.2786 -0.5301 10.3189
# 1257 vertices

vn -0.7456 -0.0866 -0.6607
vn -0.4752 -0.1506 -0.8669
vn -0.6586 0.0326 -0.7518
vn -0.5253 -0.2819 -0.8029
vn 0.0000 -0.3512 -0.9363
vn 0.0000 0.2476 -0.9689
vn 0.5253 -0.2819 -0.8029
vn 0.4833 0.2567 -0.8370
vn -0.4148 0.0338 -0.9093
vn 0.4299 0.2315 -0.8727
vn 0.8042 0.2142 -0.5544
vn 0.8430 -0.0204 -0.5376
vn 0.9995 -0.0324 -0.0012
vn 0.9816 0.1908 -0.0027
vn 0.8477 -0.0051 0.5304
vn -0.8052 0.2135 -0.5532
vn -0.9995 -0.0326 -0.0048
vn -0.9817 0.1903 -0.0083
vn -0.8405 -0.0121 0.5417
vn 0.9576 -0.2880 -0.0103
vn 0.6638 -0.3958 0.6346
vn 0.9417 -0.0990 0.3217
vn 0.6618 -0.0099 0.7496
vn 0.0000 0.0244 -0.9997
vn 0.4641 0.0149 -0.8857
vn 0.4772 -0.0091 -0.8788
vn 0.8562 -0.0194 -0.5163
vn 0.0000 0.0471 0.9989
vn -0.4615 0.0338 0.8865
vn -0.4799 0.0056 0.8773
vn -0.8566 -0.0107 0.5159
vn -0.8013 0.2393 0.5484
vn -0.4294 0.2805 0.8585
vn 0.9405 -0.0019 0.3398
vn 0.9250 0.1277 0.3578
vn 0.6264 0.4255 0.6531
vn 0.9574 0.2887 -0.0060
vn 0.5867 0.8098 -0.0073
vn 0.6453 0.4071 -0.6464
vn 0.5614 -0.8275 -0.0116
vn -0.9999 -0.0156 0.0027
vn -0.8562 -0.0194 -0.5163
vn -0.8430 -0.0205 -0.5375
vn -0.4640 0.0145 -0.8857
vn -0.4772 -0.0091 -0.8788
vn 0.0000 -0.0086 -1.0000
vn 0.9999 -0.0150 0.0033
vn 0.0000 0.0080 1.0000
vn 0.4799 0.0056 0.8773
vn -0.2982 0.6379 -0.7100
vn -0.1980 0.8761 -0.4396
vn 0.0000 0.6132 -0.7899
vn 0.9953 -0.0971 -0.0023
vn 0.0000 0.7090 0.7052
vn -0.2214 0.9320 0.2870
vn -0.3116 0.7192 0.6210
vn -0.4762 0.7274 0.4941
vn 0.9333 0.1090 -0.3423
vn 0.8566 0.0383 -0.5146
vn 0.9957 0.0931 -0.0011
vn 0.8617 -0.0247 -0.5069
vn 0.9511 -0.0677 -0.3013
vn 0.0000 0.9350 0.3548
vn -0.2109 0.9731 0.0924
vn 0.0000 0.9922 0.1244
vn 0.0000 0.9991 -0.0423
vn -0.1818 0.9566 -0.2277
vn 0.0000 0.8578 -0.5140
vn -0.4870 0.6659 -0.5652
vn 0.8611 -0.0469 0.5062
vn 0.8350 -0.0020 0.5503
vn 0.8549 0.0484 0.5166
vn 0.9346 -0.0109 -0.3555
vn 0.8326 -0.0140 -0.5536
vn -0.1875 0.9817 -0.0337
vn 0.0000 0.9674 -0.2532
vn 0.4752 -0.1506 -0.8669
vn 0.7758 -0.1011 -0.6229
vn 0.7456 -0.0866 -0.6607
vn 0.5273 0.1474 -0.8368
vn 0.7443 0.1829 -0.6423
vn 0.0696 0.9496 0.3056
vn -0.0000 0.4630 0.8864
vn -0.0000 0.9487 0.3162
vn -0.0696 0.9496 0.3056
vn -0.2837 0.4560 0.8436
vn -0.9862 -0.0013 -0.1656
vn -0.8171 -0.0046 0.5764
vn -0.4338 0.8803 0.1919
vn 0.3668 -0.5928 -0.7169
vn -0.2781 -0.8146 0.5090
vn 0.0000 -0.8108 0.5854
vn 0.7429 0.6632 0.0906
vn 0.7010 0.6995 0.1386
vn -0.7000 0.7132 -0.0364
vn 0.4683 0.3469 -0.8126
vn -0.0001 -0.0730 -0.9973
vn -0.0001 0.0303 -0.9995
vn 0.0352 -0.9984 0.0432
vn -0.2461 -0.8678 -0.4317
vn -0.0000 -0.8654 -0.5011
vn -0.4542 -0.4278 0.7815
vn 0.2461 -0.8678 -0.4317
vn -0.4881 0.0272 -0.8724
vn -0.0000 -0.9990 0.0449
vn 0.4928 0.0098 0.8701
vn 0.3634 0.6853 0.6311
vn 0.0000 0.6826 0.7308
vn 0.3796 -0.6536 0.6548
vn -0.3804 -0.6503 -0.6576
vn 0.0000 -0.6526 -0.7577
vn -0.2254 -0.7383 -0.6357
vn -0.8350 -0.0020 0.5503
vn -0.8611 -0.0469 0.5062
vn -0.4925 -0.0099 0.8702
vn -0.4928 0.0098 0.8701
vn -0.4718 0.0000 0.8817
vn 0.0000 -0.0000 1.0000
vn -0.0704 0.9755 -0.2087
vn 0.0587 0.9967 -0.0558
vn -0.0000 0.7040 -0.7102
vn 0.1962 -0.0091 -0.9805
vn 0.7165 -0.0104 -0.6975
vn 0.6625 -0.5085 -0.5500
vn 0.3294 -0.7534 0.5691
vn 0.0000 -0.7542 0.6566
vn 0.5002 0.0524 0.8643
vn 0.9977 0.0360 -0.0570
vn 0.9833 -0.0231 0.1804
vn 0.8882 0.4394 0.1343
vn 0.9841 -0.1713 -0.0472
vn 0.1444 -0.9894 0.0160
vn 0.1071 -0.8903 -0.4427
vn 0.4950 -0.8169 -0.2959
vn 0.3657 0.3049 -0.8794
vn 0.4242 0.8269 -0.3692
vn 0.8369 0.3848 -0.3892
vn 0.4982 0.0971 -0.8616
vn 0.0000 0.0971 -0.9953
vn 0.4962 0.0849 -0.8641
vn 0.9977 0.0684 0.0012
vn 0.9967 0.0815 -0.0004
vn 0.9315 0.0087 -0.3635
vn 0.7156 -0.4052 0.5690
vn -0.1715 -0.7441 0.6456
vn 0.7057 0.5131 0.4886
vn 0.9796 0.1997 0.0218
vn 0.6654 0.7118 -0.2250
vn -0.8648 0.0524 0.4993
vn -0.8648 0.0526 0.4993
vn -0.5002 0.0524 0.8643
vn -0.9986 0.0520 -0.0023
vn -0.8867 0.0472 -0.4600
vn -0.9986 0.0529 -0.0038
vn -0.4961 0.0849 -0.8641
vn -0.8645 0.0851 -0.4954
vn -0.7157 0.0718 -0.6947
vn -0.9833 -0.0231 0.1804
vn -0.8882 0.4394 0.1343
vn -0.9951 -0.0207 0.0967
vn -0.9977 0.0360 -0.0570
vn -0.9841 -0.1713 -0.0472
vn -0.9967 0.0815 -0.0004
vn -0.9977 0.0684 0.0012
vn -0.9315 0.0087 -0.3635
vn -0.7156 -0.4052 0.5690
vn -0.7057 0.5131 0.4886
vn 0.1715 -0.7441 0.6456
vn -0.9796 0.1997 0.0218
vn -0.6654 0.7118 -0.2250
vn -0.3942 -0.9131 0.1045
vn 0.5159 -0.8005 -0.3051
vn 0.6732 -0.7374 -0.0548
vn 0.7518 0.1130 0.6497
vn -0.1047 -0.0158 0.9944
vn -0.2479 -0.4801 0.8414
vn -0.6031 -0.6375 -0.4794
vn -0.7922 -0.5880 -0.1635
vn -0.8243 0.5625 0.0634
vn 0.8680 -0.3961 0.2995
vn 0.5271 0.8494 -0.0260
vn 0.8962 0.4436 0.0032
vn 0.4258 0.0219 0.9045
vn 0.6943 -0.0640 0.7168
vn 0.6671 -0.6811 -0.3017
vn -0.6054 0.7756 -0.1789
vn -0.0002 1.0000 0.0001
vn 0.4939 0.8668 0.0689
vn -0.0163 0.9947 0.1012
vn 0.1344 0.5567 0.8198
vn 0.5009 0.8333 -0.2339
vn -0.1135 0.9729 0.2015
vn -0.2247 0.9671 0.1189
vn -0.7036 0.6993 -0.1259
vn 0.1886 0.8972 0.3993
vn 0.5263 0.7977 0.2945
vn 0.0089 0.9531 0.3027
vn -0.2952 0.7377 -0.6072
vn 0.1842 0.5962 0.7814
vn 0.9548 -0.0383 -0.2946
vn 0.9109 -0.4057 -0.0750
vn 0.5040 -0.6370 -0.5833
vn -0.2777 0.8818 0.3812
vn -0.7510 0.6110 -0.2503
vn 0.4819 -0.3742 0.7923
vn 0.3684 -0.7193 0.5890
vn 0.6098 -0.4885 0.6242
vn -0.0743 -0.9683 0.2383
vn 0.3394 -0.3723 0.8639
vn -0.7106 -0.4739 0.5200
vn 0.7805 0.0063 -0.6251
vn -0.0000 -0.9019 -0.4320
vn -0.0000 0.0088 -1.0000
vn -0.7805 0.0065 -0.6251
vn -0.7429 0.6632 0.0906
vn 0.7000 0.7132 -0.0364
vn -0.7010 0.6995 0.1386
vn 0.6721 0.7322 -0.1104
vn 0.0555 -0.9981 0.0264
vn -0.4217 -0.8706 -0.2533
vn 0.0803 -0.9965 -0.0226
vn -0.4769 -0.8790 -0.0071
vn 0.0754 -0.9963 -0.0402
vn -0.4137 -0.8786 0.2387
vn -0.2479 -0.8739 0.4182
vn 0.0397 -0.9967 -0.0711
vn -0.5860 -0.7774 0.2285
vn -0.0000 -0.9213 -0.3888
vn -0.1552 -0.4673 -0.8704
vn 0.4519 -0.4307 -0.7812
vn 0.7827 -0.4287 0.4513
vn 0.7813 -0.4320 -0.4506
vn 0.9021 -0.4316 -0.0003
vn 0.4542 -0.4278 0.7815
vn -0.0351 -0.9985 0.0430
vn -0.0555 -0.9981 0.0264
vn 0.4217 -0.8706 -0.2533
vn -0.0803 -0.9965 -0.0226
vn 0.4769 -0.8790 -0.0071
vn -0.0754 -0.9963 -0.0402
vn 0.4137 -0.8786 0.2387
vn -0.0397 -0.9967 -0.0711
vn 0.2479 -0.8739 0.4182
vn 0.5860 -0.7774 0.2285
vn 0.1552 -0.4673 -0.8704
vn -0.4519 -0.4307 -0.7812
vn -0.9021 -0.4316 -0.0003
vn -0.7827 -0.4287 0.4512
vn -0.7813 -0.4320 -0.4506
vn -0.0587 0.9967 -0.0556
vn 0.5018 -0.0000 -0.8650
vn 0.0000 0.8493 -0.5280
vn -0.3634 0.6853 0.6311
vn 0.0000 0.8066 0.5911
vn 0.3804 -0.6503 -0.6576
vn 0.8867 0.0472 -0.4600
vn 0.9986 0.0520 -0.0023
vn 0.9986 0.0529 -0.0038
vn 0.8648 0.0524 0.4993
vn 0.9983 -0.0560 0.0149
vn 0.1083 -0.3605 -0.9264
vn 0.3878 -0.3300 -0.8607
vn 0.8875 -0.3091 -0.3416
vn 0.9953 0.0971 0.0000
vn 0.8619 0.0971 -0.4976
vn 0.9960 0.0895 -0.0000
vn 0.8645 0.0851 -0.4954
vn 0.9818 -0.1897 0.0081
vn 0.6649 -0.7132 -0.2221
vn 0.9437 0.0371 -0.3288
vn 0.2112 0.8111 0.5454
vn 0.5055 0.3081 0.8059
vn 0.5424 0.6888 0.4810
vn -0.8369 0.3848 -0.3892
vn -0.4242 0.8269 -0.3692
vn -0.3657 0.3049 -0.8794
vn -0.1170 0.3218 -0.9396
vn -0.5102 -0.8243 -0.2453
vn 0.0000 -0.9613 -0.2757
vn -0.4817 0.0718 -0.8734
vn 0.0000 0.0732 -0.9973
vn -0.9818 -0.1897 0.0081
vn -0.9437 0.0371 -0.3288
vn -0.6649 -0.7131 -0.2222
vn -0.9983 -0.0560 0.0149
vn 0.8639 -0.3529 0.3593
vn 0.7736 0.2919 -0.5624
vn 0.3809 -0.9099 0.1644
vn 0.2585 0.3207 0.9112
vn 0.3373 -0.8616 0.3793
vn -0.4209 -0.0911 0.9025
vn 0.3851 -0.9229 0.0047
vn 0.3221 -0.0312 0.9462
vn -0.4721 -0.6164 -0.6302
vn -0.8475 0.5291 0.0418
vn 0.2509 0.6469 0.7201
vn -0.6369 0.7390 0.2195
vn 0.8677 0.4493 0.2127
vn 0.0490 0.2436 0.9686
vn 0.0919 -0.9448 -0.3145
vn 0.0050 -0.5489 -0.8358
vn 0.8291 0.5359 -0.1596
vn 0.1532 0.8797 -0.4501
vn -0.1435 -0.0717 -0.9871
vn -0.7166 0.6318 -0.2954
vn -0.2336 0.9709 0.0528
vn -0.9732 -0.2142 0.0833
vn -0.7406 -0.6704 0.0462
vn -0.0565 0.5690 0.8204
vn 0.7142 -0.0937 0.6936
vn 0.2541 0.9667 0.0289
vn 0.9526 -0.3043 0.0022
vn -0.0529 0.9088 -0.4139
vn -0.6035 0.7637 0.2292
vn -0.3870 0.8929 -0.2300
vn -0.4896 0.8673 -0.0897
vn 0.0000 -0.0088 1.0000
vn 0.8171 -0.0044 0.5764
vn -0.0000 0.9137 0.4063
vn 0.4338 0.8804 0.1918
vn 0.9862 -0.0013 -0.1656
vn 0.4871 -0.8666 -0.1085
vn -0.4327 -0.8830 0.1817
vn -0.4871 -0.8666 -0.1085
vn 0.0000 -0.9207 0.3902
vn 0.4328 -0.8830 0.1817
vn 0.6214 -0.6118 -0.4895
vn -0.4902 -0.7909 0.3664
vn -0.5848 -0.7839 0.2083
vn 0.4881 0.0273 -0.8724
vn 0.8644 0.0219 -0.5023
vn 0.0000 -0.4258 0.9048
vn 0.4953 0.0070 -0.8687
vn 0.0704 0.9755 -0.2087
vn 0.0000 0.0000 1.0000
vn 0.4718 -0.0000 0.8817
vn 0.4925 -0.0099 0.8702
vn -0.4953 0.0070 -0.8687
vn -0.8326 -0.0140 -0.5536
vn -0.8566 0.0383 -0.5146
vn 0.0000 0.7186 -0.6955
vn -0.0665 0.6760 -0.7339
vn -0.2112 0.8111 0.5454
vn -0.5423 0.6888 0.4810
vn -0.5135 0.6127 -0.6007
vn -0.6625 -0.5085 -0.5501
vn -0.1187 -0.7716 -0.6249
vn -0.7041 -0.6500 0.2860
vn -0.2949 -0.8055 0.5141
vn -0.0000 -0.7876 -0.6162
vn -0.5991 -0.3547 0.7178
vn -0.3234 -0.3969 0.8590
vn 0.2263 -0.9364 -0.2681
vn 0.0000 -1.0000 -0.0029
vn 0.0000 -0.8986 -0.4387
vn -0.1071 -0.8903 -0.4427
vn 0.9169 0.3936 0.0664
vn 0.8892 0.0432 -0.4555
vn 0.9951 -0.0207 0.0967
vn 0.9819 0.1894 0.0085
vn -0.1510 0.7491 0.6450
vn 0.0849 0.1995 0.9762
vn 0.0757 -0.2039 0.9761
vn 0.5991 -0.3547 0.7178
vn 0.3234 -0.3969 0.8590
vn 0.7041 -0.6500 0.2860
vn 0.2949 -0.8055 0.5141
vn -0.0000 -0.4182 0.9084
vn 0.0665 0.6760 -0.7339
vn 0.5135 0.6127 -0.6007
vn -0.7026 0.5547 -0.4457
vn -0.9615 0.1790 -0.2085
vn -0.9819 0.1894 0.0085
vn -0.0756 -0.2039 0.9761
vn -0.0849 0.1995 0.9762
vn 0.1510 0.7491 0.6450
vn -0.9680 0.1521 0.1995
vn -0.8139 0.5464 0.1973
vn 0.5414 0.7248 -0.4261
vn -0.0391 0.9742 0.2222
vn -0.7457 -0.0148 -0.6661
vn -0.5748 0.1731 -0.7998
vn 0.6396 0.2479 -0.7276
vn -0.0786 -0.9119 -0.4027
vn -0.2000 -0.5874 0.7842
vn 0.5483 -0.7889 -0.2775
vn -0.7012 -0.5017 -0.5066
vn -0.6933 0.3398 0.6355
vn -0.7692 0.2837 0.5726
vn -0.8374 0.5114 -0.1932
vn 0.6604 0.7509 0.0044
vn -0.2233 0.7827 0.5809
vn -0.5727 0.6204 -0.5357
vn 0.6433 0.5060 0.5745
vn -0.2238 0.8891 0.3993
vn 0.2352 -0.9306 -0.2804
vn 0.1926 -0.9750 0.1104
vn -0.5391 -0.7884 -0.2963
vn -0.5982 -0.8005 -0.0378
vn 0.2382 -0.9712 -0.0055
vn 0.1092 0.8525 -0.5112
vn -0.7447 -0.2902 -0.6010
vn -0.7641 -0.6240 -0.1637
vn 0.5436 -0.1881 -0.8180
vn -0.2622 -0.4288 -0.8645
vn -0.4455 -0.7259 -0.5240
vn -0.3329 0.7691 0.5456
vn -0.0451 -0.2377 0.9703
vn 0.5722 -0.4019 0.7149
vn 0.7760 -0.0226 -0.6303
vn -0.4851 -0.7936 0.3673
vn -0.6523 -0.4779 0.5883
vn 0.3847 -0.8865 -0.2571
vn -0.3847 -0.8865 -0.2572
vn 0.2541 0.9627 -0.0926
vn 0.9985 0.0555 0.0000
vn 0.8648 0.0526 0.4993
vn 0.8647 0.0555 0.4992
vn 0.5001 0.0526 0.8643
vn 0.0000 0.0524 0.9986
vn 0.2837 0.4560 0.8436
vn -0.0000 0.7974 0.6034
vn 0.0000 0.7992 -0.6011
vn -0.0673 0.9962 0.0550
vn -0.3358 0.7525 -0.5666
vn -0.4452 0.8890 0.1072
vn -0.4766 0.8778 0.0476
vn -0.9169 0.3936 0.0664
vn -0.3799 0.0198 -0.9248
vn -0.0858 0.0043 -0.9963
vn 0.0000 0.0008 -1.0000
vn -0.9984 0.0570 0.0010
vn -0.8660 0.0606 0.4964
vn -0.9983 0.0583 -0.0005
vn 0.0000 0.0892 -0.9960
vn -0.3647 -0.8266 0.4286
vn 0.1128 0.6343 -0.7648
vn 0.0738 -0.9830 0.1681
vn -0.4153 -0.8896 0.1902
vn 0.0847 -0.5486 0.8318
vn -0.4908 -0.3698 0.7889
vn 0.0000 0.9093 -0.4161
vn 0.3870 0.8929 -0.2301
vn 0.4896 0.8673 -0.0897
vn -0.6214 -0.6118 -0.4895
vn 0.5848 -0.7839 0.2083
vn -0.7424 -0.6102 -0.2765
vn -0.8023 -0.5952 -0.0449
vn 0.6081 -0.7930 0.0361
vn -0.8163 -0.5649 0.1205
vn 0.6565 -0.7490 -0.0893
vn -0.6565 -0.7490 -0.0893
vn -0.6081 -0.7930 0.0362
vn 0.8164 -0.5648 0.1205
vn 0.8023 -0.5952 -0.0449
vn 0.7424 -0.6102 -0.2765
vn 0.2966 0.8066 0.5114
vn -0.2966 0.8066 0.5114
vn -0.4417 0.8544 0.2739
vn -0.6568 -0.7540 -0.0009
vn -0.5692 -0.7537 0.3286
vn -0.7571 -0.6532 0.0000
vn -0.6557 -0.6532 0.3786
vn -0.3294 -0.7534 0.5691
vn -0.3796 -0.6536 0.6548
vn -0.4333 -0.7357 -0.5206
vn -0.6557 -0.6532 -0.3786
vn -0.5969 -0.7412 -0.3072
vn 0.5692 -0.7537 0.3286
vn 0.6568 -0.7540 -0.0009
vn 0.5969 -0.7412 -0.3072
vn 0.6372 0.0398 -0.7696
vn 0.4333 -0.7357 -0.5207
vn 0.3343 0.0230 -0.9422
vn 0.2254 -0.7383 -0.6357
vn 0.0000 0.0218 -0.9998
vn -0.0000 -0.8519 0.5238
vn 0.1187 -0.7716 -0.6249
vn 0.0858 0.0043 -0.9963
vn 0.3799 0.0198 -0.9248
vn 0.1170 0.3218 -0.9396
vn 0.1149 0.8685 -0.4822
vn 0.0000 0.3217 -0.9468
vn 0.0000 0.8801 -0.4748
vn -0.1149 0.8685 -0.4822
vn 0.5662 -0.8201 0.0833
vn 0.9197 -0.3807 0.0956
vn 0.7157 0.0718 -0.6947
vn 0.8255 -0.2913 -0.4833
vn 0.5102 -0.8243 -0.2453
vn 0.4817 0.0718 -0.8734
vn -0.1571 -0.9237 0.3494
vn -0.7439 -0.6523 0.1453
vn -0.5662 -0.8201 0.0833
vn -0.9197 -0.3807 0.0956
vn -0.8892 0.0432 -0.4555
vn -0.8255 -0.2913 -0.4833
vn -0.9960 0.0895 -0.0000
vn -0.3667 -0.9217 -0.1268
vn -0.8125 -0.3114 -0.4928
vn -0.3090 -0.8874 0.3421
vn 0.6378 -0.4867 0.5970
vn 0.4141 -0.4073 0.8141
vn 0.8306 0.1788 0.5274
vn -0.7814 -0.2831 -0.5561
vn 0.7332 -0.6628 0.1517
vn 0.5701 -0.6952 -0.4378
vn -0.7846 -0.6063 0.1296
vn 0.0000 -0.6051 -0.7962
vn -0.3668 -0.5928 -0.7169
vn 0.2781 -0.8146 0.5090
vn 0.4902 -0.7909 0.3664
vn 0.9994 0.0339 0.0005
vn 0.8647 0.0235 0.5017
vn 0.8140 0.3467 0.4660
vn 0.4901 0.0277 0.8712
vn 0.0001 0.0303 0.9995
vn 0.0001 0.3510 0.9364
vn -0.4689 0.3479 0.8118
vn 0.0000 0.9997 0.0255
vn 0.0684 0.9974 0.0207
vn 0.4766 0.8778 0.0476
vn 0.5634 0.7437 0.3598
vn 0.5725 0.6922 0.4394
vn 0.6324 0.7143 -0.2997
vn -0.6480 0.7040 0.2905
vn 0.4987 0.7265 -0.4728
vn -0.5359 0.6965 0.4772
vn 0.2725 0.7317 -0.6248
vn -0.3050 0.6939 0.6523
vn 0.0000 0.7493 -0.6622
vn 0.8568 -0.0079 0.5155
vn -0.4902 0.0278 0.8712
vn -0.8647 0.0235 0.5017
vn -0.9994 0.0339 0.0005
vn -0.8644 0.0219 -0.5023
vn -0.8145 0.3459 -0.4658
vn -0.4682 0.3470 -0.8126
vn -0.0000 -0.0000 -1.0000
vn -0.9957 0.0931 -0.0011
vn 0.0000 -0.6526 0.7577
vn 0.6557 -0.6532 0.3786
vn 0.7571 -0.6532 0.0000
vn -0.2263 -0.9364 -0.2681
vn -0.7165 -0.0104 -0.6975
vn -0.1962 -0.0091 -0.9805
vn -0.0000 -0.0345 -0.9994
vn 0.4982 0.0971 0.8616
vn 0.0000 0.0895 0.9960
vn 0.0000 0.0971 0.9953
vn -0.4982 0.0971 0.8616
vn -0.4986 0.0895 0.8622
vn -0.8619 0.0971 0.4976
vn -0.8626 0.0895 0.4980
vn -0.9953 0.0971 -0.0000
vn 0.9640 0.0553 -0.2599
vn 0.8884 0.0586 -0.4553
vn 0.6310 0.0554 -0.7738
vn 0.3259 0.0326 -0.9448
vn 0.0000 0.0240 -0.9997
vn -0.9640 0.0553 -0.2599
vn -0.8794 0.0522 -0.4732
vn 0.0000 0.0444 -0.9990
vn -0.3878 -0.3300 -0.8607
vn -0.1083 -0.3605 -0.9264
vn 0.0000 -0.3606 -0.9327
vn 0.4564 -0.5503 -0.6992
vn 0.6281 -0.7641 0.1471
vn 0.0000 -0.7376 -0.6753
vn 0.6557 -0.6532 -0.3786
vn -0.8549 0.0484 0.5166
vn 0.4417 0.8544 0.2739
vn -0.6372 0.0398 -0.7696
vn -0.3343 0.0230 -0.9422
vn 0.0000 0.0547 -0.9985
vn 0.3215 0.0570 -0.9452
vn -0.8884 0.0586 -0.4553
vn -0.6310 0.0554 -0.7738
vn -0.6325 0.0629 -0.7720
vn -0.3215 0.0570 -0.9452
vn -0.3259 0.0326 -0.9449
vn -0.9217 -0.2840 -0.2641
vn -0.9696 -0.2362 -0.0643
vn -0.9471 -0.1697 0.2724
vn -0.8185 -0.1566 0.5527
vn -0.5087 -0.1618 0.8456
vn 0.0000 -0.1614 0.9869
vn -0.8940 0.3484 0.2817
vn -0.9549 0.2858 0.0800
vn -0.9389 0.2037 -0.2773
vn -0.7978 0.1781 -0.5761
vn -0.4780 0.1696 -0.8618
vn -0.0000 0.1614 -0.9869
vn -0.9920 -0.0907 0.0878
vn -0.9712 -0.0856 0.2223
vn -0.8843 -0.1021 0.4556
vn -0.7147 -0.1530 0.6825
vn -0.3916 -0.2012 0.8979
vn -0.0000 0.6759 0.7370
vn -0.6721 0.7322 -0.1104
vn -0.9883 0.1125 -0.1026
vn -0.9665 0.0976 -0.2375
vn -0.6324 0.7143 -0.2997
vn -0.8699 0.1079 -0.4813
vn -0.4987 0.7265 -0.4728
vn -0.6939 0.1575 -0.7027
vn -0.2725 0.7317 -0.6248
vn -0.3690 0.2033 -0.9069
vn 0.5798 0.7350 0.3516
vn 0.4200 0.9072 0.0238
vn 0.6131 0.7897 0.0245
vn 0.4814 0.8559 -0.1892
vn -0.8617 -0.0247 -0.5069
vn -0.4872 -0.0072 -0.8733
vn -0.5018 -0.0000 -0.8650
vn 0.4872 -0.0072 -0.8733
vn -0.9953 -0.0971 -0.0023
vn -0.4814 0.8559 -0.1892
vn -0.2542 0.9627 -0.0926
vn -0.6131 0.7897 0.0245
vn -0.4201 0.9072 0.0238
vn -0.5798 0.7350 0.3516
vn 0.9984 0.0570 0.0010
vn 0.8660 0.0606 0.4964
vn 0.8640 0.0774 0.4975
vn 0.8619 0.0971 0.4976
vn 0.4986 0.0895 0.8622
vn 0.0000 0.0760 0.9971
vn -0.4992 0.0759 0.8632
vn -0.8640 0.0774 0.4975
vn -0.5001 0.0526 0.8643
vn 0.0000 0.0526 0.9986
vn 0.5000 0.0555 0.8642
vn 0.8645 0.0583 0.4992
vn 0.9983 0.0583 -0.0005
vn -0.8875 -0.3091 -0.3416
vn -0.4950 -0.8169 -0.2959
vn -0.1965 -0.8417 -0.5028
vn -0.5272 -0.8333 -0.1663
vn -0.5237 -0.8388 0.1487
vn 0.3050 0.6939 0.6523
vn 0.5359 0.6965 0.4772
vn 0.6480 0.7040 0.2905
vn 0.6325 0.0629 -0.7720
vn 0.0000 0.0643 0.9979
vn -0.4997 0.0642 0.8638
vn -0.9129 -0.2918 0.2854
vn -0.5551 -0.8014 0.2225
vn -0.7092 -0.6742 0.2060
vn 0.5087 -0.1618 0.8456
vn 0.8185 -0.1566 0.5527
vn 0.9471 -0.1697 0.2724
vn 0.9696 -0.2362 -0.0643
vn 0.9217 -0.2840 -0.2641
vn 0.4780 0.1696 -0.8618
vn 0.7978 0.1781 -0.5761
vn 0.9389 0.2037 -0.2773
vn 0.9549 0.2858 0.0800
vn 0.8940 0.3485 0.2817
vn -0.0000 -0.2187 0.9758
vn 0.3916 -0.2012 0.8979
vn 0.7147 -0.1530 0.6825
vn 0.8843 -0.1021 0.4556
vn 0.9712 -0.0856 0.2223
vn 0.9920 -0.0907 0.0878
vn 0.0000 0.2187 -0.9758
vn 0.3690 0.2033 -0.9069
vn 0.6939 0.1575 -0.7027
vn 0.8699 0.1079 -0.4813
vn 0.9665 0.0976 -0.2375
vn 0.9883 0.1125 -0.1026
vn 0.8145 0.3459 -0.4658
vn 0.9356 0.3532 -0.0000
vn 0.7439 -0.6523 0.1453
vn 0.1571 -0.9237 0.3494
vn -0.0000 -0.9377 0.3475
vn -0.1444 -0.9894 0.0160
vn -0.4982 0.0971 -0.8616
vn -0.8619 0.0971 -0.4976
vn -0.0684 0.9974 0.0207
vn 0.0000 0.9990 0.0456
vn 0.0673 0.9962 0.0550
vn 0.4452 0.8890 0.1072
vn -0.8140 0.3467 0.4660
vn -0.9356 0.3532 -0.0000
vn 0.9615 0.1790 -0.2085
vn 0.4999 0.0583 0.8641
vn 0.0000 0.0555 0.9985
vn -0.5000 0.0555 0.8642
vn -0.8647 0.0555 0.4992
vn 0.3358 0.7525 -0.5666
vn 0.7026 0.5547 -0.4457
vn 0.4148 0.0338 -0.9093
vn 0.6586 0.0326 -0.7518
vn 0.8794 0.0522 -0.4732
vn -0.3996 -0.7919 0.4618
vn -0.6381 -0.4513 0.6238
vn -0.5055 0.3081 0.8059
vn -0.9985 0.0555 -0.0000
vn -0.8645 0.0583 0.4992
vn -0.4999 0.0583 0.8641
vn 0.0000 0.0584 0.9983
vn 0.4997 0.0642 0.8638
vn 0.4992 0.0759 0.8632
vn 0.8626 0.0895 0.4980
vn -0.9502 -0.2917 0.1100
vn -0.8872 -0.4056 -0.2200
vn -0.4833 0.2567 -0.8370
vn 0.0000 0.3522 -0.9359
vn 0.0000 -0.0000 -1.0000
vn -0.1720 0.3058 -0.9364
vn -0.8034 0.4723 -0.3625
vn -0.7407 0.4366 -0.5106
vn -0.8587 0.0000 -0.5125
vn 0.8034 -0.4724 -0.3625
vn 0.7407 -0.4366 -0.5106
vn 0.8587 0.0000 -0.5126
vn -0.8034 0.4724 -0.3625
vn -0.8587 -0.0000 -0.5125
vn 0.8587 -0.0000 -0.5126
vn -0.3592 0.0000 -0.9333
vn 0.0000 0.0000 -1.0000
vn -0.3142 -0.1610 -0.9356
vn -0.7649 0.4015 -0.5038
vn -0.5705 0.2967 -0.7659
vn -0.8686 0.0000 -0.4954
vn 0.4572 0.7205 -0.5214
vn 0.7648 0.4015 -0.5038
vn 0.3376 0.5266 -0.7802
vn -0.7649 -0.4015 -0.5038
vn -0.5705 -0.2967 -0.7659
vn -0.3376 -0.5266 -0.7802
vn 0.5244 0.8313 -0.1841
vn 0.0000 0.8476 -0.5306
vn -0.5244 -0.8313 -0.1841
vn -0.4572 -0.7205 -0.5214
vn 0.0000 -0.8476 -0.5306
vn -0.6327 0.3302 0.7005
vn -0.8603 0.4544 0.2309
vn -0.9740 0.0000 0.2264
vn 0.6326 -0.3302 0.7005
vn 0.8603 -0.4544 0.2309
vn 0.9740 0.0000 0.2264
vn -0.3436 0.0000 -0.9391
vn -0.3005 -0.1539 -0.9413
vn -0.7550 0.3962 -0.5225
vn -0.5537 0.2877 -0.7814
vn -0.8578 0.0000 -0.5141
vn 0.4511 0.7105 -0.5401
vn 0.7550 0.3962 -0.5224
vn 0.3274 0.5104 -0.7951
vn -0.7550 -0.3962 -0.5224
vn -0.5537 -0.2877 -0.7814
vn -0.3274 -0.5104 -0.7951
vn 0.5234 0.8299 -0.1929
vn -0.0000 0.8356 -0.5493
vn -0.5234 -0.8299 -0.1929
vn -0.4511 -0.7106 -0.5400
vn -0.0000 -0.8356 -0.5493
vn -0.6124 0.3192 0.7233
vn -0.8581 0.4533 0.2412
vn -0.9716 -0.0000 0.2365
vn 0.6124 -0.3192 0.7232
vn 0.8581 -0.4533 0.2411
vn 0.9716 -0.0000 0.2365
vn 0.3145 -0.5574 -0.7684
vn 0.1720 -0.3058 -0.9364
vn 0.2993 -0.1774 -0.9375
vn 0.1853 -0.2849 -0.9405
vn 0.3142 -0.1610 -0.9356
vn 0.3592 0.0000 -0.9333
vn 0.1772 -0.2723 -0.9458
vn 0.3005 -0.1539 -0.9413
vn 0.3436 0.0000 -0.9391
vn 0.0000 0.9079 -0.4193
vn 0.2563 0.8801 -0.3996
vn -0.4603 0.8120 -0.3588
vn -0.4243 0.7504 -0.5068
vn 0.0000 0.9341 -0.3570
vn 0.4603 -0.8120 -0.3588
vn 0.4243 -0.7504 -0.5068
vn 0.0000 -0.9341 -0.3570
vn -0.4244 0.7504 -0.5068
vn -0.0000 0.9341 -0.3569
vn -0.0000 -0.9341 -0.3569
vn -0.1853 -0.2849 -0.9405
vn 0.0000 -0.3328 -0.9430
vn -0.4572 0.7205 -0.5214
vn -0.3376 0.5266 -0.7802
vn -0.1853 0.2849 -0.9405
vn 0.8686 0.0000 -0.4955
vn 0.5704 0.2967 -0.7659
vn 0.1853 0.2849 -0.9405
vn 0.8707 0.4593 -0.1760
vn 0.9851 0.0000 -0.1722
vn -0.8707 -0.4593 -0.1760
vn -0.9851 0.0000 -0.1722
vn -0.3775 0.5911 0.7128
vn -0.5175 0.8213 0.2404
vn 0.0000 0.6949 0.7191
vn 0.3775 -0.5911 0.7128
vn 0.5175 -0.8213 0.2404
vn 0.0000 -0.6949 0.7191
vn 0.3775 0.5911 0.7128
vn 0.6326 0.3302 0.7005
vn 0.7194 -0.0000 0.6946
vn -0.3775 -0.5911 0.7128
vn -0.6327 -0.3302 0.7005
vn -0.7194 -0.0000 0.6946
vn -0.1772 -0.2723 -0.9458
vn -0.0000 -0.3180 -0.9481
vn -0.4511 0.7105 -0.5401
vn -0.3274 0.5104 -0.7951
vn -0.1772 0.2722 -0.9458
vn 0.8578 0.0000 -0.5140
vn 0.5537 0.2877 -0.7814
vn 0.1772 0.2722 -0.9458
vn 0.8692 0.4587 -0.1845
vn 0.9836 0.0000 -0.1806
vn -0.8692 -0.4587 -0.1845
vn -0.9836 -0.0000 -0.1806
vn -0.3655 0.5716 0.7346
vn -0.5160 0.8191 0.2507
vn -0.0000 0.6720 0.7405
vn 0.3655 -0.5716 0.7346
vn 0.5160 -0.8191 0.2507
vn -0.0000 -0.6720 0.7405
vn -0.0000 -0.0000 1.0000
vn 0.3655 0.5716 0.7346
vn 0.6124 0.3192 0.7232
vn 0.6963 0.0000 0.7177
vn -0.3655 -0.5716 0.7346
vn -0.6124 -0.3192 0.7232
vn -0.6963 0.0000 0.7177
vn -0.5478 -0.3235 -0.7715
vn -0.3465 -0.0000 -0.9381
vn -0.2993 -0.1774 -0.9375
vn -0.2993 0.1774 -0.9375
vn -0.4243 -0.7504 -0.5068
vn -0.3145 -0.5574 -0.7684
vn 0.0000 -0.8632 -0.5049
vn 0.0000 -0.6419 -0.7668
vn -0.1720 -0.3058 -0.9364
vn 0.0000 -0.3522 -0.9359
vn -0.5478 -0.3236 -0.7715
vn -0.3464 -0.0000 -0.9381
vn -0.2993 -0.1773 -0.9375
vn -0.4244 -0.7504 -0.5068
vn -0.3146 -0.5574 -0.7684
vn -0.2563 0.8801 -0.3996
vn -0.6511 0.0000 -0.7590
vn -0.3142 0.1610 -0.9356
vn -0.6323 0.0000 -0.7748
vn -0.3005 0.1539 -0.9413
vn 0.6342 -0.0000 -0.7731
vn 0.7407 0.4366 -0.5106
vn 0.5478 0.3236 -0.7715
vn 0.4243 0.7504 -0.5068
vn 0.3145 0.5574 -0.7684
vn 0.0000 0.8632 -0.5049
vn 0.5478 -0.3235 -0.7716
vn 0.3465 -0.0000 -0.9381
vn 0.2993 0.1774 -0.9375
vn 0.6342 0.0000 -0.7731
vn 0.5478 -0.3236 -0.7715
vn 0.3464 -0.0000 -0.9381
vn 0.9312 0.0000 -0.3644
vn 0.8034 0.4724 -0.3625
vn 0.4603 0.8120 -0.3588
vn -0.4603 -0.8120 -0.3588
vn -0.7407 -0.4366 -0.5106
vn -0.8034 -0.4723 -0.3625
vn -0.9312 0.0000 -0.3644
vn 0.9312 -0.0000 -0.3644
vn -0.8034 -0.4724 -0.3625
vn -0.9312 -0.0000 -0.3644
vn 0.0000 0.9821 -0.1884
vn -0.5244 0.8313 -0.1841
vn -0.8707 0.4593 -0.1760
vn 0.0000 -0.9821 -0.1884
vn 0.5244 -0.8313 -0.1841
vn 0.4572 -0.7205 -0.5214
vn 0.8707 -0.4593 -0.1760
vn 0.7648 -0.4015 -0.5038
vn 0.8603 0.4544 0.2309
vn 0.5175 0.8213 0.2404
vn 0.0000 0.9695 0.2453
vn 0.0000 -0.9695 0.2453
vn -0.5175 -0.8212 0.2404
vn -0.8603 -0.4544 0.2309
vn -0.0000 0.9804 -0.1973
vn -0.5234 0.8299 -0.1929
vn -0.8692 0.4587 -0.1845
vn -0.0000 -0.9804 -0.1973
vn 0.5234 -0.8299 -0.1929
vn 0.4511 -0.7106 -0.5400
vn 0.8692 -0.4587 -0.1845
vn 0.7550 -0.3962 -0.5224
vn 0.8581 0.4533 0.2411
vn 0.5160 0.8191 0.2507
vn -0.0000 0.9668 0.2557
vn -0.0000 -0.9668 0.2557
vn -0.5160 -0.8191 0.2507
vn -0.8581 -0.4533 0.2411
vn 0.0000 -0.6162 -0.7876
vn 0.3376 -0.5266 -0.7802
vn 0.5704 -0.2967 -0.7659
vn 0.6511 0.0000 -0.7590
vn 0.3142 0.1610 -0.9356
vn -0.0000 -0.5970 -0.8023
vn 0.3274 -0.5104 -0.7951
vn 0.5537 -0.2877 -0.7814
vn 0.6323 0.0000 -0.7748
vn 0.3005 0.1539 -0.9413
vn 0.1720 0.3058 -0.9364
vn 0.0000 0.6419 -0.7668
vn -0.3145 0.5574 -0.7684
vn -0.5478 0.3236 -0.7715
vn -0.6343 -0.0000 -0.7731
vn -0.3146 0.5574 -0.7684
vn -0.6343 0.0000 -0.7731
vn 0.0000 0.6162 -0.7876
vn 0.0000 0.3328 -0.9430
vn -0.0000 0.5970 -0.8023
vn -0.0000 0.3180 -0.9481
vn -0.2168 0.5770 -0.7875
vn 0.2709 0.7656 -0.5835
vn 0.1912 0.8305 0.5232
vn 0.4036 0.9149 0.0050
vn -0.2429 0.6770 0.6947
vn -0.7443 0.1829 -0.6423
vn -0.9346 -0.0109 -0.3555
vn -0.9333 0.1090 -0.3423
vn -0.9511 -0.0677 -0.3013
vn -0.9417 -0.0990 0.3217
vn -0.9405 -0.0019 0.3398
vn -0.9250 0.1277 0.3578
vn -0.9574 0.2887 -0.0060
vn -0.9576 -0.2880 -0.0103
vn -0.5273 0.1474 -0.8368
vn -0.6344 0.0427 -0.7718
vn -0.6264 0.4255 0.6531
vn -0.6903 -0.3683 -0.6228
vn -0.6506 -0.0130 -0.7593
vn 0.1228 -0.9388 -0.3217
vn 0.6344 0.0426 -0.7718
vn 0.3249 0.0567 -0.9441
vn -0.5867 0.8098 -0.0073
vn -0.6453 0.4071 -0.6464
vn -0.5614 -0.8275 -0.0116
vn -0.1228 -0.9388 -0.3217
vn -0.3249 0.0567 -0.9441
vn 0.0000 -0.1808 -0.9835
vn -0.7758 -0.1011 -0.6229
vn 0.7319 -0.6560 0.1845
vn -0.7319 -0.6560 0.1845
vn 0.7316 -0.6677 -0.1379
vn -0.2387 -0.6719 -0.7012
vn -0.0000 -0.6724 -0.7401
vn 0.2387 -0.6718 -0.7012
vn 0.9756 0.1232 -0.1816
vn 0.8492 0.1098 -0.5165
vn 0.7511 0.4036 -0.5224
vn -0.0000 0.9668 0.2554
vn -0.0000 0.9804 -0.1969
vn -0.5160 0.8191 0.2505
vn -0.2499 0.6705 -0.6986
vn 0.0000 1.0000 -0.0000
vn 0.0000 0.6707 -0.7418
vn 0.2499 0.6705 -0.6986
vn -0.4722 0.6702 -0.5726
vn 0.4722 0.6702 -0.5726
vn -0.6403 0.6697 -0.3762
vn 0.6403 0.6697 -0.3762
vn -0.7312 0.6694 -0.1312
vn 0.7312 0.6694 -0.1312
vn -0.7321 0.6581 0.1761
vn 0.7321 0.6580 0.1762
vn -0.5342 0.6412 0.5509
vn 0.5342 0.6412 0.5509
vn -0.0000 0.6224 0.7827
vn -0.9832 -0.0526 -0.1750
vn -0.8633 -0.0446 -0.5027
vn -0.8095 -0.2818 -0.5150
vn 0.0000 -0.9701 0.2428
vn 0.0000 -0.9824 -0.1869
vn 0.6054 -0.7581 0.2424
vn -0.7319 0.6560 0.1845
vn 0.7319 0.6560 0.1845
vn -0.7316 0.6677 -0.1379
vn 0.2387 0.6719 -0.7011
vn -0.0000 0.6724 -0.7402
vn -0.2387 0.6719 -0.7012
vn -0.9756 -0.1233 -0.1816
vn -0.8492 -0.1098 -0.5165
vn -0.7511 -0.4037 -0.5224
vn -0.0000 -0.9668 0.2554
vn -0.0000 -0.9804 -0.1970
vn 0.5160 -0.8191 0.2505
vn 0.4440 0.2766 0.8522
vn 0.4720 0.0362 0.8808
vn 0.0000 0.2918 0.9565
vn 0.3353 0.0530 -0.9406
vn -0.0000 0.0561 -0.9984
vn -0.3353 0.0530 -0.9406
vn 0.6228 0.0851 -0.7777
vn 0.4581 -0.6705 -0.5836
vn -0.6228 0.0851 -0.7777
vn -0.4581 -0.6705 -0.5836
vn 0.6326 -0.6689 -0.3904
vn -0.8492 0.1098 -0.5165
vn -0.6326 -0.6689 -0.3904
vn -0.9756 0.1232 -0.1816
vn -0.7316 -0.6677 -0.1379
vn 0.9634 0.1215 0.2390
vn -0.9634 0.1215 0.2390
vn 0.6820 0.0902 0.7257
vn 0.5161 -0.6390 0.5704
vn -0.6820 0.0902 0.7257
vn -0.5161 -0.6390 0.5704
vn -0.0000 0.1242 0.9923
vn -0.0000 -0.6300 0.7766
vn -0.2992 0.1627 -0.9402
vn 0.5497 0.2952 -0.7815
vn 0.2992 0.1627 -0.9402
vn 0.1811 0.2774 -0.9435
vn -0.3466 -0.0224 -0.9377
vn 0.0000 -0.0225 -0.9997
vn 0.3466 -0.0224 -0.9377
vn -0.6375 -0.0321 -0.7697
vn 0.6375 -0.0321 -0.7697
vn 0.8633 -0.0446 -0.5027
vn 0.9832 -0.0526 -0.1750
vn -0.9715 -0.0517 0.2314
vn 0.9715 -0.0517 0.2314
vn -0.7018 -0.0348 0.7115
vn 0.7018 -0.0349 0.7115
vn 0.0000 -0.0987 0.9951
vn 0.3147 -0.0802 -0.9458
vn -0.6028 -0.1830 -0.7767
vn -0.3147 -0.0802 -0.9458
vn -0.2125 -0.2744 -0.9378
vn -0.3354 -0.0530 -0.9406
vn -0.0000 -0.0562 -0.9984
vn 0.3354 -0.0530 -0.9406
vn -0.6228 -0.0851 -0.7777
vn -0.4581 0.6705 -0.5836
vn 0.6228 -0.0851 -0.7777
vn 0.4581 0.6705 -0.5836
vn -0.6325 0.6689 -0.3904
vn 0.8492 -0.1098 -0.5165
vn 0.6326 0.6689 -0.3904
vn 0.9756 -0.1232 -0.1817
vn 0.7315 0.6677 -0.1379
vn -0.9634 -0.1215 0.2390
vn 0.9634 -0.1215 0.2390
vn -0.6820 -0.0901 0.7258
vn -0.5161 0.6390 0.5704
vn 0.6820 -0.0901 0.7258
vn 0.5161 0.6390 0.5704
vn -0.0000 -0.1242 0.9923
vn -0.0000 0.6300 0.7766
vn 0.2992 -0.1627 -0.9402
vn -0.5497 -0.2952 -0.7815
vn -0.2992 -0.1627 -0.9402
vn -0.1811 -0.2775 -0.9435
vn -0.4282 0.2380 -0.8718
vn 0.0009 0.2403 -0.9707
vn -0.6112 0.3264 0.7211
vn -0.3686 0.5755 0.7300
vn -0.0000 0.6776 0.7354
vn 0.3686 0.5755 0.7300
vn 0.6112 0.3264 0.7211
vn 0.6629 -0.2222 0.7150
vn 0.4422 -0.5191 0.7315
vn 0.0000 -0.6789 0.7342
vn -0.4422 -0.5191 0.7315
vn -0.6629 -0.2221 0.7150
vn 0.6112 -0.3265 0.7210
vn 0.3686 -0.5756 0.7300
vn -0.0000 -0.6776 0.7354
vn -0.3686 -0.5755 0.7300
vn -0.6112 -0.3265 0.7210
vn -0.5234 0.8300 -0.1926
vn -0.8541 0.4608 0.2414
vn -0.8652 0.4663 -0.1846
vn 0.6128 -0.7678 -0.1870
vn 0.9131 -0.3325 0.2359
vn 0.9241 -0.3366 -0.1809
vn 0.5235 -0.8300 -0.1926
vn 0.8540 -0.4609 0.2413
vn 0.8651 -0.4663 -0.1846
vn 0.4512 0.7108 -0.5395
vn -0.0000 0.5975 -0.8018
vn -0.0000 0.8360 -0.5487
vn -0.4513 0.7108 -0.5395
vn -0.3278 0.5109 -0.7947
vn -0.7511 0.4036 -0.5224
vn -0.5497 0.2952 -0.7815
vn 0.3277 0.5109 -0.7947
vn -0.0000 0.3251 -0.9457
vn -0.1811 0.2774 -0.9435
vn 0.8541 0.4608 0.2414
vn 0.8652 0.4663 -0.1846
vn 0.5160 0.8192 0.2505
vn 0.5234 0.8300 -0.1926
vn -0.5411 -0.6534 -0.5294
vn 0.0000 -0.6163 -0.7875
vn 0.0000 -0.8479 -0.5301
vn 0.5411 -0.6534 -0.5294
vn 0.4204 -0.4648 -0.7793
vn 0.8095 -0.2818 -0.5150
vn 0.6028 -0.1830 -0.7767
vn -0.4204 -0.4648 -0.7793
vn 0.0000 -0.3281 -0.9446
vn 0.2126 -0.2744 -0.9378
vn -0.9131 -0.3325 0.2359
vn -0.9241 -0.3366 -0.1809
vn -0.6054 -0.7581 0.2424
vn -0.6128 -0.7678 -0.1870
vn -0.4512 -0.7108 -0.5395
vn -0.0000 -0.5975 -0.8019
vn -0.0000 -0.8360 -0.5488
vn 0.4512 -0.7108 -0.5395
vn 0.3277 -0.5108 -0.7948
vn 0.7511 -0.4037 -0.5224
vn 0.5497 -0.2952 -0.7815
vn -0.3277 -0.5108 -0.7948
vn -0.0000 -0.3251 -0.9457
vn 0.1810 -0.2775 -0.9435
vn -0.8540 -0.4608 0.2413
vn -0.8651 -0.4664 -0.1846
vn -0.5161 -0.8191 0.2505
vn -0.5235 -0.8300 -0.1926
vn 0.8149 0.2311 0.5315
vn 0.4867 0.6641 -0.5676
vn 0.3013 0.6338 -0.7124
vn -0.1870 0.9305 0.3149
vn 0.4703 0.7713 -0.4289
vn 0.0916 0.9958 0.0006
vn 0.0385 0.6293 0.7762
vn -0.7031 0.6548 0.2773
vn 0.3116 0.7192 0.6210
vn -0.7007 0.6270 -0.3405
vn -0.8244 0.5656 -0.0197
vn 0.2499 -0.6705 -0.6985
vn 0.0000 -1.0000 -0.0000
vn -0.0000 -0.6706 -0.7418
vn -0.2499 -0.6705 -0.6985
vn 0.4722 -0.6701 -0.5727
vn -0.4722 -0.6702 -0.5727
vn 0.6403 -0.6698 -0.3762
vn -0.6403 -0.6697 -0.3762
vn 0.7312 -0.6694 -0.1312
vn -0.7312 -0.6694 -0.1311
vn 0.7321 -0.6580 0.1762
vn -0.7321 -0.6580 0.1762
vn 0.5342 -0.6412 0.5509
vn -0.5342 -0.6412 0.5509
vn 0.0000 -0.6224 0.7827
vn 0.9618 0.2156 -0.1687
vn 0.8498 0.1980 -0.4885
vn 0.8081 0.5642 -0.1694
vn 0.5132 0.8382 -0.1845
vn 0.4421 0.7305 -0.5205
vn 0.0000 0.8477 -0.5305
vn 0.7042 0.1722 0.6888
vn 0.9516 0.2121 0.2225
vn 0.7978 0.5597 0.2240
vn 0.3597 0.1178 -0.9256
vn -0.0000 0.1418 -0.9899
vn -0.3597 0.1178 -0.9256
vn 0.6381 0.1659 -0.7518
vn -0.6381 0.1658 -0.7519
vn -0.8498 0.1980 -0.4885
vn -0.9618 0.2156 -0.1687
vn -0.9516 0.2121 0.2224
vn -0.7042 0.1722 0.6888
vn 0.0000 0.1926 0.9813
vn 0.1417 0.3772 -0.9152
vn 0.2627 0.2358 -0.9356
vn -0.8081 0.5642 -0.1694
vn 0.0000 0.7318 0.6815
vn -0.5065 0.8279 0.2410
vn -0.3777 0.6290 0.6795
vn -0.7979 0.5597 0.2240
vn -0.2627 0.2358 -0.9356
vn -0.5145 0.4246 -0.7450
vn 0.3094 0.5564 -0.7712
vn 0.7030 0.5163 -0.4891
vn 0.5144 0.4247 -0.7450
vn -0.5866 0.4396 0.6802
vn 0.3777 0.6290 0.6795
vn 0.5866 0.4396 0.6802
vn -0.4421 0.7305 -0.5205
vn -0.3094 0.5564 -0.7712
vn -0.7030 0.5163 -0.4891
vn 0.0000 0.4184 -0.9083
vn -0.1417 0.3772 -0.9152
vn -0.5132 0.8382 -0.1845
vn 0.5065 0.8279 0.2410
vn 0.2109 0.9731 0.0924
vn 0.2214 0.9320 0.2870
vn 0.1980 0.8761 -0.4396
vn 0.1818 0.9566 -0.2277
vn 0.1875 0.9817 -0.0337
vn 0.4945 0.7144 0.4952
vn 0.7265 0.6222 0.2918
vn 0.8254 0.5644 -0.0141
vn 0.7007 0.6270 -0.3405
vn -0.0000 -0.9255 -0.3787
vn 0.0000 0.0594 -0.9982
vn 0.1870 0.9305 0.3148
vn -0.4703 0.7713 -0.4289
vn 0.4689 0.3479 0.8119
vn -0.7083 0.4830 -0.5148
vn -0.9002 0.4353 0.0141
vn -0.6857 0.5696 0.4532
vn -0.1912 0.8305 0.5232
vn -0.4036 0.9149 0.0050
# 1220 vertex normals

vt 0.0595 0.6550 0.0000
vt 0.0391 0.6243 0.0000
vt 0.0623 0.6144 0.0000
vt 0.0252 0.6561 0.0000
vt 0.0142 0.6499 0.0000
vt 0.0057 0.6818 0.0000
vt 0.0169 0.6838 0.0000
vt 0.0389 0.5872 0.0000
vt 0.7084 0.9795 0.0000
vt 0.7657 0.9795 0.0000
vt 0.7657 0.9388 0.0000
vt 0.8214 0.9388 0.0000
vt 0.8214 0.9795 0.0000
vt 0.8771 0.9388 0.0000
vt 0.8199 0.5551 0.0000
vt 0.8456 0.5719 0.0000
vt 0.8583 0.5681 0.0000
vt 0.8555 0.6001 0.0000
vt 0.6601 0.9388 0.0000
vt 0.7084 0.9388 0.0000
vt 0.7084 0.8411 0.0000
vt 0.7657 0.8411 0.0000
vt 0.9883 0.9388 0.0000
vt 0.9327 0.9388 0.0000
vt 0.9327 0.8411 0.0000
vt 0.8770 0.8411 0.0000
vt 0.8771 0.9795 0.0000
vt 0.9327 0.9795 0.0000
vt 0.8657 0.5990 0.0000
vt 0.8584 0.6316 0.0000
vt 0.8455 0.6300 0.0000
vt 0.8203 0.6483 0.0000
vt 0.8203 0.6434 0.0000
vt 0.7945 0.6305 0.0000
vt 0.8200 0.5598 0.0000
vt 0.8214 0.8411 0.0000
vt 0.6601 0.8411 0.0000
vt 0.9883 0.8411 0.0000
vt 0.3935 0.7644 0.0000
vt 0.3767 0.7824 0.0000
vt 0.3574 0.7417 0.0000
vt 0.8199 0.5493 0.0000
vt 0.3490 0.9312 0.0000
vt 0.3725 0.8880 0.0000
vt 0.3897 0.9085 0.0000
vt 0.4119 0.8829 0.0000
vt 0.7817 0.6322 0.0000
vt 0.7660 0.6351 0.0000
vt 0.8203 0.6542 0.0000
vt 0.7657 0.5636 0.0000
vt 0.7812 0.5682 0.0000
vt 0.3412 0.8993 0.0000
vt 0.3576 0.8642 0.0000
vt 0.3370 0.8689 0.0000
vt 0.3364 0.8325 0.0000
vt 0.3597 0.8045 0.0000
vt 0.3490 0.7667 0.0000
vt 0.4131 0.7854 0.0000
vt 0.8739 0.5626 0.0000
vt 0.8780 0.5975 0.0000
vt 0.8743 0.6335 0.0000
vt 0.7747 0.5994 0.0000
vt 0.7630 0.5986 0.0000
vt 0.3502 0.8333 0.0000
vt 0.3412 0.7986 0.0000
vt 0.0516 0.6710 0.0000
vt 0.0873 0.6921 0.0000
vt 0.0491 0.6864 0.0000
vt 0.3907 0.2863 0.0000
vt 0.3719 0.3086 0.0000
vt 0.3910 0.3086 0.0000
vt 0.3698 0.2863 0.0000
vt 0.3752 0.2815 0.0000
vt 0.3745 0.2621 0.0000
vt 0.3716 0.2658 0.0000
vt 0.7164 0.0766 0.0000
vt 0.7169 0.0751 0.0000
vt 0.7190 0.0757 0.0000
vt 0.7131 0.0352 0.0000
vt 0.7132 0.0442 0.0000
vt 0.7116 0.0352 0.0000
vt 0.7084 0.7101 0.0000
vt 0.6601 0.7101 0.0000
vt 0.6601 0.7735 0.0000
vt 0.2682 0.7083 0.0000
vt 0.2837 0.7002 0.0000
vt 0.2703 0.6805 0.0000
vt 0.7740 0.4013 0.0000
vt 0.7861 0.3856 0.0000
vt 0.8461 0.4115 0.0000
vt 0.7084 0.7735 0.0000
vt 0.9280 0.6878 0.0000
vt 0.9818 0.6878 0.0000
vt 0.9280 0.6335 0.0000
vt 0.9231 0.4909 0.0000
vt 0.9931 0.4906 0.0000
vt 0.9230 0.4646 0.0000
vt 0.5782 0.3790 0.0000
vt 0.5636 0.3037 0.0000
vt 0.6105 0.3433 0.0000
vt 0.9280 0.5626 0.0000
vt 0.9280 0.5975 0.0000
vt 0.9818 0.6335 0.0000
vt 0.3209 0.7123 0.0000
vt 0.3117 0.7224 0.0000
vt 0.2979 0.7090 0.0000
vt 0.3272 0.2859 0.0000
vt 0.3302 0.2683 0.0000
vt 0.3197 0.2669 0.0000
vt 0.2159 0.6045 0.0000
vt 0.2490 0.6085 0.0000
vt 0.2187 0.5788 0.0000
vt 0.6292 0.1553 0.0000
vt 0.6073 0.1549 0.0000
vt 0.6071 0.2158 0.0000
vt 0.3946 0.0873 0.0000
vt 0.3403 0.0761 0.0000
vt 0.3443 0.0524 0.0000
vt 0.4316 0.1321 0.0000
vt 0.4329 0.2259 0.0000
vt 0.4023 0.2204 0.0000
vt 0.2437 0.2600 0.0000
vt 0.2430 0.2789 0.0000
vt 0.2602 0.2611 0.0000
vt 0.1065 0.8074 0.0000
vt 0.1514 0.8065 0.0000
vt 0.1097 0.8807 0.0000
vt 0.3504 0.0126 0.0000
vt 0.4173 0.0216 0.0000
vt 0.4094 0.0639 0.0000
vt 0.0698 0.3222 0.0000
vt 0.0907 0.3184 0.0000
vt 0.0650 0.3634 0.0000
vt 0.0306 0.3289 0.0000
vt 0.0082 0.3408 0.0000
vt 0.0320 0.3786 0.0000
vt 0.1840 0.5752 0.0000
vt 0.1877 0.5335 0.0000
vt 0.1506 0.5727 0.0000
vt 0.1178 0.5712 0.0000
vt 0.1528 0.5313 0.0000
vt 0.1927 0.8809 0.0000
vt 0.2342 0.8837 0.0000
vt 0.2136 0.9307 0.0000
vt 0.5524 0.1543 0.0000
vt 0.6057 0.0532 0.0000
vt 0.6089 0.0779 0.0000
vt 0.5528 0.0880 0.0000
vt 0.5301 0.0193 0.0000
vt 0.6005 0.0115 0.0000
vt 0.5377 0.0636 0.0000
vt 0.3435 0.3704 0.0000
vt 0.3559 0.3752 0.0000
vt 0.3537 0.3850 0.0000
vt 0.3321 0.4100 0.0000
vt 0.3261 0.4020 0.0000
vt 0.3342 0.3951 0.0000
vt 0.4218 0.5653 0.0000
vt 0.4182 0.5617 0.0000
vt 0.4218 0.5481 0.0000
vt 0.4390 0.5653 0.0000
vt 0.4390 0.5740 0.0000
vt 0.3874 0.5825 0.0000
vt 0.3874 0.5653 0.0000
vt 0.4046 0.5825 0.0000
vt 0.3797 0.5361 0.0000
vt 0.3903 0.5150 0.0000
vt 0.4008 0.5361 0.0000
vt 0.4067 0.6999 0.0000
vt 0.4026 0.6872 0.0000
vt 0.4092 0.6836 0.0000
vt 0.3134 0.6394 0.0000
vt 0.3214 0.6127 0.0000
vt 0.3454 0.6143 0.0000
vt 0.4413 0.6770 0.0000
vt 0.4359 0.6845 0.0000
vt 0.4281 0.6810 0.0000
vt 0.4572 0.6800 0.0000
vt 0.4572 0.6866 0.0000
vt 0.3315 0.4625 0.0000
vt 0.3826 0.4445 0.0000
vt 0.3345 0.4964 0.0000
vt 0.4020 0.4582 0.0000
vt 0.4072 0.4469 0.0000
vt 0.4138 0.4707 0.0000
vt 0.4239 0.4346 0.0000
vt 0.4311 0.4408 0.0000
vt 0.3484 0.3009 0.0000
vt 0.3591 0.3038 0.0000
vt 0.3591 0.3089 0.0000
vt 0.3697 0.3009 0.0000
vt 0.7254 0.0352 0.0000
vt 0.7269 0.0352 0.0000
vt 0.7253 0.0442 0.0000
vt 0.7268 0.0447 0.0000
vt 0.2754 0.7269 0.0000
vt 0.2925 0.7222 0.0000
vt 0.2783 0.7467 0.0000
vt 0.2964 0.7464 0.0000
vt 0.2763 0.7666 0.0000
vt 0.2940 0.7706 0.0000
vt 0.2857 0.7932 0.0000
vt 0.2695 0.7854 0.0000
vt 0.2773 0.8061 0.0000
vt 0.2584 0.8021 0.0000
vt 0.3117 0.7326 0.0000
vt 0.3063 0.7350 0.0000
vt 0.3156 0.7713 0.0000
vt 0.3063 0.7793 0.0000
vt 0.8600 0.1631 0.0000
vt 0.8545 0.1475 0.0000
vt 0.8183 0.1684 0.0000
vt 0.8132 0.1519 0.0000
vt 0.7296 0.3403 0.0000
vt 0.7475 0.3340 0.0000
vt 0.7382 0.2677 0.0000
vt 0.7522 0.1963 0.0000
vt 0.7216 0.2653 0.0000
vt 0.7647 0.2069 0.0000
vt 0.7116 0.5393 0.0000
vt 0.7116 0.5636 0.0000
vt 0.6572 0.5404 0.0000
vt 0.3184 0.7866 0.0000
vt 0.3001 0.7943 0.0000
vt 0.2995 0.7897 0.0000
vt 0.6433 0.4646 0.0000
vt 0.5735 0.4946 0.0000
vt 0.5732 0.4646 0.0000
vt 0.1925 0.2723 0.0000
vt 0.1679 0.2255 0.0000
vt 0.1748 0.2712 0.0000
vt 0.1649 0.2967 0.0000
vt 0.2126 0.0726 0.0000
vt 0.2529 0.0774 0.0000
vt 0.2529 0.0594 0.0000
vt 0.2696 0.0813 0.0000
vt 0.0169 0.8155 0.0000
vt 0.0616 0.8104 0.0000
vt 0.0270 0.8878 0.0000
vt 0.0682 0.8834 0.0000
vt 0.1046 0.2459 0.0000
vt 0.0850 0.2175 0.0000
vt 0.0248 0.2626 0.0000
vt 0.0320 0.2245 0.0000
vt 0.3438 0.2861 0.0000
vt 0.3659 0.2705 0.0000
vt 0.3438 0.2694 0.0000
vt 0.2071 0.2646 0.0000
vt 0.1884 0.9824 0.0000
vt 0.1510 0.9796 0.0000
vt 0.1906 0.9278 0.0000
vt 0.1511 0.9259 0.0000
vt 0.3637 0.5656 0.0000
vt 0.4000 0.5334 0.0000
vt 0.4108 0.5656 0.0000
vt 0.4271 0.5285 0.0000
vt 0.4046 0.5653 0.0000
vt 0.4046 0.5481 0.0000
vt 0.4081 0.5618 0.0000
vt 0.4132 0.5567 0.0000
vt 0.4218 0.5825 0.0000
vt 0.4390 0.5825 0.0000
vt 0.4627 0.6929 0.0000
vt 0.4635 0.6995 0.0000
vt 0.4610 0.6944 0.0000
vt 0.4549 0.7091 0.0000
vt 0.3666 0.5656 0.0000
vt 0.3637 0.5394 0.0000
vt 0.4174 0.5656 0.0000
vt 0.4271 0.5196 0.0000
vt 0.4257 0.5715 0.0000
vt 0.4351 0.6072 0.0000
vt 0.4148 0.6198 0.0000
vt 0.4258 0.6253 0.0000
vt 0.3051 0.6913 0.0000
vt 0.3479 0.6536 0.0000
vt 0.3563 0.6758 0.0000
vt 0.3965 0.6373 0.0000
vt 0.4984 0.5172 0.0000
vt 0.4853 0.5232 0.0000
vt 0.4849 0.5123 0.0000
vt 0.4702 0.5291 0.0000
vt 0.2956 0.4825 0.0000
vt 0.3031 0.4974 0.0000
vt 0.2700 0.5061 0.0000
vt 0.3015 0.5081 0.0000
vt 0.4110 0.6715 0.0000
vt 0.4055 0.6747 0.0000
vt 0.4016 0.6706 0.0000
vt 0.4012 0.6772 0.0000
vt 0.3677 0.2973 0.0000
vt 0.3722 0.2815 0.0000
vt 0.3591 0.2541 0.0000
vt 0.3437 0.2621 0.0000
vt 0.3591 0.2592 0.0000
vt 0.3465 0.2658 0.0000
vt 0.3430 0.2815 0.0000
vt 0.3460 0.2815 0.0000
vt 0.7141 0.0741 0.0000
vt 0.7153 0.0731 0.0000
vt 0.7138 0.0698 0.0000
vt 0.2570 0.6917 0.0000
vt 0.7657 0.7735 0.0000
vt 0.8428 0.4319 0.0000
vt 0.7667 0.6878 0.0000
vt 0.7116 0.6351 0.0000
vt 0.2967 0.7135 0.0000
vt 0.9818 0.5975 0.0000
vt 0.3341 0.3086 0.0000
vt 0.3343 0.2860 0.0000
vt 0.3360 0.2687 0.0000
vt 0.3164 0.2857 0.0000
vt 0.3085 0.2655 0.0000
vt 0.3048 0.2854 0.0000
vt 0.3160 0.3086 0.0000
vt 0.4049 0.2655 0.0000
vt 0.4028 0.2854 0.0000
vt 0.3858 0.2655 0.0000
vt 0.4730 0.1324 0.0000
vt 0.4719 0.2273 0.0000
vt 0.5110 0.2270 0.0000
vt 0.4876 0.2335 0.0000
vt 0.5525 0.2153 0.0000
vt 0.4863 0.2167 0.0000
vt 0.4817 0.1542 0.0000
vt 0.1046 0.2810 0.0000
vt 0.0850 0.3094 0.0000
vt 0.0246 0.3016 0.0000
vt 0.0907 0.3676 0.0000
vt 0.1012 0.3524 0.0000
vt 0.1012 0.3336 0.0000
vt 0.4431 0.2655 0.0000
vt 0.4394 0.2854 0.0000
vt 0.4018 0.3086 0.0000
vt 0.6189 0.2349 0.0000
vt 0.6305 0.2157 0.0000
vt 0.4231 0.6598 0.0000
vt 0.4117 0.6610 0.0000
vt 0.4171 0.6521 0.0000
vt 0.4105 0.6543 0.0000
vt 0.4082 0.6588 0.0000
vt 0.4218 0.5309 0.0000
vt 0.4046 0.5309 0.0000
vt 0.4218 0.5395 0.0000
vt 0.4046 0.5395 0.0000
vt 0.4231 0.7154 0.0000
vt 0.4158 0.7202 0.0000
vt 0.4114 0.7032 0.0000
vt 0.4070 0.7146 0.0000
vt 0.4113 0.7206 0.0000
vt 0.4387 0.7153 0.0000
vt 0.4314 0.7218 0.0000
vt 0.4209 0.7198 0.0000
vt 0.4238 0.7250 0.0000
vt 0.3559 0.5866 0.0000
vt 0.3612 0.5638 0.0000
vt 0.3808 0.5710 0.0000
vt 0.3960 0.5412 0.0000
vt 0.3648 0.5419 0.0000
vt 0.4524 0.6385 0.0000
vt 0.4475 0.6019 0.0000
vt 0.4708 0.6008 0.0000
vt 0.4803 0.5579 0.0000
vt 0.4410 0.5683 0.0000
vt 0.3316 0.6422 0.0000
vt 0.3657 0.6188 0.0000
vt 0.3742 0.5925 0.0000
vt 0.4572 0.6656 0.0000
vt 0.4491 0.6623 0.0000
vt 0.4787 0.4582 0.0000
vt 0.4634 0.4667 0.0000
vt 0.4582 0.4571 0.0000
vt 0.4393 0.4642 0.0000
vt 0.4372 0.4819 0.0000
vt 0.2980 0.5175 0.0000
vt 0.2896 0.5274 0.0000
vt 0.2978 0.5503 0.0000
vt 0.4194 0.4542 0.0000
vt 0.4182 0.4806 0.0000
vt 0.3504 0.2973 0.0000
vt 0.7659 0.5393 0.0000
vt 0.1546 0.4926 0.0000
vt 0.1911 0.4953 0.0000
vt 0.2233 0.5370 0.0000
vt 0.2525 0.5829 0.0000
vt 0.3435 0.3086 0.0000
vt 0.6034 0.2821 0.0000
vt 0.5906 0.2551 0.0000
vt 0.6081 0.2571 0.0000
vt 0.5974 0.2322 0.0000
vt 0.5532 0.2317 0.0000
vt 0.2518 0.1697 0.0000
vt 0.2097 0.1695 0.0000
vt 0.1604 0.1694 0.0000
vt 0.1226 0.2956 0.0000
vt 0.1216 0.3651 0.0000
vt 0.1616 0.3669 0.0000
vt 0.1707 0.3237 0.0000
vt 0.1881 0.3248 0.0000
vt 0.2018 0.3695 0.0000
vt 0.1566 0.4592 0.0000
vt 0.1512 0.8798 0.0000
vt 0.3509 0.4062 0.0000
vt 0.3416 0.3797 0.0000
vt 0.4503 0.7176 0.0000
vt 0.4468 0.7122 0.0000
vt 0.4453 0.7182 0.0000
vt 0.4441 0.7203 0.0000
vt 0.4408 0.7187 0.0000
vt 0.4674 0.6885 0.0000
vt 0.4602 0.6871 0.0000
vt 0.4204 0.6774 0.0000
vt 0.3704 0.5210 0.0000
vt 0.3939 0.5232 0.0000
vt 0.3725 0.5026 0.0000
vt 0.3951 0.5034 0.0000
vt 0.7238 0.0741 0.0000
vt 0.7241 0.0698 0.0000
vt 0.7256 0.0702 0.0000
vt 0.7264 0.0652 0.0000
vt 0.7249 0.0647 0.0000
vt 0.7266 0.0570 0.0000
vt 0.7250 0.0570 0.0000
vt 0.7129 0.0570 0.0000
vt 0.7130 0.0647 0.0000
vt 0.7113 0.0570 0.0000
vt 0.7115 0.0652 0.0000
vt 0.7123 0.0702 0.0000
vt 0.8743 0.6878 0.0000
vt 0.8203 0.6878 0.0000
vt 0.9280 0.5393 0.0000
vt 0.9818 0.5626 0.0000
vt 0.9818 0.5393 0.0000
vt 0.8736 0.5393 0.0000
vt 0.5733 0.3864 0.0000
vt 0.5455 0.4299 0.0000
vt 0.5469 0.3545 0.0000
vt 0.5049 0.4171 0.0000
vt 0.5428 0.4791 0.0000
vt 0.5010 0.4886 0.0000
vt 0.5661 0.5241 0.0000
vt 0.6256 0.3741 0.0000
vt 0.6269 0.4334 0.0000
vt 0.6508 0.3973 0.0000
vt 0.6923 0.4560 0.0000
vt 0.6953 0.4129 0.0000
vt 0.1818 0.6011 0.0000
vt 0.1487 0.5977 0.0000
vt 0.1166 0.5954 0.0000
vt 0.0962 0.5805 0.0000
vt 0.0954 0.5994 0.0000
vt 0.0753 0.5861 0.0000
vt 0.0749 0.6017 0.0000
vt 0.0563 0.5875 0.0000
vt 0.3043 0.3086 0.0000
vt 0.2685 0.1690 0.0000
vt 0.2065 0.2832 0.0000
vt 0.1604 0.2665 0.0000
vt 0.1604 0.2848 0.0000
vt 0.4194 0.1316 0.0000
vt 0.3999 0.1293 0.0000
vt 0.3816 0.2209 0.0000
vt 0.3320 0.1248 0.0000
vt 0.3163 0.2138 0.0000
vt 0.0403 0.9937 0.0000
vt 0.0770 0.9910 0.0000
vt 0.0886 0.9304 0.0000
vt 0.0920 0.9863 0.0000
vt 0.1136 0.9822 0.0000
vt 0.1115 0.9277 0.0000
vt 0.5147 0.1167 0.0000
vt 0.5368 0.0997 0.0000
vt 0.5269 0.1326 0.0000
vt 0.5465 0.1307 0.0000
vt 0.6157 0.1279 0.0000
vt 0.2099 0.9866 0.0000
vt 0.2249 0.9914 0.0000
vt 0.2617 0.9942 0.0000
vt 0.2754 0.8884 0.0000
vt 0.3874 0.5740 0.0000
vt 0.4046 0.5740 0.0000
vt 0.4218 0.5740 0.0000
vt 0.3340 0.5763 0.0000
vt 0.3378 0.5467 0.0000
vt 0.4943 0.5320 0.0000
vt 0.4550 0.5399 0.0000
vt 0.7190 0.0773 0.0000
vt 0.7215 0.0766 0.0000
vt 0.7210 0.0751 0.0000
vt 0.7227 0.0731 0.0000
vt 0.8213 0.7735 0.0000
vt 0.8770 0.7735 0.0000
vt 0.8770 0.7100 0.0000
vt 0.9327 0.7735 0.0000
vt 0.9883 0.7735 0.0000
vt 0.9883 0.7100 0.0000
vt 0.9327 0.7100 0.0000
vt 0.4841 0.2587 0.0000
vt 0.5570 0.2860 0.0000
vt 0.4850 0.2900 0.0000
vt 0.5549 0.2555 0.0000
vt 0.4505 0.6574 0.0000
vt 0.4394 0.6581 0.0000
vt 0.4291 0.6649 0.0000
vt 0.7259 0.0495 0.0000
vt 0.7244 0.0491 0.0000
vt 0.7241 0.0533 0.0000
vt 0.7230 0.0524 0.0000
vt 0.7218 0.0557 0.0000
vt 0.7213 0.0542 0.0000
vt 0.7193 0.0563 0.0000
vt 0.7657 0.7100 0.0000
vt 0.7116 0.6878 0.0000
vt 0.6572 0.6351 0.0000
vt 0.6572 0.6878 0.0000
vt 0.5336 0.5525 0.0000
vt 0.3270 0.3086 0.0000
vt 0.2860 0.0130 0.0000
vt 0.3241 0.1095 0.0000
vt 0.3399 0.0212 0.0000
vt 0.2745 0.1022 0.0000
vt 0.2310 0.0073 0.0000
vt 0.2237 0.0970 0.0000
vt 0.1759 0.0040 0.0000
vt 0.1727 0.0940 0.0000
vt 0.1399 0.4918 0.0000
vt 0.1182 0.5305 0.0000
vt 0.0963 0.5492 0.0000
vt 0.0752 0.5603 0.0000
vt 0.0559 0.5632 0.0000
vt 0.4389 0.3086 0.0000
vt 0.1193 0.4582 0.0000
vt 0.0989 0.4421 0.0000
vt 0.1000 0.3786 0.0000
vt 0.0724 0.4251 0.0000
vt 0.0727 0.3823 0.0000
vt 0.0453 0.4210 0.0000
vt 0.4732 0.1072 0.0000
vt 0.5164 0.0987 0.0000
vt 0.5341 0.0813 0.0000
vt 0.1604 0.0708 0.0000
vt 0.2121 0.0545 0.0000
vt 0.3248 0.5299 0.0000
vt 0.3318 0.5111 0.0000
vt 0.6071 0.3067 0.0000
vt 0.0564 0.6022 0.0000
vt 0.0405 0.7637 0.0000
vt 0.0477 0.7980 0.0000
vt 0.0463 0.7607 0.0000
vt 0.0635 0.7808 0.0000
vt 0.0890 0.7517 0.0000
vt 0.0614 0.7399 0.0000
vt 0.0418 0.8016 0.0000
vt 0.6906 0.0362 0.0000
vt 0.6922 0.0431 0.0000
vt 0.6853 0.0383 0.0000
vt 0.6868 0.0450 0.0000
vt 0.6932 0.0479 0.0000
vt 0.6878 0.0496 0.0000
vt 0.6938 0.0516 0.0000
vt 0.6884 0.0528 0.0000
vt 0.6942 0.0542 0.0000
vt 0.6888 0.0548 0.0000
vt 0.6943 0.0563 0.0000
vt 0.6838 0.0341 0.0000
vt 0.6854 0.0413 0.0000
vt 0.6784 0.0362 0.0000
vt 0.6800 0.0433 0.0000
vt 0.6864 0.0461 0.0000
vt 0.6810 0.0478 0.0000
vt 0.6872 0.0503 0.0000
vt 0.6818 0.0516 0.0000
vt 0.6877 0.0537 0.0000
vt 0.6823 0.0543 0.0000
vt 0.6878 0.0563 0.0000
vt 0.6988 0.0358 0.0000
vt 0.7005 0.0438 0.0000
vt 0.6927 0.0385 0.0000
vt 0.6944 0.0464 0.0000
vt 0.7014 0.0483 0.0000
vt 0.6953 0.0507 0.0000
vt 0.7020 0.0518 0.0000
vt 0.6959 0.0535 0.0000
vt 0.7024 0.0543 0.0000
vt 0.6962 0.0552 0.0000
vt 0.7025 0.0566 0.0000
vt 0.7062 0.0344 0.0000
vt 0.7079 0.0428 0.0000
vt 0.7000 0.0371 0.0000
vt 0.7018 0.0454 0.0000
vt 0.7088 0.0472 0.0000
vt 0.7027 0.0497 0.0000
vt 0.7095 0.0512 0.0000
vt 0.7034 0.0531 0.0000
vt 0.7100 0.0546 0.0000
vt 0.7038 0.0555 0.0000
vt 0.7101 0.0572 0.0000
vt 0.3156 0.7830 0.0000
vt 0.3263 0.7692 0.0000
vt 0.3306 0.7710 0.0000
vt 0.3288 0.7520 0.0000
vt 0.3339 0.7515 0.0000
vt 0.3232 0.7355 0.0000
vt 0.3286 0.7323 0.0000
vt 0.8531 0.4646 0.0000
vt 0.8532 0.4937 0.0000
vt 0.7832 0.4646 0.0000
vt 0.7833 0.4976 0.0000
vt 0.7132 0.4646 0.0000
vt 0.7134 0.5049 0.0000
vt 0.6443 0.5361 0.0000
vt 0.7116 0.5986 0.0000
vt 0.6572 0.5636 0.0000
vt 0.6572 0.5986 0.0000
vt 0.1775 0.2975 0.0000
vt 0.2133 0.2283 0.0000
vt 0.3027 0.2390 0.0000
vt 0.2585 0.2328 0.0000
vt 0.0317 0.5231 0.0000
vt 0.0318 0.4783 0.0000
vt 0.0096 0.5100 0.0000
vt 0.0114 0.4783 0.0000
vt 0.0319 0.4458 0.0000
vt 0.0114 0.4458 0.0000
vt 0.0319 0.4111 0.0000
vt 0.0115 0.4111 0.0000
vt 0.0116 0.3786 0.0000
vt 0.2580 0.5413 0.0000
vt 0.2276 0.4990 0.0000
vt 0.1940 0.4619 0.0000
vt 0.1604 0.0526 0.0000
vt 0.4090 0.5773 0.0000
vt 0.4098 0.5450 0.0000
vt 0.4257 0.5131 0.0000
vt 0.7193 0.0548 0.0000
vt 0.7172 0.0542 0.0000
vt 0.7167 0.0557 0.0000
vt 0.7155 0.0524 0.0000
vt 0.7144 0.0533 0.0000
vt 0.7141 0.0491 0.0000
vt 0.7126 0.0495 0.0000
vt 0.7117 0.0447 0.0000
vt 0.2810 0.3787 0.0000
vt 0.2419 0.3735 0.0000
vt 0.3239 0.3647 0.0000
vt 0.3207 0.3719 0.0000
vt 0.3151 0.3964 0.0000
vt 0.3064 0.4198 0.0000
vt 0.3331 0.4405 0.0000
vt 0.3638 0.4357 0.0000
vt 0.4350 0.5434 0.0000
vt 0.4478 0.5270 0.0000
vt 0.4706 0.5108 0.0000
vt 0.6889 0.0563 0.0000
vt 0.6888 0.0579 0.0000
vt 0.6942 0.0584 0.0000
vt 0.6884 0.0599 0.0000
vt 0.6938 0.0610 0.0000
vt 0.6878 0.0630 0.0000
vt 0.6932 0.0647 0.0000
vt 0.6868 0.0676 0.0000
vt 0.6922 0.0696 0.0000
vt 0.6853 0.0743 0.0000
vt 0.6906 0.0764 0.0000
vt 0.6824 0.0563 0.0000
vt 0.6823 0.0582 0.0000
vt 0.6877 0.0588 0.0000
vt 0.6818 0.0610 0.0000
vt 0.6872 0.0622 0.0000
vt 0.6810 0.0647 0.0000
vt 0.6864 0.0664 0.0000
vt 0.6800 0.0693 0.0000
vt 0.6854 0.0712 0.0000
vt 0.6784 0.0763 0.0000
vt 0.6838 0.0784 0.0000
vt 0.6963 0.0566 0.0000
vt 0.6962 0.0579 0.0000
vt 0.7024 0.0588 0.0000
vt 0.6959 0.0597 0.0000
vt 0.7020 0.0613 0.0000
vt 0.6953 0.0625 0.0000
vt 0.7014 0.0648 0.0000
vt 0.6944 0.0667 0.0000
vt 0.7005 0.0694 0.0000
vt 0.6927 0.0746 0.0000
vt 0.6988 0.0773 0.0000
vt 0.7039 0.0572 0.0000
vt 0.7038 0.0590 0.0000
vt 0.7100 0.0599 0.0000
vt 0.7034 0.0614 0.0000
vt 0.7095 0.0632 0.0000
vt 0.7027 0.0648 0.0000
vt 0.7088 0.0672 0.0000
vt 0.7018 0.0691 0.0000
vt 0.7079 0.0717 0.0000
vt 0.7000 0.0773 0.0000
vt 0.7062 0.0801 0.0000
vt 0.7799 0.1525 0.0000
vt 0.7444 0.1884 0.0000
vt 0.7311 0.1351 0.0000
vt 0.7059 0.1605 0.0000
vt 0.7211 0.2335 0.0000
vt 0.6761 0.2183 0.0000
vt 0.7125 0.2833 0.0000
vt 0.6650 0.2824 0.0000
vt 0.7192 0.3335 0.0000
vt 0.6736 0.3469 0.0000
vt 0.4100 0.0990 0.0000
vt 0.4317 0.1161 0.0000
vt 0.4731 0.1234 0.0000
vt 0.5145 0.1328 0.0000
vt 0.5418 0.2224 0.0000
vt 0.1962 0.8076 0.0000
vt 0.2411 0.8108 0.0000
vt 0.2858 0.8161 0.0000
vt 0.5896 0.2834 0.0000
vt 0.9931 0.4646 0.0000
vt 0.7011 0.4058 0.0000
vt 0.7747 0.4167 0.0000
vt 0.7450 0.4537 0.0000
vt 0.7406 0.3794 0.0000
vt 0.8199 0.5393 0.0000
vt 0.2313 0.4656 0.0000
vt 0.2631 0.5034 0.0000
vt 0.0444 0.3834 0.0000
vt 0.8213 0.7100 0.0000
vt 0.3915 0.4322 0.0000
vt 0.4176 0.4259 0.0000
vt 0.4356 0.4263 0.0000
vt 0.4395 0.4427 0.0000
vt 0.4500 0.4924 0.0000
vt 0.4675 0.4704 0.0000
vt 0.6289 0.2183 0.0000
vt 0.5627 0.2235 0.0000
vt 0.4302 0.0982 0.0000
vt 0.4127 0.0810 0.0000
vt 0.2677 0.4703 0.0000
vt 0.4820 0.4790 0.0000
vt 0.4718 0.4748 0.0000
vt 0.4597 0.5009 0.0000
vt 0.2889 0.6431 0.0000
vt 0.2818 0.6014 0.0000
vt 0.4680 0.3851 0.0000
vt 0.4680 0.3669 0.0000
vt 0.4773 0.3827 0.0000
vt 0.6395 0.2629 0.0000
vt 0.6613 0.2629 0.0000
vt 0.6613 0.2301 0.0000
vt 0.6395 0.1966 0.0000
vt 0.6613 0.1966 0.0000
vt 0.6803 0.0788 0.0000
vt 0.6984 0.0788 0.0000
vt 0.6827 0.0688 0.0000
vt 0.6486 0.1095 0.0000
vt 0.6664 0.0989 0.0000
vt 0.6410 0.0788 0.0000
vt 0.6687 0.1322 0.0000
vt 0.6794 0.1137 0.0000
vt 0.6483 0.0478 0.0000
vt 0.6664 0.0585 0.0000
vt 0.6796 0.0434 0.0000
vt 0.9562 0.0359 0.0000
vt 0.9562 0.0085 0.0000
vt 0.9914 0.0085 0.0000
vt 0.7947 0.0359 0.0000
vt 0.7947 0.0085 0.0000
vt 0.7593 0.0085 0.0000
vt 0.9169 0.1024 0.0000
vt 0.9169 0.0645 0.0000
vt 0.8755 0.0645 0.0000
vt 0.8332 0.1024 0.0000
vt 0.8332 0.0645 0.0000
vt 0.9916 0.0085 0.0000
vt 0.4503 0.3369 0.0000
vt 0.4587 0.3511 0.0000
vt 0.4518 0.3578 0.0000
vt 0.6893 0.0614 0.0000
vt 0.0194 0.6943 0.0000
vt 0.0280 0.6944 0.0000
vt 0.6395 0.2943 0.0000
vt 0.6613 0.2943 0.0000
vt 0.6395 0.3221 0.0000
vt 0.6395 0.1660 0.0000
vt 0.6613 0.1660 0.0000
vt 0.6395 0.1380 0.0000
vt 0.6984 0.0586 0.0000
vt 0.6891 0.0963 0.0000
vt 0.9169 0.0359 0.0000
vt 0.9169 0.0085 0.0000
vt 0.8755 0.0359 0.0000
vt 0.8332 0.0359 0.0000
vt 0.8332 0.0085 0.0000
vt 0.9565 0.1024 0.0000
vt 0.9565 0.0645 0.0000
vt 0.9914 0.1024 0.0000
vt 0.7947 0.1024 0.0000
vt 0.7947 0.0645 0.0000
vt 0.7593 0.1024 0.0000
vt 0.7127 0.0915 0.0000
vt 0.7488 0.0706 0.0000
vt 0.7280 0.1067 0.0000
vt 0.7488 0.1123 0.0000
vt 0.7071 0.0706 0.0000
vt 0.7127 0.0498 0.0000
vt 0.7280 0.0346 0.0000
vt 0.7488 0.0290 0.0000
vt 0.9916 0.1024 0.0000
vt 0.4987 0.3496 0.0000
vt 0.4866 0.3669 0.0000
vt 0.4841 0.3578 0.0000
vt 0.4841 0.3760 0.0000
vt 0.4952 0.3207 0.0000
vt 0.4857 0.3369 0.0000
vt 0.4680 0.3136 0.0000
vt 0.4680 0.3322 0.0000
vt 0.4773 0.3511 0.0000
vt 0.4680 0.3487 0.0000
vt 0.0324 0.6953 0.0000
vt 0.0378 0.6954 0.0000
vt 0.6615 0.0788 0.0000
vt 0.6826 0.0889 0.0000
vt 0.4209 0.3402 0.0000
vt 0.4326 0.3669 0.0000
vt 0.4136 0.3669 0.0000
vt 0.4209 0.3936 0.0000
vt 0.4373 0.3842 0.0000
vt 0.4408 0.4131 0.0000
vt 0.4503 0.3969 0.0000
vt 0.4680 0.4202 0.0000
vt 0.4408 0.3207 0.0000
vt 0.4373 0.3496 0.0000
vt 0.4493 0.3669 0.0000
vt 0.4518 0.3760 0.0000
vt 0.6395 0.2301 0.0000
vt 0.6395 0.2941 0.0000
vt 0.6613 0.2941 0.0000
vt 0.6613 0.3221 0.0000
vt 0.6613 0.1380 0.0000
vt 0.9914 0.0359 0.0000
vt 0.9565 0.0359 0.0000
vt 0.9565 0.0085 0.0000
vt 0.8755 0.0085 0.0000
vt 0.7593 0.0359 0.0000
vt 0.8755 0.1024 0.0000
vt 0.9562 0.1024 0.0000
vt 0.9562 0.0645 0.0000
vt 0.9914 0.0645 0.0000
vt 0.7593 0.0645 0.0000
vt 0.9916 0.0359 0.0000
vt 0.9916 0.0645 0.0000
vt 0.6687 0.0244 0.0000
vt 0.6984 0.0374 0.0000
vt 0.6984 0.0146 0.0000
vt 0.4587 0.3827 0.0000
vt 0.4680 0.4016 0.0000
vt 0.4857 0.3969 0.0000
vt 0.4987 0.3842 0.0000
vt 0.5034 0.3669 0.0000
vt 0.5151 0.3402 0.0000
vt 0.6984 0.1413 0.0000
vt 0.6984 0.1197 0.0000
vt 0.6984 0.0992 0.0000
vt 0.4952 0.4131 0.0000
vt 0.5151 0.3936 0.0000
vt 0.5224 0.3669 0.0000
vt 0.3955 0.8053 0.0000
vt 0.3713 0.8120 0.0000
vt 0.3693 0.8578 0.0000
vt 0.3589 0.8342 0.0000
vt 0.3942 0.8660 0.0000
vt 0.0608 0.7125 0.0000
vt 0.0859 0.6399 0.0000
vt 0.7938 0.5719 0.0000
vt 0.7844 0.6005 0.0000
vt 0.0431 0.6932 0.0000
vt 0.0599 0.6937 0.0000
vt 0.0448 0.7234 0.0000
vt 0.0295 0.6158 0.0000
vt 0.0276 0.5803 0.0000
vt 0.8749 0.2812 0.0000
vt 0.5694 0.2048 0.0000
vt 0.5694 0.1874 0.0000
vt 0.5425 0.1874 0.0000
vt 0.4956 0.2230 0.0000
vt 0.4956 0.2048 0.0000
vt 0.5181 0.2230 0.0000
vt 0.8806 0.3123 0.0000
vt 0.9075 0.2585 0.0000
vt 0.9344 0.3123 0.0000
vt 0.4783 0.1835 0.0000
vt 0.4783 0.1714 0.0000
vt 0.4597 0.1714 0.0000
vt 0.4272 0.1961 0.0000
vt 0.4272 0.1835 0.0000
vt 0.4428 0.1961 0.0000
vt 0.9883 0.9794 0.0000
vt 0.8749 0.2450 0.0000
vt 0.9111 0.2812 0.0000
vt 0.9111 0.2450 0.0000
vt 0.4845 0.2123 0.0000
vt 0.4980 0.2059 0.0000
vt 0.4964 0.2123 0.0000
vt 0.5079 0.2123 0.0000
vt 0.4875 0.1994 0.0000
vt 0.5022 0.2012 0.0000
vt 0.8806 0.2585 0.0000
vt 0.9344 0.2585 0.0000
vt 0.3843 0.2023 0.0000
vt 0.3936 0.1979 0.0000
vt 0.3925 0.2023 0.0000
vt 0.4005 0.2023 0.0000
vt 0.3864 0.1934 0.0000
vt 0.3965 0.1947 0.0000
vt 0.6601 0.9795 0.0000
vt 0.5135 0.2071 0.0000
vt 0.5399 0.2071 0.0000
vt 0.5170 0.1939 0.0000
vt 0.5267 0.1842 0.0000
vt 0.5399 0.1806 0.0000
vt 0.4043 0.1987 0.0000
vt 0.4226 0.1987 0.0000
vt 0.4068 0.1896 0.0000
vt 0.4135 0.1829 0.0000
vt 0.4226 0.1804 0.0000
vt 0.4715 0.2123 0.0000
vt 0.3752 0.2023 0.0000
vt 0.5181 0.2048 0.0000
vt 0.5425 0.2230 0.0000
vt 0.5425 0.2048 0.0000
vt 0.5694 0.2230 0.0000
vt 0.4428 0.1835 0.0000
vt 0.4597 0.1961 0.0000
vt 0.4597 0.1835 0.0000
vt 0.4783 0.1961 0.0000
vt 0.4890 0.1777 0.0000
vt 0.5079 0.1860 0.0000
vt 0.5079 0.1715 0.0000
vt 0.4960 0.1898 0.0000
vt 0.4760 0.1926 0.0000
vt 0.5079 0.1995 0.0000
vt 0.5694 0.2471 0.0000
vt 0.5425 0.2471 0.0000
vt 0.5181 0.1874 0.0000
vt 0.4956 0.2471 0.0000
vt 0.5181 0.2471 0.0000
vt 0.4956 0.1874 0.0000
vt 0.3874 0.1784 0.0000
vt 0.4005 0.1841 0.0000
vt 0.4005 0.1741 0.0000
vt 0.3922 0.1868 0.0000
vt 0.3784 0.1887 0.0000
vt 0.4005 0.1935 0.0000
vt 0.4783 0.2127 0.0000
vt 0.4597 0.2127 0.0000
vt 0.4428 0.1714 0.0000
vt 0.4272 0.2127 0.0000
vt 0.4428 0.2127 0.0000
vt 0.4272 0.1714 0.0000
vt 0.4476 0.7834 0.0000
vt 0.4170 0.7399 0.0000
vt 0.3508 0.2505 0.0000
vt 0.3880 0.2705 0.0000
vt 0.0501 0.6935 0.0000
vt 0.0528 0.6941 0.0000
vt 0.5232 0.5634 0.0000
vt 0.5190 0.5996 0.0000
vt 0.4936 0.5647 0.0000
vt 0.4590 0.8354 0.0000
vt 0.4484 0.8891 0.0000
vt 0.4247 0.8598 0.0000
vt 0.4152 0.9370 0.0000
vt 0.3637 0.9673 0.0000
vt 0.3724 0.7100 0.0000
vt 0.4248 0.8110 0.0000
vt 0.4292 0.8355 0.0000
vt 0.3891 0.2854 0.0000
vt 0.0363 0.6945 0.0000
vt 0.3904 0.3086 0.0000
vt 0.0382 0.7281 0.0000
vt 0.1187 0.6921 0.0000
vt 0.4168 0.8154 0.0000
vt 0.4244 0.8358 0.0000
vt 0.4165 0.8562 0.0000
# 983 texture coords

o Ferb
g Ferb
usemtl peluches_Conejo_peluche_pasted__aiStandardSurface2SG
s off
f 1/1/1 2/2/2 3/3/3 
f 1/1/1 4/4/4 2/2/2 
f 4/4/4 5/5/5 2/2/2 
f 4/4/4 6/6/6 5/5/5 
f 6/6/6 7/4/7 5/5/5 
f 6/6/6 8/7/8 7/4/7 
f 3/3/3 2/2/2 9/8/9 
f 10/9/10 11/10/11 12/11/12 
f 11/10/11 13/12/13 12/11/12 
f 11/10/11 14/13/14 13/12/13 
f 14/13/14 15/14/15 13/12/13 
f 16/10/16 17/12/17 18/13/18 
f 17/12/17 19/14/19 18/13/18 
f 20/15/20 21/16/21 22/17/22 
f 21/16/21 23/18/23 22/17/22 
f 24/19/24 25/20/25 26/21/26 
f 25/20/25 27/22/27 26/21/26 
f 25/20/25 12/11/12 27/22/27 
f 28/23/28 29/24/29 30/25/30 
f 29/24/29 31/26/31 30/25/30 
f 29/24/29 19/14/19 31/26/31 
f 18/13/18 19/14/19 32/27/32 
f 19/14/19 33/28/33 32/27/32 
f 19/14/19 29/24/29 33/28/33 
f 22/17/22 23/18/23 34/29/34 
f 23/18/23 35/30/35 34/29/34 
f 23/18/23 36/31/36 35/30/35 
f 36/31/36 37/32/37 35/30/35 
f 36/31/36 38/33/38 37/32/37 
f 38/33/38 39/34/39 37/32/37 
f 21/16/21 20/15/20 40/35/40 
f 19/14/19 17/12/17 31/26/31 
f 17/12/17 41/36/41 31/26/31 
f 17/12/17 42/22/42 41/36/41 
f 16/10/16 43/11/43 17/12/17 
f 43/11/43 42/22/42 17/12/17 
f 43/11/43 44/20/44 42/22/42 
f 44/20/44 45/21/45 42/22/42 
f 44/20/44 24/19/24 45/21/45 
f 24/19/24 46/37/46 45/21/45 
f 24/19/24 26/21/26 46/37/46 
f 12/11/12 13/12/13 27/22/27 
f 13/12/13 47/36/47 27/22/27 
f 28/23/28 48/38/48 49/25/49 
f 28/23/28 30/25/30 48/38/48 
f 50/39/50 51/40/51 52/41/52 
f 53/42/53 20/15/20 22/17/22 
f 54/43/54 55/44/55 56/45/56 
f 55/44/55 57/46/57 56/45/56 
f 58/47/58 59/48/59 60/49/60 
f 61/50/61 62/51/62 53/42/53 
f 62/51/62 20/15/20 53/42/53 
f 54/43/54 63/52/63 55/44/55 
f 63/52/63 64/53/64 55/44/55 
f 63/52/63 65/54/65 64/53/64 
f 65/54/65 66/55/66 64/53/64 
f 67/56/67 68/57/68 51/40/51 
f 68/57/68 52/41/52 51/40/51 
f 50/39/50 69/58/69 51/40/51 
f 53/42/53 22/17/22 70/59/70 
f 22/17/22 71/60/71 70/59/70 
f 22/17/22 34/29/34 71/60/71 
f 34/29/34 72/61/72 71/60/71 
f 34/29/34 35/30/35 72/61/72 
f 35/30/35 60/49/60 72/61/72 
f 35/30/35 37/32/37 60/49/60 
f 37/32/37 58/47/58 60/49/60 
f 59/48/59 73/62/73 74/63/74 
f 59/48/59 58/47/58 73/62/73 
f 74/63/74 62/51/62 61/50/61 
f 74/63/74 73/62/73 62/51/62 
f 64/53/64 66/55/66 75/64/75 
f 66/55/66 67/56/67 75/64/75 
f 66/55/66 76/65/76 67/56/67 
f 76/65/76 68/57/68 67/56/67 
f 5/5/5 7/4/7 77/2/77 
f 7/4/7 78/66/78 79/1/79 
f 78/66/78 80/67/80 79/1/79 
f 78/66/78 81/68/81 80/67/80 
f 82/69/82 83/70/83 84/71/84 
f 83/70/83 85/69/85 84/71/84 
f 83/70/83 86/72/86 85/69/85 
f 87/73/87 88/74/88 89/75/89 
f 90/76/90 91/77/91 92/78/92 
f 93/79/93 94/80/94 95/81/95 
f 96/82/96 97/83/97 98/84/98 
f 99/85/99 100/86/100 101/87/101 
f 102/88/102 103/89/103 101/90/101 
f 45/21/45 104/91/104 42/22/42 
f 99/92/99 105/93/105 106/94/106 
f 72/61/72 106/94/106 71/60/71 
f 107/95/107 108/96/108 109/97/109 
f 110/98/110 111/99/111 112/100/112 
f 113/60/113 114/59/114 115/101/115 
f 116/94/116 117/102/117 118/103/118 
f 119/104/119 120/105/120 121/106/121 
f 122/107/122 123/108/123 124/109/124 
f 125/110/125 126/111/126 127/112/127 
f 128/113/128 129/114/129 130/115/130 
f 131/116/131 129/117/129 128/118/128 
f 132/119/132 133/120/133 134/121/134 
f 135/122/135 136/123/136 137/124/137 
f 138/125/138 139/126/139 140/127/140 
f 141/128/141 142/129/142 143/130/143 
f 144/131/144 145/132/145 146/133/146 
f 147/134/147 146/135/146 148/136/148 
f 149/137/149 150/138/150 151/112/151 
f 152/139/152 153/140/153 154/141/154 
f 155/142/155 156/143/156 157/144/157 
f 158/114/158 159/115/159 160/145/160 
f 161/146/161 158/147/158 162/148/162 
f 163/149/163 164/150/164 165/151/165 
f 166/131/166 167/133/167 168/132/168 
f 167/135/167 169/134/169 170/136/170 
f 171/152/171 172/153/172 173/154/173 
f 174/155/174 175/156/175 176/157/176 
f 177/158/177 178/159/178 179/160/179 
f 180/158/180 181/161/181 182/162/182 
f 183/163/183 184/164/184 185/165/185 
f 186/166/186 187/167/187 188/168/188 
f 189/166/189 187/167/187 190/168/190 
f 191/166/191 187/167/187 189/168/189 
f 192/166/192 187/167/187 193/168/193 
f 194/166/194 187/167/187 195/168/195 
f 196/166/196 187/167/187 197/168/197 
f 197/166/197 187/167/187 186/168/186 
f 195/166/195 187/167/187 198/168/198 
f 193/166/193 187/167/187 191/168/191 
f 198/166/198 187/167/187 192/168/192 
f 188/166/188 187/167/187 194/168/194 
f 190/166/190 187/167/187 196/168/196 
f 190/169/190 199/170/199 189/171/189 
f 200/172/200 201/173/201 202/174/202 
f 203/175/203 192/176/192 193/177/193 
f 204/178/204 198/179/198 192/176/192 
f 199/180/199 190/181/190 205/182/205 
f 206/183/206 207/184/207 208/185/208 
f 207/184/207 209/186/209 210/187/210 
f 211/188/211 212/189/212 213/190/213 
f 212/189/212 214/191/214 213/190/213 
f 215/192/215 216/193/216 217/194/217 
f 216/193/216 218/195/218 217/194/217 
f 99/85/99 219/196/219 100/86/100 
f 219/196/219 220/197/220 100/86/100 
f 219/196/219 221/198/221 220/197/220 
f 221/198/221 222/199/222 220/197/220 
f 221/198/221 223/200/223 222/199/222 
f 223/200/223 224/201/224 222/199/222 
f 224/201/224 223/200/223 225/202/225 
f 223/200/223 226/203/226 225/202/225 
f 225/202/225 226/203/226 227/204/227 
f 226/203/226 228/205/228 227/204/227 
f 228/206/228 97/207/97 227/208/227 
f 97/207/97 229/209/229 227/208/227 
f 227/210/227 229/211/229 225/212/225 
f 229/211/229 230/213/230 225/212/225 
f 231/214/231 220/215/220 222/216/222 
f 232/217/232 233/218/233 224/219/224 
f 233/218/233 222/216/222 224/219/224 
f 230/213/230 232/217/232 225/212/225 
f 232/217/232 224/219/224 225/212/225 
f 231/214/231 234/88/234 220/215/220 
f 234/88/234 100/89/100 220/215/220 
f 235/85/235 103/86/103 236/196/236 
f 103/86/103 237/197/237 236/196/236 
f 236/196/236 237/197/237 238/198/238 
f 237/197/237 239/199/239 238/198/238 
f 238/198/238 239/199/239 240/200/240 
f 239/199/239 241/201/241 240/200/240 
f 242/203/242 240/200/240 243/202/243 
f 240/200/240 241/201/241 243/202/243 
f 228/205/228 242/203/242 244/204/244 
f 242/203/242 243/202/243 244/204/244 
f 245/209/245 97/207/97 244/208/244 
f 97/207/97 228/206/228 244/208/244 
f 246/213/246 245/211/245 243/212/243 
f 245/211/245 244/210/244 243/212/243 
f 247/218/247 239/216/239 248/214/248 
f 239/216/239 237/215/237 248/214/248 
f 249/217/249 241/219/241 247/218/247 
f 241/219/241 239/216/239 247/218/247 
f 246/213/246 243/212/243 249/217/249 
f 243/212/243 241/219/241 249/217/249 
f 248/214/248 237/215/237 102/88/102 
f 237/215/237 103/89/103 102/88/102 
f 61/50/61 250/220/250 251/221/251 
f 250/220/250 252/222/252 251/221/251 
f 253/223/253 108/224/108 254/225/254 
f 108/224/108 107/223/107 254/225/254 
f 110/226/110 121/227/121 111/228/111 
f 121/227/121 255/226/255 111/228/111 
f 256/140/256 257/139/257 258/141/258 
f 257/139/257 259/137/259 258/141/258 
f 144/229/144 142/230/142 260/231/260 
f 142/230/142 141/232/141 260/231/260 
f 261/233/261 262/234/262 134/235/134 
f 262/234/262 263/236/263 134/235/134 
f 264/237/264 265/238/265 266/239/266 
f 265/238/265 267/240/267 266/239/266 
f 268/241/268 269/242/269 270/243/270 
f 269/242/269 260/244/260 270/243/270 
f 271/245/271 272/246/272 273/247/273 
f 274/124/274 275/123/275 276/122/276 
f 275/123/275 277/248/277 276/122/276 
f 278/249/278 279/250/279 280/251/280 
f 279/250/279 281/252/281 280/251/280 
f 282/241/282 283/243/283 284/242/284 
f 283/243/283 285/244/285 284/242/284 
f 286/253/286 173/254/173 287/255/287 
f 173/254/173 172/256/172 287/255/287 
f 288/257/288 289/258/289 290/259/290 
f 289/258/289 291/260/291 290/259/290 
f 292/165/292 293/163/293 288/257/288 
f 293/163/293 289/164/289 288/257/288 
f 294/261/294 177/158/177 295/262/295 
f 177/158/177 179/161/179 295/262/295 
f 296/263/296 297/264/297 195/265/195 
f 297/264/297 194/266/194 195/265/195 
f 298/267/298 299/268/299 188/269/188 
f 299/268/299 186/270/186 188/269/188 
f 300/271/300 301/272/301 198/273/198 
f 301/272/301 302/274/302 198/273/198 
f 303/275/303 304/276/304 305/277/305 
f 304/276/304 204/278/204 305/277/305 
f 306/279/306 307/280/307 299/281/299 
f 307/280/307 308/282/308 299/281/299 
f 309/283/309 310/284/310 311/285/311 
f 310/284/310 312/286/312 311/285/311 
f 313/287/313 314/288/314 311/289/311 
f 314/288/314 309/290/309 311/289/311 
f 214/191/214 87/73/87 315/291/315 
f 87/73/87 316/292/316 315/291/315 
f 87/73/87 89/75/89 316/292/316 
f 317/293/317 318/294/318 319/295/319 
f 318/294/318 320/296/320 319/295/319 
f 318/294/318 321/297/321 320/296/320 
f 322/298/322 323/75/323 324/292/324 
f 323/75/323 87/73/87 324/292/324 
f 323/75/323 88/74/88 87/73/87 
f 88/74/88 323/75/323 325/295/325 
f 323/75/323 326/296/326 325/295/325 
f 323/75/323 322/298/322 326/296/326 
f 90/76/90 327/299/327 91/77/91 
f 327/299/327 328/300/328 91/77/91 
f 327/299/327 329/301/329 328/300/328 
f 99/85/99 101/87/101 105/302/105 
f 101/87/101 235/85/235 105/302/105 
f 101/87/101 103/86/103 235/85/235 
f 26/21/26 27/22/27 330/91/330 
f 27/22/27 331/303/331 330/91/330 
f 27/22/27 47/36/47 331/303/331 
f 102/88/102 101/90/101 332/304/332 
f 101/90/101 234/88/234 332/304/332 
f 101/90/101 100/89/100 234/88/234 
f 46/37/46 98/84/98 45/21/45 
f 98/84/98 104/91/104 45/21/45 
f 98/84/98 97/83/97 104/91/104 
f 59/48/59 223/305/223 60/49/60 
f 59/48/59 333/306/333 223/305/223 
f 334/104/334 121/106/121 250/105/250 
f 121/106/121 252/307/252 250/105/250 
f 121/106/121 120/105/120 252/307/252 
f 117/102/117 335/308/335 118/103/118 
f 335/308/335 336/102/336 118/103/118 
f 335/308/335 337/101/337 336/102/336 
f 338/306/338 339/63/339 340/48/340 
f 341/309/341 342/310/342 343/245/343 
f 342/310/342 344/247/344 343/245/343 
f 342/310/342 345/311/345 344/247/344 
f 346/109/346 347/312/347 348/313/348 
f 347/312/347 349/314/349 348/313/348 
f 347/312/347 350/315/350 349/314/349 
f 351/316/351 352/317/352 353/318/353 
f 132/119/132 354/319/354 133/120/133 
f 354/319/354 355/320/355 133/120/133 
f 354/319/354 356/321/356 355/320/355 
f 136/322/136 357/323/357 137/324/137 
f 357/323/357 358/325/358 137/324/137 
f 357/323/357 359/145/359 358/325/358 
f 268/241/268 270/243/270 360/326/360 
f 270/243/270 148/327/148 360/326/360 
f 270/243/270 147/328/147 148/327/148 
f 361/329/361 146/133/146 362/330/362 
f 146/133/146 363/331/363 362/330/362 
f 146/133/146 145/132/145 363/331/363 
f 364/316/364 365/317/365 366/332/366 
f 365/317/365 367/333/367 366/332/366 
f 365/317/365 368/334/368 367/333/367 
f 341/309/341 369/310/369 122/107/122 
f 369/310/369 123/108/123 122/107/122 
f 369/310/369 370/311/370 123/108/123 
f 371/335/371 159/115/159 372/336/372 
f 159/115/159 161/113/161 372/336/372 
f 159/115/159 158/114/158 161/113/161 
f 169/328/169 283/243/283 170/327/170 
f 283/243/283 373/326/373 170/327/170 
f 283/243/283 282/241/282 373/326/373 
f 168/132/168 167/133/167 374/331/374 
f 167/133/167 375/330/375 374/331/374 
f 167/133/167 376/329/376 375/330/375 
f 196/337/377 377/338/378 287/339/287 
f 377/338/378 378/340/379 287/339/287 
f 377/338/378 379/341/380 378/340/379 
f 291/260/291 289/258/289 179/160/179 
f 289/258/289 295/342/295 179/160/179 
f 289/258/289 293/343/293 295/342/295 
f 182/344/182 181/160/181 380/345/381 
f 181/160/181 381/258/382 380/345/381 
f 181/160/181 382/260/383 381/258/382 
f 381/258/382 382/260/383 383/257/384 
f 382/260/383 180/158/180 383/257/384 
f 382/260/383 181/160/181 180/158/180 
f 184/258/184 384/260/385 385/257/386 
f 384/260/385 386/158/387 385/257/386 
f 384/260/385 387/160/388 386/158/387 
f 388/342/389 387/160/388 183/343/183 
f 387/160/388 184/258/184 183/343/183 
f 387/160/388 384/260/385 184/258/184 
f 197/346/197 389/347/390 196/348/196 
f 389/347/390 390/349/391 196/348/196 
f 389/347/390 391/350/392 390/349/391 
f 186/351/186 392/352/393 197/346/197 
f 392/352/393 393/353/394 197/346/197 
f 392/352/393 394/354/395 393/353/394 
f 395/355/396 396/356/397 397/357/398 
f 396/356/397 398/358/399 397/357/398 
f 396/356/397 399/359/400 398/358/399 
f 400/360/401 401/361/402 297/362/297 
f 401/361/402 194/363/194 297/362/297 
f 401/361/402 402/364/403 194/363/194 
f 200/172/200 202/174/202 403/365/404 
f 202/174/202 404/366/405 403/365/404 
f 202/174/202 405/367/406 404/366/405 
f 192/176/192 203/175/203 204/178/204 
f 203/175/203 305/368/305 204/178/204 
f 203/175/203 406/369/407 305/368/305 
f 394/370/395 407/371/408 393/372/394 
f 407/371/408 197/373/197 393/372/394 
f 407/371/408 408/374/409 197/373/197 
f 312/286/312 409/375/410 311/285/311 
f 409/375/410 313/376/313 311/285/311 
f 409/375/410 191/377/191 313/376/313 
f 210/187/210 410/378/411 207/184/207 
f 410/378/411 208/185/208 207/184/207 
f 410/378/411 411/379/412 208/185/208 
f 321/297/321 412/380/413 211/188/211 
f 412/380/413 212/189/212 211/188/211 
f 412/380/413 413/291/414 212/189/212 
f 413/291/414 214/191/214 212/189/212 
f 250/220/250 61/50/61 414/381/415 
f 61/50/61 53/42/53 414/381/415 
f 415/382/416 416/138/417 417/383/418 
f 416/138/417 418/384/419 417/383/418 
f 416/138/417 127/112/127 418/384/419 
f 127/112/127 419/385/420 418/384/419 
f 272/246/272 271/245/271 420/72/421 
f 271/245/271 421/386/422 420/72/421 
f 422/387/423 423/388/424 424/389/425 
f 423/388/424 425/390/426 424/389/425 
f 423/388/424 426/391/427 425/390/426 
f 426/391/427 427/323/428 425/390/426 
f 274/124/274 276/122/276 428/392/429 
f 276/122/276 429/393/430 428/392/429 
f 276/122/276 277/248/277 429/393/430 
f 277/248/277 430/394/431 429/393/430 
f 161/395/161 164/232/164 372/396/372 
f 164/232/164 431/397/432 372/396/372 
f 164/232/164 169/398/169 431/397/432 
f 169/398/169 167/399/167 431/397/432 
f 166/229/166 432/400/433 167/399/167 
f 432/400/433 431/397/432 167/399/167 
f 432/400/433 433/401/434 431/397/432 
f 433/401/434 372/396/372 431/397/432 
f 278/249/278 280/251/280 157/144/157 
f 280/251/280 155/142/155 157/144/157 
f 280/251/280 281/252/281 155/142/155 
f 281/252/281 434/402/435 155/142/155 
f 174/155/174 176/157/176 286/403/286 
f 176/157/176 173/154/173 286/403/286 
f 176/157/176 435/404/436 173/154/173 
f 435/404/436 171/152/171 173/154/173 
f 194/266/194 436/405/437 188/406/188 
f 436/405/437 298/407/298 188/406/188 
f 436/405/437 306/408/306 298/407/298 
f 306/408/306 299/409/299 298/407/298 
f 297/264/297 296/263/296 400/410/401 
f 296/263/296 302/411/302 400/410/401 
f 296/263/296 195/265/195 302/411/302 
f 195/265/195 198/179/198 302/411/302 
f 191/412/191 189/171/189 313/287/313 
f 189/171/189 314/288/314 313/287/313 
f 189/171/189 199/170/199 314/288/314 
f 199/170/199 309/290/309 314/288/314 
f 399/359/400 437/413/438 398/358/399 
f 437/413/438 438/414/439 398/358/399 
f 437/413/438 439/415/440 438/414/439 
f 439/415/440 440/416/441 438/414/439 
f 214/191/214 315/291/315 441/189/442 
f 315/291/315 442/380/443 441/189/442 
f 315/291/315 316/292/316 442/380/443 
f 316/292/316 443/298/444 442/380/443 
f 316/292/316 89/75/89 443/298/444 
f 444/417/445 445/418/446 446/419/447 
f 445/418/446 447/420/448 446/419/447 
f 445/418/446 448/421/449 447/420/448 
f 448/421/449 449/422/450 447/420/448 
f 448/421/449 450/423/451 449/422/450 
f 451/424/452 452/425/453 453/426/454 
f 452/425/453 454/427/455 453/426/454 
f 452/425/453 329/301/329 454/427/455 
f 329/301/329 455/428/456 454/427/455 
f 329/301/329 327/299/327 455/428/456 
f 106/94/106 72/61/72 99/92/99 
f 72/61/72 219/429/219 99/92/99 
f 72/61/72 60/49/60 219/429/219 
f 60/49/60 221/430/221 219/429/219 
f 60/49/60 223/305/223 221/430/221 
f 456/431/457 457/432/118 254/433/254 
f 457/432/118 458/431/458 254/433/254 
f 457/432/118 115/101/115 458/431/458 
f 115/101/115 459/434/459 458/431/458 
f 115/101/115 114/59/114 459/434/459 
f 460/435/460 461/436/461 462/437/462 
f 461/436/461 463/438/463 462/437/462 
f 461/436/461 464/439/464 463/438/463 
f 464/439/464 465/440/465 463/438/463 
f 464/439/464 126/441/126 465/440/465 
f 112/100/112 466/442/466 110/98/110 
f 466/442/466 467/443/467 110/98/110 
f 466/442/466 468/444/468 467/443/467 
f 468/444/468 462/445/462 467/443/467 
f 468/444/468 460/446/460 462/445/462 
f 127/112/127 259/137/259 125/110/125 
f 259/137/259 469/447/469 125/110/125 
f 259/137/259 257/139/257 469/447/469 
f 257/139/257 470/448/470 469/447/469 
f 257/139/257 471/449/471 470/448/470 
f 256/140/256 472/450/472 471/449/471 
f 472/450/472 473/451/473 471/449/471 
f 472/450/472 474/452/474 473/451/473 
f 474/452/474 475/453/475 473/451/473 
f 474/452/474 476/454/476 475/453/475 
f 349/314/349 350/315/350 477/455/477 
f 350/315/350 367/314/367 477/455/477 
f 350/315/350 478/312/478 367/314/367 
f 478/312/478 366/313/366 367/314/367 
f 478/312/478 124/109/124 366/313/366 
f 430/394/431 479/393/479 261/233/261 
f 479/393/479 262/234/262 261/233/261 
f 479/393/479 480/392/480 262/234/262 
f 480/392/480 263/236/263 262/234/262 
f 480/392/480 358/456/358 263/236/263 
f 135/122/135 481/248/481 136/123/136 
f 481/248/481 482/457/482 136/123/136 
f 481/248/481 483/458/483 482/457/482 
f 483/458/483 484/459/484 482/457/482 
f 483/458/483 485/457/485 484/459/484 
f 132/119/132 134/121/134 486/460/486 
f 134/121/134 487/461/487 486/460/486 
f 134/121/134 263/462/263 487/461/487 
f 263/462/263 359/463/359 487/461/487 
f 263/462/263 358/464/358 359/463/359 
f 266/239/266 267/240/267 142/465/142 
f 267/240/267 143/466/143 142/465/142 
f 267/240/267 488/467/488 143/466/143 
f 488/467/488 489/468/489 143/466/143 
f 488/467/488 490/469/490 489/468/489 
f 490/469/490 488/467/488 491/470/491 
f 488/467/488 140/127/140 491/470/491 
f 488/467/488 267/240/267 140/127/140 
f 267/240/267 138/125/138 140/127/140 
f 267/240/267 265/238/265 138/125/138 
f 492/471/492 493/472/493 494/473/494 
f 493/472/493 495/474/495 494/473/494 
f 493/472/493 162/148/162 495/474/495 
f 162/148/162 160/475/160 495/474/495 
f 162/148/162 158/147/158 160/475/160 
f 424/389/425 425/390/426 371/335/371 
f 425/390/426 159/115/159 371/335/371 
f 425/390/426 427/323/428 159/115/159 
f 427/323/428 160/145/160 159/115/159 
f 427/323/428 496/325/496 160/145/160 
f 278/249/278 157/144/157 497/476/497 
f 157/144/157 165/477/165 497/476/497 
f 157/144/157 156/143/156 165/477/165 
f 156/143/156 163/478/163 165/477/165 
f 156/143/156 498/479/498 163/478/163 
f 380/480/381 499/481/499 500/163/500 
f 499/481/499 501/165/501 500/163/500 
f 499/481/499 502/482/502 501/165/501 
f 502/482/502 503/261/503 501/165/501 
f 502/482/502 504/262/504 503/261/503 
f 388/262/389 505/261/505 387/161/388 
f 505/261/505 386/158/387 387/161/388 
f 505/261/505 185/165/185 386/158/387 
f 185/165/185 385/257/386 386/158/387 
f 185/165/185 184/164/184 385/257/386 
f 201/173/201 506/483/506 395/355/396 
f 506/483/506 396/356/397 395/355/396 
f 506/483/506 507/484/507 396/356/397 
f 507/484/507 399/359/400 396/356/397 
f 306/279/306 436/485/437 307/280/307 
f 436/485/437 308/282/308 307/280/307 
f 436/485/437 194/363/194 308/282/308 
f 194/363/194 508/486/508 308/282/308 
f 194/363/194 402/364/403 508/486/508 
f 90/76/90 92/78/92 509/487/509 
f 92/78/92 510/488/510 509/487/509 
f 92/78/92 511/489/511 510/488/510 
f 511/489/511 444/417/445 510/488/510 
f 511/489/511 512/490/512 444/417/445 
f 512/490/512 445/418/446 444/417/445 
f 513/491/513 514/492/514 515/493/515 
f 516/494/516 517/495/517 518/496/518 
f 517/495/517 519/497/519 518/496/518 
f 485/498/485 520/499/520 484/500/484 
f 520/499/520 482/498/482 484/500/484 
f 520/499/520 521/501/521 482/498/482 
f 521/501/521 136/322/136 482/498/482 
f 521/501/521 522/391/522 136/322/136 
f 522/391/522 357/323/357 136/322/136 
f 292/165/292 288/257/288 294/261/294 
f 288/257/288 177/158/177 294/261/294 
f 288/257/288 290/259/290 177/158/177 
f 290/259/290 178/159/178 177/158/177 
f 290/259/290 291/260/291 178/159/178 
f 291/260/291 179/160/179 178/159/178 
f 504/262/504 502/482/502 182/162/182 
f 502/482/502 180/158/180 182/162/182 
f 502/482/502 499/481/499 180/158/180 
f 499/481/499 383/257/384 180/158/180 
f 499/481/499 380/480/381 383/257/384 
f 380/480/381 381/164/382 383/257/384 
f 305/368/305 406/369/407 303/502/303 
f 406/369/407 523/503/523 303/502/303 
f 406/369/407 203/175/203 523/503/523 
f 203/175/203 524/504/524 523/503/523 
f 203/175/203 193/177/193 524/504/524 
f 193/177/193 191/412/191 524/504/524 
f 218/195/218 525/505/525 217/194/217 
f 525/505/525 526/506/526 217/194/217 
f 525/505/525 527/507/527 526/506/526 
f 527/507/527 528/508/528 526/506/526 
f 527/507/527 529/509/529 528/508/528 
f 529/509/529 530/510/530 528/508/528 
f 529/509/529 531/511/531 530/510/530 
f 331/303/331 47/36/47 513/491/513 
f 47/36/47 514/492/514 513/491/513 
f 47/36/47 532/26/532 514/492/514 
f 532/26/532 516/494/516 514/492/514 
f 532/26/532 49/25/49 516/494/516 
f 49/25/49 517/495/517 516/494/516 
f 49/25/49 48/38/48 517/495/517 
f 30/25/30 31/26/31 533/494/533 
f 31/26/31 534/492/534 533/494/533 
f 31/26/31 41/36/41 534/492/534 
f 41/36/41 535/491/535 534/492/534 
f 41/36/41 536/303/536 535/491/535 
f 536/303/536 537/512/537 535/491/535 
f 536/303/536 538/82/538 537/512/537 
f 42/22/42 536/303/536 41/36/41 
f 42/22/42 104/91/104 536/303/536 
f 104/91/104 538/82/538 536/303/536 
f 104/91/104 97/83/97 538/82/538 
f 226/513/226 539/514/539 228/515/228 
f 539/514/539 242/513/242 228/515/228 
f 539/514/539 338/306/338 242/513/242 
f 338/306/338 240/305/240 242/513/242 
f 338/306/338 340/48/340 240/305/240 
f 340/48/340 540/49/540 240/305/240 
f 465/440/465 126/441/126 541/516/541 
f 126/441/126 109/440/109 541/516/541 
f 126/441/126 125/439/125 109/440/109 
f 125/439/125 542/438/542 109/440/109 
f 125/439/125 469/436/469 542/438/542 
f 469/436/469 543/437/543 542/438/542 
f 469/436/469 470/435/470 543/437/543 
f 365/317/365 364/316/364 544/318/544 
f 545/108/545 346/109/346 348/313/348 
f 545/108/545 546/107/546 346/109/346 
f 546/107/546 347/312/347 346/109/346 
f 546/107/546 547/517/547 347/312/347 
f 547/517/547 350/315/350 347/312/347 
f 547/517/547 478/312/478 350/315/350 
f 548/518/548 549/519/549 550/520/550 
f 549/519/549 551/518/551 550/520/550 
f 549/519/549 552/521/552 551/518/551 
f 552/521/552 553/522/553 551/518/551 
f 552/521/552 554/523/554 553/522/553 
f 554/523/554 555/524/555 553/522/553 
f 554/523/554 498/525/498 555/524/555 
f 556/526/556 557/527/557 258/141/258 
f 557/527/557 256/140/256 258/141/258 
f 557/527/557 558/528/558 256/140/256 
f 558/528/558 472/450/472 256/140/256 
f 558/528/558 559/529/559 472/450/472 
f 559/529/559 474/452/474 472/450/472 
f 559/529/559 560/530/560 474/452/474 
f 367/333/367 368/334/368 477/531/477 
f 368/334/368 349/333/349 477/531/477 
f 368/334/368 352/317/352 349/333/349 
f 352/317/352 348/332/348 349/333/349 
f 352/317/352 351/316/351 348/332/348 
f 561/526/561 562/532/562 433/401/434 
f 562/532/562 372/396/372 433/401/434 
f 562/532/562 3/533/3 372/396/372 
f 3/533/3 371/534/371 372/396/372 
f 3/533/3 9/535/9 371/534/371 
f 9/535/9 424/536/425 371/534/371 
f 9/535/9 563/537/563 424/536/425 
f 279/538/279 278/539/278 492/471/492 
f 278/539/278 493/472/493 492/471/492 
f 278/539/278 497/540/497 493/472/493 
f 497/540/497 162/148/162 493/472/493 
f 497/540/497 165/151/165 162/148/162 
f 165/151/165 161/146/161 162/148/162 
f 165/151/165 164/150/164 161/146/161 
f 428/392/429 429/393/430 564/234/564 
f 429/393/430 565/233/565 564/234/564 
f 429/393/430 430/394/431 565/233/565 
f 430/394/431 566/541/566 565/233/565 
f 430/394/431 261/233/261 566/541/566 
f 261/233/261 133/542/133 566/541/566 
f 261/233/261 134/235/134 133/542/133 
f 191/377/191 409/375/410 567/543/567 
f 409/375/410 568/544/568 567/543/567 
f 409/375/410 312/286/312 568/544/568 
f 312/286/312 205/182/205 568/544/568 
f 312/286/312 310/284/310 205/182/205 
f 310/284/310 199/180/199 205/182/205 
f 310/284/310 309/283/309 199/180/199 
f 112/100/112 111/99/111 569/545/569 
f 111/99/111 475/100/475 569/545/569 
f 111/99/111 255/98/255 475/100/475 
f 255/98/255 473/442/473 475/100/475 
f 255/98/255 570/443/570 473/442/473 
f 570/443/570 471/444/471 473/442/473 
f 570/443/570 543/445/543 471/444/471 
f 543/445/543 470/446/470 471/444/471 
f 571/61/571 113/60/113 116/94/116 
f 113/60/113 117/102/117 116/94/116 
f 113/60/113 115/101/115 117/102/117 
f 115/101/115 335/308/335 117/102/117 
f 115/101/115 457/432/118 335/308/335 
f 457/432/118 337/101/337 335/308/335 
f 457/432/118 456/431/457 337/101/337 
f 456/431/457 572/434/572 337/101/337 
f 152/139/152 468/449/468 153/140/153 
f 468/449/468 573/450/573 153/140/153 
f 468/449/468 466/451/466 573/450/573 
f 466/451/466 574/452/574 573/450/573 
f 466/451/466 112/453/112 574/452/574 
f 112/453/112 476/454/476 574/452/574 
f 112/453/112 569/546/569 476/454/476 
f 569/546/569 475/453/475 476/454/476 
f 468/449/468 152/139/152 460/448/460 
f 152/139/152 461/447/461 460/448/460 
f 152/139/152 149/137/149 461/447/461 
f 149/137/149 464/110/464 461/447/461 
f 149/137/149 151/112/151 464/110/464 
f 151/112/151 126/111/126 464/110/464 
f 151/112/151 419/385/420 126/111/126 
f 419/385/420 127/112/127 126/111/126 
f 575/547/575 559/548/559 576/549/576 
f 559/548/559 558/550/558 576/549/576 
f 577/551/577 578/550/578 579/552/579 
f 578/550/578 580/549/580 579/552/579 
f 578/550/578 581/548/581 580/549/580 
f 581/548/581 575/547/575 580/549/580 
f 581/548/581 560/553/560 575/547/575 
f 560/553/560 559/548/559 575/547/575 
f 582/554/582 583/555/583 451/556/452 
f 583/555/583 452/557/453 451/556/452 
f 583/555/583 584/558/584 452/557/453 
f 584/558/584 329/559/329 452/557/453 
f 584/558/584 585/560/585 329/559/329 
f 585/560/585 328/561/328 329/559/329 
f 585/560/585 586/562/586 328/561/328 
f 586/562/586 91/563/91 328/561/328 
f 586/562/586 587/564/587 91/563/91 
f 588/565/588 589/566/589 449/567/450 
f 589/566/589 447/568/448 449/567/450 
f 589/566/589 590/569/590 447/568/448 
f 590/569/590 446/570/447 447/568/448 
f 590/569/590 591/571/591 446/570/447 
f 591/571/591 444/572/445 446/570/447 
f 591/571/591 592/573/592 444/572/445 
f 592/573/592 510/574/510 444/572/445 
f 592/573/592 593/575/593 510/574/510 
f 215/576/215 217/577/217 594/578/594 
f 217/577/217 595/579/595 594/578/594 
f 217/577/217 526/580/526 595/579/595 
f 526/580/526 596/581/596 595/579/595 
f 526/580/526 528/582/528 596/581/596 
f 528/582/528 597/583/597 596/581/596 
f 528/582/528 530/584/530 597/583/597 
f 530/584/530 598/585/598 597/583/597 
f 530/584/530 599/586/599 598/585/598 
f 95/587/95 600/588/600 601/589/601 
f 600/588/600 602/590/602 601/589/601 
f 600/588/600 603/591/603 602/590/602 
f 603/591/603 604/592/604 602/590/602 
f 603/591/603 605/593/605 604/592/604 
f 605/593/605 606/594/606 604/592/604 
f 605/593/605 607/595/607 606/594/606 
f 607/595/607 608/596/608 606/594/606 
f 607/595/607 531/597/531 608/596/608 
f 254/225/254 107/223/107 456/598/457 
f 107/223/107 572/599/572 456/598/457 
f 107/223/107 609/600/609 572/599/572 
f 609/600/609 610/601/610 572/599/572 
f 609/600/609 611/602/611 610/601/610 
f 611/602/611 414/603/415 610/601/610 
f 611/602/611 612/604/612 414/603/415 
f 612/604/612 250/105/250 414/603/415 
f 612/604/612 334/104/334 250/105/250 
f 109/97/109 542/605/542 107/95/107 
f 542/605/542 609/606/609 107/95/107 
f 542/605/542 543/607/543 609/606/609 
f 543/607/543 611/608/611 609/606/609 
f 543/607/543 570/609/570 611/608/611 
f 570/609/570 612/610/612 611/608/611 
f 570/609/570 255/226/255 612/610/612 
f 255/226/255 334/611/334 612/610/612 
f 255/226/255 121/227/121 334/611/334 
f 613/50/613 614/612/614 615/221/615 
f 614/612/614 616/613/539 615/221/615 
f 614/612/614 617/614/539 616/613/539 
f 617/614/539 618/612/616 616/613/539 
f 617/614/539 333/306/333 618/612/616 
f 333/306/333 74/63/74 618/612/616 
f 333/306/333 59/48/59 74/63/74 
f 459/434/459 114/59/114 619/42/617 
f 119/104/119 620/604/618 120/105/120 
f 620/604/618 621/603/619 120/105/120 
f 620/604/618 622/602/620 621/603/619 
f 622/602/620 623/601/621 621/603/619 
f 622/602/620 624/600/622 623/601/621 
f 624/600/622 459/599/459 623/601/621 
f 624/600/622 253/223/253 459/599/459 
f 253/223/253 458/598/458 459/599/459 
f 253/223/253 254/225/254 458/598/458 
f 260/231/260 141/232/141 270/615/270 
f 141/232/141 147/398/147 270/615/270 
f 141/232/141 625/397/623 147/398/147 
f 625/397/623 146/399/146 147/398/147 
f 625/397/623 626/400/624 146/399/146 
f 626/400/624 144/229/144 146/399/146 
f 626/400/624 627/616/625 144/229/144 
f 627/616/625 142/230/142 144/229/144 
f 627/616/625 266/525/266 142/230/142 
f 358/456/358 480/392/480 137/124/137 
f 480/392/480 135/122/135 137/124/137 
f 480/392/480 479/393/479 135/122/135 
f 479/393/479 481/248/481 135/122/135 
f 479/393/479 430/394/431 481/248/481 
f 430/394/431 483/458/483 481/248/481 
f 430/394/431 277/248/277 483/458/483 
f 277/248/277 485/457/485 483/458/483 
f 277/248/277 275/123/275 485/457/485 
f 628/522/626 629/521/627 548/518/548 
f 629/521/627 549/519/549 548/518/548 
f 629/521/627 630/617/628 549/519/549 
f 630/617/628 552/521/552 549/519/549 
f 630/617/628 631/618/629 552/521/552 
f 631/618/629 554/523/554 552/521/552 
f 631/618/629 632/616/630 554/523/554 
f 632/616/630 498/525/498 554/523/554 
f 632/616/630 163/230/163 498/525/498 
f 260/619/260 269/620/269 144/621/144 
f 269/620/269 145/622/145 144/621/144 
f 269/620/269 268/623/268 145/622/145 
f 268/623/268 363/624/363 145/622/145 
f 268/623/268 360/625/360 363/624/363 
f 360/625/360 362/626/362 363/624/363 
f 360/625/360 148/136/148 362/626/362 
f 148/136/148 361/627/361 362/626/362 
f 148/136/148 146/135/146 361/627/361 
f 124/109/124 123/108/123 366/313/366 
f 370/311/370 369/310/369 273/247/273 
f 369/310/369 271/245/271 273/247/273 
f 369/310/369 341/309/341 271/245/271 
f 341/309/341 421/386/422 271/245/271 
f 341/309/341 343/245/343 421/386/422 
f 150/138/150 633/384/631 151/112/151 
f 633/384/631 419/385/420 151/112/151 
f 633/384/631 634/628/632 419/385/420 
f 634/628/632 418/384/419 419/385/420 
f 634/628/632 635/629/633 418/384/419 
f 635/629/633 417/383/418 418/384/419 
f 635/629/633 636/630/634 417/383/418 
f 636/630/634 415/382/416 417/383/418 
f 636/630/634 637/401/635 415/382/416 
f 274/124/274 428/392/429 496/456/496 
f 428/392/429 638/236/636 496/456/496 
f 428/392/429 564/234/564 638/236/636 
f 564/234/564 639/235/637 638/236/636 
f 564/234/564 565/233/565 639/235/637 
f 565/233/565 356/542/356 639/235/637 
f 565/233/565 566/541/566 356/542/356 
f 566/541/566 355/631/355 356/542/356 
f 566/541/566 133/542/133 355/631/355 
f 167/135/167 170/136/170 376/627/376 
f 170/136/170 375/626/375 376/627/376 
f 170/136/170 373/625/373 375/626/375 
f 373/625/373 374/624/374 375/626/375 
f 373/625/373 282/623/282 374/624/374 
f 282/623/282 168/622/168 374/624/374 
f 282/623/282 284/620/284 168/622/168 
f 284/620/284 166/621/166 168/622/168 
f 284/620/284 285/619/285 166/621/166 
f 201/173/201 395/355/396 202/174/202 
f 395/355/396 405/367/406 202/174/202 
f 395/355/396 397/357/398 405/367/406 
f 397/357/398 640/632/638 405/367/406 
f 397/357/398 398/358/399 640/632/638 
f 398/358/399 641/633/639 640/632/638 
f 398/358/399 438/414/439 641/633/639 
f 438/414/439 642/634/640 641/633/639 
f 438/414/439 440/416/441 642/634/640 
f 317/293/317 319/295/319 88/74/88 
f 319/295/319 89/75/89 88/74/88 
f 319/295/319 320/296/320 89/75/89 
f 320/296/320 443/298/444 89/75/89 
f 320/296/320 321/297/321 443/298/444 
f 321/297/321 442/380/443 443/298/444 
f 321/297/321 211/188/211 442/380/443 
f 211/188/211 441/189/442 442/380/443 
f 211/188/211 213/190/213 441/189/442 
f 213/190/213 214/191/214 441/189/442 
f 88/74/88 325/295/325 317/293/317 
f 325/295/325 318/294/318 317/293/317 
f 325/295/325 326/296/326 318/294/318 
f 326/296/326 321/297/321 318/294/318 
f 326/296/326 322/298/322 321/297/321 
f 322/298/322 412/380/413 321/297/321 
f 322/298/322 324/292/324 412/380/413 
f 324/292/324 413/291/414 412/380/413 
f 324/292/324 87/73/87 413/291/414 
f 87/73/87 214/191/214 413/291/414 
f 530/510/530 531/511/531 599/635/599 
f 531/511/531 643/636/641 599/635/599 
f 531/511/531 607/637/607 643/636/641 
f 607/637/607 644/638/642 643/636/641 
f 607/637/607 605/639/605 644/638/642 
f 605/639/605 645/640/643 644/638/642 
f 605/639/605 603/641/603 645/640/643 
f 603/641/603 94/80/94 645/640/643 
f 603/641/603 600/642/600 94/80/94 
f 600/642/600 95/81/95 94/80/94 
f 576/549/576 558/550/558 646/552/644 
f 558/550/558 557/551/557 646/552/644 
f 647/643/645 648/644/646 630/617/628 
f 648/644/646 631/618/629 630/617/628 
f 648/644/646 432/400/433 631/618/629 
f 432/400/433 632/616/630 631/618/629 
f 432/400/433 166/229/166 632/616/630 
f 166/229/166 163/230/163 632/616/630 
f 166/229/166 285/231/285 163/230/163 
f 285/231/285 164/232/164 163/230/163 
f 285/231/285 283/615/283 164/232/164 
f 283/615/283 169/398/169 164/232/164 
f 171/152/171 435/404/436 649/645/647 
f 435/404/436 196/646/377 649/645/647 
f 435/404/436 176/157/176 196/646/377 
f 176/157/176 377/647/378 196/646/377 
f 176/157/176 175/156/175 377/647/378 
f 175/156/175 379/648/380 377/647/378 
f 175/156/175 174/155/174 379/648/380 
f 174/155/174 378/649/379 379/648/380 
f 174/155/174 286/403/286 378/649/379 
f 286/403/286 287/650/287 378/649/379 
f 302/274/302 301/272/301 400/360/401 
f 301/272/301 401/361/402 400/360/401 
f 301/272/301 300/271/300 401/361/402 
f 300/271/300 402/364/403 401/361/402 
f 300/271/300 650/651/648 402/364/403 
f 650/651/648 508/486/508 402/364/403 
f 650/651/648 651/652/649 508/486/508 
f 651/652/649 308/282/308 508/486/508 
f 651/652/649 186/653/186 308/282/308 
f 186/653/186 299/281/299 308/282/308 
f 91/563/91 587/564/587 92/654/92 
f 587/564/587 511/655/511 92/654/92 
f 587/564/587 652/656/650 511/655/511 
f 652/656/650 512/657/512 511/655/511 
f 652/656/650 653/658/651 512/657/512 
f 653/658/651 445/659/446 512/657/512 
f 653/658/651 654/660/652 445/659/446 
f 654/660/652 448/661/449 445/659/446 
f 654/660/652 655/662/653 448/661/449 
f 655/662/653 450/663/451 448/661/449 
f 655/662/653 656/664/654 450/663/451 
f 510/574/510 593/575/593 509/665/509 
f 593/575/593 90/666/90 509/665/509 
f 593/575/593 657/667/655 90/666/90 
f 657/667/655 327/668/327 90/666/90 
f 657/667/655 658/669/656 327/668/327 
f 658/669/656 455/670/456 327/668/327 
f 658/669/656 659/671/657 455/670/456 
f 659/671/657 454/672/455 455/670/456 
f 659/671/657 660/673/658 454/672/455 
f 660/673/658 453/674/454 454/672/455 
f 660/673/658 661/675/659 453/674/454 
f 598/585/598 599/586/599 662/676/660 
f 599/586/599 663/677/661 662/676/660 
f 599/586/599 643/678/641 663/677/661 
f 643/678/641 664/679/662 663/677/661 
f 643/678/641 644/680/642 664/679/662 
f 644/680/642 665/681/663 664/679/662 
f 644/680/642 645/682/643 665/681/663 
f 645/682/643 666/683/664 665/681/663 
f 645/682/643 94/684/94 666/683/664 
f 94/684/94 667/685/665 666/683/664 
f 94/684/94 93/686/93 667/685/665 
f 608/596/608 531/597/531 668/687/666 
f 531/597/531 669/688/667 668/687/666 
f 531/597/531 529/689/529 669/688/667 
f 529/689/529 670/690/668 669/688/667 
f 529/689/529 527/691/527 670/690/668 
f 527/691/527 671/692/669 670/690/668 
f 527/691/527 525/693/525 671/692/669 
f 525/693/525 672/694/670 671/692/669 
f 525/693/525 218/695/218 672/694/670 
f 218/695/218 673/696/671 672/694/670 
f 218/695/218 216/697/216 673/696/671 
f 97/698/97 96/699/96 229/700/229 
f 96/699/96 230/701/230 229/700/229 
f 96/699/96 674/702/672 230/701/230 
f 674/702/672 232/703/232 230/701/230 
f 674/702/672 675/704/673 232/703/232 
f 675/704/673 233/705/233 232/703/232 
f 675/704/673 515/706/515 233/705/233 
f 515/706/515 231/707/231 233/705/233 
f 223/305/223 333/306/333 226/513/226 
f 333/306/333 539/514/539 226/513/226 
f 333/306/333 617/614/539 539/514/539 
f 617/614/539 338/306/338 539/514/539 
f 617/614/539 614/612/614 338/306/338 
f 614/612/614 339/63/339 338/306/338 
f 614/612/614 613/50/613 339/63/339 
f 129/117/129 131/116/131 359/463/359 
f 131/116/131 487/461/487 359/463/359 
f 131/116/131 676/708/674 487/461/487 
f 676/708/674 486/460/486 487/461/487 
f 676/708/674 677/709/675 486/460/486 
f 677/709/675 132/119/132 486/460/486 
f 677/709/675 678/710/676 132/119/132 
f 678/710/676 354/319/354 132/119/132 
f 678/710/676 679/711/677 354/319/354 
f 679/711/677 356/321/356 354/319/354 
f 679/711/677 639/712/637 356/321/356 
f 490/469/490 491/470/491 279/250/279 
f 491/470/491 281/252/281 279/250/279 
f 491/470/491 140/127/140 281/252/281 
f 140/127/140 434/402/435 281/252/281 
f 140/127/140 139/126/139 434/402/435 
f 139/126/139 155/142/155 434/402/435 
f 139/126/139 680/713/678 155/142/155 
f 680/713/678 156/143/156 155/142/155 
f 680/713/678 681/714/679 156/143/156 
f 681/714/679 498/479/498 156/143/156 
f 681/714/679 555/715/555 498/479/498 
f 275/322/275 682/501/680 485/498/485 
f 682/501/680 520/499/520 485/498/485 
f 682/501/680 683/716/681 520/499/520 
f 683/716/681 521/501/521 520/499/520 
f 683/716/681 684/388/682 521/501/521 
f 684/388/682 522/391/522 521/501/521 
f 684/388/682 685/390/683 522/391/522 
f 685/390/683 357/323/357 522/391/522 
f 685/390/683 130/115/130 357/323/357 
f 130/115/130 359/145/359 357/323/357 
f 130/115/130 129/114/129 359/145/359 
f 121/227/121 110/226/110 119/611/119 
f 110/226/110 620/610/618 119/611/119 
f 110/226/110 467/609/467 620/610/618 
f 467/609/467 622/608/620 620/610/618 
f 467/609/467 462/607/462 622/608/620 
f 462/607/462 624/606/622 622/608/620 
f 462/607/462 463/605/463 624/606/622 
f 463/605/463 253/95/253 624/606/622 
f 463/605/463 465/97/465 253/95/253 
f 465/97/465 108/96/108 253/95/253 
f 465/97/465 541/717/541 108/96/108 
f 541/717/541 109/97/109 108/96/108 
f 234/718/234 518/719/518 332/720/332 
f 518/719/518 102/718/102 332/720/332 
f 518/719/518 519/721/519 102/718/102 
f 519/721/519 248/707/248 102/718/102 
f 519/721/519 686/706/684 248/707/248 
f 686/706/684 247/705/247 248/707/248 
f 686/706/684 687/704/685 247/705/247 
f 687/704/685 249/703/249 247/705/247 
f 687/704/685 537/702/537 249/703/249 
f 537/702/537 246/701/246 249/703/249 
f 537/702/537 538/699/538 246/701/246 
f 538/699/538 245/700/245 246/701/246 
f 538/699/538 97/698/97 245/700/245 
f 459/434/459 619/42/617 623/722/621 
f 619/42/617 621/381/619 623/722/621 
f 619/42/617 613/50/613 621/381/619 
f 613/50/613 120/220/120 621/381/619 
f 613/50/613 615/221/615 120/220/120 
f 615/221/615 252/222/252 120/220/120 
f 615/221/615 616/613/539 252/222/252 
f 616/613/539 251/221/251 252/222/252 
f 616/613/539 618/612/616 251/221/251 
f 618/612/616 61/50/61 251/221/251 
f 618/612/616 74/63/74 61/50/61 
f 128/395/128 688/396/686 141/232/141 
f 688/396/686 625/397/623 141/232/141 
f 688/396/686 637/401/635 625/397/623 
f 637/401/635 626/400/624 625/397/623 
f 637/401/635 636/630/634 626/400/624 
f 636/630/634 689/723/687 626/400/624 
f 636/630/634 635/629/633 689/723/687 
f 635/629/633 690/724/688 689/723/687 
f 635/629/633 634/628/632 690/724/688 
f 634/628/632 691/629/689 690/724/688 
f 634/628/632 633/384/631 691/629/689 
f 633/384/631 692/383/690 691/629/689 
f 633/384/631 150/138/150 692/383/690 
f 496/325/496 427/323/428 274/324/274 
f 427/323/428 275/322/275 274/324/274 
f 427/323/428 426/391/427 275/322/275 
f 426/391/427 682/501/680 275/322/275 
f 426/391/427 423/388/424 682/501/680 
f 423/388/424 683/716/681 682/501/680 
f 423/388/424 422/387/423 683/716/681 
f 422/387/423 684/388/682 683/716/681 
f 422/387/423 693/389/691 684/388/682 
f 693/389/691 685/390/683 684/388/682 
f 693/389/691 694/335/692 685/390/683 
f 694/335/692 130/115/130 685/390/683 
f 694/335/692 688/336/686 130/115/130 
f 688/336/686 128/113/128 130/115/130 
f 424/536/425 563/537/563 422/725/423 
f 563/537/563 693/536/691 422/725/423 
f 563/537/563 695/535/693 693/536/691 
f 695/535/693 694/534/692 693/536/691 
f 695/535/693 696/533/694 694/534/692 
f 696/533/694 688/396/686 694/534/692 
f 696/533/694 697/532/695 688/396/686 
f 697/532/695 637/401/635 688/396/686 
f 697/532/695 556/526/556 637/401/635 
f 556/526/556 415/382/416 637/401/635 
f 556/526/556 258/141/258 415/382/416 
f 258/141/258 416/138/417 415/382/416 
f 258/141/258 259/137/259 416/138/417 
f 259/137/259 127/112/127 416/138/417 
f 26/21/26 98/84/98 46/37/46 
f 26/21/26 330/91/330 98/84/98 
f 330/91/330 96/82/96 98/84/98 
f 330/91/330 331/303/331 96/82/96 
f 331/303/331 674/512/672 96/82/96 
f 331/303/331 513/491/513 674/512/672 
f 513/491/513 675/726/673 674/512/672 
f 513/491/513 515/493/515 675/726/673 
f 190/181/190 196/727/196 206/183/206 
f 196/727/196 207/184/207 206/183/206 
f 196/727/196 390/728/391 207/184/207 
f 390/728/391 209/186/209 207/184/207 
f 390/728/391 391/729/392 209/186/209 
f 391/729/392 210/187/210 209/186/209 
f 391/729/392 389/730/390 210/187/210 
f 389/730/390 410/378/411 210/187/210 
f 389/730/390 197/373/197 410/378/411 
f 197/373/197 411/379/412 410/378/411 
f 197/373/197 408/374/409 411/379/412 
f 408/374/409 698/731/696 411/379/412 
f 408/374/409 407/371/408 698/731/696 
f 407/371/408 699/732/697 698/731/696 
f 407/371/408 394/370/395 699/732/697 
f 240/305/240 540/49/540 238/430/238 
f 540/49/540 236/429/236 238/430/238 
f 540/49/540 571/61/571 236/429/236 
f 571/61/571 235/92/235 236/429/236 
f 571/61/571 116/94/116 235/92/235 
f 116/94/116 105/93/105 235/92/235 
f 116/94/116 118/103/118 105/93/105 
f 118/103/118 106/94/106 105/93/105 
f 118/103/118 336/102/336 106/94/106 
f 336/102/336 71/60/71 106/94/106 
f 336/102/336 337/101/337 71/60/71 
f 337/101/337 70/59/70 71/60/71 
f 337/101/337 572/434/572 70/59/70 
f 572/434/572 53/42/53 70/59/70 
f 572/434/572 610/722/610 53/42/53 
f 610/722/610 414/381/415 53/42/53 
f 496/733/496 638/734/636 160/475/160 
f 638/734/636 495/474/495 160/475/160 
f 638/734/636 639/712/637 495/474/495 
f 639/712/637 494/473/494 495/474/495 
f 639/712/637 679/711/677 494/473/494 
f 679/711/677 492/471/492 494/473/494 
f 679/711/677 678/710/676 492/471/492 
f 678/710/676 279/538/279 492/471/492 
f 678/710/676 677/709/675 279/538/279 
f 677/709/675 490/735/490 279/538/279 
f 677/709/675 676/708/674 490/735/490 
f 676/708/674 489/736/489 490/735/490 
f 676/708/674 131/116/131 489/736/489 
f 131/116/131 143/130/143 489/736/489 
f 131/116/131 128/118/128 143/130/143 
f 128/118/128 141/128/141 143/130/143 
f 30/25/30 517/495/517 48/38/48 
f 30/25/30 533/494/533 517/495/517 
f 533/494/533 519/497/519 517/495/517 
f 533/494/533 534/492/534 519/497/519 
f 534/492/534 686/493/684 519/497/519 
f 534/492/534 535/491/535 686/493/684 
f 535/491/535 687/726/685 686/493/684 
f 535/491/535 537/512/537 687/726/685 
f 420/72/421 421/386/422 83/70/83 
f 421/386/422 86/72/86 83/70/83 
f 421/386/422 343/245/343 86/72/86 
f 343/245/343 700/246/698 86/72/86 
f 343/245/343 344/247/344 700/246/698 
f 345/311/345 342/310/342 545/108/545 
f 342/310/342 546/107/546 545/108/545 
f 342/310/342 341/309/341 546/107/546 
f 341/309/341 547/517/547 546/107/546 
f 341/309/341 122/107/122 547/517/547 
f 122/107/122 478/312/478 547/517/547 
f 122/107/122 124/109/124 478/312/478 
f 152/139/152 154/141/154 149/137/149 
f 154/141/154 150/138/150 149/137/149 
f 154/141/154 701/382/699 150/138/150 
f 701/382/699 692/383/690 150/138/150 
f 701/382/699 702/630/700 692/383/690 
f 702/630/700 691/629/689 692/383/690 
f 702/630/700 703/723/701 691/629/689 
f 703/723/701 690/724/688 691/629/689 
f 703/723/701 704/737/702 690/724/688 
f 704/737/702 689/723/687 690/724/688 
f 704/737/702 705/644/703 689/723/687 
f 705/644/703 626/400/624 689/723/687 
f 705/644/703 706/618/704 626/400/624 
f 706/618/704 627/616/625 626/400/624 
f 706/618/704 707/523/705 627/616/625 
f 707/523/705 266/525/266 627/616/625 
f 707/523/705 264/524/264 266/525/266 
f 264/524/264 707/523/705 628/522/626 
f 707/523/705 629/521/627 628/522/626 
f 707/523/705 706/618/704 629/521/627 
f 706/618/704 630/617/628 629/521/627 
f 706/618/704 705/644/703 630/617/628 
f 705/644/703 647/643/645 630/617/628 
f 705/644/703 704/737/702 647/643/645 
f 704/737/702 648/644/646 647/643/645 
f 704/737/702 703/723/701 648/644/646 
f 703/723/701 432/400/433 648/644/646 
f 703/723/701 702/630/700 432/400/433 
f 702/630/700 433/401/434 432/400/433 
f 702/630/700 701/382/699 433/401/434 
f 701/382/699 561/526/561 433/401/434 
f 701/382/699 154/141/154 561/526/561 
f 154/141/154 577/527/577 561/526/561 
f 154/141/154 153/140/153 577/527/577 
f 153/140/153 578/528/578 577/527/577 
f 153/140/153 573/450/573 578/528/578 
f 573/450/573 581/529/581 578/528/578 
f 573/450/573 574/452/574 581/529/581 
f 574/452/574 560/530/560 581/529/581 
f 574/452/574 476/454/476 560/530/560 
f 476/454/476 474/452/474 560/530/560 
f 392/738/393 186/653/186 708/739/706 
f 186/653/186 709/740/707 708/739/706 
f 186/653/186 651/652/649 709/740/707 
f 651/652/649 642/634/640 709/740/707 
f 651/652/649 650/651/648 642/634/640 
f 650/651/648 641/633/639 642/634/640 
f 650/651/648 300/271/300 641/633/639 
f 300/271/300 640/632/638 641/633/639 
f 300/271/300 198/273/198 640/632/638 
f 198/273/198 405/367/406 640/632/638 
f 198/273/198 204/278/204 405/367/406 
f 204/278/204 404/366/405 405/367/406 
f 204/278/204 304/276/304 404/366/405 
f 304/276/304 403/365/404 404/366/405 
f 304/276/304 303/275/303 403/365/404 
f 303/275/303 200/172/200 403/365/404 
f 303/275/303 523/741/523 200/172/200 
f 523/741/523 201/173/201 200/172/200 
f 523/741/523 524/742/524 201/173/201 
f 524/742/524 506/483/506 201/173/201 
f 524/742/524 191/377/191 506/483/506 
f 191/377/191 507/484/507 506/483/506 
f 191/377/191 567/543/567 507/484/507 
f 567/543/567 399/359/400 507/484/507 
f 567/543/567 568/544/568 399/359/400 
f 568/544/568 437/413/438 399/359/400 
f 568/544/568 205/182/205 437/413/438 
f 205/182/205 439/415/440 437/413/438 
f 205/182/205 190/181/190 439/415/440 
f 190/181/190 440/416/441 439/415/440 
f 190/181/190 411/379/412 440/416/441 
f 411/379/412 642/634/640 440/416/441 
f 411/379/412 698/731/696 642/634/640 
f 698/731/696 709/740/707 642/634/640 
f 698/731/696 699/732/697 709/740/707 
f 699/732/697 708/739/706 709/740/707 
f 699/732/697 394/370/395 708/739/706 
f 394/370/395 392/738/393 708/739/706 
f 710/7/708 6/6/6 4/4/4 
f 711/743/709 712/744/710 713/745/711 
f 714/746/712 715/747/713 716/748/714 
f 717/749/715 718/750/716 719/748/717 
f 720/743/709 721/744/539 722/745/711 
f 723/746/718 724/747/713 725/748/719 
f 726/749/715 727/750/716 728/748/720 
f 729/751/721 730/752/722 731/753/723 
f 732/754/724 733/755/725 734/756/726 
f 735/757/727 736/754/728 737/758/729 
f 738/759/730 739/760/731 740/761/732 
f 741/762/733 735/763/727 742/764/734 
f 743/765/735 744/766/736 745/767/737 
f 746/768/738 747/769/739 748/770/740 
f 749/771/741 750/772/742 751/770/743 
f 752/751/744 753/752/539 754/753/745 
f 755/754/746 756/755/747 757/756/748 
f 758/757/749 759/754/750 760/758/751 
f 761/759/752 762/760/753 763/761/754 
f 764/762/755 758/763/749 765/773/756 
f 766/765/757 767/766/758 768/767/759 
f 769/768/760 770/769/761 771/770/762 
f 772/771/763 773/772/764 774/770/765 
f 775/774/766 776/775/767 777/776/768 
f 776/775/767 712/744/710 777/776/768 
f 778/774/766 779/775/767 780/776/768 
f 779/775/767 721/744/539 780/776/768 
f 781/777/769 730/752/722 782/753/770 
f 730/752/722 783/751/771 782/753/770 
f 784/777/772 753/752/539 785/753/773 
f 753/752/539 786/751/774 785/753/773 
f 710/7/708 787/778/775 6/6/6 
f 787/778/775 8/7/8 6/6/6 
f 787/778/775 788/779/776 8/7/8 
f 714/746/712 789/780/777 715/747/713 
f 789/780/777 790/781/778 715/747/713 
f 789/780/777 791/782/779 790/781/778 
f 717/749/715 792/783/780 718/750/716 
f 792/783/780 793/784/781 718/750/716 
f 792/783/780 794/785/782 793/784/781 
f 723/746/718 795/780/777 724/747/713 
f 795/780/777 796/781/783 724/747/713 
f 795/780/777 797/782/784 796/781/783 
f 726/749/715 798/783/780 727/750/716 
f 798/783/780 799/784/781 727/750/716 
f 798/783/780 800/785/785 799/784/781 
f 731/753/723 730/752/722 801/777/786 
f 730/752/722 802/786/787 801/777/786 
f 730/752/722 781/777/769 802/786/787 
f 803/757/788 804/758/789 732/754/724 
f 804/758/789 733/755/725 732/754/724 
f 804/758/789 805/787/790 733/755/725 
f 806/756/791 807/755/792 736/754/728 
f 807/755/792 737/758/729 736/754/728 
f 807/755/792 808/787/793 737/758/729 
f 741/762/733 809/788/794 735/763/727 
f 809/788/794 736/789/728 735/763/727 
f 809/788/794 810/790/795 736/789/728 
f 743/765/735 811/791/796 744/766/736 
f 811/791/796 738/792/730 744/766/736 
f 811/791/796 812/790/797 738/792/730 
f 746/768/738 813/793/798 747/769/739 
f 813/793/798 814/794/799 747/769/739 
f 813/793/798 815/795/800 814/794/799 
f 749/771/741 816/796/801 750/772/742 
f 816/796/801 817/797/802 750/772/742 
f 816/796/801 818/798/803 817/797/802 
f 746/799/738 819/800/335 813/801/798 
f 819/800/335 815/802/800 813/801/798 
f 819/800/335 820/801/804 815/802/800 
f 820/801/804 819/800/335 821/799/805 
f 819/800/335 822/803/806 821/799/805 
f 819/800/335 749/804/741 822/803/806 
f 749/804/741 819/800/335 816/805/801 
f 819/800/335 818/806/803 816/805/801 
f 819/800/335 823/805/807 818/806/803 
f 823/805/807 819/800/335 824/804/808 
f 819/800/335 825/803/809 824/804/808 
f 819/800/335 746/799/738 825/803/809 
f 754/753/745 753/752/539 826/777/810 
f 753/752/539 827/786/811 826/777/810 
f 753/752/539 784/777/772 827/786/811 
f 828/757/812 829/758/813 755/754/746 
f 829/758/813 756/755/747 755/754/746 
f 829/758/813 830/787/814 756/755/747 
f 831/756/815 832/755/816 759/754/750 
f 832/755/816 760/758/751 759/754/750 
f 832/755/816 833/787/817 760/758/751 
f 764/762/755 834/788/818 758/763/749 
f 834/788/818 759/789/750 758/763/749 
f 834/788/818 835/790/819 759/789/750 
f 766/765/757 836/791/820 767/766/758 
f 836/791/820 761/792/752 767/766/758 
f 836/791/820 837/790/821 761/792/752 
f 769/768/760 838/793/822 770/769/761 
f 838/793/822 839/794/823 770/769/761 
f 838/793/822 840/807/824 839/794/823 
f 772/771/763 841/796/825 773/772/764 
f 841/796/825 842/797/826 773/772/764 
f 841/796/825 843/798/827 842/797/826 
f 769/799/760 844/800/828 838/801/822 
f 844/800/828 840/802/824 838/801/822 
f 844/800/828 845/801/829 840/802/824 
f 845/801/829 844/800/828 846/799/830 
f 844/800/828 847/803/831 846/799/830 
f 844/800/828 772/804/763 847/803/831 
f 772/804/763 844/800/828 841/805/825 
f 844/800/828 843/806/827 841/805/825 
f 844/800/828 848/805/832 843/806/827 
f 848/805/832 844/800/828 849/804/833 
f 844/800/828 850/803/834 849/804/833 
f 844/800/828 769/799/760 850/803/834 
f 851/808/835 852/809/836 853/810/837 
f 852/809/836 712/744/710 853/810/837 
f 852/809/836 854/811/838 712/744/710 
f 854/811/838 713/745/711 712/744/710 
f 855/812/839 856/813/840 857/814/841 
f 856/813/840 858/815/842 857/814/841 
f 856/813/840 859/816/843 858/815/842 
f 859/816/843 860/817/844 858/815/842 
f 861/808/845 862/809/846 863/810/847 
f 862/809/846 721/744/539 863/810/847 
f 862/809/846 864/811/838 721/744/539 
f 864/811/838 722/745/711 721/744/539 
f 865/812/848 866/813/849 867/814/841 
f 866/813/849 868/815/842 867/814/841 
f 866/813/849 869/816/843 868/815/842 
f 869/816/843 870/817/844 868/815/842 
f 84/818/84 871/779/850 82/819/82 
f 738/759/730 734/756/726 739/760/731 
f 734/756/726 872/820/851 739/760/731 
f 734/756/726 733/755/725 872/820/851 
f 733/755/725 873/821/852 872/820/851 
f 733/755/725 805/787/790 873/821/852 
f 761/759/752 757/756/748 762/760/753 
f 757/756/748 874/820/853 762/760/753 
f 757/756/748 756/755/747 874/820/853 
f 756/755/747 875/821/854 874/820/853 
f 756/755/747 830/787/814 875/821/854 
f 718/822/716 876/823/855 719/824/717 
f 876/823/855 877/825/856 719/824/717 
f 876/823/855 878/826/857 877/825/856 
f 878/826/857 879/827/858 877/825/856 
f 878/826/857 880/828/859 879/827/858 
f 880/828/859 881/829/860 879/827/858 
f 793/830/781 882/831/861 718/822/716 
f 882/831/861 876/823/855 718/822/716 
f 882/831/861 883/832/862 876/823/855 
f 883/832/862 878/826/857 876/823/855 
f 883/832/862 884/833/863 878/826/857 
f 884/833/863 880/828/859 878/826/857 
f 727/822/716 885/823/864 728/824/720 
f 885/823/864 886/825/856 728/824/720 
f 885/823/864 887/826/857 886/825/856 
f 887/826/857 888/827/858 886/825/856 
f 887/826/857 889/828/859 888/827/858 
f 889/828/859 890/829/860 888/827/858 
f 799/830/781 891/831/865 727/822/716 
f 891/831/865 885/823/864 727/822/716 
f 891/831/865 892/832/866 885/823/864 
f 892/832/866 887/826/857 885/823/864 
f 892/832/866 893/833/863 887/826/857 
f 893/833/863 889/828/859 887/826/857 
f 717/749/715 719/748/717 894/834/867 
f 719/748/717 895/746/868 894/834/867 
f 719/748/717 877/747/856 895/746/868 
f 877/747/856 896/835/869 895/746/868 
f 877/747/856 879/836/858 896/835/869 
f 879/836/858 791/782/779 896/835/869 
f 879/836/858 881/837/860 791/782/779 
f 881/837/860 790/781/778 791/782/779 
f 793/784/781 794/785/782 857/838/841 
f 794/785/782 855/784/839 857/838/841 
f 794/785/782 897/783/870 855/784/839 
f 897/783/870 898/750/871 855/784/839 
f 897/783/870 899/749/872 898/750/871 
f 899/749/872 716/748/714 898/750/871 
f 899/749/872 900/834/873 716/748/714 
f 900/834/873 714/746/712 716/748/714 
f 726/749/715 728/748/720 901/834/874 
f 728/748/720 902/746/868 901/834/874 
f 728/748/720 886/747/856 902/746/868 
f 886/747/856 903/835/869 902/746/868 
f 886/747/856 888/836/858 903/835/869 
f 888/836/858 797/782/784 903/835/869 
f 888/836/858 890/837/860 797/782/784 
f 890/837/860 796/781/783 797/782/784 
f 799/784/781 800/785/785 867/838/841 
f 800/785/785 865/784/848 867/838/841 
f 800/785/785 904/783/870 865/784/848 
f 904/783/870 905/750/871 865/784/848 
f 904/783/870 906/749/875 905/750/871 
f 906/749/875 725/748/719 905/750/871 
f 906/749/875 907/834/876 725/748/719 
f 907/834/876 723/746/718 725/748/719 
f 741/762/733 742/764/734 908/839/877 
f 742/764/734 909/840/878 908/839/877 
f 742/764/734 803/841/788 909/840/878 
f 803/841/788 910/788/879 909/840/878 
f 803/841/788 732/789/724 910/788/879 
f 732/789/724 812/790/797 910/788/879 
f 732/789/724 734/842/726 812/790/797 
f 734/842/726 738/792/730 812/790/797 
f 743/765/735 745/767/737 911/843/880 
f 745/767/737 912/765/881 911/843/880 
f 745/767/737 913/766/882 912/765/881 
f 913/766/882 914/791/883 912/765/881 
f 913/766/882 915/792/884 914/791/883 
f 915/792/884 810/790/795 914/791/883 
f 915/792/884 806/842/791 810/790/795 
f 806/842/791 736/789/728 810/790/795 
f 749/771/741 751/770/743 822/844/806 
f 751/770/743 821/768/805 822/844/806 
f 751/770/743 916/769/885 821/768/805 
f 916/769/885 820/845/804 821/768/805 
f 916/769/885 917/846/886 820/845/804 
f 917/846/886 815/795/800 820/845/804 
f 917/846/886 918/847/887 815/795/800 
f 918/847/887 814/794/799 815/795/800 
f 817/797/802 818/798/803 919/848/888 
f 818/798/803 920/797/889 919/848/888 
f 818/798/803 823/796/807 920/797/889 
f 823/796/807 921/772/890 920/797/889 
f 823/796/807 824/771/808 921/772/890 
f 824/771/808 748/770/740 921/772/890 
f 824/771/808 825/844/809 748/770/740 
f 825/844/809 746/768/738 748/770/740 
f 764/762/755 765/773/756 922/849/891 
f 765/773/756 923/840/892 922/849/891 
f 765/773/756 828/841/812 923/840/892 
f 828/841/812 924/788/893 923/840/892 
f 828/841/812 755/789/746 924/788/893 
f 755/789/746 837/790/821 924/788/893 
f 755/789/746 757/842/748 837/790/821 
f 757/842/748 761/792/752 837/790/821 
f 766/765/757 768/767/759 925/843/894 
f 768/767/759 926/765/895 925/843/894 
f 768/767/759 927/766/896 926/765/895 
f 927/766/896 928/791/897 926/765/895 
f 927/766/896 929/792/898 928/791/897 
f 929/792/898 835/790/819 928/791/897 
f 929/792/898 831/842/815 835/790/819 
f 831/842/815 759/789/750 835/790/819 
f 772/771/763 774/770/765 847/844/831 
f 774/770/765 846/768/830 847/844/831 
f 774/770/765 930/769/899 846/768/830 
f 930/769/899 845/845/829 846/768/830 
f 930/769/899 931/846/900 845/845/829 
f 931/846/900 840/807/824 845/845/829 
f 931/846/900 932/850/901 840/807/824 
f 932/850/901 839/794/823 840/807/824 
f 842/797/826 843/798/827 933/848/902 
f 843/798/827 934/797/903 933/848/902 
f 843/798/827 848/796/832 934/797/903 
f 848/796/832 935/772/904 934/797/903 
f 848/796/832 849/771/833 935/772/904 
f 849/771/833 771/770/762 935/772/904 
f 849/771/833 850/844/834 771/770/762 
f 850/844/834 769/768/760 771/770/762 
f 857/814/841 858/815/842 775/774/766 
f 858/815/842 776/775/767 775/774/766 
f 858/815/842 860/817/844 776/775/767 
f 860/817/844 712/744/710 776/775/767 
f 860/817/844 859/816/843 712/744/710 
f 859/816/843 853/810/837 712/744/710 
f 859/816/843 856/813/840 853/810/837 
f 856/813/840 851/808/835 853/810/837 
f 856/813/840 855/812/839 851/808/835 
f 867/814/841 868/815/842 778/774/766 
f 868/815/842 779/775/767 778/774/766 
f 868/815/842 870/817/844 779/775/767 
f 870/817/844 721/744/539 779/775/767 
f 870/817/844 869/816/843 721/744/539 
f 869/816/843 863/810/847 721/744/539 
f 869/816/843 866/813/849 863/810/847 
f 866/813/849 861/808/845 863/810/847 
f 866/813/849 865/812/848 861/808/845 
f 744/851/736 936/852/905 745/853/737 
f 936/852/905 913/851/882 745/853/737 
f 936/852/905 937/761/906 913/851/882 
f 937/761/906 915/759/884 913/851/882 
f 937/761/906 938/760/907 915/759/884 
f 938/760/907 806/756/791 915/759/884 
f 938/760/907 939/820/908 806/756/791 
f 939/820/908 807/755/792 806/756/791 
f 939/820/908 940/821/909 807/755/792 
f 940/821/909 808/787/793 807/755/792 
f 767/851/758 941/852/910 768/853/759 
f 941/852/910 927/851/896 768/853/759 
f 941/852/910 942/761/911 927/851/896 
f 942/761/911 929/759/898 927/851/896 
f 942/761/911 943/760/912 929/759/898 
f 943/760/912 831/756/815 929/759/898 
f 943/760/912 944/820/913 831/756/815 
f 944/820/913 832/755/816 831/756/815 
f 944/820/913 945/821/914 832/755/816 
f 945/821/914 833/787/817 832/755/816 
f 712/744/710 711/743/709 946/854/915 
f 711/743/709 947/855/916 946/854/915 
f 711/743/709 713/745/711 947/855/916 
f 713/745/711 948/856/917 947/855/916 
f 713/745/711 854/811/838 948/856/917 
f 854/811/838 949/857/918 948/856/917 
f 854/811/838 852/809/836 949/857/918 
f 852/809/836 950/858/919 949/857/918 
f 852/809/836 851/808/835 950/858/919 
f 851/808/835 898/859/871 950/858/919 
f 851/808/835 855/812/839 898/859/871 
f 721/744/539 720/743/709 951/854/915 
f 720/743/709 952/855/916 951/854/915 
f 720/743/709 722/745/711 952/855/916 
f 722/745/711 953/856/920 952/855/916 
f 722/745/711 864/811/838 953/856/920 
f 864/811/838 954/857/918 953/856/920 
f 864/811/838 862/809/846 954/857/918 
f 862/809/846 955/858/921 954/857/918 
f 862/809/846 861/808/845 955/858/921 
f 861/808/845 905/859/871 955/858/921 
f 861/808/845 865/812/848 905/859/871 
f 742/860/734 956/861/922 803/757/788 
f 956/861/922 804/758/789 803/757/788 
f 956/861/922 957/862/923 804/758/789 
f 957/862/923 805/787/790 804/758/789 
f 957/862/923 730/752/722 805/787/790 
f 730/752/722 873/821/852 805/787/790 
f 730/752/722 729/751/721 873/821/852 
f 729/751/721 872/820/851 873/821/852 
f 729/751/721 731/753/723 872/820/851 
f 731/753/723 739/760/731 872/820/851 
f 731/753/723 801/777/786 739/760/731 
f 801/777/786 740/761/732 739/760/731 
f 801/777/786 802/786/787 740/761/732 
f 765/860/756 958/861/924 828/757/812 
f 958/861/924 829/758/813 828/757/812 
f 958/861/924 959/862/925 829/758/813 
f 959/862/925 830/787/814 829/758/813 
f 959/862/925 753/752/539 830/787/814 
f 753/752/539 875/821/854 830/787/814 
f 753/752/539 752/751/744 875/821/854 
f 752/751/744 874/820/853 875/821/854 
f 752/751/744 754/753/745 874/820/853 
f 754/753/745 762/760/753 874/820/853 
f 754/753/745 826/777/810 762/760/753 
f 826/777/810 763/761/754 762/760/753 
f 826/777/810 827/786/811 763/761/754 
f 871/779/850 787/778/775 710/7/708 
f 871/779/850 84/818/84 787/778/775 
f 84/818/84 788/779/776 787/778/775 
f 84/818/84 85/819/85 788/779/776 
f 857/814/841 775/774/766 793/830/781 
f 775/774/766 882/831/861 793/830/781 
f 775/774/766 777/776/768 882/831/861 
f 777/776/768 883/832/862 882/831/861 
f 777/776/768 712/744/710 883/832/862 
f 712/744/710 884/833/863 883/832/862 
f 712/744/710 946/854/915 884/833/863 
f 946/854/915 880/828/859 884/833/863 
f 946/854/915 947/855/916 880/828/859 
f 947/855/916 881/829/860 880/828/859 
f 947/855/916 948/856/917 881/829/860 
f 948/856/917 790/863/778 881/829/860 
f 948/856/917 949/857/918 790/863/778 
f 949/857/918 715/864/713 790/863/778 
f 949/857/918 950/858/919 715/864/713 
f 950/858/919 716/865/714 715/864/713 
f 950/858/919 898/859/871 716/865/714 
f 867/814/841 778/774/766 799/830/781 
f 778/774/766 891/831/865 799/830/781 
f 778/774/766 780/776/768 891/831/865 
f 780/776/768 892/832/866 891/831/865 
f 780/776/768 721/744/539 892/832/866 
f 721/744/539 893/833/863 892/832/866 
f 721/744/539 951/854/915 893/833/863 
f 951/854/915 889/828/859 893/833/863 
f 951/854/915 952/855/916 889/828/859 
f 952/855/916 890/829/860 889/828/859 
f 952/855/916 953/856/920 890/829/860 
f 953/856/920 796/863/783 890/829/860 
f 953/856/920 954/857/918 796/863/783 
f 954/857/918 724/864/713 796/863/783 
f 954/857/918 955/858/921 724/864/713 
f 955/858/921 725/865/719 724/864/713 
f 955/858/921 905/859/871 725/865/719 
f 738/759/730 740/761/732 744/851/736 
f 740/761/732 936/852/905 744/851/736 
f 740/761/732 802/786/787 936/852/905 
f 802/786/787 937/761/906 936/852/905 
f 802/786/787 781/777/769 937/761/906 
f 781/777/769 938/760/907 937/761/906 
f 781/777/769 782/753/770 938/760/907 
f 782/753/770 939/820/908 938/760/907 
f 782/753/770 783/751/771 939/820/908 
f 783/751/771 940/821/909 939/820/908 
f 783/751/771 730/752/722 940/821/909 
f 730/752/722 808/787/793 940/821/909 
f 730/752/722 957/862/923 808/787/793 
f 957/862/923 737/758/729 808/787/793 
f 957/862/923 956/861/922 737/758/729 
f 956/861/922 735/757/727 737/758/729 
f 956/861/922 742/860/734 735/757/727 
f 761/759/752 763/761/754 767/851/758 
f 763/761/754 941/852/910 767/851/758 
f 763/761/754 827/786/811 941/852/910 
f 827/786/811 942/761/911 941/852/910 
f 827/786/811 784/777/772 942/761/911 
f 784/777/772 943/760/912 942/761/911 
f 784/777/772 785/753/773 943/760/912 
f 785/753/773 944/820/913 943/760/912 
f 785/753/773 786/751/774 944/820/913 
f 786/751/774 945/821/914 944/820/913 
f 786/751/774 753/752/539 945/821/914 
f 753/752/539 833/787/817 945/821/914 
f 753/752/539 959/862/925 833/787/817 
f 959/862/925 760/758/751 833/787/817 
f 959/862/925 958/861/924 760/758/751 
f 958/861/924 758/757/749 760/758/751 
f 958/861/924 765/860/756 758/757/749 
f 920/797/889 921/772/890 811/791/796 
f 921/772/890 812/790/797 811/791/796 
f 921/772/890 748/770/740 812/790/797 
f 748/770/740 910/788/879 812/790/797 
f 748/770/740 747/769/739 910/788/879 
f 747/769/739 909/840/878 910/788/879 
f 747/769/739 814/794/799 909/840/878 
f 814/794/799 908/839/877 909/840/878 
f 814/794/799 918/847/887 908/839/877 
f 918/847/887 741/762/733 908/839/877 
f 918/847/887 917/846/886 741/762/733 
f 917/846/886 809/788/794 741/762/733 
f 917/846/886 916/769/885 809/788/794 
f 916/769/885 810/790/795 809/788/794 
f 916/769/885 751/770/743 810/790/795 
f 751/770/743 914/791/883 810/790/795 
f 751/770/743 750/772/742 914/791/883 
f 750/772/742 912/765/881 914/791/883 
f 750/772/742 817/797/802 912/765/881 
f 817/797/802 911/843/880 912/765/881 
f 817/797/802 919/848/888 911/843/880 
f 919/848/888 743/765/735 911/843/880 
f 919/848/888 920/797/889 743/765/735 
f 920/797/889 811/791/796 743/765/735 
f 934/797/903 935/772/904 836/791/820 
f 935/772/904 837/790/821 836/791/820 
f 935/772/904 771/770/762 837/790/821 
f 771/770/762 924/788/893 837/790/821 
f 771/770/762 770/769/761 924/788/893 
f 770/769/761 923/840/892 924/788/893 
f 770/769/761 839/794/823 923/840/892 
f 839/794/823 922/849/891 923/840/892 
f 839/794/823 932/850/901 922/849/891 
f 932/850/901 764/762/755 922/849/891 
f 932/850/901 931/846/900 764/762/755 
f 931/846/900 834/788/818 764/762/755 
f 931/846/900 930/769/899 834/788/818 
f 930/769/899 835/790/819 834/788/818 
f 930/769/899 774/770/765 835/790/819 
f 774/770/765 928/791/897 835/790/819 
f 774/770/765 773/772/764 928/791/897 
f 773/772/764 926/765/895 928/791/897 
f 773/772/764 842/797/826 926/765/895 
f 842/797/826 925/843/894 926/765/895 
f 842/797/826 933/848/902 925/843/894 
f 933/848/902 766/765/757 925/843/894 
f 933/848/902 934/797/903 766/765/757 
f 934/797/903 836/791/820 766/765/757 
f 51/40/51 960/866/926 961/867/927 
f 962/868/928 75/64/75 963/869/929 
f 75/64/75 961/867/927 963/869/929 
f 75/64/75 67/56/67 961/867/927 
f 67/56/67 51/40/51 961/867/927 
f 55/44/55 962/868/928 964/870/930 
f 55/44/55 64/53/64 962/868/928 
f 64/53/64 75/64/75 962/868/928 
f 965/68/931 710/7/708 4/4/4 
f 966/62/932 967/47/933 340/48/340 
f 256/140/256 471/449/471 257/139/257 
f 81/68/81 78/66/78 7/4/7 
f 339/63/339 966/62/932 340/48/340 
f 339/63/339 968/51/934 966/62/932 
f 340/48/340 967/47/933 540/49/540 
f 114/59/114 969/17/935 619/42/617 
f 114/59/114 113/60/113 969/17/935 
f 113/60/113 970/29/936 969/17/935 
f 113/60/113 571/61/571 970/29/936 
f 571/61/571 971/30/937 970/29/936 
f 571/61/571 540/49/540 971/30/937 
f 540/49/540 972/32/938 971/30/937 
f 540/49/540 967/47/933 972/32/938 
f 613/50/613 968/51/934 339/63/339 
f 613/50/613 619/42/617 968/51/934 
f 619/42/617 973/15/939 968/51/934 
f 619/42/617 969/17/935 973/15/939 
f 974/67/940 579/552/579 975/871/941 
f 577/551/577 579/552/579 974/67/940 
f 562/872/562 1/1/1 3/3/3 
f 974/67/940 1/1/1 562/872/562 
f 971/30/937 972/32/938 976/31/942 
f 973/15/939 977/873/943 968/51/934 
f 977/873/943 978/874/944 968/51/934 
f 979/875/945 980/871/946 353/876/353 
f 980/871/946 80/67/80 353/876/353 
f 981/877/947 980/871/946 979/875/945 
f 976/31/942 972/32/938 982/33/948 
f 972/32/938 983/34/949 982/33/948 
f 972/32/938 967/47/933 983/34/949 
f 967/47/933 978/874/944 983/34/949 
f 967/47/933 966/62/932 978/874/944 
f 966/62/932 968/51/934 978/874/944 
f 977/873/943 973/15/939 984/35/950 
f 975/871/941 985/875/951 544/876/544 
f 975/871/941 986/877/952 985/875/951 
f 8/7/8 81/68/81 7/4/7 
f 9/8/9 987/878/953 563/879/563 
f 987/878/953 695/8/693 563/879/563 
f 987/878/953 77/2/77 695/8/693 
f 77/2/77 696/3/694 695/8/693 
f 77/2/77 79/1/79 696/3/694 
f 79/1/79 697/872/695 696/3/694 
f 79/1/79 80/67/80 697/872/695 
f 7/4/7 79/1/79 77/2/77 
f 974/67/940 988/66/954 1/1/1 
f 988/66/954 4/4/4 1/1/1 
f 988/66/954 965/68/931 4/4/4 
f 989/880/955 990/880/956 991/880/957 
f 992/880/958 993/880/959 994/880/960 
f 995/881/961 996/882/962 997/883/963 
f 998/884/964 999/885/965 1000/886/966 
f 1001/887/967 1002/888/968 1003/889/969 
f 1003/887/969 1002/888/968 1004/889/970 
f 1005/887/971 1002/888/968 1001/889/967 
f 1004/887/970 1002/888/968 1006/889/972 
f 1007/887/973 1002/888/968 1005/889/971 
f 1006/887/972 1002/888/968 1008/889/974 
f 1009/887/975 1002/888/968 1007/889/973 
f 1008/887/974 1002/888/968 1010/889/976 
f 1011/887/977 1002/888/968 1009/889/975 
f 1010/887/976 1002/888/968 1012/889/978 
f 1013/887/979 1002/888/968 1011/889/977 
f 1012/887/978 1002/888/968 1014/889/980 
f 1015/887/981 1002/888/968 1013/889/979 
f 1014/887/980 1002/888/968 1015/889/981 
f 1016/890/982 1017/891/983 1018/892/984 
f 1019/893/985 1020/894/986 1021/895/987 
f 1022/880/988 1023/880/989 1024/880/990 
f 1025/880/991 1026/880/992 1027/880/993 
f 1028/881/994 1029/882/995 1030/883/996 
f 1031/884/997 1032/885/998 1033/886/999 
f 15/14/15 1034/28/1000 1035/24/1001 
f 1034/28/1000 1036/896/1002 1035/24/1001 
f 1037/880/1003 994/897/960 1038/898/1004 
f 994/897/960 993/899/959 1038/898/1004 
f 1038/880/1004 993/897/959 1039/898/1005 
f 993/897/959 992/899/958 1039/898/1005 
f 1040/880/1006 1041/897/1007 1037/898/1003 
f 1041/897/1007 994/899/960 1037/898/1003 
f 1039/880/1005 992/897/958 1042/898/1008 
f 992/897/958 1043/899/1009 1042/898/1008 
f 996/880/962 1044/897/1010 1040/898/1006 
f 1044/897/1010 1041/899/1007 1040/898/1006 
f 1042/880/1008 1043/897/1009 1045/898/1011 
f 1043/897/1009 1046/899/1012 1045/898/1011 
f 995/880/961 991/897/957 996/898/962 
f 991/897/957 1044/899/1010 996/898/962 
f 1045/880/1011 1046/897/1012 1047/898/1013 
f 1046/897/1012 1048/899/1014 1047/898/1013 
f 1049/880/1015 989/897/955 995/898/961 
f 989/897/955 991/899/957 995/898/961 
f 1047/880/1013 1048/897/1014 1050/898/1016 
f 1048/897/1014 990/899/956 1050/898/1016 
f 1051/880/1017 1052/897/1018 1049/898/1015 
f 1052/897/1018 989/899/955 1049/898/1015 
f 1050/880/1016 990/897/956 1053/898/1019 
f 990/897/956 1054/899/1020 1053/898/1019 
f 1055/880/1021 1056/897/1022 1051/898/1017 
f 1056/897/1022 1052/899/1018 1051/898/1017 
f 1053/880/1019 1054/897/1020 1055/898/1021 
f 1054/897/1020 1056/899/1022 1055/898/1021 
f 1042/900/1008 1057/901/1023 1039/902/1005 
f 1057/901/1023 1038/903/1004 1039/902/1005 
f 1058/904/1024 1059/901/1025 1060/905/1026 
f 1059/901/1025 1038/903/1004 1060/905/1026 
f 1061/887/1027 1001/906/967 1062/889/1028 
f 1001/906/967 1003/907/969 1062/889/1028 
f 1062/887/1028 1003/906/969 1063/889/1029 
f 1003/906/969 1004/907/970 1063/889/1029 
f 1064/887/1030 1005/906/971 1061/889/1027 
f 1005/906/971 1001/907/967 1061/889/1027 
f 1063/887/1029 1004/906/970 1065/889/1031 
f 1004/906/970 1006/907/972 1065/889/1031 
f 1017/887/983 1007/906/973 1064/889/1030 
f 1007/906/973 1005/907/971 1064/889/1030 
f 1065/887/1031 1006/906/972 1066/889/1032 
f 1006/906/972 1008/907/974 1066/889/1032 
f 1016/887/982 1009/906/975 1017/889/983 
f 1009/906/975 1007/907/973 1017/889/983 
f 1066/887/1032 1008/906/974 1067/889/1033 
f 1008/906/974 1010/907/976 1067/889/1033 
f 1068/887/1034 1011/906/977 1016/889/982 
f 1011/906/977 1009/907/975 1016/889/982 
f 1067/887/1033 1010/906/976 1069/889/1035 
f 1010/906/976 1012/907/978 1069/889/1035 
f 1070/887/1036 1013/906/979 1068/889/1034 
f 1013/906/979 1011/907/977 1068/889/1034 
f 1069/887/1035 1012/906/978 1071/889/1037 
f 1012/906/978 1014/907/980 1071/889/1037 
f 1072/887/1038 1015/906/981 1070/889/1036 
f 1015/906/981 1013/907/979 1070/889/1036 
f 1071/887/1037 1014/906/980 1072/889/1038 
f 1014/906/980 1015/907/981 1072/889/1038 
f 1065/908/1031 1073/909/1039 1063/910/1029 
f 1073/909/1039 1062/911/1028 1063/910/1029 
f 1074/912/1040 1075/909/1041 1076/913/1042 
f 1075/909/1041 1062/911/1028 1076/913/1042 
f 1077/880/1043 1027/897/993 1078/898/1044 
f 1027/897/993 1026/899/992 1078/898/1044 
f 1078/880/1044 1026/897/992 1079/898/1045 
f 1026/897/992 1025/899/991 1079/898/1045 
f 1080/880/1046 1081/897/1047 1077/898/1043 
f 1081/897/1047 1027/899/993 1077/898/1043 
f 1079/880/1045 1025/897/991 1082/898/1048 
f 1025/897/991 1083/899/1049 1082/898/1048 
f 1029/880/995 1084/897/1050 1080/898/1046 
f 1084/897/1050 1081/899/1047 1080/898/1046 
f 1082/880/1048 1083/897/1049 1085/898/1051 
f 1083/897/1049 1086/899/1052 1085/898/1051 
f 1028/880/994 1024/897/990 1029/898/995 
f 1024/897/990 1084/899/1050 1029/898/995 
f 1085/880/1051 1086/897/1052 1087/898/1053 
f 1086/897/1052 1088/899/1054 1087/898/1053 
f 1089/880/1055 1022/897/988 1028/898/994 
f 1022/897/988 1024/899/990 1028/898/994 
f 1087/880/1053 1088/897/1054 1090/898/1056 
f 1088/897/1054 1023/899/989 1090/898/1056 
f 1091/880/1057 1092/897/1058 1089/898/1055 
f 1092/897/1058 1022/899/988 1089/898/1055 
f 1090/880/1056 1023/897/989 1093/898/1059 
f 1023/897/989 1094/899/1060 1093/898/1059 
f 1095/880/1061 1096/897/1062 1091/898/1057 
f 1096/897/1062 1092/899/1058 1091/898/1057 
f 1093/880/1059 1094/897/1060 1095/898/1061 
f 1094/897/1060 1096/899/1062 1095/898/1061 
f 1082/900/1048 1097/901/1063 1079/902/1045 
f 1097/901/1063 1078/903/1044 1079/902/1045 
f 1098/904/1064 1099/901/1065 1100/905/1066 
f 1099/901/1065 1078/903/1044 1100/905/1066 
f 1101/9/1067 1102/914/1068 44/20/44 
f 989/880/955 1052/880/1018 990/880/956 
f 1052/880/1018 1054/880/1020 990/880/956 
f 1052/880/1018 1056/880/1022 1054/880/1020 
f 1053/915/1019 1055/916/1021 1103/917/1069 
f 1055/916/1021 1104/918/1070 1103/917/1069 
f 1055/916/1021 1105/919/1071 1104/918/1070 
f 1105/919/1071 1055/916/1021 1106/918/1072 
f 1055/916/1021 1107/917/1073 1106/918/1072 
f 1055/916/1021 1051/915/1017 1107/917/1073 
f 1071/920/1037 1072/921/1038 1108/922/1074 
f 1072/921/1038 1109/923/1075 1108/922/1074 
f 1072/921/1038 1110/924/1076 1109/923/1075 
f 1110/924/1076 1072/921/1038 1111/923/1077 
f 1072/921/1038 1112/922/1078 1111/923/1077 
f 1072/921/1038 1070/920/1036 1112/922/1078 
f 1022/880/988 1092/880/1058 1023/880/989 
f 1092/880/1058 1094/880/1060 1023/880/989 
f 1092/880/1058 1096/880/1062 1094/880/1060 
f 1093/915/1059 1095/916/1061 1113/917/1079 
f 1095/916/1061 1114/918/1080 1113/917/1079 
f 1095/916/1061 1115/919/1081 1114/918/1080 
f 1115/919/1081 1095/916/1061 1116/918/1082 
f 1095/916/1061 1117/917/1083 1116/918/1082 
f 1095/916/1061 1091/915/1057 1117/917/1083 
f 996/925/962 1040/900/1006 1058/904/1024 
f 1040/900/1006 1059/901/1025 1058/904/1024 
f 1040/900/1006 1037/902/1003 1059/901/1025 
f 1037/902/1003 1038/903/1004 1059/901/1025 
f 1017/926/983 1064/908/1030 1074/912/1040 
f 1064/908/1030 1075/909/1041 1074/912/1040 
f 1064/908/1030 1061/910/1027 1075/909/1041 
f 1061/910/1027 1062/911/1028 1075/909/1041 
f 1029/925/995 1080/900/1046 1098/904/1064 
f 1080/900/1046 1099/901/1065 1098/904/1064 
f 1080/900/1046 1077/902/1043 1099/901/1065 
f 1077/902/1043 1078/903/1044 1099/901/1065 
f 999/885/965 1118/927/1084 1000/886/966 
f 1118/927/1084 1119/928/1085 1000/886/966 
f 1118/927/1084 1120/929/1086 1119/928/1085 
f 1120/929/1086 1050/930/1016 1119/928/1085 
f 1120/929/1086 1047/881/1013 1050/930/1016 
f 1020/894/986 1121/931/1087 1021/895/987 
f 1121/931/1087 1122/932/1088 1021/895/987 
f 1121/931/1087 1123/933/1089 1122/932/1088 
f 1123/933/1089 1069/934/1035 1122/932/1088 
f 1123/933/1089 1067/890/1033 1069/934/1035 
f 1032/885/998 1124/927/1090 1033/886/999 
f 1124/927/1090 1125/928/1091 1033/886/999 
f 1124/927/1090 1126/929/1092 1125/928/1091 
f 1126/929/1092 1090/930/1056 1125/928/1091 
f 1126/929/1092 1087/881/1053 1090/930/1056 
f 29/24/29 28/23/28 1036/896/1002 
f 28/23/28 1035/24/1001 1036/896/1002 
f 1127/935/1093 1128/936/1094 1129/937/1095 
f 1128/936/1094 1130/935/1096 1129/937/1095 
f 1128/936/1094 1131/938/1097 1130/935/1096 
f 1131/938/1097 1132/939/1098 1130/935/1096 
f 1131/938/1097 1133/904/1099 1132/939/1098 
f 1133/904/1099 1045/925/1011 1132/939/1098 
f 997/939/963 1134/938/1100 1127/935/1093 
f 1134/938/1100 1128/936/1094 1127/935/1093 
f 1134/938/1100 1135/940/1101 1128/936/1094 
f 1135/940/1101 1131/938/1097 1128/936/1094 
f 1135/940/1101 1136/905/1102 1131/938/1097 
f 1136/905/1102 1133/904/1099 1131/938/1097 
f 1051/941/1017 1049/930/1015 1107/942/1073 
f 1049/930/1015 1137/928/1103 1107/942/1073 
f 1049/930/1015 995/881/961 1137/928/1103 
f 995/881/961 1138/929/1104 1137/928/1103 
f 995/881/961 997/883/963 1138/929/1104 
f 997/883/963 1127/943/1093 1138/929/1104 
f 998/884/964 1000/886/966 1105/944/1071 
f 1000/886/966 1104/945/1070 1105/944/1071 
f 1000/886/966 1119/928/1085 1104/945/1070 
f 1119/928/1085 1103/942/1069 1104/945/1070 
f 1119/928/1085 1050/930/1016 1103/942/1069 
f 1050/930/1016 1053/941/1019 1103/942/1069 
f 1107/942/1073 1137/928/1103 1106/945/1072 
f 1137/928/1103 1139/886/1105 1106/945/1072 
f 1137/928/1103 1138/929/1104 1139/886/1105 
f 1138/929/1104 1140/927/1106 1139/886/1105 
f 1138/929/1104 1127/943/1093 1140/927/1106 
f 1127/943/1093 1129/946/1095 1140/927/1106 
f 1141/947/1107 1142/948/1108 1143/949/1109 
f 1142/948/1108 1144/947/1110 1143/949/1109 
f 1142/948/1108 1145/950/1111 1144/947/1110 
f 1145/950/1111 1146/951/1112 1144/947/1110 
f 1145/950/1111 1147/912/1113 1146/951/1112 
f 1147/912/1113 1066/926/1032 1146/951/1112 
f 1018/951/984 1148/950/1114 1141/947/1107 
f 1148/950/1114 1142/948/1108 1141/947/1107 
f 1148/950/1114 1149/952/1115 1142/948/1108 
f 1149/952/1115 1145/950/1111 1142/948/1108 
f 1149/952/1115 1150/913/1116 1145/950/1111 
f 1150/913/1116 1147/912/1113 1145/950/1111 
f 1070/953/1036 1068/934/1034 1112/954/1078 
f 1068/934/1034 1151/932/1117 1112/954/1078 
f 1068/934/1034 1016/890/982 1151/932/1117 
f 1016/890/982 1152/933/1118 1151/932/1117 
f 1016/890/982 1018/892/984 1152/933/1118 
f 1018/892/984 1141/955/1107 1152/933/1118 
f 1019/893/985 1021/895/987 1110/956/1076 
f 1021/895/987 1109/957/1075 1110/956/1076 
f 1021/895/987 1122/932/1088 1109/957/1075 
f 1122/932/1088 1108/954/1074 1109/957/1075 
f 1122/932/1088 1069/934/1035 1108/954/1074 
f 1069/934/1035 1071/953/1037 1108/954/1074 
f 1112/954/1078 1151/932/1117 1111/957/1077 
f 1151/932/1117 1153/895/1119 1111/957/1077 
f 1151/932/1117 1152/933/1118 1153/895/1119 
f 1152/933/1118 1154/931/1120 1153/895/1119 
f 1152/933/1118 1141/955/1107 1154/931/1120 
f 1141/955/1107 1143/958/1109 1154/931/1120 
f 1155/935/1121 1156/936/1122 1157/937/1123 
f 1156/936/1122 1158/935/1124 1157/937/1123 
f 1156/936/1122 1159/938/1125 1158/935/1124 
f 1159/938/1125 1160/939/1126 1158/935/1124 
f 1159/938/1125 1161/904/1127 1160/939/1126 
f 1161/904/1127 1085/925/1051 1160/939/1126 
f 1030/939/996 1162/938/1128 1155/935/1121 
f 1162/938/1128 1156/936/1122 1155/935/1121 
f 1162/938/1128 1163/940/1129 1156/936/1122 
f 1163/940/1129 1159/938/1125 1156/936/1122 
f 1163/940/1129 1164/905/1130 1159/938/1125 
f 1164/905/1130 1161/904/1127 1159/938/1125 
f 1091/941/1057 1089/930/1055 1117/942/1083 
f 1089/930/1055 1165/928/1131 1117/942/1083 
f 1089/930/1055 1028/881/994 1165/928/1131 
f 1028/881/994 1166/929/1132 1165/928/1131 
f 1028/881/994 1030/883/996 1166/929/1132 
f 1030/883/996 1155/943/1121 1166/929/1132 
f 1031/884/997 1033/886/999 1115/944/1081 
f 1033/886/999 1114/945/1080 1115/944/1081 
f 1033/886/999 1125/928/1091 1114/945/1080 
f 1125/928/1091 1113/942/1079 1114/945/1080 
f 1125/928/1091 1090/930/1056 1113/942/1079 
f 1090/930/1056 1093/941/1059 1113/942/1079 
f 1117/942/1083 1165/928/1131 1116/945/1082 
f 1165/928/1131 1167/886/1133 1116/945/1082 
f 1165/928/1131 1166/929/1132 1167/886/1133 
f 1166/929/1132 1168/927/1134 1167/886/1133 
f 1166/929/1132 1155/943/1121 1168/927/1134 
f 1155/943/1121 1157/946/1123 1168/927/1134 
f 994/880/960 1041/880/1007 992/880/958 
f 1041/880/1007 1043/880/1009 992/880/958 
f 1041/880/1007 1044/880/1010 1043/880/1009 
f 1044/880/1010 1046/880/1012 1043/880/1009 
f 1044/880/1010 991/880/957 1046/880/1012 
f 991/880/957 1048/880/1014 1046/880/1012 
f 991/880/957 990/880/956 1048/880/1014 
f 1027/880/993 1081/880/1047 1025/880/991 
f 1081/880/1047 1083/880/1049 1025/880/991 
f 1081/880/1047 1084/880/1050 1083/880/1049 
f 1084/880/1050 1086/880/1052 1083/880/1049 
f 1084/880/1050 1024/880/990 1086/880/1052 
f 1024/880/990 1088/880/1054 1086/880/1052 
f 1024/880/990 1023/880/989 1088/880/1054 
f 44/20/44 1102/914/1068 24/19/24 
f 1102/914/1068 25/20/25 24/19/24 
f 1102/914/1068 10/9/10 25/20/25 
f 14/13/14 1169/27/1135 15/14/15 
f 1169/27/1135 1034/28/1000 15/14/15 
f 1045/925/1011 1133/904/1099 1042/900/1008 
f 1133/904/1099 1057/901/1023 1042/900/1008 
f 1133/904/1099 1136/905/1102 1057/901/1023 
f 1136/905/1102 1038/903/1004 1057/901/1023 
f 1136/905/1102 1135/940/1101 1038/903/1004 
f 1135/940/1101 1060/905/1026 1038/903/1004 
f 1135/940/1101 1134/938/1100 1060/905/1026 
f 1134/938/1100 1058/904/1024 1060/905/1026 
f 1134/938/1100 997/939/963 1058/904/1024 
f 997/939/963 996/925/962 1058/904/1024 
f 1066/926/1032 1147/912/1113 1065/908/1031 
f 1147/912/1113 1073/909/1039 1065/908/1031 
f 1147/912/1113 1150/913/1116 1073/909/1039 
f 1150/913/1116 1062/911/1028 1073/909/1039 
f 1150/913/1116 1149/952/1115 1062/911/1028 
f 1149/952/1115 1076/913/1042 1062/911/1028 
f 1149/952/1115 1148/950/1114 1076/913/1042 
f 1148/950/1114 1074/912/1040 1076/913/1042 
f 1148/950/1114 1018/951/984 1074/912/1040 
f 1018/951/984 1017/926/983 1074/912/1040 
f 1085/925/1051 1161/904/1127 1082/900/1048 
f 1161/904/1127 1097/901/1063 1082/900/1048 
f 1161/904/1127 1164/905/1130 1097/901/1063 
f 1164/905/1130 1078/903/1044 1097/901/1063 
f 1164/905/1130 1163/940/1129 1078/903/1044 
f 1163/940/1129 1100/905/1066 1078/903/1044 
f 1163/940/1129 1162/938/1128 1100/905/1066 
f 1162/938/1128 1098/904/1064 1100/905/1066 
f 1162/938/1128 1030/939/996 1098/904/1064 
f 1030/939/996 1029/925/995 1098/904/1064 
f 1106/945/1072 1139/886/1105 1105/944/1071 
f 1139/886/1105 998/884/964 1105/944/1071 
f 1139/886/1105 1140/927/1106 998/884/964 
f 1140/927/1106 999/885/965 998/884/964 
f 1140/927/1106 1129/946/1095 999/885/965 
f 1129/946/1095 1118/927/1084 999/885/965 
f 1129/946/1095 1130/943/1096 1118/927/1084 
f 1130/943/1096 1120/929/1086 1118/927/1084 
f 1130/943/1096 1132/883/1098 1120/929/1086 
f 1132/883/1098 1047/881/1013 1120/929/1086 
f 1132/883/1098 1045/882/1011 1047/881/1013 
f 1111/957/1077 1153/895/1119 1110/956/1076 
f 1153/895/1119 1019/893/985 1110/956/1076 
f 1153/895/1119 1154/931/1120 1019/893/985 
f 1154/931/1120 1020/894/986 1019/893/985 
f 1154/931/1120 1143/958/1109 1020/894/986 
f 1143/958/1109 1121/931/1087 1020/894/986 
f 1143/958/1109 1144/955/1110 1121/931/1087 
f 1144/955/1110 1123/933/1089 1121/931/1087 
f 1144/955/1110 1146/892/1112 1123/933/1089 
f 1146/892/1112 1067/890/1033 1123/933/1089 
f 1146/892/1112 1066/891/1032 1067/890/1033 
f 1116/945/1082 1167/886/1133 1115/944/1081 
f 1167/886/1133 1031/884/997 1115/944/1081 
f 1167/886/1133 1168/927/1134 1031/884/997 
f 1168/927/1134 1032/885/998 1031/884/997 
f 1168/927/1134 1157/946/1123 1032/885/998 
f 1157/946/1123 1124/927/1090 1032/885/998 
f 1157/946/1123 1158/943/1124 1124/927/1090 
f 1158/943/1124 1126/929/1092 1124/927/1090 
f 1158/943/1124 1160/883/1126 1126/929/1092 
f 1160/883/1126 1087/881/1053 1126/929/1092 
f 1160/883/1126 1085/882/1051 1087/881/1053 
f 11/959/11 10/960/10 1170/58/1136 
f 10/960/10 1171/39/1137 1170/58/1136 
f 364/316/364 974/961/940 544/318/544 
f 364/316/364 366/332/366 974/961/940 
f 351/316/351 353/318/353 80/961/80 
f 974/67/940 975/871/941 544/876/544 
f 86/72/86 1172/962/1138 85/69/85 
f 86/72/86 700/246/698 1172/962/1138 
f 700/246/698 80/961/80 1172/962/1138 
f 80/961/80 545/108/545 348/313/348 
f 351/316/351 80/961/80 348/332/348 
f 8/7/8 788/779/776 81/68/81 
f 81/68/81 1173/963/1139 80/67/80 
f 81/68/81 788/779/776 1173/963/1139 
f 85/819/85 1173/963/1139 788/779/776 
f 85/819/85 1172/964/1138 1173/963/1139 
f 1172/964/1138 80/67/80 1173/963/1139 
f 345/311/345 545/108/545 80/961/80 
f 1174/965/1140 1175/966/1141 982/967/948 
f 18/968/18 32/969/32 1176/970/1142 
f 32/969/32 57/46/57 1176/970/1142 
f 32/969/32 33/971/33 57/46/57 
f 33/971/33 56/45/56 57/46/57 
f 33/971/33 1036/972/1002 56/45/56 
f 1036/972/1002 54/43/54 56/45/56 
f 1036/972/1002 1177/45/1143 54/43/54 
f 10/9/10 12/11/12 25/20/25 
f 1171/39/1137 1102/973/1068 52/41/52 
f 1102/973/1068 50/39/50 52/41/52 
f 1102/973/1068 1101/960/1067 50/39/50 
f 1101/960/1067 69/58/69 50/39/50 
f 1101/960/1067 16/959/16 69/58/69 
f 16/959/16 1178/974/1144 69/58/69 
f 16/959/16 18/968/18 1178/974/1144 
f 18/968/18 1179/975/1145 1178/974/1144 
f 18/968/18 1176/970/1142 1179/975/1145 
f 1180/887/1146 1181/888/1147 1182/889/1148 
f 1182/887/1148 1181/888/1147 1183/889/1149 
f 1184/887/1150 1181/888/1147 1180/889/1146 
f 1183/887/1149 1181/888/1147 1185/889/1151 
f 1186/887/1152 1181/888/1147 1184/889/1150 
f 1185/887/1151 1181/888/1147 1187/889/1153 
f 1188/887/1154 1181/888/1147 1186/889/1152 
f 1187/887/1153 1181/888/1147 1189/889/1155 
f 1190/887/1156 1181/888/1147 1188/889/1154 
f 1189/887/1155 1181/888/1147 1191/889/1157 
f 1192/887/1158 1181/888/1147 1190/889/1156 
f 1191/887/1157 1181/888/1147 1193/889/1159 
f 1194/887/1160 1181/888/1147 1192/889/1158 
f 1193/887/1159 1181/888/1147 1194/889/1160 
f 1195/890/1161 1196/891/1162 1197/933/1163 
f 1198/931/1164 1199/955/1165 1200/958/1166 
f 1201/953/1167 1202/934/1168 1203/932/1169 
f 1204/887/1170 1180/906/1146 1205/889/1171 
f 1180/906/1146 1182/907/1148 1205/889/1171 
f 1205/887/1171 1182/906/1148 1206/889/1172 
f 1182/906/1148 1183/907/1149 1206/889/1172 
f 1207/887/1173 1184/906/1150 1204/889/1170 
f 1184/906/1150 1180/907/1146 1204/889/1170 
f 1206/887/1172 1183/906/1149 1208/889/1174 
f 1183/906/1149 1185/907/1151 1208/889/1174 
f 1196/887/1162 1186/906/1152 1207/889/1173 
f 1186/906/1152 1184/907/1150 1207/889/1173 
f 1208/887/1174 1185/906/1151 1209/889/1175 
f 1185/906/1151 1187/907/1153 1209/889/1175 
f 1195/887/1161 1188/906/1154 1196/889/1162 
f 1188/906/1154 1186/907/1152 1196/889/1162 
f 1209/887/1175 1187/906/1153 1210/889/1176 
f 1187/906/1153 1189/907/1155 1210/889/1176 
f 1202/887/1168 1190/906/1156 1195/889/1161 
f 1190/906/1156 1188/907/1154 1195/889/1161 
f 1210/887/1176 1189/906/1155 1211/889/1177 
f 1189/906/1155 1191/907/1157 1211/889/1177 
f 1201/887/1167 1192/906/1158 1202/889/1168 
f 1192/906/1158 1190/907/1156 1202/889/1168 
f 1211/887/1177 1191/906/1157 1212/889/1178 
f 1191/906/1157 1193/907/1159 1212/889/1178 
f 1213/887/1179 1194/906/1160 1201/889/1167 
f 1194/906/1160 1192/907/1158 1201/889/1167 
f 1212/887/1178 1193/906/1159 1213/889/1179 
f 1193/906/1159 1194/907/1160 1213/889/1179 
f 1214/913/1180 1215/909/1181 1205/911/1171 
f 1215/909/1181 1204/910/1170 1205/911/1171 
f 1211/934/1177 1216/933/1182 1210/890/1176 
f 1216/933/1182 1209/891/1175 1210/890/1176 
f 1217/956/1183 1218/895/1184 1219/957/1185 
f 1218/895/1184 1220/932/1186 1219/957/1185 
f 1205/911/1171 1206/910/1172 1221/909/1187 
f 1206/910/1172 1222/912/1188 1221/909/1187 
f 1206/910/1172 1208/908/1174 1222/912/1188 
f 1223/950/1189 1224/951/1190 1225/912/1191 
f 1224/951/1190 1207/908/1173 1225/912/1191 
f 1224/951/1190 1196/926/1162 1207/908/1173 
f 1198/931/1164 1197/933/1163 1199/955/1165 
f 1197/933/1163 1224/892/1190 1199/955/1165 
f 1197/933/1163 1196/891/1162 1224/892/1190 
f 1219/957/1185 1220/932/1186 1226/954/1192 
f 1220/932/1186 1212/953/1178 1226/954/1192 
f 1220/932/1186 1211/934/1177 1212/953/1178 
f 1212/920/1178 1213/921/1179 1226/922/1192 
f 1213/921/1179 1219/923/1185 1226/922/1192 
f 1213/921/1179 1217/924/1183 1219/923/1185 
f 1217/924/1183 1213/921/1179 1227/923/1193 
f 1213/921/1179 1228/922/1194 1227/923/1193 
f 1213/921/1179 1201/920/1167 1228/922/1194 
f 1199/947/1165 1229/948/922 1200/949/1166 
f 1229/948/922 1230/947/1195 1200/949/1166 
f 1229/948/922 1231/950/1196 1230/947/1195 
f 1231/950/1196 1232/951/1197 1230/947/1195 
f 1224/951/1190 1223/950/1189 1199/947/1165 
f 1223/950/1189 1229/948/922 1199/947/1165 
f 1223/950/1189 1233/952/1198 1229/948/922 
f 1233/952/1198 1231/950/1196 1229/948/922 
f 1233/952/1198 1234/913/1199 1231/950/1196 
f 1198/931/1164 1200/958/1166 1235/894/877 
f 1200/958/1166 1236/931/1200 1235/894/877 
f 1200/958/1166 1230/955/1195 1236/931/1200 
f 1230/955/1195 1216/933/1182 1236/931/1200 
f 1230/955/1195 1232/892/1197 1216/933/1182 
f 1232/892/1197 1209/891/1175 1216/933/1182 
f 1218/895/1184 1217/956/1183 1237/893/887 
f 1217/956/1183 1238/895/1201 1237/893/887 
f 1217/956/1183 1227/957/1193 1238/895/1201 
f 1227/957/1193 1203/932/1169 1238/895/1201 
f 1227/957/1193 1228/954/1194 1203/932/1169 
f 1228/954/1194 1201/953/1167 1203/932/1169 
f 1211/934/1177 1220/932/1186 1216/933/1182 
f 1220/932/1186 1236/931/1200 1216/933/1182 
f 1220/932/1186 1218/895/1184 1236/931/1200 
f 1218/895/1184 1235/894/877 1236/931/1200 
f 1218/895/1184 1237/893/887 1235/894/877 
f 1237/893/887 1198/931/1164 1235/894/877 
f 1237/893/887 1238/895/1201 1198/931/1164 
f 1238/895/1201 1197/933/1163 1198/931/1164 
f 1238/895/1201 1203/932/1169 1197/933/1163 
f 1203/932/1169 1195/890/1161 1197/933/1163 
f 1203/932/1169 1202/934/1168 1195/890/1161 
f 1209/926/1175 1232/951/1197 1208/908/1174 
f 1232/951/1197 1222/912/1188 1208/908/1174 
f 1232/951/1197 1231/950/1196 1222/912/1188 
f 1231/950/1196 1221/909/1187 1222/912/1188 
f 1231/950/1196 1234/913/1199 1221/909/1187 
f 1234/913/1199 1205/911/1171 1221/909/1187 
f 1234/913/1199 1233/952/1198 1205/911/1171 
f 1233/952/1198 1214/913/1180 1205/911/1171 
f 1233/952/1198 1223/950/1189 1214/913/1180 
f 1223/950/1189 1215/909/1181 1214/913/1180 
f 1223/950/1189 1225/912/1191 1215/909/1181 
f 1225/912/1191 1204/910/1170 1215/909/1181 
f 1225/912/1191 1207/908/1173 1204/910/1170 
f 65/54/65 63/52/63 1239/53/1202 
f 63/52/63 1240/44/1203 1239/53/1202 
f 63/52/63 54/43/54 1240/44/1203 
f 65/54/65 1239/53/1202 66/55/66 
f 68/57/68 1241/40/1204 52/41/52 
f 1177/45/1143 1240/44/1203 54/43/54 
f 76/65/76 66/55/66 1242/56/1205 
f 66/55/66 1243/64/1206 1242/56/1205 
f 66/55/66 1239/53/1202 1243/64/1206 
f 1171/39/1137 52/41/52 1241/40/1204 
f 76/65/76 1242/56/1205 68/57/68 
f 1242/56/1205 1241/40/1204 68/57/68 
f 1034/971/1000 1244/46/1207 1177/45/1143 
f 1034/971/1000 1169/969/1135 1244/46/1207 
f 1169/969/1135 1245/970/1208 1244/46/1207 
f 1169/969/1135 14/968/14 1245/970/1208 
f 1177/45/1143 1244/46/1207 1240/44/1203 
f 1245/970/1208 14/968/14 1246/975/1209 
f 14/968/14 1247/974/1210 1246/975/1209 
f 14/968/14 11/959/11 1247/974/1210 
f 11/959/11 1170/58/1136 1247/974/1210 
f 1170/58/1136 1171/39/1137 1241/40/1204 
f 352/317/352 979/976/945 353/318/353 
f 352/317/352 368/334/368 979/976/945 
f 1248/977/1211 981/877/947 979/875/945 
f 979/976/945 368/334/368 1248/978/1211 
f 368/334/368 985/976/951 1248/978/1211 
f 368/334/368 365/317/365 985/976/951 
f 365/317/365 544/318/544 985/976/951 
f 986/877/952 1248/977/1211 985/875/951 
f 986/877/952 1249/979/1212 1248/977/1211 
f 1249/979/1212 981/877/947 1248/977/1211 
f 13/12/13 15/14/15 47/36/47 
f 15/14/15 532/26/532 47/36/47 
f 15/14/15 1035/24/1001 532/26/532 
f 1035/24/1001 49/25/49 532/26/532 
f 1035/24/1001 28/23/28 49/25/49 
f 272/246/272 974/961/940 273/247/273 
f 974/67/940 1250/964/1213 1251/963/1214 
f 1250/964/1213 82/819/82 1251/963/1214 
f 974/961/940 272/246/272 1250/962/1213 
f 272/246/272 420/72/421 1250/962/1213 
f 871/779/850 1251/963/1214 82/819/82 
f 871/779/850 965/68/931 1251/963/1214 
f 965/68/931 974/67/940 1251/963/1214 
f 965/68/931 988/66/954 974/67/940 
f 561/980/561 577/551/577 974/67/940 
f 123/108/123 974/961/940 366/313/366 
f 123/108/123 370/311/370 974/961/940 
f 370/311/370 273/247/273 974/961/940 
f 561/980/561 974/67/940 562/872/562 
f 965/68/931 871/779/850 710/7/708 
f 1250/962/1213 420/72/421 82/69/82 
f 420/72/421 83/70/83 82/69/82 
f 16/10/16 1101/9/1067 43/11/43 
f 1101/9/1067 44/20/44 43/11/43 
f 1036/972/1002 1034/971/1000 1177/45/1143 
f 29/24/29 1036/896/1002 33/28/33 
f 10/960/10 1102/973/1068 1171/39/1137 
f 2/2/2 987/878/953 9/8/9 
f 2/2/2 5/5/5 987/878/953 
f 5/5/5 77/2/77 987/878/953 
f 981/877/947 646/552/644 980/871/946 
f 646/552/644 80/67/80 980/871/946 
f 646/552/644 557/551/557 80/67/80 
f 579/552/579 986/877/952 975/871/941 
f 579/552/579 580/549/580 986/877/952 
f 580/549/580 1249/979/1212 986/877/952 
f 580/549/580 575/547/575 1249/979/1212 
f 575/547/575 576/549/576 1249/979/1212 
f 80/67/80 556/980/556 697/872/695 
f 80/67/80 557/551/557 556/980/556 
f 1249/979/1212 576/549/576 981/877/947 
f 576/549/576 646/552/644 981/877/947 
f 344/247/344 80/961/80 700/246/698 
f 344/247/344 345/311/345 80/961/80 
f 514/492/514 1252/497/1215 515/493/515 
f 514/492/514 516/494/516 1252/497/1215 
f 516/494/516 518/496/518 1252/497/1215 
f 515/706/515 1252/721/1215 231/707/231 
f 1252/721/1215 234/718/234 231/707/231 
f 1252/721/1215 518/719/518 234/718/234 
f 69/58/69 960/866/926 51/40/51 
f 69/58/69 1178/974/1144 960/866/926 
f 1178/974/1144 1253/981/1216 960/866/926 
f 1178/974/1144 1179/975/1145 1253/981/1216 
f 1179/975/1145 1254/982/1217 1253/981/1216 
f 1179/975/1145 1255/983/1218 1254/982/1217 
f 1176/970/1142 1255/983/1218 1179/975/1145 
f 1176/970/1142 57/46/57 1255/983/1218 
f 57/46/57 964/870/930 1255/983/1218 
f 57/46/57 55/44/55 964/870/930 
f 1243/64/1206 1256/868/1219 1257/869/1220 
f 1239/53/1202 1240/44/1203 1256/868/1219 
# 0 polygons - 2320 triangles

